0	VG
1	VG
2	VG
3	VG
4	VG
5	VG
6	VG
7	VG
8	VG
9	VG
10	VG
11	VG
12	VG
13	VG
14	VG
15	VG
16	VG
17	VG
18	VG
19	VG
20	VG
21	VG
22	VG
23	VG
24	VG
25	VG
26	VG
27	VG
28	VG
29	VG
30	VG
31	VG
32	VG
33	VG
34	VG
35	VG
36	VG
37	VG
38	VG
39	VG
40	VG
41	VG
42	VG
43	VG
44	VG
45	VG
46	VG
47	VG
48	VG
49	VG
50	VG
51	VG
52	VG
53	VG
54	VG
55	VG
56	VG
57	VG
58	VG
59	VG
60	VG
61	VG
62	VG
63	VG
64	VG
65	VG
66	VG
67	VG
68	VG
69	VG
70	VG
71	VG
72	VG
73	VG
74	VG
75	VG
76	VG
77	VG
78	VG
79	VG
80	VG
81	VG
82	VG
83	VG
84	VG
85	VG
86	VG
87	VG
88	VG
89	VG
90	VG
91	VG
92	VG
93	VG
94	VG
95	VG
96	VG
97	VG
98	VG
99	VG
100	VG
101	VG
102	VG
103	VG
104	VG
105	VG
106	VG
107	VG
108	VG
109	VG
110	VG
111	VG
112	VG
113	VG
114	VG
115	VG
116	VG
117	VG
118	VG
119	VG
120	VG
121	VG
122	VG
123	VG
124	VG
125	VG
126	VG
127	VG
128	VG
129	VG
130	VG
131	VG
132	VG
133	VG
134	VG
135	VG
136	VG
137	VG
138	VG
139	VG
140	VG
141	VG
142	VG
143	VG
144	VG
145	VG
146	VG
147	VG
148	VG
149	VG
150	VG
151	VG
152	VG
153	VG
154	VG
155	VG
156	VG
157	VG
158	VG
159	VG
160	VG
161	VG
162	VG
163	VG
164	VG
165	VG
166	VG
167	VG
168	VG
169	VG
170	VG
171	VG
172	VG
173	VG
174	VG
175	VG
176	VG
177	VG
178	VG
179	VG
180	VG
181	VG
182	VG
183	VG
184	VG
185	VG
186	VG
187	VG
188	VG
189	VG
190	VG
191	VG
192	VG
193	VG
194	VG
195	VG
196	VG
197	VG
198	VG
199	VG
200	VG
201	VG
202	VG
203	VG
204	VG
205	VG
206	VG
207	VG
208	VG
209	VG
210	VG
211	VG
212	VG
213	VG
214	VG
215	VG
216	VG
217	VG
218	VG
219	VG
220	VG
221	VG
222	VG
223	VG
224	VG
225	VG
226	VG
227	VG
228	VG
229	VG
230	VG
231	VG
232	VG
233	VG
234	VG
235	VG
236	VG
237	VG
238	VG
239	VG
240	VG
241	VG
242	VG
243	VG
244	VG
245	VG
246	VG
247	VG
248	VG
249	VG
250	VG
251	VG
252	VG
253	VG
254	VG
255	VG
256	VG
257	VG
258	VG
259	VG
260	VG
261	VG
262	VG
263	VG
264	VG
265	VG
266	VG
267	VG
268	VG
269	VG
270	VG
271	VG
272	VG
273	VG
274	VG
275	VG
276	VG
277	VG
278	VG
279	VG
280	VG
281	VG
282	VG
283	VG
284	VG
285	VG
286	VG
287	VG
288	VG
289	VG
290	VG
291	VG
292	VG
293	VG
294	VG
295	VG
296	VG
297	VG
298	VG
299	VG
300	VG
301	VG
302	VG
303	VG
304	VG
305	VG
306	VG
307	VG
308	VG
309	VG
310	VG
311	VG
312	VG
313	VG
314	VG
315	VG
316	VG
317	VG
318	VG
319	VG
320	VG
321	VG
322	VG
323	VG
324	VG
325	VG
326	VG
327	VG
328	VG
329	VG
330	VG
331	VG
332	VG
333	VG
334	VG
335	VG
336	VG
337	VG
338	VG
339	VG
340	VG
341	VG
342	VG
343	VG
344	VG
345	VG
346	VG
347	VG
348	VG
349	VG
350	VG
351	VG
352	VG
353	VG
354	VG
355	VG
356	VG
357	VG
358	VG
359	VG
360	VG
361	VG
362	VG
363	VG
364	VG
365	VG
366	VG
367	VG
368	VG
369	VG
370	VG
371	VG
372	VG
373	VG
374	VG
375	VG
376	VG
377	VG
378	VG
379	VG
380	VG
381	VG
382	VG
383	VG
384	VG
385	VG
386	VG
387	VG
388	VG
389	VG
390	VG
391	VG
392	VG
393	VG
394	VG
395	VG
396	VG
397	VG
398	VG
399	VG
400	VG
401	VG
402	VG
403	VG
404	VG
405	VG
406	VG
407	VG
408	VG
409	VG
410	VG
411	VG
412	VG
413	VG
414	VG
415	VG
416	VG
417	VG
418	VG
419	VG
420	VG
421	VG
422	VG
423	VG
424	VG
425	VG
426	VG
427	VG
428	VG
429	VG
430	VG
431	VG
432	VG
433	VG
434	VG
435	VG
436	VG
437	VG
438	VG
439	VG
440	VG
441	VG
442	VG
443	VG
444	VG
445	VG
446	VG
447	VG
448	VG
449	VG
450	VG
451	VG
452	VG
453	VG
454	VG
455	VG
456	VG
457	VG
458	VG
459	VG
460	VG
461	VG
462	VG
463	VG
464	VG
465	VG
466	VG
467	VG
468	VG
469	VG
470	VG
471	VG
472	VG
473	VG
474	VG
475	VG
476	VG
477	VG
478	VG
479	VG
480	VG
481	VG
482	VG
483	VG
484	VG
485	VG
486	VG
487	VG
488	VG
489	VG
490	VG
491	VG
492	VG
493	VG
494	VG
495	VG
496	VG
497	VG
498	VG
499	VG
500	VG
501	VG
502	VG
503	VG
504	VG
505	VG
506	VG
507	VG
508	VG
509	VG
510	VG
511	VG
512	VG
513	VG
514	VG
515	VG
516	VG
517	VG
518	VG
519	VG
520	VG
521	VG
522	VG
523	VG
524	VG
525	VG
526	VG
527	VG
528	VG
529	VG
530	VG
531	VG
532	VG
533	VG
534	VG
535	VG
536	VG
537	VG
538	VG
539	VG
540	VG
541	VG
542	VG
543	VG
544	VG
545	VG
546	VG
547	VG
548	VG
549	VG
550	VG
551	VG
552	VG
553	VG
554	VG
555	VG
556	VG
557	VG
558	VG
559	VG
560	VG
561	VG
562	VG
563	VG
564	VG
565	VG
566	VG
567	VG
568	VG
569	VG
570	VG
571	VG
572	VG
573	VG
574	VG
575	VG
576	VG
577	VG
578	VG
579	VG
580	VG
581	VG
582	VG
583	VG
584	VG
585	VG
586	VG
587	VG
588	VG
589	VG
590	VG
591	VG
592	VG
593	VG
594	VG
595	VG
596	VG
597	VG
598	VG
599	VG
600	VG
601	VG
602	VG
603	VG
604	VG
605	VG
606	VG
607	VG
608	VG
609	VG
610	VG
611	VG
612	VG
613	VG
614	VG
615	VG
616	VG
617	VG
618	VG
619	VG
620	VG
621	VG
622	VG
623	VG
624	VG
625	VG
626	VG
627	VG
628	VG
629	VG
630	VG
631	VG
632	VG
633	VG
634	VG
635	VG
636	VG
637	VG
638	VG
639	VG
640	VG
641	VG
642	VG
643	VG
644	VG
645	VG
646	VG
647	VG
648	VG
649	VG
650	VG
651	VG
652	VG
653	VG
654	VG
655	VG
656	VG
657	VG
658	VG
659	VG
660	VG
661	VG
662	VG
663	VG
664	VG
665	VG
666	VG
667	VG
668	VG
669	VG
670	VG
671	VG
672	VG
673	VG
674	VG
675	VG
676	VG
677	VG
678	VG
679	VG
680	VG
681	VG
682	VG
683	VG
684	VG
685	VG
686	VG
687	VG
688	VG
689	VG
690	VG
691	VG
692	VG
693	VG
694	VG
695	VG
696	VG
697	VG
698	VG
699	VG
700	VG
701	VG
702	VG
703	VG
704	VG
705	VG
706	VG
707	VG
708	VG
709	VG
710	VG
711	VG
712	VG
713	VG
714	VG
715	VG
716	VG
717	VG
718	VG
719	VG
720	VG
721	VG
722	VG
723	VG
724	VG
725	VG
726	VG
727	VG
728	VG
729	VG
730	VG
731	VG
732	VG
733	VG
734	VG
735	VG
736	VG
737	VG
738	VG
739	VG
740	VG
741	VG
742	VG
743	VG
744	VG
745	VG
746	VG
747	VG
748	VG
749	VG
750	VG
751	VG
752	VG
753	VG
754	VG
755	VG
756	VG
757	VG
758	VG
759	VG
760	VG
761	VG
762	VG
763	VG
764	VG
765	VG
766	VG
767	VG
768	VG
769	VG
770	VG
771	VG
772	VG
773	VG
774	VG
775	VG
776	VG
777	VG
778	VG
779	VG
780	VG
781	VG
782	VG
783	VG
784	VG
785	VG
786	VG
787	VG
788	VG
789	VG
790	VG
791	VG
792	VG
793	VG
794	VG
795	VG
796	VG
797	VG
798	VG
799	VG
800	VG
801	VG
802	VG
803	VG
804	VG
805	VG
806	VG
807	VG
808	VG
809	VG
810	VG
811	VG
812	VG
813	VG
814	VG
815	VG
816	VG
817	VG
818	VG
819	VG
820	VG
821	VG
822	VG
823	VG
824	VG
825	VG
826	VG
827	VG
828	VG
829	VG
830	VG
831	VG
832	VG
833	VG
834	VG
835	VG
836	VG
837	VG
838	VG
839	VG
840	VG
841	VG
842	VG
843	VG
844	VG
845	VG
846	VG
847	VG
848	VG
849	VG
850	VG
851	VG
852	VG
853	VG
854	VG
855	VG
856	VG
857	VG
858	VG
859	VG
860	VG
861	VG
862	VG
863	VG
864	VG
865	VG
866	VG
867	VG
868	VG
869	VG
870	VG
871	VG
872	VG
873	VG
874	VG
875	VG
876	VG
877	VG
878	VG
879	VG
880	VG
881	VG
882	VG
883	VG
884	VG
885	VG
886	VG
887	VG
888	VG
889	VG
890	VG
891	VG
892	VG
893	VG
894	VG
895	VG
896	VG
897	VG
898	VG
899	VG
900	VG
901	VG
902	VG
903	VG
904	VG
905	VG
906	VG
907	VG
908	VG
909	VG
910	VG
911	VG
912	VG
913	VG
914	VG
915	VG
916	VG
917	VG
918	VG
919	VG
920	VG
921	VG
922	VG
923	VG
924	VG
925	VG
926	VG
927	VG
928	VG
929	VG
930	VG
931	VG
932	VG
933	VG
934	VG
935	VG
936	VG
937	VG
938	VG
939	VG
940	VG
941	VG
942	VG
943	VG
944	VG
945	VG
946	VG
947	VG
948	VG
949	VG
950	VG
951	VG
952	VG
953	VG
954	VG
955	VG
956	VG
957	VG
958	VG
959	VG
960	VG
961	VG
962	VG
963	VG
964	VG
965	VG
966	VG
967	VG
968	VG
969	VG
970	VG
971	VG
972	VG
973	VG
974	VG
975	VG
976	VG
977	VG
978	VG
979	VG
980	VG
981	VG
982	VG
983	VG
984	VG
985	VG
986	VG
987	VG
988	VG
989	VG
990	VG
991	VG
992	VG
993	VG
994	VG
995	VG
996	VG
997	VG
998	VG
999	VG
1000	VG
1001	VG
1002	VG
1003	VG
1004	VG
1005	VG
1006	VG
1007	VG
1008	VG
1009	VG
1010	VG
1011	VG
1012	VG
1013	VG
1014	VG
1015	VG
1016	VG
1017	VG
1018	VG
1019	VG
1020	VG
1021	VG
1022	VG
1023	VG
1024	VG
1025	VG
1026	VG
1027	VG
1028	VG
1029	VG
1030	VG
1031	VG
1032	VG
1033	VG
1034	VG
1035	VG
1036	VG
1037	VG
1038	VG
1039	VG
1040	VG
1041	VG
1042	VG
1043	VG
1044	VG
1045	VG
1046	VG
1047	VG
1048	VG
1049	VG
1050	VG
1051	VG
1052	VG
1053	VG
1054	VG
1055	VG
1056	VG
1057	VG
1058	VG
1059	VG
1060	VG
1061	VG
1062	VG
1063	VG
1064	VG
1065	VG
1066	VG
1067	VG
1068	VG
1069	VG
1070	VG
1071	VG
1072	VG
1073	VG
1074	VG
1075	VG
1076	VG
1077	VG
1078	VG
1079	VG
1080	VG
1081	VG
1082	VG
1083	VG
1084	VG
1085	VG
1086	VG
1087	VG
1088	VG
1089	VG
1090	VG
1091	VG
1092	VG
1093	VG
1094	VG
1095	VG
1096	VG
1097	VG
1098	VG
1099	VG
1100	VG
1101	VG
1102	VG
1103	VG
1104	VG
1105	VG
1106	VG
1107	VG
1108	VG
1109	VG
1110	VG
1111	VG
1112	VG
1113	VG
1114	VG
1115	VG
1116	VG
1117	VG
1118	VG
1119	VG
1120	VG
1121	VG
1122	VG
1123	VG
1124	VG
1125	VG
1126	VG
1127	VG
1128	VG
1129	VG
1130	VG
1131	VG
1132	VG
1133	VG
1134	VG
1135	VG
1136	VG
1137	VG
1138	VG
1139	VG
1140	VG
1141	VG
1142	VG
1143	VG
1144	VG
1145	VG
1146	VG
1147	VG
1148	VG
1149	VG
1150	VG
1151	VG
1152	VG
1153	VG
1154	VG
1155	VG
1156	VG
1157	VG
1158	VG
1159	VG
1160	VG
1161	VG
1162	VG
1163	VG
1164	VG
1165	VG
1166	VG
1167	VG
1168	VG
1169	VG
1170	VG
1171	VG
1172	VG
1173	VG
1174	VG
1175	VG
1176	VG
1177	VG
1178	VG
1179	VG
1180	VG
1181	VG
1182	VG
1183	VG
1184	VG
1185	VG
1186	VG
1187	VG
1188	VG
1189	VG
1190	VG
1191	VG
1192	VG
1193	VG
1194	VG
1195	VG
1196	VG
1197	VG
1198	VG
1199	VG
1200	VG
1201	VG
1202	VG
1203	VG
1204	VG
1205	VG
1206	VG
1207	VG
1208	VG
1209	VG
1210	VG
1211	VG
1212	VG
1213	VG
1214	VG
1215	VG
1216	VG
1217	VG
1218	VG
1219	VG
1220	VG
1221	VG
1222	VG
1223	VG
1224	VG
1225	VG
1226	VG
1227	VG
1228	VG
1229	VG
1230	VG
1231	VG
1232	VG
1233	VG
1234	VG
1235	VG
1236	VG
1237	VG
1238	VG
1239	VG
1240	VG
1241	VG
1242	VG
1243	VG
1244	VG
1245	VG
1246	VG
1247	VG
1248	VG
1249	VG
1250	VG
1251	VG
1252	VG
1253	VG
1254	VG
1255	VG
1256	VG
1257	VG
1258	VG
1259	VG
1260	VG
1261	VG
1262	VG
1263	VG
1264	VG
1265	VG
1266	VG
1267	VG
1268	VG
1269	VG
1270	VG
1271	VG
1272	VG
1273	VG
1274	VG
1275	VG
1276	VG
1277	VG
1278	VG
1279	VG
1280	VG
1281	VG
1282	VG
1283	VG
1284	VG
1285	VG
1286	VG
1287	VG
1288	VG
1289	VG
1290	VG
1291	VG
1292	VG
1293	VG
1294	VG
1295	VG
1296	VG
1297	VG
1298	VG
1299	VG
1300	VG
1301	VG
1302	VG
1303	VG
1304	VG
1305	VG
1306	VG
1307	VG
1308	VG
1309	VG
1310	VG
1311	VG
1312	VG
1313	VG
1314	VG
1315	VG
1316	VG
1317	VG
1318	VG
1319	VG
1320	VG
1321	VG
1322	VG
1323	VG
1324	VG
1325	VG
1326	VG
1327	VG
1328	VG
1329	VG
1330	VG
1331	VG
1332	VG
1333	VG
1334	VG
1335	VG
1336	VG
1337	VG
1338	VG
1339	VG
1340	VG
1341	VG
1342	VG
1343	VG
1344	VG
1345	VG
1346	VG
1347	VG
1348	VG
1349	VG
1350	VG
1351	VG
1352	VG
1353	VG
1354	VG
1355	VG
1356	VG
1357	VG
1358	VG
1359	VG
1360	VG
1361	VG
1362	VG
1363	VG
1364	VG
1365	VG
1366	VG
1367	VG
1368	VG
1369	VG
1370	VG
1371	VG
1372	VG
1373	VG
1374	VG
1375	VG
1376	VG
1377	VG
1378	VG
1379	VG
1380	VG
1381	VG
1382	VG
1383	VG
1384	VG
1385	VG
1386	VG
1387	VG
1388	VG
1389	VG
1390	VG
1391	VG
1392	VG
1393	VG
1394	VG
1395	VG
1396	VG
1397	VG
1398	VG
1399	VG
1400	VG
1401	VG
1402	VG
1403	VG
1404	VG
1405	VG
1406	VG
1407	VG
1408	VG
1409	VG
1410	VG
1411	VG
1412	VG
1413	VG
1414	VG
1415	VG
1416	VG
1417	VG
1418	VG
1419	VG
1420	VG
1421	VG
1422	VG
1423	VG
1424	VG
1425	VG
1426	VG
1427	VG
1428	VG
1429	VG
1430	VG
1431	VG
1432	VG
1433	VG
1434	VG
1435	VG
1436	VG
1437	VG
1438	VG
1439	VG
1440	VG
1441	VG
1442	VG
1443	VG
1444	VG
1445	VG
1446	VG
1447	VG
1448	VG
1449	VG
1450	VG
1451	VG
1452	VG
1453	VG
1454	VG
1455	VG
1456	VG
1457	VG
1458	VG
1459	VG
1460	VG
1461	VG
1462	VG
1463	VG
1464	VG
1465	VG
1466	VG
1467	VG
1468	VG
1469	VG
1470	VG
1471	VG
1472	VG
1473	VG
1474	VG
1475	VG
1476	VG
1477	VG
1478	VG
1479	VG
1480	VG
1481	VG
1482	VG
1483	VG
1484	VG
1485	VG
1486	VG
1487	VG
1488	VG
1489	VG
1490	VG
1491	VG
1492	VG
1493	VG
1494	VG
1495	VG
1496	VG
1497	VG
1498	VG
1499	VG
1500	VG
1501	VG
1502	VG
1503	VG
1504	VG
1505	VG
1506	VG
1507	VG
1508	VG
1509	VG
1510	VG
1511	VG
1512	VG
1513	VG
1514	VG
1515	VG
1516	VG
1517	VG
1518	VG
1519	VG
1520	VG
1521	VG
1522	VG
1523	VG
1524	VG
1525	VG
1526	VG
1527	VG
1528	VG
1529	VG
1530	VG
1531	VG
1532	VG
1533	VG
1534	VG
1535	VG
1536	VG
1537	VG
1538	VG
1539	VG
1540	VG
1541	VG
1542	VG
1543	VG
1544	VG
1545	VG
1546	VG
1547	VG
1548	VG
1549	VG
1550	VG
1551	VG
1552	VG
1553	VG
1554	VG
1555	VG
1556	VG
1557	VG
1558	VG
1559	VG
1560	VG
1561	VG
1562	VG
1563	VG
1564	VG
1565	VG
1566	VG
1567	VG
1568	VG
1569	VG
1570	VG
1571	VG
1572	VG
1573	VG
1574	VG
1575	VG
1576	VG
1577	VG
1578	VG
1579	VG
1580	VG
1581	VG
1582	VG
1583	VG
1584	VG
1585	VG
1586	VG
1587	VG
1588	VG
1589	VG
1590	VG
1591	VG
1592	VG
1593	VG
1594	VG
1595	VG
1596	VG
1597	VG
1598	VG
1599	VG
1600	VG
1601	VG
1602	VG
1603	VG
1604	VG
1605	VG
1606	VG
1607	VG
1608	VG
1609	VG
1610	VG
1611	VG
1612	VG
1613	VG
1614	VG
1615	VG
1616	VG
1617	VG
1618	VG
1619	VG
1620	VG
1621	VG
1622	VG
1623	VG
1624	VG
1625	VG
1626	VG
1627	VG
1628	VG
1629	VG
1630	VG
1631	VG
1632	VG
1633	VG
1634	VG
1635	VG
1636	VG
1637	VG
1638	VG
1639	VG
1640	VG
1641	VG
1642	VG
1643	VG
1644	VG
1645	VG
1646	VG
1647	VG
1648	VG
1649	VG
1650	VG
1651	VG
1652	VG
1653	VG
1654	VG
1655	VG
1656	VG
1657	VG
1658	VG
1659	VG
1660	VG
1661	VG
1662	VG
1663	VG
1664	VG
1665	VG
1666	VG
1667	VG
1668	VG
1669	VG
1670	VG
1671	VG
1672	VG
1673	VG
1674	VG
1675	VG
1676	VG
1677	VG
1678	VG
1679	VG
1680	VG
1681	VG
1682	VG
1683	VG
1684	VG
1685	VG
1686	VG
1687	VG
1688	VG
1689	VG
1690	VG
1691	VG
1692	VG
1693	VG
1694	VG
1695	VG
1696	VG
1697	VG
1698	VG
1699	VG
1700	VG
1701	VG
1702	VG
1703	VG
1704	VG
1705	VG
1706	VG
1707	VG
1708	VG
1709	VG
1710	VG
1711	VG
1712	VG
1713	VG
1714	VG
1715	VG
1716	VG
1717	VG
1718	VG
1719	VG
1720	VG
1721	VG
1722	VG
1723	VG
1724	VG
1725	VG
1726	VG
1727	VG
1728	VG
1729	VG
1730	VG
1731	VG
1732	VG
1733	VG
1734	VG
1735	VG
1736	VG
1737	VG
1738	VG
1739	VG
1740	VG
1741	VG
1742	VG
1743	VG
1744	VG
1745	VG
1746	VG
1747	VG
1748	VG
1749	VG
1750	VG
1751	VG
1752	VG
1753	VG
1754	VG
1755	VG
1756	VG
1757	VG
1758	VG
1759	VG
1760	VG
1761	VG
1762	VG
1763	VG
1764	VG
1765	VG
1766	VG
1767	VG
1768	VG
1769	VG
1770	VG
1771	VG
1772	VG
1773	VG
1774	VG
1775	VG
1776	VG
1777	VG
1778	VG
1779	VG
1780	VG
1781	VG
1782	VG
1783	VG
1784	VG
1785	VG
1786	VG
1787	VG
1788	VG
1789	VG
1790	VG
1791	VG
1792	VG
1793	VG
1794	VG
1795	VG
1796	VG
1797	VG
1798	VG
1799	VG
1800	VG
1801	VG
1802	VG
1803	VG
1804	VG
1805	VG
1806	VG
1807	VG
1808	VG
1809	VG
1810	VG
1811	VG
1812	VG
1813	VG
1814	VG
1815	VG
1816	VG
1817	VG
1818	VG
1819	VG
1820	VG
1821	VG
1822	VG
1823	VG
1824	VG
1825	VG
1826	VG
1827	VG
1828	VG
1829	VG
1830	VG
1831	VG
1832	VG
1833	VG
1834	VG
1835	VG
1836	VG
1837	VG
1838	VG
1839	VG
1840	VG
1841	VG
1842	VG
1843	VG
1844	VG
1845	VG
1846	VG
1847	VG
1848	VG
1849	VG
1850	VG
1851	VG
1852	VG
1853	VG
1854	VG
1855	VG
1856	VG
1857	VG
1858	VG
1859	VG
1860	VG
1861	VG
1862	VG
1863	VG
1864	VG
1865	VG
1866	VG
1867	VG
1868	VG
1869	VG
1870	VG
1871	VG
1872	VG
1873	VG
1874	VG
1875	VG
1876	VG
1877	VG
1878	VG
1879	VG
1880	VG
1881	VG
1882	VG
1883	VG
1884	VG
1885	VG
1886	VG
1887	VG
1888	VG
1889	VG
1890	VG
1891	VG
1892	VG
1893	VG
1894	VG
1895	VG
1896	VG
1897	VG
1898	VG
1899	VG
1900	VG
1901	VG
1902	VG
1903	VG
1904	VG
1905	VG
1906	VG
1907	VG
1908	VG
1909	VG
1910	VG
1911	VG
1912	VG
1913	VG
1914	VG
1915	VG
1916	VG
1917	VG
1918	VG
1919	VG
1920	VG
1921	VG
1922	VG
1923	VG
1924	VG
1925	VG
1926	VG
1927	VG
1928	VG
1929	VG
1930	VG
1931	VG
1932	VG
1933	VG
1934	VG
1935	VG
1936	VG
1937	VG
1938	VG
1939	VG
1940	VG
1941	VG
1942	VG
1943	VG
1944	VG
1945	VG
1946	VG
1947	VG
1948	VG
1949	VG
1950	VG
1951	VG
1952	VG
1953	VG
1954	VG
1955	VG
1956	VG
1957	VG
1958	VG
1959	VG
1960	VG
1961	VG
1962	VG
1963	VG
1964	VG
1965	VG
1966	VG
1967	VG
1968	VG
1969	VG
1970	VG
1971	VG
1972	VG
1973	VG
1974	VG
1975	VG
1976	VG
1977	VG
1978	VG
1979	VG
1980	VG
1981	VG
1982	VG
1983	VG
1984	VG
1985	VG
1986	VG
1987	VG
1988	VG
1989	VG
1990	VG
1991	VG
1992	VG
1993	VG
1994	VG
1995	VG
1996	VG
1997	VG
1998	VG
1999	VG
2000	VG
2001	VG
2002	VG
2003	VG
2004	VG
2005	VG
2006	VG
2007	VG
2008	VG
2009	VG
2010	VG
2011	VG
2012	VG
2013	VG
2014	VG
2015	VG
2016	VG
2017	VG
2018	VG
2019	VG
2020	VG
2021	VG
2022	VG
2023	VG
2024	VG
2025	VG
2026	VG
2027	VG
2028	VG
2029	VG
2030	VG
2031	VG
2032	VG
2033	VG
2034	VG
2035	VG
2036	VG
2037	VG
2038	VG
2039	VG
2040	VG
2041	VG
2042	VG
2043	VG
2044	VG
2045	VG
2046	VG
2047	VG
2048	VG
2049	VG
2050	VG
2051	VG
2052	VG
2053	VG
2054	VG
2055	VG
2056	VG
2057	VG
2058	VG
2059	VG
2060	VG
2061	VG
2062	VG
2063	VG
2064	VG
2065	VG
2066	VG
2067	VG
2068	VG
2069	VG
2070	VG
2071	VG
2072	VG
2073	VG
2074	VG
2075	VG
2076	VG
2077	VG
2078	VG
2079	VG
2080	VG
2081	VG
2082	VG
2083	VG
2084	VG
2085	VG
2086	VG
2087	VG
2088	VG
2089	VG
2090	VG
2091	VG
2092	VG
2093	VG
2094	VG
2095	VG
2096	VG
2097	VG
2098	VG
2099	VG
2100	VG
2101	VG
2102	VG
2103	VG
2104	VG
2105	VG
2106	VG
2107	VG
2108	VG
2109	VG
2110	VG
2111	VG
2112	VG
2113	VG
2114	VG
2115	VG
2116	VG
2117	VG
2118	VG
2119	VG
2120	VG
2121	VG
2122	VG
2123	VG
2124	VG
2125	VG
2126	VG
2127	VG
2128	VG
2129	VG
2130	VG
2131	VG
2132	VG
2133	VG
2134	VG
2135	VG
2136	VG
2137	VG
2138	VG
2139	VG
2140	VG
2141	VG
2142	VG
2143	VG
2144	VG
2145	VG
2146	VG
2147	VG
2148	VG
2149	VG
2150	VG
2151	VG
2152	VG
2153	VG
2154	VG
2155	VG
2156	VG
2157	VG
2158	VG
2159	VG
2160	VG
2161	VG
2162	VG
2163	VG
2164	VG
2165	VG
2166	VG
2167	VG
2168	VG
2169	VG
2170	VG
2171	VG
2172	VG
2173	VG
2174	VG
2175	VG
2176	VG
2177	VG
2178	VG
2179	VG
2180	VG
2181	VG
2182	VG
2183	VG
2184	VG
2185	VG
2186	VG
2187	VG
2188	VG
2189	VG
2190	VG
2191	VG
2192	VG
2193	VG
2194	VG
2195	VG
2196	VG
2197	VG
2198	VG
2199	VG
2200	VG
2201	VG
2202	VG
2203	VG
2204	VG
2205	VG
2206	VG
2207	VG
2208	VG
2209	VG
2210	VG
2211	VG
2212	VG
2213	VG
2214	VG
2215	VG
2216	VG
2217	VG
2218	VG
2219	VG
2220	VG
2221	VG
2222	VG
2223	VG
2224	VG
2225	VG
2226	VG
2227	VG
2228	VG
2229	VG
2230	VG
2231	VG
2232	VG
2233	VG
2234	VG
2235	VG
2236	VG
2237	VG
2238	VG
2239	VG
2240	VG
2241	VG
2242	VG
2243	VG
2244	VG
2245	VG
2246	VG
2247	VG
2248	VG
2249	VG
2250	VG
2251	VG
2252	VG
2253	VG
2254	VG
2255	VG
2256	VG
2257	VG
2258	VG
2259	VG
2260	VG
2261	VG
2262	VG
2263	VG
2264	VG
2265	VG
2266	VG
2267	VG
2268	VG
2269	VG
2270	VG
2271	VG
2272	VG
2273	VG
2274	VG
2275	VG
2276	VG
2277	VG
2278	VG
2279	VG
2280	VG
2281	VG
2282	VG
2283	VG
2284	VG
2285	VG
2286	VG
2287	VG
2288	VG
2289	VG
2290	VG
2291	VG
2292	VG
2293	VG
2294	VG
2295	VG
2296	VG
2297	VG
2298	VG
2299	VG
2300	VG
2301	VG
2302	VG
2303	VG
2304	VG
2305	VG
2306	VG
2307	VG
2308	VG
2309	VG
2310	VG
2311	VG
2312	VG
2313	VG
2314	VG
2315	VG
2316	VG
2317	VG
2318	VG
2319	VG
2320	VG
2321	VG
2322	VG
2323	VG
2324	VG
2325	VG
2326	VG
2327	VG
2328	VG
2329	VG
2330	VG
2331	VG
2332	VG
2333	VG
2334	VG
2335	VG
2336	VG
2337	VG
2338	VG
2339	VG
2340	VG
2341	VG
2342	VG
2343	VG
2344	VG
2345	VG
2346	VG
2347	VG
2348	VG
2349	VG
2350	VG
2351	VG
2352	VG
2353	VG
2354	VG
2355	VG
2356	VG
2357	VG
2358	VG
2359	VG
2360	VG
2361	VG
2362	VG
2363	VG
2364	VG
2365	VG
2366	VG
2367	VG
2368	VG
2369	VG
2370	VG
2371	VG
2372	VG
2373	VG
2374	VG
2375	VG
2376	VG
2377	VG
2378	VG
2379	VG
2380	VG
2381	VG
2382	VG
2383	VG
2384	VG
2385	VG
2386	VG
2387	VG
2388	VG
2389	VG
2390	VG
2391	VG
2392	VG
2393	VG
2394	VG
2395	VG
2396	VG
2397	VG
2398	VG
2399	VG
2400	VG
2401	VG
2402	VG
2403	VG
2404	VG
2405	VG
2406	VG
2407	VG
2408	VG
2409	VG
2410	VG
2411	VG
2412	VG
2413	VG
2414	VG
2415	VG
2416	VG
2417	VG
2418	VG
2419	VG
2420	VG
2421	VG
2422	VG
2423	VG
2424	VG
2425	VG
2426	VG
2427	VG
2428	VG
2429	VG
2430	VG
2431	VG
2432	VG
2433	VG
2434	VG
2435	VG
2436	VG
2437	VG
2438	VG
2439	VG
2440	VG
2441	VG
2442	VG
2443	VG
2444	VG
2445	VG
2446	VG
2447	VG
2448	VG
2449	VG
2450	VG
2451	VG
2452	VG
2453	VG
2454	VG
2455	VG
2456	VG
2457	VG
2458	VG
2459	VG
2460	VG
2461	VG
2462	VG
2463	VG
2464	VG
2465	VG
2466	VG
2467	VG
2468	VG
2469	VG
2470	VG
2471	VG
2472	VG
2473	VG
2474	VG
2475	VG
2476	VG
2477	VG
2478	VG
2479	VG
2480	VG
2481	VG
2482	VG
2483	VG
2484	VG
2485	VG
2486	VG
2487	VG
2488	VG
2489	VG
2490	VG
2491	VG
2492	VG
2493	VG
2494	VG
2495	VG
2496	VG
2497	VG
2498	VG
2499	VG
2500	VG
2501	VG
2502	VG
2503	VG
2504	VG
2505	VG
2506	VG
2507	VG
2508	VG
2509	VG
2510	VG
2511	VG
2512	VG
2513	VG
2514	VG
2515	VG
2516	VG
2517	VG
2518	VG
2519	VG
2520	VG
2521	VG
2522	VG
2523	VG
2524	VG
2525	VG
2526	VG
2527	VG
2528	VG
2529	VG
2530	VG
2531	VG
2532	VG
2533	VG
2534	VG
2535	VG
2536	VG
2537	VG
2538	VG
2539	VG
2540	VG
2541	VG
2542	VG
2543	VG
2544	VG
2545	VG
2546	VG
2547	VG
2548	VG
2549	VG
2550	VG
2551	VG
2552	VG
2553	VG
2554	VG
2555	VG
2556	VG
2557	VG
2558	VG
2559	VG
2560	VG
2561	VG
2562	VG
2563	VG
2564	VG
2565	VG
2566	VG
2567	VG
2568	VG
2569	VG
2570	VG
2571	VG
2572	VG
2573	VG
2574	VG
2575	VG
2576	VG
2577	VG
2578	VG
2579	VG
2580	VG
2581	VG
2582	VG
2583	VG
2584	VG
2585	VG
2586	VG
2587	VG
2588	VG
2589	VG
2590	VG
2591	VG
2592	VG
2593	VG
2594	VG
2595	VG
2596	VG
2597	VG
2598	VG
2599	VG
2600	VG
2601	VG
2602	VG
2603	VG
2604	VG
2605	VG
2606	VG
2607	VG
2608	VG
2609	VG
2610	VG
2611	VG
2612	VG
2613	VG
2614	VG
2615	VG
2616	VG
2617	VG
2618	VG
2619	VG
2620	VG
2621	VG
2622	VG
2623	VG
2624	VG
2625	VG
2626	VG
2627	VG
2628	VG
2629	VG
2630	VG
2631	VG
2632	VG
2633	VG
2634	VG
2635	VG
2636	VG
2637	VG
2638	VG
2639	VG
2640	VG
2641	VG
2642	VG
2643	VG
2644	VG
2645	VG
2646	VG
2647	VG
2648	VG
2649	VG
2650	VG
2651	VG
2652	VG
2653	VG
2654	VG
2655	VG
2656	VG
2657	VG
2658	VG
2659	VG
2660	VG
2661	VG
2662	VG
2663	VG
2664	VG
2665	VG
2666	VG
2667	VG
2668	VG
2669	VG
2670	VG
2671	VG
2672	VG
2673	VG
2674	VG
2675	VG
2676	VG
2677	VG
2678	VG
2679	VG
2680	VG
2681	VG
2682	VG
2683	VG
2684	VG
2685	VG
2686	VG
2687	VG
2688	VG
2689	VG
2690	VG
2691	VG
2692	VG
2693	VG
2694	VG
2695	VG
2696	VG
2697	VG
2698	VG
2699	VG
2700	VG
2701	VG
2702	VG
2703	VG
2704	VG
2705	VG
2706	VG
2707	VG
2708	VG
2709	VG
2710	VG
2711	VG
2712	VG
2713	VG
2714	VG
2715	VG
2716	VG
2717	VG
2718	VG
2719	VG
2720	VG
2721	VG
2722	VG
2723	VG
2724	VG
2725	VG
2726	VG
2727	VG
2728	VG
2729	VG
2730	VG
2731	VG
2732	VG
2733	VG
2734	VG
2735	VG
2736	VG
2737	VG
2738	VG
2739	VG
2740	VG
2741	VG
2742	VG
2743	VG
2744	VG
2745	VG
2746	VG
2747	VG
2748	VG
2749	VG
2750	VG
2751	VG
2752	VG
2753	VG
2754	VG
2755	VG
2756	VG
2757	VG
2758	VG
2759	VG
2760	VG
2761	VG
2762	VG
2763	VG
2764	VG
2765	VG
2766	VG
2767	VG
2768	VG
2769	VG
2770	VG
2771	VG
2772	VG
2773	VG
2774	VG
2775	VG
2776	VG
2777	VG
2778	VG
2779	VG
2780	VG
2781	VG
2782	VG
2783	VG
2784	VG
2785	VG
2786	VG
2787	VG
2788	VG
2789	VG
2790	VG
2791	VG
2792	VG
2793	VG
2794	VG
2795	VG
2796	VG
2797	VG
2798	VG
2799	VG
2800	VG
2801	VG
2802	VG
2803	VG
2804	VG
2805	VG
2806	VG
2807	VG
2808	VG
2809	VG
2810	VG
2811	VG
2812	VG
2813	VG
2814	VG
2815	VG
2816	VG
2817	VG
2818	VG
2819	VG
2820	VG
2821	VG
2822	VG
2823	VG
2824	VG
2825	VG
2826	VG
2827	VG
2828	VG
2829	VG
2830	VG
2831	VG
2832	VG
2833	VG
2834	VG
2835	VG
2836	VG
2837	VG
2838	VG
2839	VG
2840	VG
2841	VG
2842	VG
2843	VG
2844	VG
2845	VG
2846	VG
2847	VG
2848	VG
2849	VG
2850	VG
2851	VG
2852	VG
2853	VG
2854	VG
2855	VG
2856	VG
2857	VG
2858	VG
2859	VG
2860	VG
2861	VG
2862	VG
2863	VG
2864	VG
2865	VG
2866	VG
2867	VG
2868	VG
2869	VG
2870	VG
2871	VG
2872	VG
2873	VG
2874	VG
2875	VG
2876	VG
2877	VG
2878	VG
2879	VG
2880	VG
2881	VG
2882	VG
2883	VG
2884	VG
2885	VG
2886	VG
2887	VG
2888	VG
2889	VG
2890	VG
2891	VG
2892	VG
2893	VG
2894	VG
2895	VG
2896	VG
2897	VG
2898	VG
2899	VG
2900	VG
2901	VG
2902	VG
2903	VG
2904	VG
2905	VG
2906	VG
2907	VG
2908	VG
2909	VG
2910	VG
2911	VG
2912	VG
2913	VG
2914	VG
2915	VG
2916	VG
2917	VG
2918	VG
2919	VG
2920	VG
2921	VG
2922	VG
2923	VG
2924	VG
2925	VG
2926	VG
2927	VG
2928	VG
2929	VG
2930	VG
2931	VG
2932	VG
2933	VG
2934	VG
2935	VG
2936	VG
2937	VG
2938	VG
2939	VG
2940	VG
2941	VG
2942	VG
2943	VG
2944	VG
2945	VG
2946	VG
2947	VG
2948	VG
2949	VG
2950	VG
2951	VG
2952	VG
2953	VG
2954	VG
2955	VG
2956	VG
2957	VG
2958	VG
2959	VG
2960	VG
2961	VG
2962	VG
2963	VG
2964	VG
2965	VG
2966	VG
2967	VG
2968	VG
2969	VG
2970	VG
2971	VG
2972	VG
2973	VG
2974	VG
2975	VG
2976	VG
2977	VG
2978	VG
2979	VG
2980	VG
2981	VG
2982	VG
2983	VG
2984	VG
2985	VG
2986	VG
2987	VG
2988	VG
2989	VG
2990	VG
2991	VG
2992	VG
2993	VG
2994	VG
2995	VG
2996	VG
2997	VG
2998	VG
2999	VG
3000	VG
3001	VG
3002	VG
3003	VG
3004	VG
3005	VG
3006	VG
3007	VG
3008	VG
3009	VG
3010	VG
3011	VG
3012	VG
3013	VG
3014	VG
3015	VG
3016	VG
3017	VG
3018	VG
3019	VG
3020	VG
3021	VG
3022	VG
3023	VG
3024	VG
3025	VG
3026	VG
3027	VG
3028	VG
3029	VG
3030	VG
3031	VG
3032	VG
3033	VG
3034	VG
3035	VG
3036	VG
3037	VG
3038	VG
3039	VG
3040	VG
3041	VG
3042	VG
3043	VG
3044	VG
3045	VG
3046	VG
3047	VG
3048	VG
3049	VG
3050	VG
3051	VG
3052	VG
3053	VG
3054	VG
3055	VG
3056	VG
3057	VG
3058	VG
3059	VG
3060	VG
3061	VG
3062	VG
3063	VG
3064	VG
3065	VG
3066	VG
3067	VG
3068	VG
3069	VG
3070	VG
3071	VG
3072	VG
3073	VG
3074	VG
3075	VG
3076	VG
3077	VG
3078	VG
3079	VG
3080	VG
3081	VG
3082	VG
3083	VG
3084	VG
3085	VG
3086	VG
3087	VG
3088	VG
3089	VG
3090	VG
3091	VG
3092	VG
3093	VG
3094	VG
3095	VG
3096	VG
3097	VG
3098	VG
3099	VG
3100	VG
3101	VG
3102	VG
3103	VG
3104	VG
3105	VG
3106	VG
3107	VG
3108	VG
3109	VG
3110	VG
3111	VG
3112	VG
3113	VG
3114	VG
3115	VG
3116	VG
3117	VG
3118	VG
3119	VG
3120	VG
3121	VG
3122	VG
3123	VG
3124	VG
3125	VG
3126	VG
3127	VG
3128	VG
3129	VG
3130	VG
3131	VG
3132	VG
3133	VG
3134	VG
3135	VG
3136	VG
3137	VG
3138	VG
3139	VG
3140	VG
3141	VG
3142	VG
3143	VG
3144	VG
3145	VG
3146	VG
3147	VG
3148	VG
3149	VG
3150	VG
3151	VG
3152	VG
3153	VG
3154	VG
3155	VG
3156	VG
3157	VG
3158	VG
3159	VG
3160	VG
3161	VG
3162	VG
3163	VG
3164	VG
3165	VG
3166	VG
3167	VG
3168	VG
3169	VG
3170	VG
3171	VG
3172	VG
3173	VG
3174	VG
3175	VG
3176	VG
3177	VG
3178	VG
3179	VG
3180	VG
3181	VG
3182	VG
3183	VG
3184	VG
3185	VG
3186	VG
3187	VG
3188	VG
3189	VG
3190	VG
3191	VG
3192	VG
3193	VG
3194	VG
3195	VG
3196	VG
3197	VG
3198	VG
3199	VG
3200	VG
3201	VG
3202	VG
3203	VG
3204	VG
3205	VG
3206	VG
3207	VG
3208	VG
3209	VG
3210	VG
3211	VG
3212	VG
3213	VG
3214	VG
3215	VG
3216	VG
3217	VG
3218	VG
3219	VG
3220	VG
3221	VG
3222	VG
3223	VG
3224	VG
3225	VG
3226	VG
3227	VG
3228	VG
3229	VG
3230	VG
3231	VG
3232	VG
3233	VG
3234	VG
3235	VG
3236	VG
3237	VG
3238	VG
3239	VG
3240	VG
3241	VG
3242	VG
3243	VG
3244	VG
3245	VG
3246	VG
3247	VG
3248	VG
3249	VG
3250	VG
3251	VG
3252	VG
3253	VG
3254	VG
3255	VG
3256	VG
3257	VG
3258	VG
3259	VG
3260	VG
3261	VG
3262	VG
3263	VG
3264	VG
3265	VG
3266	VG
3267	VG
3268	VG
3269	VG
3270	VG
3271	VG
3272	VG
3273	VG
3274	VG
3275	VG
3276	VG
3277	VG
3278	VG
3279	VG
3280	VG
3281	VG
3282	VG
3283	VG
3284	VG
3285	VG
3286	VG
3287	VG
3288	VG
3289	VG
3290	VG
3291	VG
3292	VG
3293	VG
3294	VG
3295	VG
3296	VG
3297	VG
3298	VG
3299	VG
3300	VG
3301	VG
3302	VG
3303	VG
3304	VG
3305	VG
3306	VG
3307	VG
3308	VG
3309	VG
3310	VG
3311	VG
3312	VG
3313	VG
3314	VG
3315	VG
3316	VG
3317	VG
3318	VG
3319	VG
3320	VG
3321	VG
3322	VG
3323	VG
3324	VG
3325	VG
3326	VG
3327	VG
3328	VG
3329	VG
3330	VG
3331	VG
3332	VG
3333	VG
3334	VG
3335	VG
3336	VG
3337	VG
3338	VG
3339	VG
3340	VG
3341	VG
3342	VG
3343	VG
3344	VG
3345	VG
3346	VG
3347	VG
3348	VG
3349	VG
3350	VG
3351	VG
3352	VG
3353	VG
3354	VG
3355	VG
3356	VG
3357	VG
3358	VG
3359	VG
3360	VG
3361	VG
3362	VG
3363	VG
3364	VG
3365	VG
3366	VG
3367	VG
3368	VG
3369	VG
3370	VG
3371	VG
3372	VG
3373	VG
3374	VG
3375	VG
3376	VG
3377	VG
3378	VG
3379	VG
3380	VG
3381	VG
3382	VG
3383	VG
3384	VG
3385	VG
3386	VG
3387	VG
3388	VG
3389	VG
3390	VG
3391	VG
3392	VG
3393	VG
3394	VG
3395	VG
3396	VG
3397	VG
3398	VG
3399	VG
3400	VG
3401	VG
3402	VG
3403	VG
3404	VG
3405	VG
3406	VG
3407	VG
3408	VG
3409	VG
3410	VG
3411	VG
3412	VG
3413	VG
3414	VG
3415	VG
3416	VG
3417	VG
3418	VG
3419	VG
3420	VG
3421	VG
3422	VG
3423	VG
3424	VG
3425	VG
3426	VG
3427	VG
3428	VG
3429	VG
3430	VG
3431	VG
3432	VG
3433	VG
3434	VG
3435	VG
3436	VG
3437	VG
3438	VG
3439	VG
3440	VG
3441	VG
3442	VG
3443	VG
3444	VG
3445	VG
3446	VG
3447	VG
3448	VG
3449	VG
3450	VG
3451	VG
3452	VG
3453	VG
3454	VG
3455	VG
3456	VG
3457	VG
3458	VG
3459	VG
3460	VG
3461	VG
3462	VG
3463	VG
3464	VG
3465	VG
3466	VG
3467	VG
3468	VG
3469	VG
3470	VG
3471	VG
3472	VG
3473	VG
3474	VG
3475	VG
3476	VG
3477	VG
3478	VG
3479	VG
3480	VG
3481	VG
3482	VG
3483	VG
3484	VG
3485	VG
3486	VG
3487	VG
3488	VG
3489	VG
3490	VG
3491	VG
3492	VG
3493	VG
3494	VG
3495	VG
3496	VG
3497	VG
3498	VG
3499	VG
3500	VG
3501	VG
3502	VG
3503	VG
3504	VG
3505	VG
3506	VG
3507	VG
3508	VG
3509	VG
3510	VG
3511	VG
3512	VG
3513	VG
3514	VG
3515	VG
3516	VG
3517	VG
3518	VG
3519	VG
3520	VG
3521	VG
3522	VG
3523	VG
3524	VG
3525	VG
3526	VG
3527	VG
3528	VG
3529	VG
3530	VG
3531	VG
3532	VG
3533	VG
3534	VG
3535	VG
3536	VG
3537	VG
3538	VG
3539	VG
3540	VG
3541	VG
3542	VG
3543	VG
3544	VG
3545	VG
3546	VG
3547	VG
3548	VG
3549	VG
3550	VG
3551	VG
3552	VG
3553	VG
3554	VG
3555	VG
3556	VG
3557	VG
3558	VG
3559	VG
3560	VG
3561	VG
3562	VG
3563	VG
3564	VG
3565	VG
3566	VG
3567	VG
3568	VG
3569	VG
3570	VG
3571	VG
3572	VG
3573	VG
3574	VG
3575	VG
3576	VG
3577	VG
3578	VG
3579	VG
3580	VG
3581	VG
3582	VG
3583	VG
3584	VG
3585	VG
3586	VG
3587	VG
3588	VG
3589	VG
3590	VG
3591	VG
3592	VG
3593	VG
3594	VG
3595	VG
3596	VG
3597	VG
3598	VG
3599	VG
3600	VG
3601	VG
3602	VG
3603	VG
3604	VG
3605	VG
3606	VG
3607	VG
3608	VG
3609	VG
3610	VG
3611	VG
3612	VG
3613	VG
3614	VG
3615	VG
3616	VG
3617	VG
3618	VG
3619	VG
3620	VG
3621	VG
3622	VG
3623	VG
3624	VG
3625	VG
3626	VG
3627	VG
3628	VG
3629	VG
3630	VG
3631	VG
3632	VG
3633	VG
3634	VG
3635	VG
3636	VG
3637	VG
3638	VG
3639	VG
3640	VG
3641	VG
3642	VG
3643	VG
3644	VG
3645	VG
3646	VG
3647	VG
3648	VG
3649	VG
3650	VG
3651	VG
3652	VG
3653	VG
3654	VG
3655	VG
3656	VG
3657	VG
3658	VG
3659	VG
3660	VG
3661	VG
3662	VG
3663	VG
3664	VG
3665	VG
3666	VG
3667	VG
3668	VG
3669	VG
3670	VG
3671	VG
3672	VG
3673	VG
3674	VG
3675	VG
3676	VG
3677	VG
3678	VG
3679	VG
3680	VG
3681	VG
3682	VG
3683	VG
3684	VG
3685	VG
3686	VG
3687	VG
3688	VG
3689	VG
3690	VG
3691	VG
3692	VG
3693	VG
3694	VG
3695	VG
3696	VG
3697	VG
3698	VG
3699	VG
3700	VG
3701	VG
3702	VG
3703	VG
3704	VG
3705	VG
3706	VG
3707	VG
3708	VG
3709	VG
3710	VG
3711	VG
3712	VG
3713	VG
3714	VG
3715	VG
3716	VG
3717	VG
3718	VG
3719	VG
3720	VG
3721	VG
3722	VG
3723	VG
3724	VG
3725	VG
3726	VG
3727	VG
3728	VG
3729	VG
3730	VG
3731	VG
3732	VG
3733	VG
3734	VG
3735	VG
3736	VG
3737	VG
3738	VG
3739	VG
3740	VG
3741	VG
3742	VG
3743	VG
3744	VG
3745	VG
3746	VG
3747	VG
3748	VG
3749	VG
3750	VG
3751	VG
3752	VG
3753	VG
3754	VG
3755	VG
3756	VG
3757	VG
3758	VG
3759	VG
3760	VG
3761	VG
3762	VG
3763	VG
3764	VG
3765	VG
3766	VG
3767	VG
3768	VG
3769	VG
3770	VG
3771	VG
3772	VG
3773	VG
3774	VG
3775	VG
3776	VG
3777	VG
3778	VG
3779	VG
3780	VG
3781	VG
3782	VG
3783	VG
3784	VG
3785	VG
3786	VG
3787	VG
3788	VG
3789	VG
3790	VG
3791	VG
3792	VG
3793	VG
3794	VG
3795	VG
3796	VG
3797	VG
3798	VG
3799	VG
3800	VG
3801	VG
3802	VG
3803	VG
3804	VG
3805	VG
3806	VG
3807	VG
3808	VG
3809	VG
3810	VG
3811	VG
3812	VG
3813	VG
3814	VG
3815	VG
3816	VG
3817	VG
3818	VG
3819	VG
3820	VG
3821	VG
3822	VG
3823	VG
3824	VG
3825	VG
3826	VG
3827	VG
3828	VG
3829	VG
3830	VG
3831	VG
3832	VG
3833	VG
3834	VG
3835	VG
3836	VG
3837	VG
3838	VG
3839	VG
3840	VG
3841	VG
3842	VG
3843	VG
3844	VG
3845	VG
3846	VG
3847	VG
3848	VG
3849	VG
3850	VG
3851	VG
3852	VG
3853	VG
3854	VG
3855	VG
3856	VG
3857	VG
3858	VG
3859	VG
3860	VG
3861	VG
3862	VG
3863	VG
3864	VG
3865	VG
3866	VG
3867	VG
3868	VG
3869	VG
3870	VG
3871	VG
3872	VG
3873	VG
3874	VG
3875	VG
3876	VG
3877	VG
3878	VG
3879	VG
3880	VG
3881	VG
3882	VG
3883	VG
3884	VG
3885	VG
3886	VG
3887	VG
3888	VG
3889	VG
3890	VG
3891	VG
3892	VG
3893	VG
3894	VG
3895	VG
3896	VG
3897	VG
3898	VG
3899	VG
3900	VG
3901	VG
3902	VG
3903	VG
3904	VG
3905	VG
3906	VG
3907	VG
3908	VG
3909	VG
3910	VG
3911	VG
3912	VG
3913	VG
3914	VG
3915	VG
3916	VG
3917	VG
3918	VG
3919	VG
3920	VG
3921	VG
3922	VG
3923	VG
3924	VG
3925	VG
3926	VG
3927	VG
3928	VG
3929	VG
3930	VG
3931	VG
3932	VG
3933	VG
3934	VG
3935	VG
3936	VG
3937	VG
3938	VG
3939	VG
3940	VG
3941	VG
3942	VG
3943	VG
3944	VG
3945	VG
3946	VG
3947	VG
3948	VG
3949	VG
3950	VG
3951	VG
3952	VG
3953	VG
3954	VG
3955	VG
3956	VG
3957	VG
3958	VG
3959	VG
3960	VG
3961	VG
3962	VG
3963	VG
3964	VG
3965	VG
3966	VG
3967	VG
3968	VG
3969	VG
3970	VG
3971	VG
3972	VG
3973	VG
3974	VG
3975	VG
3976	VG
3977	VG
3978	VG
3979	VG
3980	VG
3981	VG
3982	VG
3983	VG
3984	VG
3985	VG
3986	VG
3987	VG
3988	VG
3989	VG
3990	VG
3991	VG
3992	VG
3993	VG
3994	VG
3995	VG
3996	VG
3997	VG
3998	VG
3999	VG
4000	VG
4001	VG
4002	VG
4003	VG
4004	VG
4005	VG
4006	VG
4007	VG
4008	VG
4009	VG
4010	VG
4011	VG
4012	VG
4013	VG
4014	VG
4015	VG
4016	VG
4017	VG
4018	VG
4019	VG
4020	VG
4021	VG
4022	VG
4023	VG
4024	VG
4025	VG
4026	VG
4027	VG
4028	VG
4029	VG
4030	VG
4031	VG
4032	VG
4033	VG
4034	VG
4035	VG
4036	VG
4037	VG
4038	VG
4039	VG
4040	VG
4041	VG
4042	VG
4043	VG
4044	VG
4045	VG
4046	VG
4047	VG
4048	VG
4049	VG
4050	VG
4051	VG
4052	VG
4053	VG
4054	VG
4055	VG
4056	VG
4057	VG
4058	VG
4059	VG
4060	VG
4061	VG
4062	VG
4063	VG
4064	VG
4065	VG
4066	VG
4067	VG
4068	VG
4069	VG
4070	VG
4071	VG
4072	VG
4073	VG
4074	VG
4075	VG
4076	VG
4077	VG
4078	VG
4079	VG
4080	VG
4081	VG
4082	VG
4083	VG
4084	VG
4085	VG
4086	VG
4087	VG
4088	VG
4089	VG
4090	VG
4091	VG
4092	VG
4093	VG
4094	VG
4095	VG
4096	VG
4097	VG
4098	VG
4099	VG
4100	VG
4101	VG
4102	VG
4103	VG
4104	VG
4105	VG
4106	VG
4107	VG
4108	VG
4109	VG
4110	VG
4111	VG
4112	VG
4113	VG
4114	VG
4115	VG
4116	VG
4117	VG
4118	VG
4119	VG
4120	VG
4121	VG
4122	VG
4123	VG
4124	VG
4125	VG
4126	VG
4127	VG
4128	VG
4129	VG
4130	VG
4131	VG
4132	VG
4133	VG
4134	VG
4135	VG
4136	VG
4137	VG
4138	VG
4139	VG
4140	VG
4141	VG
4142	VG
4143	VG
4144	VG
4145	VG
4146	VG
4147	VG
4148	VG
4149	VG
4150	VG
4151	VG
4152	VG
4153	VG
4154	VG
4155	VG
4156	VG
4157	VG
4158	VG
4159	VG
4160	VG
4161	VG
4162	VG
4163	VG
4164	VG
4165	VG
4166	VG
4167	VG
4168	VG
4169	VG
4170	VG
4171	VG
4172	VG
4173	VG
4174	VG
4175	VG
4176	VG
4177	VG
4178	VG
4179	VG
4180	VG
4181	VG
4182	VG
4183	VG
4184	VG
4185	VG
4186	VG
4187	VG
4188	VG
4189	VG
4190	VG
4191	VG
4192	VG
4193	VG
4194	VG
4195	VG
4196	VG
4197	VG
4198	VG
4199	VG
4200	VG
4201	VG
4202	VG
4203	VG
4204	VG
4205	VG
4206	VG
4207	VG
4208	VG
4209	VG
4210	VG
4211	VG
4212	VG
4213	VG
4214	VG
4215	VG
4216	VG
4217	VG
4218	VG
4219	VG
4220	VG
4221	VG
4222	VG
4223	VG
4224	VG
4225	VG
4226	VG
4227	VG
4228	VG
4229	VG
4230	VG
4231	VG
4232	VG
4233	VG
4234	VG
4235	VG
4236	VG
4237	VG
4238	VG
4239	VG
4240	VG
4241	VG
4242	VG
4243	VG
4244	VG
4245	VG
4246	VG
4247	VG
4248	VG
4249	VG
4250	VG
4251	VG
4252	VG
4253	VG
4254	VG
4255	VG
4256	VG
4257	VG
4258	VG
4259	VG
4260	VG
4261	VG
4262	VG
4263	VG
4264	VG
4265	VG
4266	VG
4267	VG
4268	VG
4269	VG
4270	VG
4271	VG
4272	VG
4273	VG
4274	VG
4275	VG
4276	VG
4277	VG
4278	VG
4279	VG
4280	VG
4281	VG
4282	VG
4283	VG
4284	VG
4285	VG
4286	VG
4287	VG
4288	VG
4289	VG
4290	VG
4291	VG
4292	VG
4293	VG
4294	VG
4295	VG
4296	VG
4297	VG
4298	VG
4299	VG
4300	VG
4301	VG
4302	VG
4303	VG
4304	VG
4305	VG
4306	VG
4307	VG
4308	VG
4309	VG
4310	VG
4311	VG
4312	VG
4313	VG
4314	VG
4315	VG
4316	VG
4317	VG
4318	VG
4319	VG
4320	VG
4321	VG
4322	VG
4323	VG
4324	VG
4325	VG
4326	VG
4327	VG
4328	VG
4329	VG
4330	VG
4331	VG
4332	VG
4333	VG
4334	VG
4335	VG
4336	VG
4337	VG
4338	VG
4339	VG
4340	VG
4341	VG
4342	VG
4343	VG
4344	VG
4345	VG
4346	VG
4347	VG
4348	VG
4349	VG
4350	VG
4351	VG
4352	VG
4353	VG
4354	VG
4355	VG
4356	VG
4357	VG
4358	VG
4359	VG
4360	VG
4361	VG
4362	VG
4363	VG
4364	VG
4365	VG
4366	VG
4367	VG
4368	VG
4369	VG
4370	VG
4371	VG
4372	VG
4373	VG
4374	VG
4375	VG
4376	VG
4377	VG
4378	VG
4379	VG
4380	VG
4381	VG
4382	VG
4383	VG
4384	VG
4385	VG
4386	VG
4387	VG
4388	VG
4389	VG
4390	VG
4391	VG
4392	VG
4393	VG
4394	VG
4395	VG
4396	VG
4397	VG
4398	VG
4399	VG
4400	VG
4401	VG
4402	VG
4403	VG
4404	VG
4405	VG
4406	VG
4407	VG
4408	VG
4409	VG
4410	VG
4411	VG
4412	VG
4413	VG
4414	VG
4415	VG
4416	VG
4417	VG
4418	VG
4419	VG
4420	VG
4421	VG
4422	VG
4423	VG
4424	VG
4425	VG
4426	VG
4427	VG
4428	VG
4429	VG
4430	VG
4431	VG
4432	VG
4433	VG
4434	VG
4435	VG
4436	VG
4437	VG
4438	VG
4439	VG
4440	VG
4441	VG
4442	VG
4443	VG
4444	VG
4445	VG
4446	VG
4447	VG
4448	VG
4449	VG
4450	VG
4451	VG
4452	VG
4453	VG
4454	VG
4455	VG
4456	VG
4457	VG
4458	VG
4459	VG
4460	VG
4461	VG
4462	VG
4463	VG
4464	VG
4465	VG
4466	VG
4467	VG
4468	VG
4469	VG
4470	VG
4471	VG
4472	VG
4473	VG
4474	VG
4475	VG
4476	VG
4477	VG
4478	VG
4479	VG
4480	VG
4481	VG
4482	VG
4483	VG
4484	VG
4485	VG
4486	VG
4487	VG
4488	VG
4489	VG
4490	VG
4491	VG
4492	VG
4493	VG
4494	VG
4495	VG
4496	VG
4497	VG
4498	VG
4499	VG
4500	VG
4501	VG
4502	VG
4503	VG
4504	VG
4505	VG
4506	VG
4507	VG
4508	VG
4509	VG
4510	VG
4511	VG
4512	VG
4513	VG
4514	VG
4515	VG
4516	VG
4517	VG
4518	VG
4519	VG
4520	VG
4521	VG
4522	VG
4523	VG
4524	VG
4525	VG
4526	VG
4527	VG
4528	VG
4529	VG
4530	VG
4531	VG
4532	VG
4533	VG
4534	VG
4535	VG
4536	VG
4537	VG
4538	VG
4539	VG
4540	VG
4541	VG
4542	VG
4543	VG
4544	VG
4545	VG
4546	VG
4547	VG
4548	VG
4549	VG
4550	VG
4551	VG
4552	VG
4553	VG
4554	VG
4555	VG
4556	VG
4557	VG
4558	VG
4559	VG
4560	VG
4561	VG
4562	VG
4563	VG
4564	VG
4565	VG
4566	VG
4567	VG
4568	VG
4569	VG
4570	VG
4571	VG
4572	VG
4573	VG
4574	VG
4575	VG
4576	VG
4577	VG
4578	VG
4579	VG
4580	VG
4581	VG
4582	VG
4583	VG
4584	VG
4585	VG
4586	VG
4587	VG
4588	VG
4589	VG
4590	VG
4591	VG
4592	VG
4593	VG
4594	VG
4595	VG
4596	VG
4597	VG
4598	VG
4599	VG
4600	VG
4601	VG
4602	VG
4603	VG
4604	VG
4605	VG
4606	VG
4607	VG
4608	VG
4609	VG
4610	VG
4611	VG
4612	VG
4613	VG
4614	VG
4615	VG
4616	VG
4617	VG
4618	VG
4619	VG
4620	VG
4621	VG
4622	VG
4623	VG
4624	VG
4625	VG
4626	VG
4627	VG
4628	VG
4629	VG
4630	VG
4631	VG
4632	VG
4633	VG
4634	VG
4635	VG
4636	VG
4637	VG
4638	VG
4639	VG
4640	VG
4641	VG
4642	VG
4643	VG
4644	VG
4645	VG
4646	VG
4647	VG
4648	VG
4649	VG
4650	VG
4651	VG
4652	VG
4653	VG
4654	VG
4655	VG
4656	VG
4657	VG
4658	VG
4659	VG
4660	VG
4661	VG
4662	VG
4663	VG
4664	VG
4665	VG
4666	VG
4667	VG
4668	VG
4669	VG
4670	VG
4671	VG
4672	VG
4673	VG
4674	VG
4675	VG
4676	VG
4677	VG
4678	VG
4679	VG
4680	VG
4681	VG
4682	VG
4683	VG
4684	VG
4685	VG
4686	VG
4687	VG
4688	VG
4689	VG
4690	VG
4691	VG
4692	VG
4693	VG
4694	VG
4695	VG
4696	VG
4697	VG
4698	VG
4699	VG
4700	VG
4701	VG
4702	VG
4703	VG
4704	VG
4705	VG
4706	VG
4707	VG
4708	VG
4709	VG
4710	VG
4711	VG
4712	VG
4713	VG
4714	VG
4715	VG
4716	VG
4717	VG
4718	VG
4719	VG
4720	VG
4721	VG
4722	VG
4723	VG
4724	VG
4725	VG
4726	VG
4727	VG
4728	VG
4729	VG
4730	VG
4731	VG
4732	VG
4733	VG
4734	VG
4735	VG
4736	VG
4737	VG
4738	VG
4739	VG
4740	VG
4741	VG
4742	VG
4743	VG
4744	VG
4745	VG
4746	VG
4747	VG
4748	VG
4749	VG
4750	VG
4751	VG
4752	VG
4753	VG
4754	VG
4755	VG
4756	VG
4757	VG
4758	VG
4759	VG
4760	VG
4761	VG
4762	VG
4763	VG
4764	VG
4765	VG
4766	VG
4767	VG
4768	VG
4769	VG
4770	VG
4771	VG
4772	VG
4773	VG
4774	VG
4775	VG
4776	VG
4777	VG
4778	VG
4779	VG
4780	VG
4781	VG
4782	VG
4783	VG
4784	VG
4785	VG
4786	VG
4787	VG
4788	VG
4789	VG
4790	VG
4791	VG
4792	VG
4793	VG
4794	VG
4795	VG
4796	VG
4797	VG
4798	VG
4799	VG
4800	VG
4801	VG
4802	VG
4803	VG
4804	VG
4805	VG
4806	VG
4807	VG
4808	VG
4809	VG
4810	VG
4811	VG
4812	VG
4813	VG
4814	VG
4815	VG
4816	VG
4817	VG
4818	VG
4819	VG
4820	VG
4821	VG
4822	VG
4823	VG
4824	VG
4825	VG
4826	VG
4827	VG
4828	VG
4829	VG
4830	VG
4831	VG
4832	VG
4833	VG
4834	VG
4835	VG
4836	VG
4837	VG
4838	VG
4839	VG
4840	VG
4841	VG
4842	VG
4843	VG
4844	VG
4845	VG
4846	VG
4847	VG
4848	VG
4849	VG
4850	VG
4851	VG
4852	VG
4853	VG
4854	VG
4855	VG
4856	VG
4857	VG
4858	VG
4859	VG
4860	VG
4861	VG
4862	VG
4863	VG
4864	VG
4865	VG
4866	VG
4867	VG
4868	VG
4869	VG
4870	VG
4871	VG
4872	VG
4873	VG
4874	VG
4875	VG
4876	VG
4877	VG
4878	VG
4879	VG
4880	VG
4881	VG
4882	VG
4883	VG
4884	VG
4885	VG
4886	VG
4887	VG
4888	VG
4889	VG
4890	VG
4891	VG
4892	VG
4893	VG
4894	VG
4895	VG
4896	VG
4897	VG
4898	VG
4899	VG
4900	VG
4901	VG
4902	VG
4903	VG
4904	VG
4905	VG
4906	VG
4907	VG
4908	VG
4909	VG
4910	VG
4911	VG
4912	VG
4913	VG
4914	VG
4915	VG
4916	VG
4917	VG
4918	VG
4919	VG
4920	VG
4921	VG
4922	VG
4923	VG
4924	VG
4925	VG
4926	VG
4927	VG
4928	VG
4929	VG
4930	VG
4931	VG
4932	VG
4933	VG
4934	VG
4935	VG
4936	VG
4937	VG
4938	VG
4939	VG
4940	VG
4941	VG
4942	VG
4943	VG
4944	VG
4945	VG
4946	VG
4947	VG
4948	VG
4949	VG
4950	VG
4951	VG
4952	VG
4953	VG
4954	VG
4955	VG
4956	VG
4957	VG
4958	VG
4959	VG
4960	VG
4961	VG
4962	VG
4963	VG
4964	VG
4965	VG
4966	VG
4967	VG
4968	VG
4969	VG
4970	VG
4971	VG
4972	VG
4973	VG
4974	VG
4975	VG
4976	VG
4977	VG
4978	VG
4979	VG
4980	VG
4981	VG
4982	VG
4983	VG
4984	VG
4985	VG
4986	VG
4987	VG
4988	VG
4989	VG
4990	VG
4991	VG
4992	VG
4993	VG
4994	VG
4995	VG
4996	VG
4997	VG
4998	VG
4999	VG
5000	VG
5001	VG
5002	VG
5003	VG
5004	VG
5005	VG
5006	VG
5007	VG
5008	VG
5009	VG
5010	VG
5011	VG
5012	VG
5013	VG
5014	VG
5015	VG
5016	VG
5017	VG
5018	VG
5019	VG
5020	VG
5021	VG
5022	VG
5023	VG
5024	VG
5025	VG
5026	VG
5027	VG
5028	VG
5029	VG
5030	VG
5031	VG
5032	VG
5033	VG
5034	VG
5035	VG
5036	VG
5037	VG
5038	VG
5039	VG
5040	VG
5041	VG
5042	VG
5043	VG
5044	VG
5045	VG
5046	VG
5047	VG
5048	VG
5049	VG
5050	VG
5051	VG
5052	VG
5053	VG
5054	VG
5055	VG
5056	VG
5057	VG
5058	VG
5059	VG
5060	VG
5061	VG
5062	VG
5063	VG
5064	VG
5065	VG
5066	VG
5067	VG
5068	VG
5069	VG
5070	VG
5071	VG
5072	VG
5073	VG
5074	VG
5075	VG
5076	VG
5077	VG
5078	VG
5079	VG
5080	VG
5081	VG
5082	VG
5083	VG
5084	VG
5085	VG
5086	VG
5087	VG
5088	VG
5089	VG
5090	VG
5091	VG
5092	VG
5093	VG
5094	VG
5095	VG
5096	VG
5097	VG
5098	VG
5099	VG
5100	VG
5101	VG
5102	VG
5103	VG
5104	VG
5105	VG
5106	VG
5107	VG
5108	VG
5109	VG
5110	VG
5111	VG
5112	VG
5113	VG
5114	VG
5115	VG
5116	VG
5117	VG
5118	VG
5119	VG
5120	VG
5121	VG
5122	VG
5123	VG
5124	VG
5125	VG
5126	VG
5127	VG
5128	VG
5129	VG
5130	VG
5131	VG
5132	VG
5133	VG
5134	VG
5135	VG
5136	VG
5137	VG
5138	VG
5139	VG
5140	VG
5141	VG
5142	VG
5143	VG
5144	VG
5145	VG
5146	VG
5147	VG
5148	VG
5149	VG
5150	VG
5151	VG
5152	VG
5153	VG
5154	VG
5155	VG
5156	VG
5157	VG
5158	VG
5159	VG
5160	VG
5161	VG
5162	VG
5163	VG
5164	VG
5165	VG
5166	VG
5167	VG
5168	VG
5169	VG
5170	VG
5171	VG
5172	VG
5173	VG
5174	VG
5175	VG
5176	VG
5177	VG
5178	VG
5179	VG
5180	VG
5181	VG
5182	VG
5183	VG
5184	VG
5185	VG
5186	VG
5187	VG
5188	VG
5189	VG
5190	VG
5191	VG
5192	VG
5193	VG
5194	VG
5195	VG
5196	VG
5197	VG
5198	VG
5199	VG
5200	VG
5201	VG
5202	VG
5203	VG
5204	VG
5205	VG
5206	VG
5207	VG
5208	VG
5209	VG
5210	VG
5211	VG
5212	VG
5213	VG
5214	VG
5215	VG
5216	VG
5217	VG
5218	VG
5219	VG
5220	VG
5221	VG
5222	VG
5223	VG
5224	VG
5225	VG
5226	VG
5227	VG
5228	VG
5229	VG
5230	VG
5231	VG
5232	VG
5233	VG
5234	VG
5235	VG
5236	VG
5237	VG
5238	VG
5239	VG
5240	VG
5241	VG
5242	VG
5243	VG
5244	VG
5245	VG
5246	VG
5247	VG
5248	VG
5249	VG
5250	VG
5251	VG
5252	VG
5253	VG
5254	VG
5255	VG
5256	VG
5257	VG
5258	VG
5259	VG
5260	VG
5261	VG
5262	VG
5263	VG
5264	VG
5265	VG
5266	VG
5267	VG
5268	VG
5269	VG
5270	VG
5271	VG
5272	VG
5273	VG
5274	VG
5275	VG
5276	VG
5277	VG
5278	VG
5279	VG
5280	VG
5281	VG
5282	VG
5283	VG
5284	VG
5285	VG
5286	VG
5287	VG
5288	VG
5289	VG
5290	VG
5291	VG
5292	VG
5293	VG
5294	VG
5295	VG
5296	VG
5297	VG
5298	VG
5299	VG
5300	VG
5301	VG
5302	VG
5303	VG
5304	VG
5305	VG
5306	VG
5307	VG
5308	VG
5309	VG
5310	VG
5311	VG
5312	VG
5313	VG
5314	VG
5315	VG
5316	VG
5317	VG
5318	VG
5319	VG
5320	VG
5321	VG
5322	VG
5323	VG
5324	VG
5325	VG
5326	VG
5327	VG
5328	VG
5329	VG
5330	VG
5331	VG
5332	VG
5333	VG
5334	VG
5335	VG
5336	VG
5337	VG
5338	VG
5339	VG
5340	VG
5341	VG
5342	VG
5343	VG
5344	VG
5345	VG
5346	VG
5347	VG
5348	VG
5349	VG
5350	VG
5351	VG
5352	VG
5353	VG
5354	VG
5355	VG
5356	VG
5357	VG
5358	VG
5359	VG
5360	VG
5361	VG
5362	VG
5363	VG
5364	VG
5365	VG
5366	VG
5367	VG
5368	VG
5369	VG
5370	VG
5371	VG
5372	VG
5373	VG
5374	VG
5375	VG
5376	VG
5377	VG
5378	VG
5379	VG
5380	VG
5381	VG
5382	VG
5383	VG
5384	VG
5385	VG
5386	VG
5387	VG
5388	VG
5389	VG
5390	VG
5391	VG
5392	VG
5393	VG
5394	VG
5395	VG
5396	VG
5397	VG
5398	VG
5399	VG
5400	VG
5401	VG
5402	VG
5403	VG
5404	VG
5405	VG
5406	VG
5407	VG
5408	VG
5409	VG
5410	VG
5411	VG
5412	VG
5413	VG
5414	VG
5415	VG
5416	VG
5417	VG
5418	VG
5419	VG
5420	VG
5421	VG
5422	VG
5423	VG
5424	VG
5425	VG
5426	VG
5427	VG
5428	VG
5429	VG
5430	VG
5431	VG
5432	VG
5433	VG
5434	VG
5435	VG
5436	VG
5437	VG
5438	VG
5439	VG
5440	VG
5441	VG
5442	VG
5443	VG
5444	VG
5445	VG
5446	VG
5447	VG
5448	VG
5449	VG
5450	VG
5451	VG
5452	VG
5453	VG
5454	VG
5455	VG
5456	VG
5457	VG
5458	VG
5459	VG
5460	VG
5461	VG
5462	VG
5463	VG
5464	VG
5465	VG
5466	VG
5467	VG
5468	VG
5469	VG
5470	VG
5471	VG
5472	VG
5473	VG
5474	VG
5475	VG
5476	VG
5477	VG
5478	VG
5479	VG
5480	VG
5481	VG
5482	VG
5483	VG
5484	VG
5485	VG
5486	VG
5487	VG
5488	VG
5489	VG
5490	VG
5491	VG
5492	VG
5493	VG
5494	VG
5495	VG
5496	VG
5497	VG
5498	VG
5499	VG
5500	VG
5501	VG
5502	VG
5503	VG
5504	VG
5505	VG
5506	VG
5507	VG
5508	VG
5509	VG
5510	VG
5511	VG
5512	VG
5513	VG
5514	VG
5515	VG
5516	VG
5517	VG
5518	VG
5519	VG
5520	VG
5521	VG
5522	VG
5523	VG
5524	VG
5525	VG
5526	VG
5527	VG
5528	VG
5529	VG
5530	VG
5531	VG
5532	VG
5533	VG
5534	VG
5535	VG
5536	VG
5537	VG
5538	VG
5539	VG
5540	VG
5541	VG
5542	VG
5543	VG
5544	VG
5545	VG
5546	VG
5547	VG
5548	VG
5549	VG
5550	VG
5551	VG
5552	VG
5553	VG
5554	VG
5555	VG
5556	VG
5557	VG
5558	VG
5559	VG
5560	VG
5561	VG
5562	VG
5563	VG
5564	VG
5565	VG
5566	VG
5567	VG
5568	VG
5569	VG
5570	VG
5571	VG
5572	VG
5573	VG
5574	VG
5575	VG
5576	VG
5577	VG
5578	VG
5579	VG
5580	VG
5581	VG
5582	VG
5583	VG
5584	VG
5585	VG
5586	VG
5587	VG
5588	VG
5589	VG
5590	VG
5591	VG
5592	VG
5593	VG
5594	VG
5595	VG
5596	VG
5597	VG
5598	VG
5599	VG
5600	VG
5601	VG
5602	VG
5603	VG
5604	VG
5605	VG
5606	VG
5607	VG
5608	VG
5609	VG
5610	VG
5611	VG
5612	VG
5613	VG
5614	VG
5615	VG
5616	VG
5617	VG
5618	VG
5619	VG
5620	VG
5621	VG
5622	VG
5623	VG
5624	VG
5625	VG
5626	VG
5627	VG
5628	VG
5629	VG
5630	VG
5631	VG
5632	VG
5633	VG
5634	VG
5635	VG
5636	VG
5637	VG
5638	VG
5639	VG
5640	VG
5641	VG
5642	VG
5643	VG
5644	VG
5645	VG
5646	VG
5647	VG
5648	VG
5649	VG
5650	VG
5651	VG
5652	VG
5653	VG
5654	VG
5655	VG
5656	VG
5657	VG
5658	VG
5659	VG
5660	VG
5661	VG
5662	VG
5663	VG
5664	VG
5665	VG
5666	VG
5667	VG
5668	VG
5669	VG
5670	VG
5671	VG
5672	VG
5673	VG
5674	VG
5675	VG
5676	VG
5677	VG
5678	VG
5679	VG
5680	VG
5681	VG
5682	VG
5683	VG
5684	VG
5685	VG
5686	VG
5687	VG
5688	VG
5689	VG
5690	VG
5691	VG
5692	VG
5693	VG
5694	VG
5695	VG
5696	VG
5697	VG
5698	VG
5699	VG
5700	VG
5701	VG
5702	VG
5703	VG
5704	VG
5705	VG
5706	VG
5707	VG
5708	VG
5709	VG
5710	VG
5711	VG
5712	VG
5713	VG
5714	VG
5715	VG
5716	VG
5717	VG
5718	VG
5719	VG
5720	VG
5721	VG
5722	VG
5723	VG
5724	VG
5725	VG
5726	VG
5727	VG
5728	VG
5729	VG
5730	VG
5731	VG
5732	VG
5733	VG
5734	VG
5735	VG
5736	VG
5737	VG
5738	VG
5739	VG
5740	VG
5741	VG
5742	VG
5743	VG
5744	VG
5745	VG
5746	VG
5747	VG
5748	VG
5749	VG
5750	VG
5751	VG
5752	VG
5753	VG
5754	VG
5755	VG
5756	VG
5757	VG
5758	VG
5759	VG
5760	VG
5761	VG
5762	VG
5763	VG
5764	VG
5765	VG
5766	VG
5767	VG
5768	VG
5769	VG
5770	VG
5771	VG
5772	VG
5773	VG
5774	VG
5775	VG
5776	VG
5777	VG
5778	VG
5779	VG
5780	VG
5781	VG
5782	VG
5783	VG
5784	VG
5785	VG
5786	VG
5787	VG
5788	VG
5789	VG
5790	VG
5791	VG
5792	VG
5793	VG
5794	VG
5795	VG
5796	VG
5797	VG
5798	VG
5799	VG
5800	VG
5801	VG
5802	VG
5803	VG
5804	VG
5805	VG
5806	VG
5807	VG
5808	VG
5809	VG
5810	VG
5811	VG
5812	VG
5813	VG
5814	VG
5815	VG
5816	VG
5817	VG
5818	VG
5819	VG
5820	VG
5821	VG
5822	VG
5823	VG
5824	VG
5825	VG
5826	VG
5827	VG
5828	VG
5829	VG
5830	VG
5831	VG
5832	VG
5833	VG
5834	VG
5835	VG
5836	VG
5837	VG
5838	VG
5839	VG
5840	VG
5841	VG
5842	VG
5843	VG
5844	VG
5845	VG
5846	VG
5847	VG
5848	VG
5849	VG
5850	VG
5851	VG
5852	VG
5853	VG
5854	VG
5855	VG
5856	VG
5857	VG
5858	VG
5859	VG
5860	VG
5861	VG
5862	VG
5863	VG
5864	VG
5865	VG
5866	VG
5867	VG
5868	VG
5869	VG
5870	VG
5871	VG
5872	VG
5873	VG
5874	VG
5875	VG
5876	VG
5877	VG
5878	VG
5879	VG
5880	VG
5881	VG
5882	VG
5883	VG
5884	VG
5885	VG
5886	VG
5887	VG
5888	VG
5889	VG
5890	VG
5891	VG
5892	VG
5893	VG
5894	VG
5895	VG
5896	VG
5897	VG
5898	VG
5899	VG
5900	VG
5901	VG
5902	VG
5903	VG
5904	VG
5905	VG
5906	VG
5907	VG
5908	VG
5909	VG
5910	VG
5911	VG
5912	VG
5913	VG
5914	VG
5915	VG
5916	VG
5917	VG
5918	VG
5919	VG
5920	VG
5921	VG
5922	VG
5923	VG
5924	VG
5925	VG
5926	VG
5927	VG
5928	VG
5929	VG
5930	VG
5931	VG
5932	VG
5933	VG
5934	VG
5935	VG
5936	VG
5937	VG
5938	VG
5939	VG
5940	VG
5941	VG
5942	VG
5943	VG
5944	VG
5945	VG
5946	VG
5947	VG
5948	VG
5949	VG
5950	VG
5951	VG
5952	VG
5953	VG
5954	VG
5955	VG
5956	VG
5957	VG
5958	VG
5959	VG
5960	VG
5961	VG
5962	VG
5963	VG
5964	VG
5965	VG
5966	VG
5967	VG
5968	VG
5969	VG
5970	VG
5971	VG
5972	VG
5973	VG
5974	VG
5975	VG
5976	VG
5977	VG
5978	VG
5979	VG
5980	VG
5981	VG
5982	VG
5983	VG
5984	VG
5985	VG
5986	VG
5987	VG
5988	VG
5989	VG
5990	VG
5991	VG
5992	VG
5993	VG
5994	VG
5995	VG
5996	VG
5997	VG
5998	VG
5999	VG
6000	VG
6001	VG
6002	VG
6003	VG
6004	VG
6005	VG
6006	VG
6007	VG
6008	VG
6009	VG
6010	VG
6011	VG
6012	VG
6013	VG
6014	VG
6015	VG
6016	VG
6017	VG
6018	VG
6019	VG
6020	VG
6021	VG
6022	VG
6023	VG
6024	VG
6025	VG
6026	VG
6027	VG
6028	VG
6029	VG
6030	VG
6031	VG
6032	VG
6033	VG
6034	VG
6035	VG
6036	VG
6037	VG
6038	VG
6039	VG
6040	VG
6041	VG
6042	VG
6043	VG
6044	VG
6045	VG
6046	VG
6047	VG
6048	VG
6049	VG
6050	VG
6051	VG
6052	VG
6053	VG
6054	VG
6055	VG
6056	VG
6057	VG
6058	VG
6059	VG
6060	VG
6061	VG
6062	VG
6063	VG
6064	VG
6065	VG
6066	VG
6067	VG
6068	VG
6069	VG
6070	VG
6071	VG
6072	VG
6073	VG
6074	VG
6075	VG
6076	VG
6077	VG
6078	VG
6079	VG
6080	VG
6081	VG
6082	VG
6083	VG
6084	VG
6085	VG
6086	VG
6087	VG
6088	VG
6089	VG
6090	VG
6091	VG
6092	VG
6093	VG
6094	VG
6095	VG
6096	VG
6097	VG
6098	VG
6099	VG
6100	VG
6101	VG
6102	VG
6103	VG
6104	VG
6105	VG
6106	VG
6107	VG
6108	VG
6109	VG
6110	VG
6111	VG
6112	VG
6113	VG
6114	VG
6115	VG
6116	VG
6117	VG
6118	VG
6119	VG
6120	VG
6121	VG
6122	VG
6123	VG
6124	VG
6125	VG
6126	VG
6127	VG
6128	VG
6129	VG
6130	VG
6131	VG
6132	VG
6133	VG
6134	VG
6135	VG
6136	VG
6137	VG
6138	VG
6139	VG
6140	VG
6141	VG
6142	VG
6143	VG
6144	VG
6145	VG
6146	VG
6147	VG
6148	VG
6149	VG
6150	VG
6151	VG
6152	VG
6153	VG
6154	VG
6155	VG
6156	VG
6157	VG
6158	VG
6159	VG
6160	VG
6161	VG
6162	VG
6163	VG
6164	VG
6165	VG
6166	VG
6167	VG
6168	VG
6169	VG
6170	VG
6171	VG
6172	VG
6173	VG
6174	VG
6175	VG
6176	VG
6177	VG
6178	VG
6179	VG
6180	VG
6181	VG
6182	VG
6183	VG
6184	VG
6185	VG
6186	VG
6187	VG
6188	VG
6189	VG
6190	VG
6191	VG
6192	VG
6193	VG
6194	VG
6195	VG
6196	VG
6197	VG
6198	VG
6199	VG
6200	VG
6201	VG
6202	VG
6203	VG
6204	VG
6205	VG
6206	VG
6207	VG
6208	VG
6209	VG
6210	VG
6211	VG
6212	VG
6213	VG
6214	VG
6215	VG
6216	VG
6217	VG
6218	VG
6219	VG
6220	VG
6221	VG
6222	VG
6223	VG
6224	VG
6225	VG
6226	VG
6227	VG
6228	VG
6229	VG
6230	VG
6231	VG
6232	VG
6233	VG
6234	VG
6235	VG
6236	VG
6237	VG
6238	VG
6239	VG
6240	VG
6241	VG
6242	VG
6243	VG
6244	VG
6245	VG
6246	VG
6247	VG
6248	VG
6249	VG
6250	VG
6251	VG
6252	VG
6253	VG
6254	VG
6255	VG
6256	VG
6257	VG
6258	VG
6259	VG
6260	VG
6261	VG
6262	VG
6263	VG
6264	VG
6265	VG
6266	VG
6267	VG
6268	VG
6269	VG
6270	VG
6271	VG
6272	VG
6273	VG
6274	VG
6275	VG
6276	VG
6277	VG
6278	VG
6279	VG
6280	VG
6281	VG
6282	VG
6283	VG
6284	VG
6285	VG
6286	VG
6287	VG
6288	VG
6289	VG
6290	VG
6291	VG
6292	VG
6293	VG
6294	VG
6295	VG
6296	VG
6297	VG
6298	VG
6299	VG
6300	VG
6301	VG
6302	VG
6303	VG
6304	VG
6305	VG
6306	VG
6307	VG
6308	VG
6309	VG
6310	VG
6311	VG
6312	VG
6313	VG
6314	VG
6315	VG
6316	VG
6317	VG
6318	VG
6319	VG
6320	VG
6321	VG
6322	VG
6323	VG
6324	VG
6325	VG
6326	VG
6327	VG
6328	VG
6329	VG
6330	VG
6331	VG
6332	VG
6333	VG
6334	VG
6335	VG
6336	VG
6337	VG
6338	VG
6339	VG
6340	VG
6341	VG
6342	VG
6343	VG
6344	VG
6345	VG
6346	VG
6347	VG
6348	VG
6349	VG
6350	VG
6351	VG
6352	VG
6353	VG
6354	VG
6355	VG
6356	VG
6357	VG
6358	VG
6359	VG
6360	VG
6361	VG
6362	VG
6363	VG
6364	VG
6365	VG
6366	VG
6367	VG
6368	VG
6369	VG
6370	VG
6371	VG
6372	VG
6373	VG
6374	VG
6375	VG
6376	VG
6377	VG
6378	VG
6379	VG
6380	VG
6381	VG
6382	VG
6383	VG
6384	VG
6385	VG
6386	VG
6387	VG
6388	VG
6389	VG
6390	VG
6391	VG
6392	VG
6393	VG
6394	VG
6395	VG
6396	VG
6397	VG
6398	VG
6399	VG
6400	VG
6401	VG
6402	VG
6403	VG
6404	VG
6405	VG
6406	VG
6407	VG
6408	VG
6409	VG
6410	VG
6411	VG
6412	VG
6413	VG
6414	VG
6415	VG
6416	VG
6417	VG
6418	VG
6419	VG
6420	VG
6421	VG
6422	VG
6423	VG
6424	VG
6425	VG
6426	VG
6427	VG
6428	VG
6429	VG
6430	VG
6431	VG
6432	VG
6433	VG
6434	VG
6435	VG
6436	VG
6437	VG
6438	VG
6439	VG
6440	VG
6441	VG
6442	VG
6443	VG
6444	VG
6445	VG
6446	VG
6447	VG
6448	VG
6449	VG
6450	VG
6451	VG
6452	VG
6453	VG
6454	VG
6455	VG
6456	VG
6457	VG
6458	VG
6459	VG
6460	VG
6461	VG
6462	VG
6463	VG
6464	VG
6465	VG
6466	VG
6467	VG
6468	VG
6469	VG
6470	VG
6471	VG
6472	VG
6473	VG
6474	VG
6475	VG
6476	VG
6477	VG
6478	VG
6479	VG
6480	VG
6481	VG
6482	VG
6483	VG
6484	VG
6485	VG
6486	VG
6487	VG
6488	VG
6489	VG
6490	VG
6491	VG
6492	VG
6493	VG
6494	VG
6495	VG
6496	VG
6497	VG
6498	VG
6499	VG
6500	VG
6501	VG
6502	VG
6503	VG
6504	VG
6505	VG
6506	VG
6507	VG
6508	VG
6509	VG
6510	VG
6511	VG
6512	VG
6513	VG
6514	VG
6515	VG
6516	VG
6517	VG
6518	VG
6519	VG
6520	VG
6521	VG
6522	VG
6523	VG
6524	VG
6525	VG
6526	VG
6527	VG
6528	VG
6529	VG
6530	VG
6531	VG
6532	VG
6533	VG
6534	VG
6535	VG
6536	VG
6537	VG
6538	VG
6539	VG
6540	VG
6541	VG
6542	VG
6543	VG
6544	VG
6545	VG
6546	VG
6547	VG
6548	VG
6549	VG
6550	VG
6551	VG
6552	VG
6553	VG
6554	VG
6555	VG
6556	VG
6557	VG
6558	VG
6559	VG
6560	VG
6561	VG
6562	VG
6563	VG
6564	VG
6565	VG
6566	VG
6567	VG
6568	VG
6569	VG
6570	VG
6571	VG
6572	VG
6573	VG
6574	VG
6575	VG
6576	VG
6577	VG
6578	VG
6579	VG
6580	VG
6581	VG
6582	VG
6583	VG
6584	VG
6585	VG
6586	VG
6587	VG
6588	VG
6589	VG
6590	VG
6591	VG
6592	VG
6593	VG
6594	VG
6595	VG
6596	VG
6597	VG
6598	VG
6599	VG
6600	VG
6601	VG
6602	VG
6603	VG
6604	VG
6605	VG
6606	VG
6607	VG
6608	VG
6609	VG
6610	VG
6611	VG
6612	VG
6613	VG
6614	VG
6615	VG
6616	VG
6617	VG
6618	VG
6619	VG
6620	VG
6621	VG
6622	VG
6623	VG
6624	VG
6625	VG
6626	VG
6627	VG
6628	VG
6629	VG
6630	VG
6631	VG
6632	VG
6633	VG
6634	VG
6635	VG
6636	VG
6637	VG
6638	VG
6639	VG
6640	VG
6641	VG
6642	VG
6643	VG
6644	VG
6645	VG
6646	VG
6647	VG
6648	VG
6649	VG
6650	VG
6651	VG
6652	VG
6653	VG
6654	VG
6655	VG
6656	VG
6657	VG
6658	VG
6659	VG
6660	VG
6661	VG
6662	VG
6663	VG
6664	VG
6665	VG
6666	VG
6667	VG
6668	VG
6669	VG
6670	VG
6671	VG
6672	VG
6673	VG
6674	VG
6675	VG
6676	VG
6677	VG
6678	VG
6679	VG
6680	VG
6681	VG
6682	VG
6683	VG
6684	VG
6685	VG
6686	VG
6687	VG
6688	VG
6689	VG
6690	VG
6691	VG
6692	VG
6693	VG
6694	VG
6695	VG
6696	VG
6697	VG
6698	VG
6699	VG
6700	VG
6701	VG
6702	VG
6703	VG
6704	VG
6705	VG
6706	VG
6707	VG
6708	VG
6709	VG
6710	VG
6711	VG
6712	VG
6713	VG
6714	VG
6715	VG
6716	VG
6717	VG
6718	VG
6719	VG
6720	VG
6721	VG
6722	VG
6723	VG
6724	VG
6725	VG
6726	VG
6727	VG
6728	VG
6729	VG
6730	VG
6731	VG
6732	VG
6733	VG
6734	VG
6735	VG
6736	VG
6737	VG
6738	VG
6739	VG
6740	VG
6741	VG
6742	VG
6743	VG
6744	VG
6745	VG
6746	VG
6747	VG
6748	VG
6749	VG
6750	VG
6751	VG
6752	VG
6753	VG
6754	VG
6755	VG
6756	VG
6757	VG
6758	VG
6759	VG
6760	VG
6761	VG
6762	VG
6763	VG
6764	VG
6765	VG
6766	VG
6767	VG
6768	VG
6769	VG
6770	VG
6771	VG
6772	VG
6773	VG
6774	VG
6775	VG
6776	VG
6777	VG
6778	VG
6779	VG
6780	VG
6781	VG
6782	VG
6783	VG
6784	VG
6785	VG
6786	VG
6787	VG
6788	VG
6789	VG
6790	VG
6791	VG
6792	VG
6793	VG
6794	VG
6795	VG
6796	VG
6797	VG
6798	VG
6799	VG
6800	VG
6801	VG
6802	VG
6803	VG
6804	VG
6805	VG
6806	VG
6807	VG
6808	VG
6809	VG
6810	VG
6811	VG
6812	VG
6813	VG
6814	VG
6815	VG
6816	VG
6817	VG
6818	VG
6819	VG
6820	VG
6821	VG
6822	VG
6823	VG
6824	VG
6825	VG
6826	VG
6827	VG
6828	VG
6829	VG
6830	VG
6831	VG
6832	VG
6833	VG
6834	VG
6835	VG
6836	VG
6837	VG
6838	VG
6839	VG
6840	VG
6841	VG
6842	VG
6843	VG
6844	VG
6845	VG
6846	VG
6847	VG
6848	VG
6849	VG
6850	VG
6851	VG
6852	VG
6853	VG
6854	VG
6855	VG
6856	VG
6857	VG
6858	VG
6859	VG
6860	VG
6861	VG
6862	VG
6863	VG
6864	VG
6865	VG
6866	VG
6867	VG
6868	VG
6869	VG
6870	VG
6871	VG
6872	VG
6873	VG
6874	VG
6875	VG
6876	VG
6877	VG
6878	VG
6879	VG
6880	VG
6881	VG
6882	VG
6883	VG
6884	VG
6885	VG
6886	VG
6887	VG
6888	VG
6889	VG
6890	VG
6891	VG
6892	VG
6893	VG
6894	VG
6895	VG
6896	VG
6897	VG
6898	VG
6899	VG
6900	VG
6901	VG
6902	VG
6903	VG
6904	VG
6905	VG
6906	VG
6907	VG
6908	VG
6909	VG
6910	VG
6911	VG
6912	VG
6913	VG
6914	VG
6915	VG
6916	VG
6917	VG
6918	VG
6919	VG
6920	VG
6921	VG
6922	VG
6923	VG
6924	VG
6925	VG
6926	VG
6927	VG
6928	VG
6929	VG
6930	VG
6931	VG
6932	VG
6933	VG
6934	VG
6935	VG
6936	VG
6937	VG
6938	VG
6939	VG
6940	VG
6941	VG
6942	VG
6943	VG
6944	VG
6945	VG
6946	VG
6947	VG
6948	VG
6949	VG
6950	VG
6951	VG
6952	VG
6953	VG
6954	VG
6955	VG
6956	VG
6957	VG
6958	VG
6959	VG
6960	VG
6961	VG
6962	VG
6963	VG
6964	VG
6965	VG
6966	VG
6967	VG
6968	VG
6969	VG
6970	VG
6971	VG
6972	VG
6973	VG
6974	VG
6975	VG
6976	VG
6977	VG
6978	VG
6979	VG
6980	VG
6981	VG
6982	VG
6983	VG
6984	VG
6985	VG
6986	VG
6987	VG
6988	VG
6989	VG
6990	VG
6991	VG
6992	VG
6993	VG
6994	VG
6995	VG
6996	VG
6997	VG
6998	VG
6999	VG
7000	VG
7001	VG
7002	VG
7003	VG
7004	VG
7005	VG
7006	VG
7007	VG
7008	VG
7009	VG
7010	VG
7011	VG
7012	VG
7013	VG
7014	VG
7015	VG
7016	VG
7017	VG
7018	VG
7019	VG
7020	VG
7021	VG
7022	VG
7023	VG
7024	VG
7025	VG
7026	VG
7027	VG
7028	VG
7029	VG
7030	VG
7031	VG
7032	VG
7033	VG
7034	VG
7035	VG
7036	VG
7037	VG
7038	VG
7039	VG
7040	VG
7041	VG
7042	VG
7043	VG
7044	VG
7045	VG
7046	VG
7047	VG
7048	VG
7049	VG
7050	VG
7051	VG
7052	VG
7053	VG
7054	VG
7055	VG
7056	VG
7057	VG
7058	VG
7059	VG
7060	VG
7061	VG
7062	VG
7063	VG
7064	VG
7065	VG
7066	VG
7067	VG
7068	VG
7069	VG
7070	VG
7071	VG
7072	VG
7073	VG
7074	VG
7075	VG
7076	VG
7077	VG
7078	VG
7079	VG
7080	VG
7081	VG
7082	VG
7083	VG
7084	VG
7085	VG
7086	VG
7087	VG
7088	VG
7089	VG
7090	VG
7091	VG
7092	VG
7093	VG
7094	VG
7095	VG
7096	VG
7097	VG
7098	VG
7099	VG
7100	VG
7101	VG
7102	VG
7103	VG
7104	VG
7105	VG
7106	VG
7107	VG
7108	VG
7109	VG
7110	VG
7111	VG
7112	VG
7113	VG
7114	VG
7115	VG
7116	VG
7117	VG
7118	VG
7119	VG
7120	VG
7121	VG
7122	VG
7123	VG
7124	VG
7125	VG
7126	VG
7127	VG
7128	VG
7129	VG
7130	VG
7131	VG
7132	VG
7133	VG
7134	VG
7135	VG
7136	VG
7137	VG
7138	VG
7139	VG
7140	VG
7141	VG
7142	VG
7143	VG
7144	VG
7145	VG
7146	VG
7147	VG
7148	VG
7149	VG
7150	VG
7151	VG
7152	VG
7153	VG
7154	VG
7155	VG
7156	VG
7157	VG
7158	VG
7159	VG
7160	VG
7161	VG
7162	VG
7163	VG
7164	VG
7165	VG
7166	VG
7167	VG
7168	VG
7169	VG
7170	VG
7171	VG
7172	VG
7173	VG
7174	VG
7175	VG
7176	VG
7177	VG
7178	VG
7179	VG
7180	VG
7181	VG
7182	VG
7183	VG
7184	VG
7185	VG
7186	VG
7187	VG
7188	VG
7189	VG
7190	VG
7191	VG
7192	VG
7193	VG
7194	VG
7195	VG
7196	VG
7197	VG
7198	VG
7199	VG
7200	VG
7201	VG
7202	VG
7203	VG
7204	VG
7205	VG
7206	VG
7207	VG
7208	VG
7209	VG
7210	VG
7211	VG
7212	VG
7213	VG
7214	VG
7215	VG
7216	VG
7217	VG
7218	VG
7219	VG
7220	VG
7221	VG
7222	VG
7223	VG
7224	VG
7225	VG
7226	VG
7227	VG
7228	VG
7229	VG
7230	VG
7231	VG
7232	VG
7233	VG
7234	VG
7235	VG
7236	VG
7237	VG
7238	VG
7239	VG
7240	VG
7241	VG
7242	VG
7243	VG
7244	VG
7245	VG
7246	VG
7247	VG
7248	VG
7249	VG
7250	VG
7251	VG
7252	VG
7253	VG
7254	VG
7255	VG
7256	VG
7257	VG
7258	VG
7259	VG
7260	VG
7261	VG
7262	VG
7263	VG
7264	VG
7265	VG
7266	VG
7267	VG
7268	VG
7269	VG
7270	VG
7271	VG
7272	VG
7273	VG
7274	VG
7275	VG
7276	VG
7277	VG
7278	VG
7279	VG
7280	VG
7281	VG
7282	VG
7283	VG
7284	VG
7285	VG
7286	VG
7287	VG
7288	VG
7289	VG
7290	VG
7291	VG
7292	VG
7293	VG
7294	VG
7295	VG
7296	VG
7297	VG
7298	VG
7299	VG
7300	VG
7301	VG
7302	VG
7303	VG
7304	VG
7305	VG
7306	VG
7307	VG
7308	VG
7309	VG
7310	VG
7311	VG
7312	VG
7313	VG
7314	VG
7315	VG
7316	VG
7317	VG
7318	VG
7319	VG
7320	VG
7321	VG
7322	VG
7323	VG
7324	VG
7325	VG
7326	VG
7327	VG
7328	VG
7329	VG
7330	VG
7331	VG
7332	VG
7333	VG
7334	VG
7335	VG
7336	VG
7337	VG
7338	VG
7339	VG
7340	VG
7341	VG
7342	VG
7343	VG
7344	VG
7345	VG
7346	VG
7347	VG
7348	VG
7349	VG
7350	VG
7351	VG
7352	VG
7353	VG
7354	VG
7355	VG
7356	VG
7357	VG
7358	VG
7359	VG
7360	VG
7361	VG
7362	VG
7363	VG
7364	VG
7365	VG
7366	VG
7367	VG
7368	VG
7369	VG
7370	VG
7371	VG
7372	VG
7373	VG
7374	VG
7375	VG
7376	VG
7377	VG
7378	VG
7379	VG
7380	VG
7381	VG
7382	VG
7383	VG
7384	VG
7385	VG
7386	VG
7387	VG
7388	VG
7389	VG
7390	VG
7391	VG
7392	VG
7393	VG
7394	VG
7395	VG
7396	VG
7397	VG
7398	VG
7399	VG
7400	VG
7401	VG
7402	VG
7403	VG
7404	VG
7405	VG
7406	VG
7407	VG
7408	VG
7409	VG
7410	VG
7411	VG
7412	VG
7413	VG
7414	VG
7415	VG
7416	VG
7417	VG
7418	VG
7419	VG
7420	VG
7421	VG
7422	VG
7423	VG
7424	VG
7425	VG
7426	VG
7427	VG
7428	VG
7429	VG
7430	VG
7431	VG
7432	VG
7433	VG
7434	VG
7435	VG
7436	VG
7437	VG
7438	VG
7439	VG
7440	VG
7441	VG
7442	VG
7443	VG
7444	VG
7445	VG
7446	VG
7447	VG
7448	VG
7449	VG
7450	VG
7451	VG
7452	VG
7453	VG
7454	VG
7455	VG
7456	VG
7457	VG
7458	VG
7459	VG
7460	VG
7461	VG
7462	VG
7463	VG
7464	VG
7465	VG
7466	VG
7467	VG
7468	VG
7469	VG
7470	VG
7471	VG
7472	VG
7473	VG
7474	VG
7475	VG
7476	VG
7477	VG
7478	VG
7479	VG
7480	VG
7481	VG
7482	VG
7483	VG
7484	VG
7485	VG
7486	VG
7487	VG
7488	VG
7489	VG
7490	VG
7491	VG
7492	VG
7493	VG
7494	VG
7495	VG
7496	VG
7497	VG
7498	VG
7499	VG
7500	VG
7501	VG
7502	VG
7503	VG
7504	VG
7505	VG
7506	VG
7507	VG
7508	VG
7509	VG
7510	VG
7511	VG
7512	VG
7513	VG
7514	VG
7515	VG
7516	VG
7517	VG
7518	VG
7519	VG
7520	VG
7521	VG
7522	VG
7523	VG
7524	VG
7525	VG
7526	VG
7527	VG
7528	VG
7529	VG
7530	VG
7531	VG
7532	VG
7533	VG
7534	VG
7535	VG
7536	VG
7537	VG
7538	VG
7539	VG
7540	VG
7541	VG
7542	VG
7543	VG
7544	VG
7545	VG
7546	VG
7547	VG
7548	VG
7549	VG
7550	VG
7551	VG
7552	VG
7553	VG
7554	VG
7555	VG
7556	VG
7557	VG
7558	VG
7559	VG
7560	VG
7561	VG
7562	VG
7563	VG
7564	VG
7565	VG
7566	VG
7567	VG
7568	VG
7569	VG
7570	VG
7571	VG
7572	VG
7573	VG
7574	VG
7575	VG
7576	VG
7577	VG
7578	VG
7579	VG
7580	VG
7581	VG
7582	VG
7583	VG
7584	VG
7585	VG
7586	VG
7587	VG
7588	VG
7589	VG
7590	VG
7591	VG
7592	VG
7593	VG
7594	VG
7595	VG
7596	VG
7597	VG
7598	VG
7599	VG
7600	VG
7601	VG
7602	VG
7603	VG
7604	VG
7605	VG
7606	VG
7607	VG
7608	VG
7609	VG
7610	VG
7611	VG
7612	VG
7613	VG
7614	VG
7615	VG
7616	VG
7617	VG
7618	VG
7619	VG
7620	VG
7621	VG
7622	VG
7623	VG
7624	VG
7625	VG
7626	VG
7627	VG
7628	VG
7629	VG
7630	VG
7631	VG
7632	VG
7633	VG
7634	VG
7635	VG
7636	VG
7637	VG
7638	VG
7639	VG
7640	VG
7641	VG
7642	VG
7643	VG
7644	VG
7645	VG
7646	VG
7647	VG
7648	VG
7649	VG
7650	VG
7651	VG
7652	VG
7653	VG
7654	VG
7655	VG
7656	VG
7657	VG
7658	VG
7659	VG
7660	VG
7661	VG
7662	VG
7663	VG
7664	VG
7665	VG
7666	VG
7667	VG
7668	VG
7669	VG
7670	VG
7671	VG
7672	VG
7673	VG
7674	VG
7675	VG
7676	VG
7677	VG
7678	VG
7679	VG
7680	VG
7681	VG
7682	VG
7683	VG
7684	VG
7685	VG
7686	VG
7687	VG
7688	VG
7689	VG
7690	VG
7691	VG
7692	VG
7693	VG
7694	VG
7695	VG
7696	VG
7697	VG
7698	VG
7699	VG
7700	VG
7701	VG
7702	VG
7703	VG
7704	VG
7705	VG
7706	VG
7707	VG
7708	VG
7709	VG
7710	VG
7711	VG
7712	VG
7713	VG
7714	VG
7715	VG
7716	VG
7717	VG
7718	VG
7719	VG
7720	VG
7721	VG
7722	VG
7723	VG
7724	VG
7725	VG
7726	VG
7727	VG
7728	VG
7729	VG
7730	VG
7731	VG
7732	VG
7733	VG
7734	VG
7735	VG
7736	VG
7737	VG
7738	VG
7739	VG
7740	VG
7741	VG
7742	VG
7743	VG
7744	VG
7745	VG
7746	VG
7747	VG
7748	VG
7749	VG
7750	VG
7751	VG
7752	VG
7753	VG
7754	VG
7755	VG
7756	VG
7757	VG
7758	VG
7759	VG
7760	VG
7761	VG
7762	VG
7763	VG
7764	VG
7765	VG
7766	VG
7767	VG
7768	VG
7769	VG
7770	VG
7771	VG
7772	VG
7773	VG
7774	VG
7775	VG
7776	VG
7777	VG
7778	VG
7779	VG
7780	VG
7781	VG
7782	VG
7783	VG
7784	VG
7785	VG
7786	VG
7787	VG
7788	VG
7789	VG
7790	VG
7791	VG
7792	VG
7793	VG
7794	VG
7795	VG
7796	VG
7797	VG
7798	VG
7799	VG
7800	VG
7801	VG
7802	VG
7803	VG
7804	VG
7805	VG
7806	VG
7807	VG
7808	VG
7809	VG
7810	VG
7811	VG
7812	VG
7813	VG
7814	VG
7815	VG
7816	VG
7817	VG
7818	VG
7819	VG
7820	VG
7821	VG
7822	VG
7823	VG
7824	VG
7825	VG
7826	VG
7827	VG
7828	VG
7829	VG
7830	VG
7831	VG
7832	VG
7833	VG
7834	VG
7835	VG
7836	VG
7837	VG
7838	VG
7839	VG
7840	VG
7841	VG
7842	VG
7843	VG
7844	VG
7845	VG
7846	VG
7847	VG
7848	VG
7849	VG
7850	VG
7851	VG
7852	VG
7853	VG
7854	VG
7855	VG
7856	VG
7857	VG
7858	VG
7859	VG
7860	VG
7861	VG
7862	VG
7863	VG
7864	VG
7865	VG
7866	VG
7867	VG
7868	VG
7869	VG
7870	VG
7871	VG
7872	VG
7873	VG
7874	VG
7875	VG
7876	VG
7877	VG
7878	VG
7879	VG
7880	VG
7881	VG
7882	VG
7883	VG
7884	VG
7885	VG
7886	VG
7887	VG
7888	VG
7889	VG
7890	VG
7891	VG
7892	VG
7893	VG
7894	VG
7895	VG
7896	VG
7897	VG
7898	VG
7899	VG
7900	VG
7901	VG
7902	VG
7903	VG
7904	VG
7905	VG
7906	VG
7907	VG
7908	VG
7909	VG
7910	VG
7911	VG
7912	VG
7913	VG
7914	VG
7915	VG
7916	VG
7917	VG
7918	VG
7919	VG
7920	VG
7921	VG
7922	VG
7923	VG
7924	VG
7925	VG
7926	VG
7927	VG
7928	VG
7929	VG
7930	VG
7931	VG
7932	VG
7933	VG
7934	VG
7935	VG
7936	VG
7937	VG
7938	VG
7939	VG
7940	VG
7941	VG
7942	VG
7943	VG
7944	VG
7945	VG
7946	VG
7947	VG
7948	VG
7949	VG
7950	VG
7951	VG
7952	VG
7953	VG
7954	VG
7955	VG
7956	VG
7957	VG
7958	VG
7959	VG
7960	VG
7961	VG
7962	VG
7963	VG
7964	VG
7965	VG
7966	VG
7967	VG
7968	VG
7969	VG
7970	VG
7971	VG
7972	VG
7973	VG
7974	VG
7975	VG
7976	VG
7977	VG
7978	VG
7979	VG
7980	VG
7981	VG
7982	VG
7983	VG
7984	VG
7985	VG
7986	VG
7987	VG
7988	VG
7989	VG
7990	VG
7991	VG
7992	VG
7993	VG
7994	VG
7995	VG
7996	VG
7997	VG
7998	VG
7999	VG
8000	VG
8001	VG
8002	VG
8003	VG
8004	VG
8005	VG
8006	VG
8007	VG
8008	VG
8009	VG
8010	VG
8011	VG
8012	VG
8013	VG
8014	VG
8015	VG
8016	VG
8017	VG
8018	VG
8019	VG
8020	VG
8021	VG
8022	VG
8023	VG
8024	VG
8025	VG
8026	VG
8027	VG
8028	VG
8029	VG
8030	VG
8031	VG
8032	VG
8033	VG
8034	VG
8035	VG
8036	VG
8037	VG
8038	VG
8039	VG
8040	VG
8041	VG
8042	VG
8043	VG
8044	VG
8045	VG
8046	VG
8047	VG
8048	VG
8049	VG
8050	VG
8051	VG
8052	VG
8053	VG
8054	VG
8055	VG
8056	VG
8057	VG
8058	VG
8059	VG
8060	VG
8061	VG
8062	VG
8063	VG
8064	VG
8065	VG
8066	VG
8067	VG
8068	VG
8069	VG
8070	VG
8071	VG
8072	VG
8073	VG
8074	VG
8075	VG
8076	VG
8077	VG
8078	VG
8079	VG
8080	VG
8081	VG
8082	VG
8083	VG
8084	VG
8085	VG
8086	VG
8087	VG
8088	VG
8089	VG
8090	VG
8091	VG
8092	VG
8093	VG
8094	VG
8095	VG
8096	VG
8097	VG
8098	VG
8099	VG
8100	VG
8101	VG
8102	VG
8103	VG
8104	VG
8105	VG
8106	VG
8107	VG
8108	VG
8109	VG
8110	VG
8111	VG
8112	VG
8113	VG
8114	VG
8115	VG
8116	VG
8117	VG
8118	VG
8119	VG
8120	VG
8121	VG
8122	VG
8123	VG
8124	VG
8125	VG
8126	VG
8127	VG
8128	VG
8129	VG
8130	VG
8131	VG
8132	VG
8133	VG
8134	VG
8135	VG
8136	VG
8137	VG
8138	VG
8139	VG
8140	VG
8141	VG
8142	VG
8143	VG
8144	VG
8145	VG
8146	VG
8147	VG
8148	VG
8149	VG
8150	VG
8151	VG
8152	VG
8153	VG
8154	VG
8155	VG
8156	VG
8157	VG
8158	VG
8159	VG
8160	VG
8161	VG
8162	VG
8163	VG
8164	VG
8165	VG
8166	VG
8167	VG
8168	VG
8169	VG
8170	VG
8171	VG
8172	VG
8173	VG
8174	VG
8175	VG
8176	VG
8177	VG
8178	VG
8179	VG
8180	VG
8181	VG
8182	VG
8183	VG
8184	VG
8185	VG
8186	VG
8187	VG
8188	VG
8189	VG
8190	VG
8191	VG
8192	VG
8193	VG
8194	VG
8195	VG
8196	VG
8197	VG
8198	VG
8199	VG
8200	VG
8201	VG
8202	VG
8203	VG
8204	VG
8205	VG
8206	VG
8207	VG
8208	VG
8209	VG
8210	VG
8211	VG
8212	VG
8213	VG
8214	VG
8215	VG
8216	VG
8217	VG
8218	VG
8219	VG
8220	VG
8221	VG
8222	VG
8223	VG
8224	VG
8225	VG
8226	VG
8227	VG
8228	VG
8229	VG
8230	VG
8231	VG
8232	VG
8233	VG
8234	VG
8235	VG
8236	VG
8237	VG
8238	VG
8239	VG
8240	VG
8241	VG
8242	VG
8243	VG
8244	VG
8245	VG
8246	VG
8247	VG
8248	VG
8249	VG
8250	VG
8251	VG
8252	VG
8253	VG
8254	VG
8255	VG
8256	VG
8257	VG
8258	VG
8259	VG
8260	VG
8261	VG
8262	VG
8263	VG
8264	VG
8265	VG
8266	VG
8267	VG
8268	VG
8269	VG
8270	VG
8271	VG
8272	VG
8273	VG
8274	VG
8275	VG
8276	VG
8277	VG
8278	VG
8279	VG
8280	VG
8281	VG
8282	VG
8283	VG
8284	VG
8285	VG
8286	VG
8287	VG
8288	VG
8289	VG
8290	VG
8291	VG
8292	VG
8293	VG
8294	VG
8295	VG
8296	VG
8297	VG
8298	VG
8299	VG
8300	VG
8301	VG
8302	VG
8303	VG
8304	VG
8305	VG
8306	VG
8307	VG
8308	VG
8309	VG
8310	VG
8311	VG
8312	VG
8313	VG
8314	VG
8315	VG
8316	VG
8317	VG
8318	VG
8319	VG
8320	VG
8321	VG
8322	VG
8323	VG
8324	VG
8325	VG
8326	VG
8327	VG
8328	VG
8329	VG
8330	VG
8331	VG
8332	VG
8333	VG
8334	VG
8335	VG
8336	VG
8337	VG
8338	VG
8339	VG
8340	VG
8341	VG
8342	VG
8343	VG
8344	VG
8345	VG
8346	VG
8347	VG
8348	VG
8349	VG
8350	VG
8351	VG
8352	VG
8353	VG
8354	VG
8355	VG
8356	VG
8357	VG
8358	VG
8359	VG
8360	VG
8361	VG
8362	VG
8363	VG
8364	VG
8365	VG
8366	VG
8367	VG
8368	VG
8369	VG
8370	VG
8371	VG
8372	VG
8373	VG
8374	VG
8375	VG
8376	VG
8377	VG
8378	VG
8379	VG
8380	VG
8381	VG
8382	VG
8383	VG
8384	VG
8385	VG
8386	VG
8387	VG
8388	VG
8389	VG
8390	VG
8391	VG
8392	VG
8393	VG
8394	VG
8395	VG
8396	VG
8397	VG
8398	VG
8399	VG
8400	VG
8401	VG
8402	VG
8403	VG
8404	VG
8405	VG
8406	VG
8407	VG
8408	VG
8409	VG
8410	VG
8411	VG
8412	VG
8413	VG
8414	VG
8415	VG
8416	VG
8417	VG
8418	VG
8419	VG
8420	VG
8421	VG
8422	VG
8423	VG
8424	VG
8425	VG
8426	VG
8427	VG
8428	VG
8429	VG
8430	VG
8431	VG
8432	VG
8433	VG
8434	VG
8435	VG
8436	VG
8437	VG
8438	VG
8439	VG
8440	VG
8441	VG
8442	VG
8443	VG
8444	VG
8445	VG
8446	VG
8447	VG
8448	VG
8449	VG
8450	VG
8451	VG
8452	VG
8453	VG
8454	VG
8455	VG
8456	VG
8457	VG
8458	VG
8459	VG
8460	VG
8461	VG
8462	VG
8463	VG
8464	VG
8465	VG
8466	VG
8467	VG
8468	VG
8469	VG
8470	VG
8471	VG
8472	VG
8473	VG
8474	VG
8475	VG
8476	VG
8477	VG
8478	VG
8479	VG
8480	VG
8481	VG
8482	VG
8483	VG
8484	VG
8485	VG
8486	VG
8487	VG
8488	VG
8489	VG
8490	VG
8491	VG
8492	VG
8493	VG
8494	VG
8495	VG
8496	VG
8497	VG
8498	VG
8499	VG
8500	VG
8501	VG
8502	VG
8503	VG
8504	VG
8505	VG
8506	VG
8507	VG
8508	VG
8509	VG
8510	VG
8511	VG
8512	VG
8513	VG
8514	VG
8515	VG
8516	VG
8517	VG
8518	VG
8519	VG
8520	VG
8521	VG
8522	VG
8523	VG
8524	VG
8525	VG
8526	VG
8527	VG
8528	VG
8529	VG
8530	VG
8531	VG
8532	VG
8533	VG
8534	VG
8535	VG
8536	VG
8537	VG
8538	VG
8539	VG
8540	VG
8541	VG
8542	VG
8543	VG
8544	VG
8545	VG
8546	VG
8547	VG
8548	VG
8549	VG
8550	VG
8551	VG
8552	VG
8553	VG
8554	VG
8555	VG
8556	VG
8557	VG
8558	VG
8559	VG
8560	VG
8561	VG
8562	VG
8563	VG
8564	VG
8565	VG
8566	VG
8567	VG
8568	VG
8569	VG
8570	VG
8571	VG
8572	VG
8573	VG
8574	VG
8575	VG
8576	VG
8577	VG
8578	VG
8579	VG
8580	VG
8581	VG
8582	VG
8583	VG
8584	VG
8585	VG
8586	VG
8587	VG
8588	VG
8589	VG
8590	VG
8591	VG
8592	VG
8593	VG
8594	VG
8595	VG
8596	VG
8597	VG
8598	VG
8599	VG
8600	VG
8601	VG
8602	VG
8603	VG
8604	VG
8605	VG
8606	VG
8607	VG
8608	VG
8609	VG
8610	VG
8611	VG
8612	VG
8613	VG
8614	VG
8615	VG
8616	VG
8617	VG
8618	VG
8619	VG
8620	VG
8621	VG
8622	VG
8623	VG
8624	VG
8625	VG
8626	VG
8627	VG
8628	VG
8629	VG
8630	VG
8631	VG
8632	VG
8633	VG
8634	VG
8635	VG
8636	VG
8637	VG
8638	VG
8639	VG
8640	VG
8641	VG
8642	VG
8643	VG
8644	VG
8645	VG
8646	VG
8647	VG
8648	VG
8649	VG
8650	VG
8651	VG
8652	VG
8653	VG
8654	VG
8655	VG
8656	VG
8657	VG
8658	VG
8659	VG
8660	VG
8661	VG
8662	VG
8663	VG
8664	VG
8665	VG
8666	VG
8667	VG
8668	VG
8669	VG
8670	VG
8671	VG
8672	VG
8673	VG
8674	VG
8675	VG
8676	VG
8677	VG
8678	VG
8679	VG
8680	VG
8681	VG
8682	VG
8683	VG
8684	VG
8685	VG
8686	VG
8687	VG
8688	VG
8689	VG
8690	VG
8691	VG
8692	VG
8693	VG
8694	VG
8695	VG
8696	VG
8697	VG
8698	VG
8699	VG
8700	VG
8701	VG
8702	VG
8703	VG
8704	VG
8705	VG
8706	VG
8707	VG
8708	VG
8709	VG
8710	VG
8711	VG
8712	VG
8713	VG
8714	VG
8715	VG
8716	VG
8717	VG
8718	VG
8719	VG
8720	VG
8721	VG
8722	VG
8723	VG
8724	VG
8725	VG
8726	VG
8727	VG
8728	VG
8729	VG
8730	VG
8731	VG
8732	VG
8733	VG
8734	VG
8735	VG
8736	VG
8737	VG
8738	VG
8739	VG
8740	VG
8741	VG
8742	VG
8743	VG
8744	VG
8745	VG
8746	VG
8747	VG
8748	VG
8749	VG
8750	VG
8751	VG
8752	VG
8753	VG
8754	VG
8755	VG
8756	VG
8757	VG
8758	VG
8759	VG
8760	VG
8761	VG
8762	VG
8763	VG
8764	VG
8765	VG
8766	VG
8767	VG
8768	VG
8769	VG
8770	VG
8771	VG
8772	VG
8773	VG
8774	VG
8775	VG
8776	VG
8777	VG
8778	VG
8779	VG
8780	VG
8781	VG
8782	VG
8783	VG
8784	VG
8785	VG
8786	VG
8787	VG
8788	VG
8789	VG
8790	VG
8791	VG
8792	VG
8793	VG
8794	VG
8795	VG
8796	VG
8797	VG
8798	VG
8799	VG
8800	VG
8801	VG
8802	VG
8803	VG
8804	VG
8805	VG
8806	VG
8807	VG
8808	VG
8809	VG
8810	VG
8811	VG
8812	VG
8813	VG
8814	VG
8815	VG
8816	VG
8817	VG
8818	VG
8819	VG
8820	VG
8821	VG
8822	VG
8823	VG
8824	VG
8825	VG
8826	VG
8827	VG
8828	VG
8829	VG
8830	VG
8831	VG
8832	VG
8833	VG
8834	VG
8835	VG
8836	VG
8837	VG
8838	VG
8839	VG
8840	VG
8841	VG
8842	VG
8843	VG
8844	VG
8845	VG
8846	VG
8847	VG
8848	VG
8849	VG
8850	VG
8851	VG
8852	VG
8853	VG
8854	VG
8855	VG
8856	VG
8857	VG
8858	VG
8859	VG
8860	VG
8861	VG
8862	VG
8863	VG
8864	VG
8865	VG
8866	VG
8867	VG
8868	VG
8869	VG
8870	VG
8871	VG
8872	VG
8873	VG
8874	VG
8875	VG
8876	VG
8877	VG
8878	VG
8879	VG
8880	VG
8881	VG
8882	VG
8883	VG
8884	VG
8885	VG
8886	VG
8887	VG
8888	VG
8889	VG
8890	VG
8891	VG
8892	VG
8893	VG
8894	VG
8895	VG
8896	VG
8897	VG
8898	VG
8899	VG
8900	VG
8901	VG
8902	VG
8903	VG
8904	VG
8905	VG
8906	VG
8907	VG
8908	VG
8909	VG
8910	VG
8911	VG
8912	VG
8913	VG
8914	VG
8915	VG
8916	VG
8917	VG
8918	VG
8919	VG
8920	VG
8921	VG
8922	VG
8923	VG
8924	VG
8925	VG
8926	VG
8927	VG
8928	VG
8929	VG
8930	VG
8931	VG
8932	VG
8933	VG
8934	VG
8935	VG
8936	VG
8937	VG
8938	VG
8939	VG
8940	VG
8941	VG
8942	VG
8943	VG
8944	VG
8945	VG
8946	VG
8947	VG
8948	VG
8949	VG
8950	VG
8951	VG
8952	VG
8953	VG
8954	VG
8955	VG
8956	VG
8957	VG
8958	VG
8959	VG
8960	VG
8961	VG
8962	VG
8963	VG
8964	VG
8965	VG
8966	VG
8967	VG
8968	VG
8969	VG
8970	VG
8971	VG
8972	VG
8973	VG
8974	VG
8975	VG
8976	VG
8977	VG
8978	VG
8979	VG
8980	VG
8981	VG
8982	VG
8983	VG
8984	VG
8985	VG
8986	VG
8987	VG
8988	VG
8989	VG
8990	VG
8991	VG
8992	VG
8993	VG
8994	VG
8995	VG
8996	VG
8997	VG
8998	VG
8999	VG
9000	VG
9001	VG
9002	VG
9003	VG
9004	VG
9005	VG
9006	VG
9007	VG
9008	VG
9009	VG
9010	VG
9011	VG
9012	VG
9013	VG
9014	VG
9015	VG
9016	VG
9017	VG
9018	VG
9019	VG
9020	VG
9021	VG
9022	VG
9023	VG
9024	VG
9025	VG
9026	VG
9027	VG
9028	VG
9029	VG
9030	VG
9031	VG
9032	VG
9033	VG
9034	VG
9035	VG
9036	VG
9037	VG
9038	VG
9039	VG
9040	VG
9041	VG
9042	VG
9043	VG
9044	VG
9045	VG
9046	VG
9047	VG
9048	VG
9049	VG
9050	VG
9051	VG
9052	VG
9053	VG
9054	VG
9055	VG
9056	VG
9057	VG
9058	VG
9059	VG
9060	VG
9061	VG
9062	VG
9063	VG
9064	VG
9065	VG
9066	VG
9067	VG
9068	VG
9069	VG
9070	VG
9071	VG
9072	VG
9073	VG
9074	VG
9075	VG
9076	VG
9077	VG
9078	VG
9079	VG
9080	VG
9081	VG
9082	VG
9083	VG
9084	VG
9085	VG
9086	VG
9087	VG
9088	VG
9089	VG
9090	VG
9091	VG
9092	VG
9093	VG
9094	VG
9095	VG
9096	VG
9097	VG
9098	VG
9099	VG
9100	VG
9101	VG
9102	VG
9103	VG
9104	VG
9105	VG
9106	VG
9107	VG
9108	VG
9109	VG
9110	VG
9111	VG
9112	VG
9113	VG
9114	VG
9115	VG
9116	VG
9117	VG
9118	VG
9119	VG
9120	VG
9121	VG
9122	VG
9123	VG
9124	VG
9125	VG
9126	VG
9127	VG
9128	VG
9129	VG
9130	VG
9131	VG
9132	VG
9133	VG
9134	VG
9135	VG
9136	VG
9137	VG
9138	VG
9139	VG
9140	VG
9141	VG
9142	VG
9143	VG
9144	VG
9145	VG
9146	VG
9147	VG
9148	VG
9149	VG
9150	VG
9151	VG
9152	VG
9153	VG
9154	VG
9155	VG
9156	VG
9157	VG
9158	VG
9159	VG
9160	VG
9161	VG
9162	VG
9163	VG
9164	VG
9165	VG
9166	VG
9167	VG
9168	VG
9169	VG
9170	VG
9171	VG
9172	VG
9173	VG
9174	VG
9175	VG
9176	VG
9177	VG
9178	VG
9179	VG
9180	VG
9181	VG
9182	VG
9183	VG
9184	VG
9185	VG
9186	VG
9187	VG
9188	VG
9189	VG
9190	VG
9191	VG
9192	VG
9193	VG
9194	VG
9195	VG
9196	VG
9197	VG
9198	VG
9199	VG
9200	VG
9201	VG
9202	VG
9203	VG
9204	VG
9205	VG
9206	VG
9207	VG
9208	VG
9209	VG
9210	VG
9211	VG
9212	VG
9213	VG
9214	VG
9215	VG
9216	VG
9217	VG
9218	VG
9219	VG
9220	VG
9221	VG
9222	VG
9223	VG
9224	VG
9225	VG
9226	VG
9227	VG
9228	VG
9229	VG
9230	VG
9231	VG
9232	VG
9233	VG
9234	VG
9235	VG
9236	VG
9237	VG
9238	VG
9239	VG
9240	VG
9241	VG
9242	VG
9243	VG
9244	VG
9245	VG
9246	VG
9247	VG
9248	VG
9249	VG
9250	VG
9251	VG
9252	VG
9253	VG
9254	VG
9255	VG
9256	VG
9257	VG
9258	VG
9259	VG
9260	VG
9261	VG
9262	VG
9263	VG
9264	VG
9265	VG
9266	VG
9267	VG
9268	VG
9269	VG
9270	VG
9271	VG
9272	VG
9273	VG
9274	VG
9275	VG
9276	VG
9277	VG
9278	VG
9279	VG
9280	VG
9281	VG
9282	VG
9283	VG
9284	VG
9285	VG
9286	VG
9287	VG
9288	VG
9289	VG
9290	VG
9291	VG
9292	VG
9293	VG
9294	VG
9295	VG
9296	VG
9297	VG
9298	VG
9299	VG
9300	VG
9301	VG
9302	VG
9303	VG
9304	VG
9305	VG
9306	VG
9307	VG
9308	VG
9309	VG
9310	VG
9311	VG
9312	VG
9313	VG
9314	VG
9315	VG
9316	VG
9317	VG
9318	VG
9319	VG
9320	VG
9321	VG
9322	VG
9323	VG
9324	VG
9325	VG
9326	VG
9327	VG
9328	VG
9329	VG
9330	VG
9331	VG
9332	VG
9333	VG
9334	VG
9335	VG
9336	VG
9337	VG
9338	VG
9339	VG
9340	VG
9341	VG
9342	VG
9343	VG
9344	VG
9345	VG
9346	VG
9347	VG
9348	VG
9349	VG
9350	VG
9351	VG
9352	VG
9353	VG
9354	VG
9355	VG
9356	VG
9357	VG
9358	VG
9359	VG
9360	VG
9361	VG
9362	VG
9363	VG
9364	VG
9365	VG
9366	VG
9367	VG
9368	VG
9369	VG
9370	VG
9371	VG
9372	VG
9373	VG
9374	VG
9375	VG
9376	VG
9377	VG
9378	VG
9379	VG
9380	VG
9381	VG
9382	VG
9383	VG
9384	VG
9385	VG
9386	VG
9387	VG
9388	VG
9389	VG
9390	VG
9391	VG
9392	VG
9393	VG
9394	VG
9395	VG
9396	VG
9397	VG
9398	VG
9399	VG
9400	VG
9401	VG
9402	VG
9403	VG
9404	VG
9405	VG
9406	VG
9407	VG
9408	VG
9409	VG
9410	VG
9411	VG
9412	VG
9413	VG
9414	VG
9415	VG
9416	VG
9417	VG
9418	VG
9419	VG
9420	VG
9421	VG
9422	VG
9423	VG
9424	VG
9425	VG
9426	VG
9427	VG
9428	VG
9429	VG
9430	VG
9431	VG
9432	VG
9433	VG
9434	VG
9435	VG
9436	VG
9437	VG
9438	VG
9439	VG
9440	VG
9441	VG
9442	VG
9443	VG
9444	VG
9445	VG
9446	VG
9447	VG
9448	VG
9449	VG
9450	VG
9451	VG
9452	VG
9453	VG
9454	VG
9455	VG
9456	VG
9457	VG
9458	VG
9459	VG
9460	VG
9461	VG
9462	VG
9463	VG
9464	VG
9465	VG
9466	VG
9467	VG
9468	VG
9469	VG
9470	VG
9471	VG
9472	VG
9473	VG
9474	VG
9475	VG
9476	VG
9477	VG
9478	VG
9479	VG
9480	VG
9481	VG
9482	VG
9483	VG
9484	VG
9485	VG
9486	VG
9487	VG
9488	VG
9489	VG
9490	VG
9491	VG
9492	VG
9493	VG
9494	VG
9495	VG
9496	VG
9497	VG
9498	VG
9499	VG
9500	VG
9501	VG
9502	VG
9503	VG
9504	VG
9505	VG
9506	VG
9507	VG
9508	VG
9509	VG
9510	VG
9511	VG
9512	VG
9513	VG
9514	VG
9515	VG
9516	VG
9517	VG
9518	VG
9519	VG
9520	VG
9521	VG
9522	VG
9523	VG
9524	VG
9525	VG
9526	VG
9527	VG
9528	VG
9529	VG
9530	VG
9531	VG
9532	VG
9533	VG
9534	VG
9535	VG
9536	VG
9537	VG
9538	VG
9539	VG
9540	VG
9541	VG
9542	VG
9543	VG
9544	VG
9545	VG
9546	VG
9547	VG
9548	VG
9549	VG
9550	VG
9551	VG
9552	VG
9553	VG
9554	VG
9555	VG
9556	VG
9557	VG
9558	VG
9559	VG
9560	VG
9561	VG
9562	VG
9563	VG
9564	VG
9565	VG
9566	VG
9567	VG
9568	VG
9569	VG
9570	VG
9571	VG
9572	VG
9573	VG
9574	VG
9575	VG
9576	VG
9577	VG
9578	VG
9579	VG
9580	VG
9581	VG
9582	VG
9583	VG
9584	VG
9585	VG
9586	VG
9587	VG
9588	VG
9589	VG
9590	VG
9591	VG
9592	VG
9593	VG
9594	VG
9595	VG
9596	VG
9597	VG
9598	VG
9599	VG
9600	VG
9601	VG
9602	VG
9603	VG
9604	VG
9605	VG
9606	VG
9607	VG
9608	VG
9609	VG
9610	VG
9611	VG
9612	VG
9613	VG
9614	VG
9615	VG
9616	VG
9617	VG
9618	VG
9619	VG
9620	VG
9621	VG
9622	VG
9623	VG
9624	VG
9625	VG
9626	VG
9627	VG
9628	VG
9629	VG
9630	VG
9631	VG
9632	VG
9633	VG
9634	VG
9635	VG
9636	VG
9637	VG
9638	VG
9639	VG
9640	VG
9641	VG
9642	VG
9643	VG
9644	VG
9645	VG
9646	VG
9647	VG
9648	VG
9649	VG
9650	VG
9651	VG
9652	VG
9653	VG
9654	VG
9655	VG
9656	VG
9657	VG
9658	VG
9659	VG
9660	VG
9661	VG
9662	VG
9663	VG
9664	VG
9665	VG
9666	VG
9667	VG
9668	VG
9669	VG
9670	VG
9671	VG
9672	VG
9673	VG
9674	VG
9675	VG
9676	VG
9677	VG
9678	VG
9679	VG
9680	VG
9681	VG
9682	VG
9683	VG
9684	VG
9685	VG
9686	VG
9687	VG
9688	VG
9689	VG
9690	VG
9691	VG
9692	VG
9693	VG
9694	VG
9695	VG
9696	VG
9697	VG
9698	VG
9699	VG
9700	VG
9701	VG
9702	VG
9703	VG
9704	VG
9705	VG
9706	VG
9707	VG
9708	VG
9709	VG
9710	VG
9711	VG
9712	VG
9713	VG
9714	VG
9715	VG
9716	VG
9717	VG
9718	VG
9719	VG
9720	VG
9721	VG
9722	VG
9723	VG
9724	VG
9725	VG
9726	VG
9727	VG
9728	VG
9729	VG
9730	VG
9731	VG
9732	VG
9733	VG
9734	VG
9735	VG
9736	VG
9737	VG
9738	VG
9739	VG
9740	VG
9741	VG
9742	VG
9743	VG
9744	VG
9745	VG
9746	VG
9747	VG
9748	VG
9749	VG
9750	VG
9751	VG
9752	VG
9753	VG
9754	VG
9755	VG
9756	VG
9757	VG
9758	VG
9759	VG
9760	VG
9761	VG
9762	VG
9763	VG
9764	VG
9765	VG
9766	VG
9767	VG
9768	VG
9769	VG
9770	VG
9771	VG
9772	VG
9773	VG
9774	VG
9775	VG
9776	VG
9777	VG
9778	VG
9779	VG
9780	VG
9781	VG
9782	VG
9783	VG
9784	VG
9785	VG
9786	VG
9787	VG
9788	VG
9789	VG
9790	VG
9791	VG
9792	VG
9793	VG
9794	VG
9795	VG
9796	VG
9797	VG
9798	VG
9799	VG
9800	VG
9801	VG
9802	VG
9803	VG
9804	VG
9805	VG
9806	VG
9807	VG
9808	VG
9809	VG
9810	VG
9811	VG
9812	VG
9813	VG
9814	VG
9815	VG
9816	VG
9817	VG
9818	VG
9819	VG
9820	VG
9821	VG
9822	VG
9823	VG
9824	VG
9825	VG
9826	VG
9827	VG
9828	VG
9829	VG
9830	VG
9831	VG
9832	VG
9833	VG
9834	VG
9835	VG
9836	VG
9837	VG
9838	VG
9839	VG
9840	VG
9841	VG
9842	VG
9843	VG
9844	VG
9845	VG
9846	VG
9847	VG
9848	VG
9849	VG
9850	VG
9851	VG
9852	VG
9853	VG
9854	VG
9855	VG
9856	VG
9857	VG
9858	VG
9859	VG
9860	VG
9861	VG
9862	VG
9863	VG
9864	VG
9865	VG
9866	VG
9867	VG
9868	VG
9869	VG
9870	VG
9871	VG
9872	VG
9873	VG
9874	VG
9875	VG
9876	VG
9877	VG
9878	VG
9879	VG
9880	VG
9881	VG
9882	VG
9883	VG
9884	VG
9885	VG
9886	VG
9887	VG
9888	VG
9889	VG
9890	VG
9891	VG
9892	VG
9893	VG
9894	VG
9895	VG
9896	VG
9897	VG
9898	VG
9899	VG
9900	VG
9901	VG
9902	VG
9903	VG
9904	VG
9905	VG
9906	VG
9907	VG
9908	VG
9909	VG
9910	VG
9911	VG
9912	VG
9913	VG
9914	VG
9915	VG
9916	VG
9917	VG
9918	VG
9919	VG
9920	VG
9921	VG
9922	VG
9923	VG
9924	VG
9925	VG
9926	VG
9927	VG
9928	VG
9929	VG
9930	VG
9931	VG
9932	VG
9933	VG
9934	VG
9935	VG
9936	VG
9937	VG
9938	VG
9939	VG
9940	VG
9941	VG
9942	VG
9943	VG
9944	VG
9945	VG
9946	VG
9947	VG
9948	VG
9949	VG
9950	VG
9951	VG
9952	VG
9953	VG
9954	VG
9955	VG
9956	VG
9957	VG
9958	VG
9959	VG
9960	VG
9961	VG
9962	VG
9963	VG
9964	VG
9965	VG
9966	VG
9967	VG
9968	VG
9969	VG
9970	VG
9971	VG
9972	VG
9973	VG
9974	VG
9975	VG
9976	VG
9977	VG
9978	VG
9979	VG
9980	VG
9981	VG
9982	VG
9983	VG
9984	VG
9985	VG
9986	VG
9987	VG
9988	VG
9989	VG
9990	VG
9991	VG
9992	VG
9993	VG
9994	VG
9995	VG
9996	VG
9997	VG
9998	VG
9999	VG
10000	VG
10001	VG
10002	VG
10003	VG
10004	VG
10005	VG
10006	VG
10007	VG
10008	VG
10009	VG
10010	VG
10011	VG
10012	VG
10013	VG
10014	VG
10015	VG
10016	VG
10017	VG
10018	VG
10019	VG
10020	VG
10021	VG
10022	VG
10023	VG
10024	VG
10025	VG
10026	VG
10027	VG
10028	VG
10029	VG
10030	VG
10031	VG
10032	VG
10033	VG
10034	VG
10035	VG
10036	VG
10037	VG
10038	VG
10039	VG
10040	VG
10041	VG
10042	VG
10043	VG
10044	VG
10045	VG
10046	VG
10047	VG
10048	VG
10049	VG
10050	VG
10051	VG
10052	VG
10053	VG
10054	VG
10055	VG
10056	VG
10057	VG
10058	VG
10059	VG
10060	VG
10061	VG
10062	VG
10063	VG
10064	VG
10065	VG
10066	VG
10067	VG
10068	VG
10069	VG
10070	VG
10071	VG
10072	VG
10073	VG
10074	VG
10075	VG
10076	VG
10077	VG
10078	VG
10079	VG
10080	VG
10081	VG
10082	VG
10083	VG
10084	VG
10085	VG
10086	VG
10087	VG
10088	VG
10089	VG
10090	VG
10091	VG
10092	VG
10093	VG
10094	VG
10095	VG
10096	VG
10097	VG
10098	VG
10099	VG
10100	VG
10101	VG
10102	VG
10103	VG
10104	VG
10105	VG
10106	VG
10107	VG
10108	VG
10109	VG
10110	VG
10111	VG
10112	VG
10113	VG
10114	VG
10115	VG
10116	VG
10117	VG
10118	VG
10119	VG
10120	VG
10121	VG
10122	VG
10123	VG
10124	VG
10125	VG
10126	VG
10127	VG
10128	VG
10129	VG
10130	VG
10131	VG
10132	VG
10133	VG
10134	VG
10135	VG
10136	VG
10137	VG
10138	VG
10139	VG
10140	VG
10141	VG
10142	VG
10143	VG
10144	VG
10145	VG
10146	VG
10147	VG
10148	VG
10149	VG
10150	VG
10151	VG
10152	VG
10153	VG
10154	VG
10155	VG
10156	VG
10157	VG
10158	VG
10159	VG
10160	VG
10161	VG
10162	VG
10163	VG
10164	VG
10165	VG
10166	VG
10167	VG
10168	VG
10169	VG
10170	VG
10171	VG
10172	VG
10173	VG
10174	VG
10175	VG
10176	VG
10177	VG
10178	VG
10179	VG
10180	VG
10181	VG
10182	VG
10183	VG
10184	VG
10185	VG
10186	VG
10187	VG
10188	VG
10189	VG
10190	VG
10191	VG
10192	VG
10193	VG
10194	VG
10195	VG
10196	VG
10197	VG
10198	VG
10199	VG
10200	VG
10201	VG
10202	VG
10203	VG
10204	VG
10205	VG
10206	VG
10207	VG
10208	VG
10209	VG
10210	VG
10211	VG
10212	VG
10213	VG
10214	VG
10215	VG
10216	VG
10217	VG
10218	VG
10219	VG
10220	VG
10221	VG
10222	VG
10223	VG
10224	VG
10225	VG
10226	VG
10227	VG
10228	VG
10229	VG
10230	VG
10231	VG
10232	VG
10233	VG
10234	VG
10235	VG
10236	VG
10237	VG
10238	VG
10239	VG
10240	VG
10241	VG
10242	VG
10243	VG
10244	VG
10245	VG
10246	VG
10247	VG
10248	VG
10249	VG
10250	VG
10251	VG
10252	VG
10253	VG
10254	VG
10255	VG
10256	VG
10257	VG
10258	VG
10259	VG
10260	VG
10261	VG
10262	VG
10263	VG
10264	VG
10265	VG
10266	VG
10267	VG
10268	VG
10269	VG
10270	VG
10271	VG
10272	VG
10273	VG
10274	VG
10275	VG
10276	VG
10277	VG
10278	VG
10279	VG
10280	VG
10281	VG
10282	VG
10283	VG
10284	VG
10285	VG
10286	VG
10287	VG
10288	VG
10289	VG
10290	VG
10291	VG
10292	VG
10293	VG
10294	VG
10295	VG
10296	VG
10297	VG
10298	VG
10299	VG
10300	VG
10301	VG
10302	VG
10303	VG
10304	VG
10305	VG
10306	VG
10307	VG
10308	VG
10309	VG
10310	VG
10311	VG
10312	VG
10313	VG
10314	VG
10315	VG
10316	VG
10317	VG
10318	VG
10319	VG
10320	VG
10321	VG
10322	VG
10323	VG
10324	VG
10325	VG
10326	VG
10327	VG
10328	VG
10329	VG
10330	VG
10331	VG
10332	VG
10333	VG
10334	VG
10335	VG
10336	VG
10337	VG
10338	VG
10339	VG
10340	VG
10341	VG
10342	VG
10343	VG
10344	VG
10345	VG
10346	VG
10347	VG
10348	VG
10349	VG
10350	VG
10351	VG
10352	VG
10353	VG
10354	VG
10355	VG
10356	VG
10357	VG
10358	VG
10359	VG
10360	VG
10361	VG
10362	VG
10363	VG
10364	VG
10365	VG
10366	VG
10367	VG
10368	VG
10369	VG
10370	VG
10371	VG
10372	VG
10373	VG
10374	VG
10375	VG
10376	VG
10377	VG
10378	VG
10379	VG
10380	VG
10381	VG
10382	VG
10383	VG
10384	VG
10385	VG
10386	VG
10387	VG
10388	VG
10389	VG
10390	VG
10391	VG
10392	VG
10393	VG
10394	VG
10395	VG
10396	VG
10397	VG
10398	VG
10399	VG
10400	VG
10401	VG
10402	VG
10403	VG
10404	VG
10405	VG
10406	VG
10407	VG
10408	VG
10409	VG
10410	VG
10411	VG
10412	VG
10413	VG
10414	VG
10415	VG
10416	VG
10417	VG
10418	VG
10419	VG
10420	VG
10421	VG
10422	VG
10423	VG
10424	VG
10425	VG
10426	VG
10427	VG
10428	VG
10429	VG
10430	VG
10431	VG
10432	VG
10433	VG
10434	VG
10435	VG
10436	VG
10437	VG
10438	VG
10439	VG
10440	VG
10441	VG
10442	VG
10443	VG
10444	VG
10445	VG
10446	VG
10447	VG
10448	VG
10449	VG
10450	VG
10451	VG
10452	VG
10453	VG
10454	VG
10455	VG
10456	VG
10457	VG
10458	VG
10459	VG
10460	VG
10461	VG
10462	VG
10463	VG
10464	VG
10465	VG
10466	VG
10467	VG
10468	VG
10469	VG
10470	VG
10471	VG
10472	VG
10473	VG
10474	VG
10475	VG
10476	VG
10477	VG
10478	VG
10479	VG
10480	VG
10481	VG
10482	VG
10483	VG
10484	VG
10485	VG
10486	VG
10487	VG
10488	VG
10489	VG
10490	VG
10491	VG
10492	VG
10493	VG
10494	VG
10495	VG
10496	VG
10497	VG
10498	VG
10499	VG
10500	VG
10501	VG
10502	VG
10503	VG
10504	VG
10505	VG
10506	VG
10507	VG
10508	VG
10509	VG
10510	VG
10511	VG
10512	VG
10513	VG
10514	VG
10515	VG
10516	VG
10517	VG
10518	VG
10519	VG
10520	VG
10521	VG
10522	VG
10523	VG
10524	VG
10525	VG
10526	VG
10527	VG
10528	VG
10529	VG
10530	VG
10531	VG
10532	VG
10533	VG
10534	VG
10535	VG
10536	VG
10537	VG
10538	VG
10539	VG
10540	VG
10541	VG
10542	VG
10543	VG
10544	VG
10545	VG
10546	VG
10547	VG
10548	VG
10549	VG
10550	VG
10551	VG
10552	VG
10553	VG
10554	VG
10555	VG
10556	VG
10557	VG
10558	VG
10559	VG
10560	VG
10561	VG
10562	VG
10563	VG
10564	VG
10565	VG
10566	VG
10567	VG
10568	VG
10569	VG
10570	VG
10571	VG
10572	VG
10573	VG
10574	VG
10575	VG
10576	VG
10577	VG
10578	VG
10579	VG
10580	VG
10581	VG
10582	VG
10583	VG
10584	VG
10585	VG
10586	VG
10587	VG
10588	VG
10589	VG
10590	VG
10591	VG
10592	VG
10593	VG
10594	VG
10595	VG
10596	VG
10597	VG
10598	VG
10599	VG
10600	VG
10601	VG
10602	VG
10603	VG
10604	VG
10605	VG
10606	VG
10607	VG
10608	VG
10609	VG
10610	VG
10611	VG
10612	VG
10613	VG
10614	VG
10615	VG
10616	VG
10617	VG
10618	VG
10619	VG
10620	VG
10621	VG
10622	VG
10623	VG
10624	VG
10625	VG
10626	VG
10627	VG
10628	VG
10629	VG
10630	VG
10631	VG
10632	VG
10633	VG
10634	VG
10635	VG
10636	VG
10637	VG
10638	VG
10639	VG
10640	VG
10641	VG
10642	VG
10643	VG
10644	VG
10645	VG
10646	VG
10647	VG
10648	VG
10649	VG
10650	VG
10651	VG
10652	VG
10653	VG
10654	VG
10655	VG
10656	VG
10657	VG
10658	VG
10659	VG
10660	VG
10661	VG
10662	VG
10663	VG
10664	VG
10665	VG
10666	VG
10667	VG
10668	VG
10669	VG
10670	VG
10671	VG
10672	VG
10673	VG
10674	VG
10675	VG
10676	VG
10677	VG
10678	VG
10679	VG
10680	VG
10681	VG
10682	VG
10683	VG
10684	VG
10685	VG
10686	VG
10687	VG
10688	VG
10689	VG
10690	VG
10691	VG
10692	VG
10693	VG
10694	VG
10695	VG
10696	VG
10697	VG
10698	VG
10699	VG
10700	VG
10701	VG
10702	VG
10703	VG
10704	VG
10705	VG
10706	VG
10707	VG
10708	VG
10709	VG
10710	VG
10711	VG
10712	VG
10713	VG
10714	VG
10715	VG
10716	VG
10717	VG
10718	VG
10719	VG
10720	VG
10721	VG
10722	VG
10723	VG
10724	VG
10725	VG
10726	VG
10727	VG
10728	VG
10729	VG
10730	VG
10731	VG
10732	VG
10733	VG
10734	VG
10735	VG
10736	VG
10737	VG
10738	VG
10739	VG
10740	VG
10741	VG
10742	VG
10743	VG
10744	VG
10745	VG
10746	VG
10747	VG
10748	VG
10749	VG
10750	VG
10751	VG
10752	VG
10753	VG
10754	VG
10755	VG
10756	VG
10757	VG
10758	VG
10759	VG
10760	VG
10761	VG
10762	VG
10763	VG
10764	VG
10765	VG
10766	VG
10767	VG
10768	VG
10769	VG
10770	VG
10771	VG
10772	VG
10773	VG
10774	VG
10775	VG
10776	VG
10777	VG
10778	VG
10779	VG
10780	VG
10781	VG
10782	VG
10783	VG
10784	VG
10785	VG
10786	VG
10787	VG
10788	VG
10789	VG
10790	VG
10791	VG
10792	VG
10793	VG
10794	VG
10795	VG
10796	VG
10797	VG
10798	VG
10799	VG
10800	VG
10801	VG
10802	VG
10803	VG
10804	VG
10805	VG
10806	VG
10807	VG
10808	VG
10809	VG
10810	VG
10811	VG
10812	VG
10813	VG
10814	VG
10815	VG
10816	VG
10817	VG
10818	VG
10819	VG
10820	VG
10821	VG
10822	VG
10823	VG
10824	VG
10825	VG
10826	VG
10827	VG
10828	VG
10829	VG
10830	VG
10831	VG
10832	VG
10833	VG
10834	VG
10835	VG
10836	VG
10837	VG
10838	VG
10839	VG
10840	VG
10841	VG
10842	VG
10843	VG
10844	VG
10845	VG
10846	VG
10847	VG
10848	VG
10849	VG
10850	VG
10851	VG
10852	VG
10853	VG
10854	VG
10855	VG
10856	VG
10857	VG
10858	VG
10859	VG
10860	VG
10861	VG
10862	VG
10863	VG
10864	VG
10865	VG
10866	VG
10867	VG
10868	VG
10869	VG
10870	VG
10871	VG
10872	VG
10873	VG
10874	VG
10875	VG
10876	VG
10877	VG
10878	VG
10879	VG
10880	VG
10881	VG
10882	VG
10883	VG
10884	VG
10885	VG
10886	VG
10887	VG
10888	VG
10889	VG
10890	VG
10891	VG
10892	VG
10893	VG
10894	VG
10895	VG
10896	VG
10897	VG
10898	VG
10899	VG
10900	VG
10901	VG
10902	VG
10903	VG
10904	VG
10905	VG
10906	VG
10907	VG
10908	VG
10909	VG
10910	VG
10911	VG
10912	VG
10913	VG
10914	VG
10915	VG
10916	VG
10917	VG
10918	VG
10919	VG
10920	VG
10921	VG
10922	VG
10923	VG
10924	VG
10925	VG
10926	VG
10927	VG
10928	VG
10929	VG
10930	VG
10931	VG
10932	VG
10933	VG
10934	VG
10935	VG
10936	VG
10937	VG
10938	VG
10939	VG
10940	VG
10941	VG
10942	VG
10943	VG
10944	VG
10945	VG
10946	VG
10947	VG
10948	VG
10949	VG
10950	VG
10951	VG
10952	VG
10953	VG
10954	VG
10955	VG
10956	VG
10957	VG
10958	VG
10959	VG
10960	VG
10961	VG
10962	VG
10963	VG
10964	VG
10965	VG
10966	VG
10967	VG
10968	VG
10969	VG
10970	VG
10971	VG
10972	VG
10973	VG
10974	VG
10975	VG
10976	VG
10977	VG
10978	VG
10979	VG
10980	VG
10981	VG
10982	VG
10983	VG
10984	VG
10985	VG
10986	VG
10987	VG
10988	VG
10989	VG
10990	VG
10991	VG
10992	VG
10993	VG
10994	VG
10995	VG
10996	VG
10997	VG
10998	VG
10999	VG
11000	VG
11001	VG
11002	VG
11003	VG
11004	VG
11005	VG
11006	VG
11007	VG
11008	VG
11009	VG
11010	VG
11011	VG
11012	VG
11013	VG
11014	VG
11015	VG
11016	VG
11017	VG
11018	VG
11019	VG
11020	VG
11021	VG
11022	VG
11023	VG
11024	VG
11025	VG
11026	VG
11027	VG
11028	VG
11029	VG
11030	VG
11031	VG
11032	VG
11033	VG
11034	VG
11035	VG
11036	VG
11037	VG
11038	VG
11039	VG
11040	VG
11041	VG
11042	VG
11043	VG
11044	VG
11045	VG
11046	VG
11047	VG
11048	VG
11049	VG
11050	VG
11051	VG
11052	VG
11053	VG
11054	VG
11055	VG
11056	VG
11057	VG
11058	VG
11059	VG
11060	VG
11061	VG
11062	VG
11063	VG
11064	VG
11065	VG
11066	VG
11067	VG
11068	VG
11069	VG
11070	VG
11071	VG
11072	VG
11073	VG
11074	VG
11075	VG
11076	VG
11077	VG
11078	VG
11079	VG
11080	VG
11081	VG
11082	VG
11083	VG
11084	VG
11085	VG
11086	VG
11087	VG
11088	VG
11089	VG
11090	VG
11091	VG
11092	VG
11093	VG
11094	VG
11095	VG
11096	VG
11097	VG
11098	VG
11099	VG
11100	VG
11101	VG
11102	VG
11103	VG
11104	VG
11105	VG
11106	VG
11107	VG
11108	VG
11109	VG
11110	VG
11111	VG
11112	VG
11113	VG
11114	VG
11115	VG
11116	VG
11117	VG
11118	VG
11119	VG
11120	VG
11121	VG
11122	VG
11123	VG
11124	VG
11125	VG
11126	VG
11127	VG
11128	VG
11129	VG
11130	VG
11131	VG
11132	VG
11133	VG
11134	VG
11135	VG
11136	VG
11137	VG
11138	VG
11139	VG
11140	VG
11141	VG
11142	VG
11143	VG
11144	VG
11145	VG
11146	VG
11147	VG
11148	VG
11149	VG
11150	VG
11151	VG
11152	VG
11153	VG
11154	VG
11155	VG
11156	VG
11157	VG
11158	VG
11159	VG
11160	VG
11161	VG
11162	VG
11163	VG
11164	VG
11165	VG
11166	VG
11167	VG
11168	VG
11169	VG
11170	VG
11171	VG
11172	VG
11173	VG
11174	VG
11175	VG
11176	VG
11177	VG
11178	VG
11179	VG
11180	VG
11181	VG
11182	VG
11183	VG
11184	VG
11185	VG
11186	VG
11187	VG
11188	VG
11189	VG
11190	VG
11191	VG
11192	VG
11193	VG
11194	VG
11195	VG
11196	VG
11197	VG
11198	VG
11199	VG
11200	VG
11201	VG
11202	VG
11203	VG
11204	VG
11205	VG
11206	VG
11207	VG
11208	VG
11209	VG
11210	VG
11211	VG
11212	VG
11213	VG
11214	VG
11215	VG
11216	VG
11217	VG
11218	VG
11219	VG
11220	VG
11221	VG
11222	VG
11223	VG
11224	VG
11225	VG
11226	VG
11227	VG
11228	VG
11229	VG
11230	VG
11231	VG
11232	VG
11233	VG
11234	VG
11235	VG
11236	VG
11237	VG
11238	VG
11239	VG
11240	VG
11241	VG
11242	VG
11243	VG
11244	VG
11245	VG
11246	VG
11247	VG
11248	VG
11249	VG
11250	VG
11251	VG
11252	VG
11253	VG
11254	VG
11255	VG
11256	VG
11257	VG
11258	VG
11259	VG
11260	VG
11261	VG
11262	VG
11263	VG
11264	VG
11265	VG
11266	VG
11267	VG
11268	VG
11269	VG
11270	VG
11271	VG
11272	VG
11273	VG
11274	VG
11275	VG
11276	VG
11277	VG
11278	VG
11279	VG
11280	VG
11281	VG
11282	VG
11283	VG
11284	VG
11285	VG
11286	VG
11287	VG
11288	VG
11289	VG
11290	VG
11291	VG
11292	VG
11293	VG
11294	VG
11295	VG
11296	VG
11297	VG
11298	VG
11299	VG
11300	VG
11301	VG
11302	VG
11303	VG
11304	VG
11305	VG
11306	VG
11307	VG
11308	VG
11309	VG
11310	VG
11311	VG
11312	VG
11313	VG
11314	VG
11315	VG
11316	VG
11317	VG
11318	VG
11319	VG
11320	VG
11321	VG
11322	VG
11323	VG
11324	VG
11325	VG
11326	VG
11327	VG
11328	VG
11329	VG
11330	VG
11331	VG
11332	VG
11333	VG
11334	VG
11335	VG
11336	VG
11337	VG
11338	VG
11339	VG
11340	VG
11341	VG
11342	VG
11343	VG
11344	VG
11345	VG
11346	VG
11347	VG
11348	VG
11349	VG
11350	VG
11351	VG
11352	VG
11353	VG
11354	VG
11355	VG
11356	VG
11357	VG
11358	VG
11359	VG
11360	VG
11361	VG
11362	VG
11363	VG
11364	VG
11365	VG
11366	VG
11367	VG
11368	VG
11369	VG
11370	VG
11371	VG
11372	VG
11373	VG
11374	VG
11375	VG
11376	VG
11377	VG
11378	VG
11379	VG
11380	VG
11381	VG
11382	VG
11383	VG
11384	VG
11385	VG
11386	VG
11387	VG
11388	VG
11389	VG
11390	VG
11391	VG
11392	VG
11393	VG
11394	VG
11395	VG
11396	VG
11397	VG
11398	VG
11399	VG
11400	VG
11401	VG
11402	VG
11403	VG
11404	VG
11405	VG
11406	VG
11407	VG
11408	VG
11409	VG
11410	VG
11411	VG
11412	VG
11413	VG
11414	VG
11415	VG
11416	VG
11417	VG
11418	VG
11419	VG
11420	VG
11421	VG
11422	VG
11423	VG
11424	VG
11425	VG
11426	VG
11427	VG
11428	VG
11429	VG
11430	VG
11431	VG
11432	VG
11433	VG
11434	VG
11435	VG
11436	VG
11437	VG
11438	VG
11439	VG
11440	VG
11441	VG
11442	VG
11443	VG
11444	VG
11445	VG
11446	VG
11447	VG
11448	VG
11449	VG
11450	VG
11451	VG
11452	VG
11453	VG
11454	VG
11455	VG
11456	VG
11457	VG
11458	VG
11459	VG
11460	VG
11461	VG
11462	VG
11463	VG
11464	VG
11465	VG
11466	VG
11467	VG
11468	VG
11469	VG
11470	VG
11471	VG
11472	VG
11473	VG
11474	VG
11475	VG
11476	VG
11477	VG
11478	VG
11479	VG
11480	VG
11481	VG
11482	VG
11483	VG
11484	VG
11485	VG
11486	VG
11487	VG
11488	VG
11489	VG
11490	VG
11491	VG
11492	VG
11493	VG
11494	VG
11495	VG
11496	VG
11497	VG
11498	VG
11499	VG
11500	VG
11501	VG
11502	VG
11503	VG
11504	VG
11505	VG
11506	VG
11507	VG
11508	VG
11509	VG
11510	VG
11511	VG
11512	VG
11513	VG
11514	VG
11515	VG
11516	VG
11517	VG
11518	VG
11519	VG
11520	VG
11521	VG
11522	VG
11523	VG
11524	VG
11525	VG
11526	VG
11527	VG
11528	VG
11529	VG
11530	VG
11531	VG
11532	VG
11533	VG
11534	VG
11535	VG
11536	VG
11537	VG
11538	VG
11539	VG
11540	VG
11541	VG
11542	VG
11543	VG
11544	VG
11545	VG
11546	VG
11547	VG
11548	VG
11549	VG
11550	VG
11551	VG
11552	VG
11553	VG
11554	VG
11555	VG
11556	VG
11557	VG
11558	VG
11559	VG
11560	VG
11561	VG
11562	VG
11563	VG
11564	VG
11565	VG
11566	VG
11567	VG
11568	VG
11569	VG
11570	VG
11571	VG
11572	VG
11573	VG
11574	VG
11575	VG
11576	VG
11577	VG
11578	VG
11579	VG
11580	VG
11581	VG
11582	VG
11583	VG
11584	VG
11585	VG
11586	VG
11587	VG
11588	VG
11589	VG
11590	VG
11591	VG
11592	VG
11593	VG
11594	VG
11595	VG
11596	VG
11597	VG
11598	VG
11599	VG
11600	VG
11601	VG
11602	VG
11603	VG
11604	VG
11605	VG
11606	VG
11607	VG
11608	VG
11609	VG
11610	VG
11611	VG
11612	VG
11613	VG
11614	VG
11615	VG
11616	VG
11617	VG
11618	VG
11619	VG
11620	VG
11621	VG
11622	VG
11623	VG
11624	VG
11625	VG
11626	VG
11627	VG
11628	VG
11629	VG
11630	VG
11631	VG
11632	VG
11633	VG
11634	VG
11635	VG
11636	VG
11637	VG
11638	VG
11639	VG
11640	VG
11641	VG
11642	VG
11643	VG
11644	VG
11645	VG
11646	VG
11647	VG
11648	VG
11649	VG
11650	VG
11651	VG
11652	VG
11653	VG
11654	VG
11655	VG
11656	VG
11657	VG
11658	VG
11659	VG
11660	VG
11661	VG
11662	VG
11663	VG
11664	VG
11665	VG
11666	VG
11667	VG
11668	VG
11669	VG
11670	VG
11671	VG
11672	VG
11673	VG
11674	VG
11675	VG
11676	VG
11677	VG
11678	VG
11679	VG
11680	VG
11681	VG
11682	VG
11683	VG
11684	VG
11685	VG
11686	VG
11687	VG
11688	VG
11689	VG
11690	VG
11691	VG
11692	VG
11693	VG
11694	VG
11695	VG
11696	VG
11697	VG
11698	VG
11699	VG
11700	VG
11701	VG
11702	VG
11703	VG
11704	VG
11705	VG
11706	VG
11707	VG
11708	VG
11709	VG
11710	VG
11711	VG
11712	VG
11713	VG
11714	VG
11715	VG
11716	VG
11717	VG
11718	VG
11719	VG
11720	VG
11721	VG
11722	VG
11723	VG
11724	VG
11725	VG
11726	VG
11727	VG
11728	VG
11729	VG
11730	VG
11731	VG
11732	VG
11733	VG
11734	VG
11735	VG
11736	VG
11737	VG
11738	VG
11739	VG
11740	VG
11741	VG
11742	VG
11743	VG
11744	VG
11745	VG
11746	VG
11747	VG
11748	VG
11749	VG
11750	VG
11751	VG
11752	VG
11753	VG
11754	VG
11755	VG
11756	VG
11757	VG
11758	VG
11759	VG
11760	VG
11761	VG
11762	VG
11763	VG
11764	VG
11765	VG
11766	VG
11767	VG
11768	VG
11769	VG
11770	VG
11771	VG
11772	VG
11773	VG
11774	VG
11775	VG
11776	VG
11777	VG
11778	VG
11779	VG
11780	VG
11781	VG
11782	VG
11783	VG
11784	VG
11785	VG
11786	VG
11787	VG
11788	VG
11789	VG
11790	VG
11791	VG
11792	VG
11793	VG
11794	VG
11795	VG
11796	VG
11797	VG
11798	VG
11799	VG
11800	VG
11801	VG
11802	VG
11803	VG
11804	VG
11805	VG
11806	VG
11807	VG
11808	VG
11809	VG
11810	VG
11811	VG
11812	VG
11813	VG
11814	VG
11815	VG
11816	VG
11817	VG
11818	VG
11819	VG
11820	VG
11821	VG
11822	VG
11823	VG
11824	VG
11825	VG
11826	VG
11827	VG
11828	VG
11829	VG
11830	VG
11831	VG
11832	VG
11833	VG
11834	VG
11835	VG
11836	VG
11837	VG
11838	VG
11839	VG
11840	VG
11841	VG
11842	VG
11843	VG
11844	VG
11845	VG
11846	VG
11847	VG
11848	VG
11849	VG
11850	VG
11851	VG
11852	VG
11853	VG
11854	VG
11855	VG
11856	VG
11857	VG
11858	VG
11859	VG
11860	VG
11861	VG
11862	VG
11863	VG
11864	VG
11865	VG
11866	VG
11867	VG
11868	VG
11869	VG
11870	VG
11871	VG
11872	VG
11873	VG
11874	VG
11875	VG
11876	VG
11877	VG
11878	VG
11879	VG
11880	VG
11881	VG
11882	VG
11883	VG
11884	VG
11885	VG
11886	VG
11887	VG
11888	VG
11889	VG
11890	VG
11891	VG
11892	VG
11893	VG
11894	VG
11895	VG
11896	VG
11897	VG
11898	VG
11899	VG
11900	VG
11901	VG
11902	VG
11903	VG
11904	VG
11905	VG
11906	VG
11907	VG
11908	VG
11909	VG
11910	VG
11911	VG
11912	VG
11913	VG
11914	VG
11915	VG
11916	VG
11917	VG
11918	VG
11919	VG
11920	VG
11921	VG
11922	VG
11923	VG
11924	VG
11925	VG
11926	VG
11927	VG
11928	VG
11929	VG
11930	VG
11931	VG
11932	VG
11933	VG
11934	VG
11935	VG
11936	VG
11937	VG
11938	VG
11939	VG
11940	VG
11941	VG
11942	VG
11943	VG
11944	VG
11945	VG
11946	VG
11947	VG
11948	VG
11949	VG
11950	VG
11951	VG
11952	VG
11953	VG
11954	VG
11955	VG
11956	VG
11957	VG
11958	VG
11959	VG
11960	VG
11961	VG
11962	VG
11963	VG
11964	VG
11965	VG
11966	VG
11967	VG
11968	VG
11969	VG
11970	VG
11971	VG
11972	VG
11973	VG
11974	VG
11975	VG
11976	VG
11977	VG
11978	VG
11979	VG
11980	VG
11981	VG
11982	VG
11983	VG
11984	VG
11985	VG
11986	VG
11987	VG
11988	VG
11989	VG
11990	VG
11991	VG
11992	VG
11993	VG
11994	VG
11995	VG
11996	VG
11997	VG
11998	VG
11999	VG
12000	VG
12001	VG
12002	VG
12003	VG
12004	VG
12005	VG
12006	VG
12007	VG
12008	VG
12009	VG
12010	VG
12011	VG
12012	VG
12013	VG
12014	VG
12015	VG
12016	VG
12017	VG
12018	VG
12019	VG
12020	VG
12021	VG
12022	VG
12023	VG
12024	VG
12025	VG
12026	VG
12027	VG
12028	VG
12029	VG
12030	VG
12031	VG
12032	VG
12033	VG
12034	VG
12035	VG
12036	VG
12037	VG
12038	VG
12039	VG
12040	VG
12041	VG
12042	VG
12043	VG
12044	VG
12045	VG
12046	VG
12047	VG
12048	VG
12049	VG
12050	VG
12051	VG
12052	VG
12053	VG
12054	VG
12055	VG
12056	VG
12057	VG
12058	VG
12059	VG
12060	VG
12061	VG
12062	VG
12063	VG
12064	VG
12065	VG
12066	VG
12067	VG
12068	VG
12069	VG
12070	VG
12071	VG
12072	VG
12073	VG
12074	VG
12075	VG
12076	VG
12077	VG
12078	VG
12079	VG
12080	VG
12081	VG
12082	VG
12083	VG
12084	VG
12085	VG
12086	VG
12087	VG
12088	VG
12089	VG
12090	VG
12091	VG
12092	VG
12093	VG
12094	VG
12095	VG
12096	VG
12097	VG
12098	VG
12099	VG
12100	VG
12101	VG
12102	VG
12103	VG
12104	VG
12105	VG
12106	VG
12107	VG
12108	VG
12109	VG
12110	VG
12111	VG
12112	VG
12113	VG
12114	VG
12115	VG
12116	VG
12117	VG
12118	VG
12119	VG
12120	VG
12121	VG
12122	VG
12123	VG
12124	VG
12125	VG
12126	VG
12127	VG
12128	VG
12129	VG
12130	VG
12131	VG
12132	VG
12133	VG
12134	VG
12135	VG
12136	VG
12137	VG
12138	VG
12139	VG
12140	VG
12141	VG
12142	VG
12143	VG
12144	VG
12145	VG
12146	VG
12147	VG
12148	VG
12149	VG
12150	VG
12151	VG
12152	VG
12153	VG
12154	VG
12155	VG
12156	VG
12157	VG
12158	VG
12159	VG
12160	VG
12161	VG
12162	VG
12163	VG
12164	VG
12165	VG
12166	VG
12167	VG
12168	VG
12169	VG
12170	VG
12171	VG
12172	VG
12173	VG
12174	VG
12175	VG
12176	VG
12177	VG
12178	VG
12179	VG
12180	VG
12181	VG
12182	VG
12183	VG
12184	VG
12185	VG
12186	VG
12187	VG
12188	VG
12189	VG
12190	VG
12191	VG
12192	VG
12193	VG
12194	VG
12195	VG
12196	VG
12197	VG
12198	VG
12199	VG
12200	VG
12201	VG
12202	VG
12203	VG
12204	VG
12205	VG
12206	VG
12207	VG
12208	VG
12209	VG
12210	VG
12211	VG
12212	VG
12213	VG
12214	VG
12215	VG
12216	VG
12217	VG
12218	VG
12219	VG
12220	VG
12221	VG
12222	VG
12223	VG
12224	VG
12225	VG
12226	VG
12227	VG
12228	VG
12229	VG
12230	VG
12231	VG
12232	VG
12233	VG
12234	VG
12235	VG
12236	VG
12237	VG
12238	VG
12239	VG
12240	VG
12241	VG
12242	VG
12243	VG
12244	VG
12245	VG
12246	VG
12247	VG
12248	VG
12249	VG
12250	VG
12251	VG
12252	VG
12253	VG
12254	VG
12255	VG
12256	VG
12257	VG
12258	VG
12259	VG
12260	VG
12261	VG
12262	VG
12263	VG
12264	VG
12265	VG
12266	VG
12267	VG
12268	VG
12269	VG
12270	VG
12271	VG
12272	VG
12273	VG
12274	VG
12275	VG
12276	VG
12277	VG
12278	VG
12279	VG
12280	VG
12281	VG
12282	VG
12283	VG
12284	VG
12285	VG
12286	VG
12287	VG
12288	VG
12289	VG
12290	VG
12291	VG
12292	VG
12293	VG
12294	VG
12295	VG
12296	VG
12297	VG
12298	VG
12299	VG
12300	VG
12301	VG
12302	VG
12303	VG
12304	VG
12305	VG
12306	VG
12307	VG
12308	VG
12309	VG
12310	VG
12311	VG
12312	VG
12313	VG
12314	VG
12315	VG
12316	VG
12317	VG
12318	VG
12319	VG
12320	VG
12321	VG
12322	VG
12323	VG
12324	VG
12325	VG
12326	VG
12327	VG
12328	VG
12329	VG
12330	VG
12331	VG
12332	VG
12333	VG
12334	VG
12335	VG
12336	VG
12337	VG
12338	VG
12339	VG
12340	VG
12341	VG
12342	VG
12343	VG
12344	VG
12345	VG
12346	VG
12347	VG
12348	VG
12349	VG
12350	VG
12351	VG
12352	VG
12353	VG
12354	VG
12355	VG
12356	VG
12357	VG
12358	VG
12359	VG
12360	VG
12361	VG
12362	VG
12363	VG
12364	VG
12365	VG
12366	VG
12367	VG
12368	VG
12369	VG
12370	VG
12371	VG
12372	VG
12373	VG
12374	VG
12375	VG
12376	VG
12377	VG
12378	VG
12379	VG
12380	VG
12381	VG
12382	VG
12383	VG
12384	VG
12385	VG
12386	VG
12387	VG
12388	VG
12389	VG
12390	VG
12391	VG
12392	VG
12393	VG
12394	VG
12395	VG
12396	VG
12397	VG
12398	VG
12399	VG
12400	VG
12401	VG
12402	VG
12403	VG
12404	VG
12405	VG
12406	VG
12407	VG
12408	VG
12409	VG
12410	VG
12411	VG
12412	VG
12413	VG
12414	VG
12415	VG
12416	VG
12417	VG
12418	VG
12419	VG
12420	VG
12421	VG
12422	VG
12423	VG
12424	VG
12425	VG
12426	VG
12427	VG
12428	VG
12429	VG
12430	VG
12431	VG
12432	VG
12433	VG
12434	VG
12435	VG
12436	VG
12437	VG
12438	VG
12439	VG
12440	VG
12441	VG
12442	VG
12443	VG
12444	VG
12445	VG
12446	VG
12447	VG
12448	VG
12449	VG
12450	VG
12451	VG
12452	VG
12453	VG
12454	VG
12455	VG
12456	VG
12457	VG
12458	VG
12459	VG
12460	VG
12461	VG
12462	VG
12463	VG
12464	VG
12465	VG
12466	VG
12467	VG
12468	VG
12469	VG
12470	VG
12471	VG
12472	VG
12473	VG
12474	VG
12475	VG
12476	VG
12477	VG
12478	VG
12479	VG
12480	VG
12481	VG
12482	VG
12483	VG
12484	VG
12485	VG
12486	VG
12487	VG
12488	VG
12489	VG
12490	VG
12491	VG
12492	VG
12493	VG
12494	VG
12495	VG
12496	VG
12497	VG
12498	VG
12499	VG
12500	VG
12501	VG
12502	VG
12503	VG
12504	VG
12505	VG
12506	VG
12507	VG
12508	VG
12509	VG
12510	VG
12511	VG
12512	VG
12513	VG
12514	VG
12515	VG
12516	VG
12517	VG
12518	VG
12519	VG
12520	VG
12521	VG
12522	VG
12523	VG
12524	VG
12525	VG
12526	VG
12527	VG
12528	VG
12529	VG
12530	VG
12531	VG
12532	VG
12533	VG
12534	VG
12535	VG
12536	VG
12537	VG
12538	VG
12539	VG
12540	VG
12541	VG
12542	VG
12543	VG
12544	VG
12545	VG
12546	VG
12547	VG
12548	VG
12549	VG
12550	VG
12551	VG
12552	VG
12553	VG
12554	VG
12555	VG
12556	VG
12557	VG
12558	VG
12559	VG
12560	VG
12561	VG
12562	VG
12563	VG
12564	VG
12565	VG
12566	VG
12567	VG
12568	VG
12569	VG
12570	VG
12571	VG
12572	VG
12573	VG
12574	VG
12575	VG
12576	VG
12577	VG
12578	VG
12579	VG
12580	VG
12581	VG
12582	VG
12583	VG
12584	VG
12585	VG
12586	VG
12587	VG
12588	VG
12589	VG
12590	VG
12591	VG
12592	VG
12593	VG
12594	VG
12595	VG
12596	VG
12597	VG
12598	VG
12599	VG
12600	VG
12601	VG
12602	VG
12603	VG
12604	VG
12605	VG
12606	VG
12607	VG
12608	VG
12609	VG
12610	VG
12611	VG
12612	VG
12613	VG
12614	VG
12615	VG
12616	VG
12617	VG
12618	VG
12619	VG
12620	VG
12621	VG
12622	VG
12623	VG
12624	VG
12625	VG
12626	VG
12627	VG
12628	VG
12629	VG
12630	VG
12631	VG
12632	VG
12633	VG
12634	VG
12635	VG
12636	VG
12637	VG
12638	VG
12639	VG
12640	VG
12641	VG
12642	VG
12643	VG
12644	VG
12645	VG
12646	VG
12647	VG
12648	VG
12649	VG
12650	VG
12651	VG
12652	VG
12653	VG
12654	VG
12655	VG
12656	VG
12657	VG
12658	VG
12659	VG
12660	VG
12661	VG
12662	VG
12663	VG
12664	VG
12665	VG
12666	VG
12667	VG
12668	VG
12669	VG
12670	VG
12671	VG
12672	VG
12673	VG
12674	VG
12675	VG
12676	VG
12677	VG
12678	VG
12679	VG
12680	VG
12681	VG
12682	VG
12683	VG
12684	VG
12685	VG
12686	VG
12687	VG
12688	VG
12689	VG
12690	VG
12691	VG
12692	VG
12693	VG
12694	VG
12695	VG
12696	VG
12697	VG
12698	VG
12699	VG
12700	VG
12701	VG
12702	VG
12703	VG
12704	VG
12705	VG
12706	VG
12707	VG
12708	VG
12709	VG
12710	VG
12711	VG
12712	VG
12713	VG
12714	VG
12715	VG
12716	VG
12717	VG
12718	VG
12719	VG
12720	VG
12721	VG
12722	VG
12723	VG
12724	VG
12725	VG
12726	VG
12727	VG
12728	VG
12729	VG
12730	VG
12731	VG
12732	VG
12733	VG
12734	VG
12735	VG
12736	VG
12737	VG
12738	VG
12739	VG
12740	VG
12741	VG
12742	VG
12743	VG
12744	VG
12745	VG
12746	VG
12747	VG
12748	VG
12749	VG
12750	VG
12751	VG
12752	VG
12753	VG
12754	VG
12755	VG
12756	VG
12757	VG
12758	VG
12759	VG
12760	VG
12761	VG
12762	VG
12763	VG
12764	VG
12765	VG
12766	VG
12767	VG
12768	VG
12769	VG
12770	VG
12771	VG
12772	VG
12773	VG
12774	VG
12775	VG
12776	VG
12777	VG
12778	VG
12779	VG
12780	VG
12781	VG
12782	VG
12783	VG
12784	VG
12785	VG
12786	VG
12787	VG
12788	VG
12789	VG
12790	VG
12791	VG
12792	VG
12793	VG
12794	VG
12795	VG
12796	VG
12797	VG
12798	VG
12799	VG
12800	VG
12801	VG
12802	VG
12803	VG
12804	VG
12805	VG
12806	VG
12807	VG
12808	VG
12809	VG
12810	VG
12811	VG
12812	VG
12813	VG
12814	VG
12815	VG
12816	VG
12817	VG
12818	VG
12819	VG
12820	VG
12821	VG
12822	VG
12823	VG
12824	VG
12825	VG
12826	VG
12827	VG
12828	VG
12829	VG
12830	VG
12831	VG
12832	VG
12833	VG
12834	VG
12835	VG
12836	VG
12837	VG
12838	VG
12839	VG
12840	VG
12841	VG
12842	VG
12843	VG
12844	VG
12845	VG
12846	VG
12847	VG
12848	VG
12849	VG
12850	VG
12851	VG
12852	VG
12853	VG
12854	VG
12855	VG
12856	VG
12857	VG
12858	VG
12859	VG
12860	VG
12861	VG
12862	VG
12863	VG
12864	VG
12865	VG
12866	VG
12867	VG
12868	VG
12869	VG
12870	VG
12871	VG
12872	VG
12873	VG
12874	VG
12875	VG
12876	VG
12877	VG
12878	VG
12879	VG
12880	VG
12881	VG
12882	VG
12883	VG
12884	VG
12885	VG
12886	VG
12887	VG
12888	VG
12889	VG
12890	VG
12891	VG
12892	VG
12893	VG
12894	VG
12895	VG
12896	VG
12897	VG
12898	VG
12899	VG
12900	VG
12901	VG
12902	VG
12903	VG
12904	VG
12905	VG
12906	VG
12907	VG
12908	VG
12909	VG
12910	VG
12911	VG
12912	VG
12913	VG
12914	VG
12915	VG
12916	VG
12917	VG
12918	VG
12919	VG
12920	VG
12921	VG
12922	VG
12923	VG
12924	VG
12925	VG
12926	VG
12927	VG
12928	VG
12929	VG
12930	VG
12931	VG
12932	VG
12933	VG
12934	VG
12935	VG
12936	VG
12937	VG
12938	VG
12939	VG
12940	VG
12941	VG
12942	VG
12943	VG
12944	VG
12945	VG
12946	VG
12947	VG
12948	VG
12949	VG
12950	VG
12951	VG
12952	VG
12953	VG
12954	VG
12955	VG
12956	VG
12957	VG
12958	VG
12959	VG
12960	VG
12961	VG
12962	VG
12963	VG
12964	VG
12965	VG
12966	VG
12967	VG
12968	VG
12969	VG
12970	VG
12971	VG
12972	VG
12973	VG
12974	VG
12975	VG
12976	VG
12977	VG
12978	VG
12979	VG
12980	VG
12981	VG
12982	VG
12983	VG
12984	VG
12985	VG
12986	VG
12987	VG
12988	VG
12989	VG
12990	VG
12991	VG
12992	VG
12993	VG
12994	VG
12995	VG
12996	VG
12997	VG
12998	VG
12999	VG
13000	VG
13001	VG
13002	VG
13003	VG
13004	VG
13005	VG
13006	VG
13007	VG
13008	VG
13009	VG
13010	VG
13011	VG
13012	VG
13013	VG
13014	VG
13015	VG
13016	VG
13017	VG
13018	VG
13019	VG
13020	VG
13021	VG
13022	VG
13023	VG
13024	VG
13025	VG
13026	VG
13027	VG
13028	VG
13029	VG
13030	VG
13031	VG
13032	VG
13033	VG
13034	VG
13035	VG
13036	VG
13037	VG
13038	VG
13039	VG
13040	VG
13041	VG
13042	VG
13043	VG
13044	VG
13045	VG
13046	VG
13047	VG
13048	VG
13049	VG
13050	VG
13051	VG
13052	VG
13053	VG
13054	VG
13055	VG
13056	VG
13057	VG
13058	VG
13059	VG
13060	VG
13061	VG
13062	VG
13063	VG
13064	VG
13065	VG
13066	VG
13067	VG
13068	VG
13069	VG
13070	VG
13071	VG
13072	VG
13073	VG
13074	VG
13075	VG
13076	VG
13077	VG
13078	VG
13079	VG
13080	VG
13081	VG
13082	VG
13083	VG
13084	VG
13085	VG
13086	VG
13087	VG
13088	VG
13089	VG
13090	VG
13091	VG
13092	VG
13093	VG
13094	VG
13095	VG
13096	VG
13097	VG
13098	VG
13099	VG
13100	VG
13101	VG
13102	VG
13103	VG
13104	VG
13105	VG
13106	VG
13107	VG
13108	VG
13109	VG
13110	VG
13111	VG
13112	VG
13113	VG
13114	VG
13115	VG
13116	VG
13117	VG
13118	VG
13119	VG
13120	VG
13121	VG
13122	VG
13123	VG
13124	VG
13125	VG
13126	VG
13127	VG
13128	VG
13129	VG
13130	VG
13131	VG
13132	VG
13133	VG
13134	VG
13135	VG
13136	VG
13137	VG
13138	VG
13139	VG
13140	VG
13141	VG
13142	VG
13143	VG
13144	VG
13145	VG
13146	VG
13147	VG
13148	VG
13149	VG
13150	VG
13151	VG
13152	VG
13153	VG
13154	VG
13155	VG
13156	VG
13157	VG
13158	VG
13159	VG
13160	VG
13161	VG
13162	VG
13163	VG
13164	VG
13165	VG
13166	VG
13167	VG
13168	VG
13169	VG
13170	VG
13171	VG
13172	VG
13173	VG
13174	VG
13175	VG
13176	VG
13177	VG
13178	VG
13179	VG
13180	VG
13181	VG
13182	VG
13183	VG
13184	VG
13185	VG
13186	VG
13187	VG
13188	VG
13189	VG
13190	VG
13191	VG
13192	VG
13193	VG
13194	VG
13195	VG
13196	VG
13197	VG
13198	VG
13199	VG
13200	VG
13201	VG
13202	VG
13203	VG
13204	VG
13205	VG
13206	VG
13207	VG
13208	VG
13209	VG
13210	VG
13211	VG
13212	VG
13213	VG
13214	VG
13215	VG
13216	VG
13217	VG
13218	VG
13219	VG
13220	VG
13221	VG
13222	VG
13223	VG
13224	VG
13225	VG
13226	VG
13227	VG
13228	VG
13229	VG
13230	VG
13231	VG
13232	VG
13233	VG
13234	VG
13235	VG
13236	VG
13237	VG
13238	VG
13239	VG
13240	VG
13241	VG
13242	VG
13243	VG
13244	VG
13245	VG
13246	VG
13247	VG
13248	VG
13249	VG
13250	VG
13251	VG
13252	VG
13253	VG
13254	VG
13255	VG
13256	VG
13257	VG
13258	VG
13259	VG
13260	VG
13261	VG
13262	VG
13263	VG
13264	VG
13265	VG
13266	VG
13267	VG
13268	VG
13269	VG
13270	VG
13271	VG
13272	VG
13273	VG
13274	VG
13275	VG
13276	VG
13277	VG
13278	VG
13279	VG
13280	VG
13281	VG
13282	VG
13283	VG
13284	VG
13285	VG
13286	VG
13287	VG
13288	VG
13289	VG
13290	VG
13291	VG
13292	VG
13293	VG
13294	VG
13295	VG
13296	VG
13297	VG
13298	VG
13299	VG
13300	VG
13301	VG
13302	VG
13303	VG
13304	VG
13305	VG
13306	VG
13307	VG
13308	VG
13309	VG
13310	VG
13311	VG
13312	VG
13313	VG
13314	VG
13315	VG
13316	VG
13317	VG
13318	VG
13319	VG
13320	VG
13321	VG
13322	VG
13323	VG
13324	VG
13325	VG
13326	VG
13327	VG
13328	VG
13329	VG
13330	VG
13331	VG
13332	VG
13333	VG
13334	VG
13335	VG
13336	VG
13337	VG
13338	VG
13339	VG
13340	VG
13341	VG
13342	VG
13343	VG
13344	VG
13345	VG
13346	VG
13347	VG
13348	VG
13349	VG
13350	VG
13351	VG
13352	VG
13353	VG
13354	VG
13355	VG
13356	VG
13357	VG
13358	VG
13359	VG
13360	VG
13361	VG
13362	VG
13363	VG
13364	VG
13365	VG
13366	VG
13367	VG
13368	VG
13369	VG
13370	VG
13371	VG
13372	VG
13373	VG
13374	VG
13375	VG
13376	VG
13377	VG
13378	VG
13379	VG
13380	VG
13381	VG
13382	VG
13383	VG
13384	VG
13385	VG
13386	VG
13387	VG
13388	VG
13389	VG
13390	VG
13391	VG
13392	VG
13393	VG
13394	VG
13395	VG
13396	VG
13397	VG
13398	VG
13399	VG
13400	VG
13401	VG
13402	VG
13403	VG
13404	VG
13405	VG
13406	VG
13407	VG
13408	VG
13409	VG
13410	VG
13411	VG
13412	VG
13413	VG
13414	VG
13415	VG
13416	VG
13417	VG
13418	VG
13419	VG
13420	VG
13421	VG
13422	VG
13423	VG
13424	VG
13425	VG
13426	VG
13427	VG
13428	VG
13429	VG
13430	VG
13431	VG
13432	VG
13433	VG
13434	VG
13435	VG
13436	VG
13437	VG
13438	VG
13439	VG
13440	VG
13441	VG
13442	VG
13443	VG
13444	VG
13445	VG
13446	VG
13447	VG
13448	VG
13449	VG
13450	VG
13451	VG
13452	VG
13453	VG
13454	VG
13455	VG
13456	VG
13457	VG
13458	VG
13459	VG
13460	VG
13461	VG
13462	VG
13463	VG
13464	VG
13465	VG
13466	VG
13467	VG
13468	VG
13469	VG
13470	VG
13471	VG
13472	VG
13473	VG
13474	VG
13475	VG
13476	VG
13477	VG
13478	VG
13479	VG
13480	VG
13481	VG
13482	VG
13483	VG
13484	VG
13485	VG
13486	VG
13487	VG
13488	VG
13489	VG
13490	VG
13491	VG
13492	VG
13493	VG
13494	VG
13495	VG
13496	VG
13497	VG
13498	VG
13499	VG
13500	VG
13501	VG
13502	VG
13503	VG
13504	VG
13505	VG
13506	VG
13507	VG
13508	VG
13509	VG
13510	VG
13511	VG
13512	VG
13513	VG
13514	VG
13515	VG
13516	VG
13517	VG
13518	VG
13519	VG
13520	VG
13521	VG
13522	VG
13523	VG
13524	VG
13525	VG
13526	VG
13527	VG
13528	VG
13529	VG
13530	VG
13531	VG
13532	VG
13533	VG
13534	VG
13535	VG
13536	VG
13537	VG
13538	VG
13539	VG
13540	VG
13541	VG
13542	VG
13543	VG
13544	VG
13545	VG
13546	VG
13547	VG
13548	VG
13549	VG
13550	VG
13551	VG
13552	VG
13553	VG
13554	VG
13555	VG
13556	VG
13557	VG
13558	VG
13559	VG
13560	VG
13561	VG
13562	VG
13563	VG
13564	VG
13565	VG
13566	VG
13567	VG
13568	VG
13569	VG
13570	VG
13571	VG
13572	VG
13573	VG
13574	VG
13575	VG
13576	VG
13577	VG
13578	VG
13579	VG
13580	VG
13581	VG
13582	VG
13583	VG
13584	VG
13585	VG
13586	VG
13587	VG
13588	VG
13589	VG
13590	VG
13591	VG
13592	VG
13593	VG
13594	VG
13595	VG
13596	VG
13597	VG
13598	VG
13599	VG
13600	VG
13601	VG
13602	VG
13603	VG
13604	VG
13605	VG
13606	VG
13607	VG
13608	VG
13609	VG
13610	VG
13611	VG
13612	VG
13613	VG
13614	VG
13615	VG
13616	VG
13617	VG
13618	VG
13619	VG
13620	VG
13621	VG
13622	VG
13623	VG
13624	VG
13625	VG
13626	VG
13627	VG
13628	VG
13629	VG
13630	VG
13631	VG
13632	VG
13633	VG
13634	VG
13635	VG
13636	VG
13637	VG
13638	VG
13639	VG
13640	VG
13641	VG
13642	VG
13643	VG
13644	VG
13645	VG
13646	VG
13647	VG
13648	VG
13649	VG
13650	VG
13651	VG
13652	VG
13653	VG
13654	VG
13655	VG
13656	VG
13657	VG
13658	VG
13659	VG
13660	VG
13661	VG
13662	VG
13663	VG
13664	VG
13665	VG
13666	VG
13667	VG
13668	VG
13669	VG
13670	VG
13671	VG
13672	VG
13673	VG
13674	VG
13675	VG
13676	VG
13677	VG
13678	VG
13679	VG
13680	VG
13681	VG
13682	VG
13683	VG
13684	VG
13685	VG
13686	VG
13687	VG
13688	VG
13689	VG
13690	VG
13691	VG
13692	VG
13693	VG
13694	VG
13695	VG
13696	VG
13697	VG
13698	VG
13699	VG
13700	VG
13701	VG
13702	VG
13703	VG
13704	VG
13705	VG
13706	VG
13707	VG
13708	VG
13709	VG
13710	VG
13711	VG
13712	VG
13713	VG
13714	VG
13715	VG
13716	VG
13717	VG
13718	VG
13719	VG
13720	VG
13721	VG
13722	VG
13723	VG
13724	VG
13725	VG
13726	VG
13727	VG
13728	VG
13729	VG
13730	VG
13731	VG
13732	VG
13733	VG
13734	VG
13735	VG
13736	VG
13737	VG
13738	VG
13739	VG
13740	VG
13741	VG
13742	VG
13743	VG
13744	VG
13745	VG
13746	VG
13747	VG
13748	VG
13749	VG
13750	VG
13751	VG
13752	VG
13753	VG
13754	VG
13755	VG
13756	VG
13757	VG
13758	VG
13759	VG
13760	VG
13761	VG
13762	VG
13763	VG
13764	VG
13765	VG
13766	VG
13767	VG
13768	VG
13769	VG
13770	VG
13771	VG
13772	VG
13773	VG
13774	VG
13775	VG
13776	VG
13777	VG
13778	VG
13779	VG
13780	VG
13781	VG
13782	VG
13783	VG
13784	VG
13785	VG
13786	VG
13787	VG
13788	VG
13789	VG
13790	VG
13791	VG
13792	VG
13793	VG
13794	VG
13795	VG
13796	VG
13797	VG
13798	VG
13799	VG
13800	VG
13801	VG
13802	VG
13803	VG
13804	VG
13805	VG
13806	VG
13807	VG
13808	VG
13809	VG
13810	VG
13811	VG
13812	VG
13813	VG
13814	VG
13815	VG
13816	VG
13817	VG
13818	VG
13819	VG
13820	VG
13821	VG
13822	VG
13823	VG
13824	VG
13825	VG
13826	VG
13827	VG
13828	VG
13829	VG
13830	VG
13831	VG
13832	VG
13833	VG
13834	VG
13835	VG
13836	VG
13837	VG
13838	VG
13839	VG
13840	VG
13841	VG
13842	VG
13843	VG
13844	VG
13845	VG
13846	VG
13847	VG
13848	VG
13849	VG
13850	VG
13851	VG
13852	VG
13853	VG
13854	VG
13855	VG
13856	VG
13857	VG
13858	VG
13859	VG
13860	VG
13861	VG
13862	VG
13863	VG
13864	VG
13865	VG
13866	VG
13867	VG
13868	VG
13869	VG
13870	VG
13871	VG
13872	VG
13873	VG
13874	VG
13875	VG
13876	VG
13877	VG
13878	VG
13879	VG
13880	VG
13881	VG
13882	VG
13883	VG
13884	VG
13885	VG
13886	VG
13887	VG
13888	VG
13889	VG
13890	VG
13891	VG
13892	VG
13893	VG
13894	VG
13895	VG
13896	VG
13897	VG
13898	VG
13899	VG
13900	VG
13901	VG
13902	VG
13903	VG
13904	VG
13905	VG
13906	VG
13907	VG
13908	VG
13909	VG
13910	VG
13911	VG
13912	VG
13913	VG
13914	VG
13915	VG
13916	VG
13917	VG
13918	VG
13919	VG
13920	VG
13921	VG
13922	VG
13923	VG
13924	VG
13925	VG
13926	VG
13927	VG
13928	VG
13929	VG
13930	VG
13931	VG
13932	VG
13933	VG
13934	VG
13935	VG
13936	VG
13937	VG
13938	VG
13939	VG
13940	VG
13941	VG
13942	VG
13943	VG
13944	VG
13945	VG
13946	VG
13947	VG
13948	VG
13949	VG
13950	VG
13951	VG
13952	VG
13953	VG
13954	VG
13955	VG
13956	VG
13957	VG
13958	VG
13959	VG
13960	VG
13961	VG
13962	VG
13963	VG
13964	VG
13965	VG
13966	VG
13967	VG
13968	VG
13969	VG
13970	VG
13971	VG
13972	VG
13973	VG
13974	VG
13975	VG
13976	VG
13977	VG
13978	VG
13979	VG
13980	VG
13981	VG
13982	VG
13983	VG
13984	VG
13985	VG
13986	VG
13987	VG
13988	VG
13989	VG
13990	VG
13991	VG
13992	VG
13993	VG
13994	VG
13995	VG
13996	VG
13997	VG
13998	VG
13999	VG
14000	VG
14001	VG
14002	VG
14003	VG
14004	VG
14005	VG
14006	VG
14007	VG
14008	VG
14009	VG
14010	VG
14011	VG
14012	VG
14013	VG
14014	VG
14015	VG
14016	VG
14017	VG
14018	VG
14019	VG
14020	VG
14021	VG
14022	VG
14023	VG
14024	VG
14025	VG
14026	VG
14027	VG
14028	VG
14029	VG
14030	VG
14031	VG
14032	VG
14033	VG
14034	VG
14035	VG
14036	VG
14037	VG
14038	VG
14039	VG
14040	VG
14041	VG
14042	VG
14043	VG
14044	VG
14045	VG
14046	VG
14047	VG
14048	VG
14049	VG
14050	VG
14051	VG
14052	VG
14053	VG
14054	VG
14055	VG
14056	VG
14057	VG
14058	VG
14059	VG
14060	VG
14061	VG
14062	VG
14063	VG
14064	VG
14065	VG
14066	VG
14067	VG
14068	VG
14069	VG
14070	VG
14071	VG
14072	VG
14073	VG
14074	VG
14075	VG
14076	VG
14077	VG
14078	VG
14079	VG
14080	VG
14081	VG
14082	VG
14083	VG
14084	VG
14085	VG
14086	VG
14087	VG
14088	VG
14089	VG
14090	VG
14091	VG
14092	VG
14093	VG
14094	VG
14095	VG
14096	VG
14097	VG
14098	VG
14099	VG
14100	VG
14101	VG
14102	VG
14103	VG
14104	VG
14105	VG
14106	VG
14107	VG
14108	VG
14109	VG
14110	VG
14111	VG
14112	VG
14113	VG
14114	VG
14115	VG
14116	VG
14117	VG
14118	VG
14119	VG
14120	VG
14121	VG
14122	VG
14123	VG
14124	VG
14125	VG
14126	VG
14127	VG
14128	VG
14129	VG
14130	VG
14131	VG
14132	VG
14133	VG
14134	VG
14135	VG
14136	VG
14137	VG
14138	VG
14139	VG
14140	VG
14141	VG
14142	VG
14143	VG
14144	VG
14145	VG
14146	VG
14147	VG
14148	VG
14149	VG
14150	VG
14151	VG
14152	VG
14153	VG
14154	VG
14155	VG
14156	VG
14157	VG
14158	VG
14159	VG
14160	VG
14161	VG
14162	VG
14163	VG
14164	VG
14165	VG
14166	VG
14167	VG
14168	VG
14169	VG
14170	VG
14171	VG
14172	VG
14173	VG
14174	VG
14175	VG
14176	VG
14177	VG
14178	VG
14179	VG
14180	VG
14181	VG
14182	VG
14183	VG
14184	VG
14185	VG
14186	VG
14187	VG
14188	VG
14189	VG
14190	VG
14191	VG
14192	VG
14193	VG
14194	VG
14195	VG
14196	VG
14197	VG
14198	VG
14199	VG
14200	VG
14201	VG
14202	VG
14203	VG
14204	VG
14205	VG
14206	VG
14207	VG
14208	VG
14209	VG
14210	VG
14211	VG
14212	VG
14213	VG
14214	VG
14215	VG
14216	VG
14217	VG
14218	VG
14219	VG
14220	VG
14221	VG
14222	VG
14223	VG
14224	VG
14225	VG
14226	VG
14227	VG
14228	VG
14229	VG
14230	VG
14231	VG
14232	VG
14233	VG
14234	VG
14235	VG
14236	VG
14237	VG
14238	VG
14239	VG
14240	VG
14241	VG
14242	VG
14243	VG
14244	VG
14245	VG
14246	VG
14247	VG
14248	VG
14249	VG
14250	VG
14251	VG
14252	VG
14253	VG
14254	VG
14255	VG
14256	VG
14257	VG
14258	VG
14259	VG
14260	VG
14261	VG
14262	VG
14263	VG
14264	VG
14265	VG
14266	VG
14267	VG
14268	VG
14269	VG
14270	VG
14271	VG
14272	VG
14273	VG
14274	VG
14275	VG
14276	VG
14277	VG
14278	VG
14279	VG
14280	VG
14281	VG
14282	VG
14283	VG
14284	VG
14285	VG
14286	VG
14287	VG
14288	VG
14289	VG
14290	VG
14291	VG
14292	VG
14293	VG
14294	VG
14295	VG
14296	VG
14297	VG
14298	VG
14299	VG
14300	VG
14301	VG
14302	VG
14303	VG
14304	VG
14305	VG
14306	VG
14307	VG
14308	VG
14309	VG
14310	VG
14311	VG
14312	VG
14313	VG
14314	VG
14315	VG
14316	VG
14317	VG
14318	VG
14319	VG
14320	VG
14321	VG
14322	VG
14323	VG
14324	VG
14325	VG
14326	VG
14327	VG
14328	VG
14329	VG
14330	VG
14331	VG
14332	VG
14333	VG
14334	VG
14335	VG
14336	VG
14337	VG
14338	VG
14339	VG
14340	VG
14341	VG
14342	VG
14343	VG
14344	VG
14345	VG
14346	VG
14347	VG
14348	VG
14349	VG
14350	VG
14351	VG
14352	VG
14353	VG
14354	VG
14355	VG
14356	VG
14357	VG
14358	VG
14359	VG
14360	VG
14361	VG
14362	VG
14363	VG
14364	VG
14365	VG
14366	VG
14367	VG
14368	VG
14369	VG
14370	VG
14371	VG
14372	VG
14373	VG
14374	VG
14375	VG
14376	VG
14377	VG
14378	VG
14379	VG
14380	VG
14381	VG
14382	VG
14383	VG
14384	VG
14385	VG
14386	VG
14387	VG
14388	VG
14389	VG
14390	VG
14391	VG
14392	VG
14393	VG
14394	VG
14395	VG
14396	VG
14397	VG
14398	VG
14399	VG
14400	VG
14401	VG
14402	VG
14403	VG
14404	VG
14405	VG
14406	VG
14407	VG
14408	VG
14409	VG
14410	VG
14411	VG
14412	VG
14413	VG
14414	VG
14415	VG
14416	VG
14417	VG
14418	VG
14419	VG
14420	VG
14421	VG
14422	VG
14423	VG
14424	VG
14425	VG
14426	VG
14427	VG
14428	VG
14429	VG
14430	VG
14431	VG
14432	VG
14433	VG
14434	VG
14435	VG
14436	VG
14437	VG
14438	VG
14439	VG
14440	VG
14441	VG
14442	VG
14443	VG
14444	VG
14445	VG
14446	VG
14447	VG
14448	VG
14449	VG
14450	VG
14451	VG
14452	VG
14453	VG
14454	VG
14455	VG
14456	VG
14457	VG
14458	VG
14459	VG
14460	VG
14461	VG
14462	VG
14463	VG
14464	VG
14465	VG
14466	VG
14467	VG
14468	VG
14469	VG
14470	VG
14471	VG
14472	VG
14473	VG
14474	VG
14475	VG
14476	VG
14477	VG
14478	VG
14479	VG
14480	VG
14481	VG
14482	VG
14483	VG
14484	VG
14485	VG
14486	VG
14487	VG
14488	VG
14489	VG
14490	VG
14491	VG
14492	VG
14493	VG
14494	VG
14495	VG
14496	VG
14497	VG
14498	VG
14499	VG
14500	VG
14501	VG
14502	VG
14503	VG
14504	VG
14505	VG
14506	VG
14507	VG
14508	VG
14509	VG
14510	VG
14511	VG
14512	VG
14513	VG
14514	VG
14515	VG
14516	VG
14517	VG
14518	VG
14519	VG
14520	VG
14521	VG
14522	VG
14523	VG
14524	VG
14525	VG
14526	VG
14527	VG
14528	VG
14529	VG
14530	VG
14531	VG
14532	VG
14533	VG
14534	VG
14535	VG
14536	VG
14537	VG
14538	VG
14539	VG
14540	VG
14541	VG
14542	VG
14543	VG
14544	VG
14545	VG
14546	VG
14547	VG
14548	VG
14549	VG
14550	VG
14551	VG
14552	VG
14553	VG
14554	VG
14555	VG
14556	VG
14557	VG
14558	VG
14559	VG
14560	VG
14561	VG
14562	VG
14563	VG
14564	VG
14565	VG
14566	VG
14567	VG
14568	VG
14569	VG
14570	VG
14571	VG
14572	VG
14573	VG
14574	VG
14575	VG
14576	VG
14577	VG
14578	VG
14579	VG
14580	VG
14581	VG
14582	VG
14583	VG
14584	VG
14585	VG
14586	VG
14587	VG
14588	VG
14589	VG
14590	VG
14591	VG
14592	VG
14593	VG
14594	VG
14595	VG
14596	VG
14597	VG
14598	VG
14599	VG
14600	VG
14601	VG
14602	VG
14603	VG
14604	VG
14605	VG
14606	VG
14607	VG
14608	VG
14609	VG
14610	VG
14611	VG
14612	VG
14613	VG
14614	VG
14615	VG
14616	VG
14617	VG
14618	VG
14619	VG
14620	VG
14621	VG
14622	VG
14623	VG
14624	VG
14625	VG
14626	VG
14627	VG
14628	VG
14629	VG
14630	VG
14631	VG
14632	VG
14633	VG
14634	VG
14635	VG
14636	VG
14637	VG
14638	VG
14639	VG
14640	VG
14641	VG
14642	VG
14643	VG
14644	VG
14645	VG
14646	VG
14647	VG
14648	VG
14649	VG
14650	VG
14651	VG
14652	VG
14653	VG
14654	VG
14655	VG
14656	VG
14657	VG
14658	VG
14659	VG
14660	VG
14661	VG
14662	VG
14663	VG
14664	VG
14665	VG
14666	VG
14667	VG
14668	VG
14669	VG
14670	VG
14671	VG
14672	VG
14673	VG
14674	VG
14675	VG
14676	VG
14677	VG
14678	VG
14679	VG
14680	VG
14681	VG
14682	VG
14683	VG
14684	VG
14685	VG
14686	VG
14687	VG
14688	VG
14689	VG
14690	VG
14691	VG
14692	VG
14693	VG
14694	VG
14695	VG
14696	VG
14697	VG
14698	VG
14699	VG
14700	VG
14701	VG
14702	VG
14703	VG
14704	VG
14705	VG
14706	VG
14707	VG
14708	VG
14709	VG
14710	VG
14711	VG
14712	VG
14713	VG
14714	VG
14715	VG
14716	VG
14717	VG
14718	VG
14719	VG
14720	VG
14721	VG
14722	VG
14723	VG
14724	VG
14725	VG
14726	VG
14727	VG
14728	VG
14729	VG
14730	VG
14731	VG
14732	VG
14733	VG
14734	VG
14735	VG
14736	VG
14737	VG
14738	VG
14739	VG
14740	VG
14741	VG
14742	VG
14743	VG
14744	VG
14745	VG
14746	VG
14747	VG
14748	VG
14749	VG
14750	VG
14751	VG
14752	VG
14753	VG
14754	VG
14755	VG
14756	VG
14757	VG
14758	VG
14759	VG
14760	VG
14761	VG
14762	VG
14763	VG
14764	VG
14765	VG
14766	VG
14767	VG
14768	VG
14769	VG
14770	VG
14771	VG
14772	VG
14773	VG
14774	VG
14775	VG
14776	VG
14777	VG
14778	VG
14779	VG
14780	VG
14781	VG
14782	VG
14783	VG
14784	VG
14785	VG
14786	VG
14787	VG
14788	VG
14789	VG
14790	VG
14791	VG
14792	VG
14793	VG
14794	VG
14795	VG
14796	VG
14797	VG
14798	VG
14799	VG
14800	VG
14801	VG
14802	VG
14803	VG
14804	VG
14805	VG
14806	VG
14807	VG
14808	VG
14809	VG
14810	VG
14811	VG
14812	VG
14813	VG
14814	VG
14815	VG
14816	VG
14817	VG
14818	VG
14819	VG
14820	VG
14821	VG
14822	VG
14823	VG
14824	VG
14825	VG
14826	VG
14827	VG
14828	VG
14829	VG
14830	VG
14831	VG
14832	VG
14833	VG
14834	VG
14835	VG
14836	VG
14837	VG
14838	VG
14839	VG
14840	VG
14841	VG
14842	VG
14843	VG
14844	VG
14845	VG
14846	VG
14847	VG
14848	VG
14849	VG
14850	VG
14851	VG
14852	VG
14853	VG
14854	VG
14855	VG
14856	VG
14857	VG
14858	VG
14859	VG
14860	VG
14861	VG
14862	VG
14863	VG
14864	VG
14865	VG
14866	VG
14867	VG
14868	VG
14869	VG
14870	VG
14871	VG
14872	VG
14873	VG
14874	VG
14875	VG
14876	VG
14877	VG
14878	VG
14879	VG
14880	VG
14881	VG
14882	VG
14883	VG
14884	VG
14885	VG
14886	VG
14887	VG
14888	VG
14889	VG
14890	VG
14891	VG
14892	VG
14893	VG
14894	VG
14895	VG
14896	VG
14897	VG
14898	VG
14899	VG
14900	VG
14901	VG
14902	VG
14903	VG
14904	VG
14905	VG
14906	VG
14907	VG
14908	VG
14909	VG
14910	VG
14911	VG
14912	VG
14913	VG
14914	VG
14915	VG
14916	VG
14917	VG
14918	VG
14919	VG
14920	VG
14921	VG
14922	VG
14923	VG
14924	VG
14925	VG
14926	VG
14927	VG
14928	VG
14929	VG
14930	VG
14931	VG
14932	VG
14933	VG
14934	VG
14935	VG
14936	VG
14937	VG
14938	VG
14939	VG
14940	VG
14941	VG
14942	VG
14943	VG
14944	VG
14945	VG
14946	VG
14947	VG
14948	VG
14949	VG
14950	VG
14951	VG
14952	VG
14953	VG
14954	VG
14955	VG
14956	VG
14957	VG
14958	VG
14959	VG
14960	VG
14961	VG
14962	VG
14963	VG
14964	VG
14965	VG
14966	VG
14967	VG
14968	VG
14969	VG
14970	VG
14971	VG
14972	VG
14973	VG
14974	VG
14975	VG
14976	VG
14977	VG
14978	VG
14979	VG
14980	VG
14981	VG
14982	VG
14983	VG
14984	VG
14985	VG
14986	VG
14987	VG
14988	VG
14989	VG
14990	VG
14991	VG
14992	VG
14993	VG
14994	VG
14995	VG
14996	VG
14997	VG
14998	VG
14999	VG
15000	VG
15001	VG
15002	VG
15003	VG
15004	VG
15005	VG
15006	VG
15007	VG
15008	VG
15009	VG
15010	VG
15011	VG
15012	VG
15013	VG
15014	VG
15015	VG
15016	VG
15017	VG
15018	VG
15019	VG
15020	VG
15021	VG
15022	VG
15023	VG
15024	VG
15025	VG
15026	VG
15027	VG
15028	VG
15029	VG
15030	VG
15031	VG
15032	VG
15033	VG
15034	VG
15035	VG
15036	VG
15037	VG
15038	VG
15039	VG
15040	VG
15041	VG
15042	VG
15043	VG
15044	VG
15045	VG
15046	VG
15047	VG
15048	VG
15049	VG
15050	VG
15051	VG
15052	VG
15053	VG
15054	VG
15055	VG
15056	VG
15057	VG
15058	VG
15059	VG
15060	VG
15061	VG
15062	VG
15063	VG
15064	VG
15065	VG
15066	VG
15067	VG
15068	VG
15069	VG
15070	VG
15071	VG
15072	VG
15073	VG
15074	VG
15075	VG
15076	VG
15077	VG
15078	VG
15079	VG
15080	VG
15081	VG
15082	VG
15083	VG
15084	VG
15085	VG
15086	VG
15087	VG
15088	VG
15089	VG
15090	VG
15091	VG
15092	VG
15093	VG
15094	VG
15095	VG
15096	VG
15097	VG
15098	VG
15099	VG
15100	VG
15101	VG
15102	VG
15103	VG
15104	VG
15105	VG
15106	VG
15107	VG
15108	VG
15109	VG
15110	VG
15111	VG
15112	VG
15113	VG
15114	VG
15115	VG
15116	VG
15117	VG
15118	VG
15119	VG
15120	VG
15121	VG
15122	VG
15123	VG
15124	VG
15125	VG
15126	VG
15127	VG
15128	VG
15129	VG
15130	VG
15131	VG
15132	VG
15133	VG
15134	VG
15135	VG
15136	VG
15137	VG
15138	VG
15139	VG
15140	VG
15141	VG
15142	VG
15143	VG
15144	VG
15145	VG
15146	VG
15147	VG
15148	VG
15149	VG
15150	VG
15151	VG
15152	VG
15153	VG
15154	VG
15155	VG
15156	VG
15157	VG
15158	VG
15159	VG
15160	VG
15161	VG
15162	VG
15163	VG
15164	VG
15165	VG
15166	VG
15167	VG
15168	VG
15169	VG
15170	VG
15171	VG
15172	VG
15173	VG
15174	VG
15175	VG
15176	VG
15177	VG
15178	VG
15179	VG
15180	VG
15181	VG
15182	VG
15183	VG
15184	VG
15185	VG
15186	VG
15187	VG
15188	VG
15189	VG
15190	VG
15191	VG
15192	VG
15193	VG
15194	VG
15195	VG
15196	VG
15197	VG
15198	VG
15199	VG
15200	VG
15201	VG
15202	VG
15203	VG
15204	VG
15205	VG
15206	VG
15207	VG
15208	VG
15209	VG
15210	VG
15211	VG
15212	VG
15213	VG
15214	VG
15215	VG
15216	VG
15217	VG
15218	VG
15219	VG
15220	VG
15221	VG
15222	VG
15223	VG
15224	VG
15225	VG
15226	VG
15227	VG
15228	VG
15229	VG
15230	VG
15231	VG
15232	VG
15233	VG
15234	VG
15235	VG
15236	VG
15237	VG
15238	VG
15239	VG
15240	VG
15241	VG
15242	VG
15243	VG
15244	VG
15245	VG
15246	VG
15247	VG
15248	VG
15249	VG
15250	VG
15251	VG
15252	VG
15253	VG
15254	VG
15255	VG
15256	VG
15257	VG
15258	VG
15259	VG
15260	VG
15261	VG
15262	VG
15263	VG
15264	VG
15265	VG
15266	VG
15267	VG
15268	VG
15269	VG
15270	VG
15271	VG
15272	VG
15273	VG
15274	VG
15275	VG
15276	VG
15277	VG
15278	VG
15279	VG
15280	VG
15281	VG
15282	VG
15283	VG
15284	VG
15285	VG
15286	VG
15287	VG
15288	VG
15289	VG
15290	VG
15291	VG
15292	VG
15293	VG
15294	VG
15295	VG
15296	VG
15297	VG
15298	VG
15299	VG
15300	VG
15301	VG
15302	VG
15303	VG
15304	VG
15305	VG
15306	VG
15307	VG
15308	VG
15309	VG
15310	VG
15311	VG
15312	VG
15313	VG
15314	VG
15315	VG
15316	VG
15317	VG
15318	VG
15319	VG
15320	VG
15321	VG
15322	VG
15323	VG
15324	VG
15325	VG
15326	VG
15327	VG
15328	VG
15329	VG
15330	VG
15331	VG
15332	VG
15333	VG
15334	VG
15335	VG
15336	VG
15337	VG
15338	VG
15339	VG
15340	VG
15341	VG
15342	VG
15343	VG
15344	VG
15345	VG
15346	VG
15347	VG
15348	VG
15349	VG
15350	VG
15351	VG
15352	VG
15353	VG
15354	VG
15355	VG
15356	VG
15357	VG
15358	VG
15359	VG
15360	VG
15361	VG
15362	VG
15363	VG
15364	VG
15365	VG
15366	VG
15367	VG
15368	VG
15369	VG
15370	VG
15371	VG
15372	VG
15373	VG
15374	VG
15375	VG
15376	VG
15377	VG
15378	VG
15379	VG
15380	VG
15381	VG
15382	VG
15383	VG
15384	VG
15385	VG
15386	VG
15387	VG
15388	VG
15389	VG
15390	VG
15391	VG
15392	VG
15393	VG
15394	VG
15395	VG
15396	VG
15397	VG
15398	VG
15399	VG
15400	VG
15401	VG
15402	VG
15403	VG
15404	VG
15405	VG
15406	VG
15407	VG
15408	VG
15409	VG
15410	VG
15411	VG
15412	VG
15413	VG
15414	VG
15415	VG
15416	VG
15417	VG
15418	VG
15419	VG
15420	VG
15421	VG
15422	VG
15423	VG
15424	VG
15425	VG
15426	VG
15427	VG
15428	VG
15429	VG
15430	VG
15431	VG
15432	VG
15433	VG
15434	VG
15435	VG
15436	VG
15437	VG
15438	VG
15439	VG
15440	VG
15441	VG
15442	VG
15443	VG
15444	VG
15445	VG
15446	VG
15447	VG
15448	VG
15449	VG
15450	VG
15451	VG
15452	VG
15453	VG
15454	VG
15455	VG
15456	VG
15457	VG
15458	VG
15459	VG
15460	VG
15461	VG
15462	VG
15463	VG
15464	VG
15465	VG
15466	VG
15467	VG
15468	VG
15469	VG
15470	VG
15471	VG
15472	VG
15473	VG
15474	VG
15475	VG
15476	VG
15477	VG
15478	VG
15479	VG
15480	VG
15481	VG
15482	VG
15483	VG
15484	VG
15485	VG
15486	VG
15487	VG
15488	VG
15489	VG
15490	VG
15491	VG
15492	VG
15493	VG
15494	VG
15495	VG
15496	VG
15497	VG
15498	VG
15499	VG
15500	VG
15501	VG
15502	VG
15503	VG
15504	VG
15505	VG
15506	VG
15507	VG
15508	VG
15509	VG
15510	VG
15511	VG
15512	VG
15513	VG
15514	VG
15515	VG
15516	VG
15517	VG
15518	VG
15519	VG
15520	VG
15521	VG
15522	VG
15523	VG
15524	VG
15525	VG
15526	VG
15527	VG
15528	VG
15529	VG
15530	VG
15531	VG
15532	VG
15533	VG
15534	VG
15535	VG
15536	VG
15537	VG
15538	VG
15539	VG
15540	VG
15541	VG
15542	VG
15543	VG
15544	VG
15545	VG
15546	VG
15547	VG
15548	VG
15549	VG
15550	VG
15551	VG
15552	VG
15553	VG
15554	VG
15555	VG
15556	VG
15557	VG
15558	VG
15559	VG
15560	VG
15561	VG
15562	VG
15563	VG
15564	VG
15565	VG
15566	VG
15567	VG
15568	VG
15569	VG
15570	VG
15571	VG
15572	VG
15573	VG
15574	VG
15575	VG
15576	VG
15577	VG
15578	VG
15579	VG
15580	VG
15581	VG
15582	VG
15583	VG
15584	VG
15585	VG
15586	VG
15587	VG
15588	VG
15589	VG
15590	VG
15591	VG
15592	VG
15593	VG
15594	VG
15595	VG
15596	VG
15597	VG
15598	VG
15599	VG
15600	VG
15601	VG
15602	VG
15603	VG
15604	VG
15605	VG
15606	VG
15607	VG
15608	VG
15609	VG
15610	VG
15611	VG
15612	VG
15613	VG
15614	VG
15615	VG
15616	VG
15617	VG
15618	VG
15619	VG
15620	VG
15621	VG
15622	VG
15623	VG
15624	VG
15625	VG
15626	VG
15627	VG
15628	VG
15629	VG
15630	VG
15631	VG
15632	VG
15633	VG
15634	VG
15635	VG
15636	VG
15637	VG
15638	VG
15639	VG
15640	VG
15641	VG
15642	VG
15643	VG
15644	VG
15645	VG
15646	VG
15647	VG
15648	VG
15649	VG
15650	VG
15651	VG
15652	VG
15653	VG
15654	VG
15655	VG
15656	VG
15657	VG
15658	VG
15659	VG
15660	VG
15661	VG
15662	VG
15663	VG
15664	VG
15665	VG
15666	VG
15667	VG
15668	VG
15669	VG
15670	VG
15671	VG
15672	VG
15673	VG
15674	VG
15675	VG
15676	VG
15677	VG
15678	VG
15679	VG
15680	VG
15681	VG
15682	VG
15683	VG
15684	VG
15685	VG
15686	VG
15687	VG
15688	VG
15689	VG
15690	VG
15691	VG
15692	VG
15693	VG
15694	VG
15695	VG
15696	VG
15697	VG
15698	VG
15699	VG
15700	VG
15701	VG
15702	VG
15703	VG
15704	VG
15705	VG
15706	VG
15707	VG
15708	VG
15709	VG
15710	VG
15711	VG
15712	VG
15713	VG
15714	VG
15715	VG
15716	VG
15717	VG
15718	VG
15719	VG
15720	VG
15721	VG
15722	VG
15723	VG
15724	VG
15725	VG
15726	VG
15727	VG
15728	VG
15729	VG
15730	VG
15731	VG
15732	VG
15733	VG
15734	VG
15735	VG
15736	VG
15737	VG
15738	VG
15739	VG
15740	VG
15741	VG
15742	VG
15743	VG
15744	VG
15745	VG
15746	VG
15747	VG
15748	VG
15749	VG
15750	VG
15751	VG
15752	VG
15753	VG
15754	VG
15755	VG
15756	VG
15757	VG
15758	VG
15759	VG
15760	VG
15761	VG
15762	VG
15763	VG
15764	VG
15765	VG
15766	VG
15767	VG
15768	VG
15769	VG
15770	VG
15771	VG
15772	VG
15773	VG
15774	VG
15775	VG
15776	VG
15777	VG
15778	VG
15779	VG
15780	VG
15781	VG
15782	VG
15783	VG
15784	VG
15785	VG
15786	VG
15787	VG
15788	VG
15789	VG
15790	VG
15791	VG
15792	VG
15793	VG
15794	VG
15795	VG
15796	VG
15797	VG
15798	VG
15799	VG
15800	VG
15801	VG
15802	VG
15803	VG
15804	VG
15805	VG
15806	VG
15807	VG
15808	VG
15809	VG
15810	VG
15811	VG
15812	VG
15813	VG
15814	VG
15815	VG
15816	VG
15817	VG
15818	VG
15819	VG
15820	VG
15821	VG
15822	VG
15823	VG
15824	VG
15825	VG
15826	VG
15827	VG
15828	VG
15829	VG
15830	VG
15831	VG
15832	VG
15833	VG
15834	VG
15835	VG
15836	VG
15837	VG
15838	VG
15839	VG
15840	VG
15841	VG
15842	VG
15843	VG
15844	VG
15845	VG
15846	VG
15847	VG
15848	VG
15849	VG
15850	VG
15851	VG
15852	VG
15853	VG
15854	VG
15855	VG
15856	VG
15857	VG
15858	VG
15859	VG
15860	VG
15861	VG
15862	VG
15863	VG
15864	VG
15865	VG
15866	VG
15867	VG
15868	VG
15869	VG
15870	VG
15871	VG
15872	VG
15873	VG
15874	VG
15875	VG
15876	VG
15877	VG
15878	VG
15879	VG
15880	VG
15881	VG
15882	VG
15883	VG
15884	VG
15885	VG
15886	VG
15887	VG
15888	VG
15889	VG
15890	VG
15891	VG
15892	VG
15893	VG
15894	VG
15895	VG
15896	VG
15897	VG
15898	VG
15899	VG
15900	VG
15901	VG
15902	VG
15903	VG
15904	VG
15905	VG
15906	VG
15907	VG
15908	VG
15909	VG
15910	VG
15911	VG
15912	VG
15913	VG
15914	VG
15915	VG
15916	VG
15917	VG
15918	VG
15919	VG
15920	VG
15921	VG
15922	VG
15923	VG
15924	VG
15925	VG
15926	VG
15927	VG
15928	VG
15929	VG
15930	VG
15931	VG
15932	VG
15933	VG
15934	VG
15935	VG
15936	VG
15937	VG
15938	VG
15939	VG
15940	VG
15941	VG
15942	VG
15943	VG
15944	VG
15945	VG
15946	VG
15947	VG
15948	VG
15949	VG
15950	VG
15951	VG
15952	VG
15953	VG
15954	VG
15955	VG
15956	VG
15957	VG
15958	VG
15959	VG
15960	VG
15961	VG
15962	VG
15963	VG
15964	VG
15965	VG
15966	VG
15967	VG
15968	VG
15969	VG
15970	VG
15971	VG
15972	VG
15973	VG
15974	VG
15975	VG
15976	VG
15977	VG
15978	VG
15979	VG
15980	VG
15981	VG
15982	VG
15983	VG
15984	VG
15985	VG
15986	VG
15987	VG
15988	VG
15989	VG
15990	VG
15991	VG
15992	VG
15993	VG
15994	VG
15995	VG
15996	VG
15997	VG
15998	VG
15999	VG
16000	VG
16001	VG
16002	VG
16003	VG
16004	VG
16005	VG
16006	VG
16007	VG
16008	VG
16009	VG
16010	VG
16011	VG
16012	VG
16013	VG
16014	VG
16015	VG
16016	VG
16017	VG
16018	VG
16019	VG
16020	VG
16021	VG
16022	VG
16023	VG
16024	VG
16025	VG
16026	VG
16027	VG
16028	VG
16029	VG
16030	VG
16031	VG
16032	VG
16033	VG
16034	VG
16035	VG
16036	VG
16037	VG
16038	VG
16039	VG
16040	VG
16041	VG
16042	VG
16043	VG
16044	VG
16045	VG
16046	VG
16047	VG
16048	VG
16049	VG
16050	VG
16051	VG
16052	VG
16053	VG
16054	VG
16055	VG
16056	VG
16057	VG
16058	VG
16059	VG
16060	VG
16061	VG
16062	VG
16063	VG
16064	VG
16065	VG
16066	VG
16067	VG
16068	VG
16069	VG
16070	VG
16071	VG
16072	VG
16073	VG
16074	VG
16075	VG
16076	VG
16077	VG
16078	VG
16079	VG
16080	VG
16081	VG
16082	VG
16083	VG
16084	VG
16085	VG
16086	VG
16087	VG
16088	VG
16089	VG
16090	VG
16091	VG
16092	VG
16093	VG
16094	VG
16095	VG
16096	VG
16097	VG
16098	VG
16099	VG
16100	VG
16101	VG
16102	VG
16103	VG
16104	VG
16105	VG
16106	VG
16107	VG
16108	VG
16109	VG
16110	VG
16111	VG
16112	VG
16113	VG
16114	VG
16115	VG
16116	VG
16117	VG
16118	VG
16119	VG
16120	VG
16121	VG
16122	VG
16123	VG
16124	VG
16125	VG
16126	VG
16127	VG
16128	VG
16129	VG
16130	VG
16131	VG
16132	VG
16133	VG
16134	VG
16135	VG
16136	VG
16137	VG
16138	VG
16139	VG
16140	VG
16141	VG
16142	VG
16143	VG
16144	VG
16145	VG
16146	VG
16147	VG
16148	VG
16149	VG
16150	VG
16151	VG
16152	VG
16153	VG
16154	VG
16155	VG
16156	VG
16157	VG
16158	VG
16159	VG
16160	VG
16161	VG
16162	VG
16163	VG
16164	VG
16165	VG
16166	VG
16167	VG
16168	VG
16169	VG
16170	VG
16171	VG
16172	VG
16173	VG
16174	VG
16175	VG
16176	VG
16177	VG
16178	VG
16179	VG
16180	VG
16181	VG
16182	VG
16183	VG
16184	VG
16185	VG
16186	VG
16187	VG
16188	VG
16189	VG
16190	VG
16191	VG
16192	VG
16193	VG
16194	VG
16195	VG
16196	VG
16197	VG
16198	VG
16199	VG
16200	VG
16201	VG
16202	VG
16203	VG
16204	VG
16205	VG
16206	VG
16207	VG
16208	VG
16209	VG
16210	VG
16211	VG
16212	VG
16213	VG
16214	VG
16215	VG
16216	VG
16217	VG
16218	VG
16219	VG
16220	VG
16221	VG
16222	VG
16223	VG
16224	VG
16225	VG
16226	VG
16227	VG
16228	VG
16229	VG
16230	VG
16231	VG
16232	VG
16233	VG
16234	VG
16235	VG
16236	VG
16237	VG
16238	VG
16239	VG
16240	VG
16241	VG
16242	VG
16243	VG
16244	VG
16245	VG
16246	VG
16247	VG
16248	VG
16249	VG
16250	VG
16251	VG
16252	VG
16253	VG
16254	VG
16255	VG
16256	VG
16257	VG
16258	VG
16259	VG
16260	VG
16261	VG
16262	VG
16263	VG
16264	VG
16265	VG
16266	VG
16267	VG
16268	VG
16269	VG
16270	VG
16271	VG
16272	VG
16273	VG
16274	VG
16275	VG
16276	VG
16277	VG
16278	VG
16279	VG
16280	VG
16281	VG
16282	VG
16283	VG
16284	VG
16285	VG
16286	VG
16287	VG
16288	VG
16289	VG
16290	VG
16291	VG
16292	VG
16293	VG
16294	VG
16295	VG
16296	VG
16297	VG
16298	VG
16299	VG
16300	VG
16301	VG
16302	VG
16303	VG
16304	VG
16305	VG
16306	VG
16307	VG
16308	VG
16309	VG
16310	VG
16311	VG
16312	VG
16313	VG
16314	VG
16315	VG
16316	VG
16317	VG
16318	VG
16319	VG
16320	VG
16321	VG
16322	VG
16323	VG
16324	VG
16325	VG
16326	VG
16327	VG
16328	VG
16329	VG
16330	VG
16331	VG
16332	VG
16333	VG
16334	VG
16335	VG
16336	VG
16337	VG
16338	VG
16339	VG
16340	VG
16341	VG
16342	VG
16343	VG
16344	VG
16345	VG
16346	VG
16347	VG
16348	VG
16349	VG
16350	VG
16351	VG
16352	VG
16353	VG
16354	VG
16355	VG
16356	VG
16357	VG
16358	VG
16359	VG
16360	VG
16361	VG
16362	VG
16363	VG
16364	VG
16365	VG
16366	VG
16367	VG
16368	VG
16369	VG
16370	VG
16371	VG
16372	VG
16373	VG
16374	VG
16375	VG
16376	VG
16377	VG
16378	VG
16379	VG
16380	VG
16381	VG
16382	VG
16383	VG
16384	VG
16385	VG
16386	VG
16387	VG
16388	VG
16389	VG
16390	VG
16391	VG
16392	VG
16393	VG
16394	VG
16395	VG
16396	VG
16397	VG
16398	VG
16399	VG
16400	VG
16401	VG
16402	VG
16403	VG
16404	VG
16405	VG
16406	VG
16407	VG
16408	VG
16409	VG
16410	VG
16411	VG
16412	VG
16413	VG
16414	VG
16415	VG
16416	VG
16417	VG
16418	VG
16419	VG
16420	VG
16421	VG
16422	VG
16423	VG
16424	VG
16425	VG
16426	VG
16427	VG
16428	VG
16429	VG
16430	VG
16431	VG
16432	VG
16433	VG
16434	VG
16435	VG
16436	VG
16437	VG
16438	VG
16439	VG
16440	VG
16441	VG
16442	VG
16443	VG
16444	VG
16445	VG
16446	VG
16447	VG
16448	VG
16449	VG
16450	VG
16451	VG
16452	VG
16453	VG
16454	VG
16455	VG
16456	VG
16457	VG
16458	VG
16459	VG
16460	VG
16461	VG
16462	VG
16463	VG
16464	VG
16465	VG
16466	VG
16467	VG
16468	VG
16469	VG
16470	VG
16471	VG
16472	VG
16473	VG
16474	VG
16475	VG
16476	VG
16477	VG
16478	VG
16479	VG
16480	VG
16481	VG
16482	VG
16483	VG
16484	VG
16485	VG
16486	VG
16487	VG
16488	VG
16489	VG
16490	VG
16491	VG
16492	VG
16493	VG
16494	VG
16495	VG
16496	VG
16497	VG
16498	VG
16499	VG
16500	VG
16501	VG
16502	VG
16503	VG
16504	VG
16505	VG
16506	VG
16507	VG
16508	VG
16509	VG
16510	VG
16511	VG
16512	VG
16513	VG
16514	VG
16515	VG
16516	VG
16517	VG
16518	VG
16519	VG
16520	VG
16521	VG
16522	VG
16523	VG
16524	VG
16525	VG
16526	VG
16527	VG
16528	VG
16529	VG
16530	VG
16531	VG
16532	VG
16533	VG
16534	VG
16535	VG
16536	VG
16537	VG
16538	VG
16539	VG
16540	VG
16541	VG
16542	VG
16543	VG
16544	VG
16545	VG
16546	VG
16547	VG
16548	VG
16549	VG
16550	VG
16551	VG
16552	VG
16553	VG
16554	VG
16555	VG
16556	VG
16557	VG
16558	VG
16559	VG
16560	VG
16561	VG
16562	VG
16563	VG
16564	VG
16565	VG
16566	VG
16567	VG
16568	VG
16569	VG
16570	VG
16571	VG
16572	VG
16573	VG
16574	VG
16575	VG
16576	VG
16577	VG
16578	VG
16579	VG
16580	VG
16581	VG
16582	VG
16583	VG
16584	VG
16585	VG
16586	VG
16587	VG
16588	VG
16589	VG
16590	VG
16591	VG
16592	VG
16593	VG
16594	VG
16595	VG
16596	VG
16597	VG
16598	VG
16599	VG
16600	VG
16601	VG
16602	VG
16603	VG
16604	VG
16605	VG
16606	VG
16607	VG
16608	VG
16609	VG
16610	VG
16611	VG
16612	VG
16613	VG
16614	VG
16615	VG
16616	VG
16617	VG
16618	VG
16619	VG
16620	VG
16621	VG
16622	VG
16623	VG
16624	VG
16625	VG
16626	VG
16627	VG
16628	VG
16629	VG
16630	VG
16631	VG
16632	VG
16633	VG
16634	VG
16635	VG
16636	VG
16637	VG
16638	VG
16639	VG
16640	VG
16641	VG
16642	VG
16643	VG
16644	VG
16645	VG
16646	VG
16647	VG
16648	VG
16649	VG
16650	VG
16651	VG
16652	VG
16653	VG
16654	VG
16655	VG
16656	VG
16657	VG
16658	VG
16659	VG
16660	VG
16661	VG
16662	VG
16663	VG
16664	VG
16665	VG
16666	VG
16667	VG
16668	VG
16669	VG
16670	VG
16671	VG
16672	VG
16673	VG
16674	VG
16675	VG
16676	VG
16677	VG
16678	VG
16679	VG
16680	VG
16681	VG
16682	VG
16683	VG
16684	VG
16685	VG
16686	VG
16687	VG
16688	VG
16689	VG
16690	VG
16691	VG
16692	VG
16693	VG
16694	VG
16695	VG
16696	VG
16697	VG
16698	VG
16699	VG
16700	VG
16701	VG
16702	VG
16703	VG
16704	VG
16705	VG
16706	VG
16707	VG
16708	VG
16709	VG
16710	VG
16711	VG
16712	VG
16713	VG
16714	VG
16715	VG
16716	VG
16717	VG
16718	VG
16719	VG
16720	VG
16721	VG
16722	VG
16723	VG
16724	VG
16725	VG
16726	VG
16727	VG
16728	VG
16729	VG
16730	VG
16731	VG
16732	VG
16733	VG
16734	VG
16735	VG
16736	VG
16737	VG
16738	VG
16739	VG
16740	VG
16741	VG
16742	VG
16743	VG
16744	VG
16745	VG
16746	VG
16747	VG
16748	VG
16749	VG
16750	VG
16751	VG
16752	VG
16753	VG
16754	VG
16755	VG
16756	VG
16757	VG
16758	VG
16759	VG
16760	VG
16761	VG
16762	VG
16763	VG
16764	VG
16765	VG
16766	VG
16767	VG
16768	VG
16769	VG
16770	VG
16771	VG
16772	VG
16773	VG
16774	VG
16775	VG
16776	VG
16777	VG
16778	VG
16779	VG
16780	VG
16781	VG
16782	VG
16783	VG
16784	VG
16785	VG
16786	VG
16787	VG
16788	VG
16789	VG
16790	VG
16791	VG
16792	VG
16793	VG
16794	VG
16795	VG
16796	VG
16797	VG
16798	VG
16799	VG
16800	VG
16801	VG
16802	VG
16803	VG
16804	VG
16805	VG
16806	VG
16807	VG
16808	VG
16809	VG
16810	VG
16811	VG
16812	VG
16813	VG
16814	VG
16815	VG
16816	VG
16817	VG
16818	VG
16819	VG
16820	VG
16821	VG
16822	VG
16823	VG
16824	VG
16825	VG
16826	VG
16827	VG
16828	VG
16829	VG
16830	VG
16831	VG
16832	VG
16833	VG
16834	VG
16835	VG
16836	VG
16837	VG
16838	VG
16839	VG
16840	VG
16841	VG
16842	VG
16843	VG
16844	VG
16845	VG
16846	VG
16847	VG
16848	VG
16849	VG
16850	VG
16851	VG
16852	VG
16853	VG
16854	VG
16855	VG
16856	VG
16857	VG
16858	VG
16859	VG
16860	VG
16861	VG
16862	VG
16863	VG
16864	VG
16865	VG
16866	VG
16867	VG
16868	VG
16869	VG
16870	VG
16871	VG
16872	VG
16873	VG
16874	VG
16875	VG
16876	VG
16877	VG
16878	VG
16879	VG
16880	VG
16881	VG
16882	VG
16883	VG
16884	VG
16885	VG
16886	VG
16887	VG
16888	VG
16889	VG
16890	VG
16891	VG
16892	VG
16893	VG
16894	VG
16895	VG
16896	VG
16897	VG
16898	VG
16899	VG
16900	VG
16901	VG
16902	VG
16903	VG
16904	VG
16905	VG
16906	VG
16907	VG
16908	VG
16909	VG
16910	VG
16911	VG
16912	VG
16913	VG
16914	VG
16915	VG
16916	VG
16917	VG
16918	VG
16919	VG
16920	VG
16921	VG
16922	VG
16923	VG
16924	VG
16925	VG
16926	VG
16927	VG
16928	VG
16929	VG
16930	VG
16931	VG
16932	VG
16933	VG
16934	VG
16935	VG
16936	VG
16937	VG
16938	VG
16939	VG
16940	VG
16941	VG
16942	VG
16943	VG
16944	VG
16945	VG
16946	VG
16947	VG
16948	VG
16949	VG
16950	VG
16951	VG
16952	VG
16953	VG
16954	VG
16955	VG
16956	VG
16957	VG
16958	VG
16959	VG
16960	VG
16961	VG
16962	VG
16963	VG
16964	VG
16965	VG
16966	VG
16967	VG
16968	VG
16969	VG
16970	VG
16971	VG
16972	VG
16973	VG
16974	VG
16975	VG
16976	VG
16977	VG
16978	VG
16979	VG
16980	VG
16981	VG
16982	VG
16983	VG
16984	VG
16985	VG
16986	VG
16987	VG
16988	VG
16989	VG
16990	VG
16991	VG
16992	VG
16993	VG
16994	VG
16995	VG
16996	VG
16997	VG
16998	VG
16999	VG
17000	VG
17001	VG
17002	VG
17003	VG
17004	VG
17005	VG
17006	VG
17007	VG
17008	VG
17009	VG
17010	VG
17011	VG
17012	VG
17013	VG
17014	VG
17015	VG
17016	VG
17017	VG
17018	VG
17019	VG
17020	VG
17021	VG
17022	VG
17023	VG
17024	VG
17025	VG
17026	VG
17027	VG
17028	VG
17029	VG
17030	VG
17031	VG
17032	VG
17033	VG
17034	VG
17035	VG
17036	VG
17037	VG
17038	VG
17039	VG
17040	VG
17041	VG
17042	VG
17043	VG
17044	VG
17045	VG
17046	VG
17047	VG
17048	VG
17049	VG
17050	VG
17051	VG
17052	VG
17053	VG
17054	VG
17055	VG
17056	VG
17057	VG
17058	VG
17059	VG
17060	VG
17061	VG
17062	VG
17063	VG
17064	VG
17065	VG
17066	VG
17067	VG
17068	VG
17069	VG
17070	VG
17071	VG
17072	VG
17073	VG
17074	VG
17075	VG
17076	VG
17077	VG
17078	VG
17079	VG
17080	VG
17081	VG
17082	VG
17083	VG
17084	VG
17085	VG
17086	VG
17087	VG
17088	VG
17089	VG
17090	VG
17091	VG
17092	VG
17093	VG
17094	VG
17095	VG
17096	VG
17097	VG
17098	VG
17099	VG
17100	VG
17101	VG
17102	VG
17103	VG
17104	VG
17105	VG
17106	VG
17107	VG
17108	VG
17109	VG
17110	VG
17111	VG
17112	VG
17113	VG
17114	VG
17115	VG
17116	VG
17117	VG
17118	VG
17119	VG
17120	VG
17121	VG
17122	VG
17123	VG
17124	VG
17125	VG
17126	VG
17127	VG
17128	VG
17129	VG
17130	VG
17131	VG
17132	VG
17133	VG
17134	VG
17135	VG
17136	VG
17137	VG
17138	VG
17139	VG
17140	VG
17141	VG
17142	VG
17143	VG
17144	VG
17145	VG
17146	VG
17147	VG
17148	VG
17149	VG
17150	VG
17151	VG
17152	VG
17153	VG
17154	VG
17155	VG
17156	VG
17157	VG
17158	VG
17159	VG
17160	VG
17161	VG
17162	VG
17163	VG
17164	VG
17165	VG
17166	VG
17167	VG
17168	VG
17169	VG
17170	VG
17171	VG
17172	VG
17173	VG
17174	VG
17175	VG
17176	VG
17177	VG
17178	VG
17179	VG
17180	VG
17181	VG
17182	VG
17183	VG
17184	VG
17185	VG
17186	VG
17187	VG
17188	VG
17189	VG
17190	VG
17191	VG
17192	VG
17193	VG
17194	VG
17195	VG
17196	VG
17197	VG
17198	VG
17199	VG
17200	VG
17201	VG
17202	VG
17203	VG
17204	VG
17205	VG
17206	VG
17207	VG
17208	VG
17209	VG
17210	VG
17211	VG
17212	VG
17213	VG
17214	VG
17215	VG
17216	VG
17217	VG
17218	VG
17219	VG
17220	VG
17221	VG
17222	VG
17223	VG
17224	VG
17225	VG
17226	VG
17227	VG
17228	VG
17229	VG
17230	VG
17231	VG
17232	VG
17233	VG
17234	VG
17235	VG
17236	VG
17237	VG
17238	VG
17239	VG
17240	VG
17241	VG
17242	VG
17243	VG
17244	VG
17245	VG
17246	VG
17247	VG
17248	VG
17249	VG
17250	VG
17251	VG
17252	VG
17253	VG
17254	VG
17255	VG
17256	VG
17257	VG
17258	VG
17259	VG
17260	VG
17261	VG
17262	VG
17263	VG
17264	VG
17265	VG
17266	VG
17267	VG
17268	VG
17269	VG
17270	VG
17271	VG
17272	VG
17273	VG
17274	VG
17275	VG
17276	VG
17277	VG
17278	VG
17279	VG
17280	VG
17281	VG
17282	VG
17283	VG
17284	VG
17285	VG
17286	VG
17287	VG
17288	VG
17289	VG
17290	VG
17291	VG
17292	VG
17293	VG
17294	VG
17295	VG
17296	VG
17297	VG
17298	VG
17299	VG
17300	VG
17301	VG
17302	VG
17303	VG
17304	VG
17305	VG
17306	VG
17307	VG
17308	VG
17309	VG
17310	VG
17311	VG
17312	VG
17313	VG
17314	VG
17315	VG
17316	VG
17317	VG
17318	VG
17319	VG
17320	VG
17321	VG
17322	VG
17323	VG
17324	VG
17325	VG
17326	VG
17327	VG
17328	VG
17329	VG
17330	VG
17331	VG
17332	VG
17333	VG
17334	VG
17335	VG
17336	VG
17337	VG
17338	VG
17339	VG
17340	VG
17341	VG
17342	VG
17343	VG
17344	VG
17345	VG
17346	VG
17347	VG
17348	VG
17349	VG
17350	VG
17351	VG
17352	VG
17353	VG
17354	VG
17355	VG
17356	VG
17357	VG
17358	VG
17359	VG
17360	VG
17361	VG
17362	VG
17363	VG
17364	VG
17365	VG
17366	VG
17367	VG
17368	VG
17369	VG
17370	VG
17371	VG
17372	VG
17373	VG
17374	VG
17375	VG
17376	VG
17377	VG
17378	VG
17379	VG
17380	VG
17381	VG
17382	VG
17383	VG
17384	VG
17385	VG
17386	VG
17387	VG
17388	VG
17389	VG
17390	VG
17391	VG
17392	VG
17393	VG
17394	VG
17395	VG
17396	VG
17397	VG
17398	VG
17399	VG
17400	VG
17401	VG
17402	VG
17403	VG
17404	VG
17405	VG
17406	VG
17407	VG
17408	VG
17409	VG
17410	VG
17411	VG
17412	VG
17413	VG
17414	VG
17415	VG
17416	VG
17417	VG
17418	VG
17419	VG
17420	VG
17421	VG
17422	VG
17423	VG
17424	VG
17425	VG
17426	VG
17427	VG
17428	VG
17429	VG
17430	VG
17431	VG
17432	VG
17433	VG
17434	VG
17435	VG
17436	VG
17437	VG
17438	VG
17439	VG
17440	VG
17441	VG
17442	VG
17443	VG
17444	VG
17445	VG
17446	VG
17447	VG
17448	VG
17449	VG
17450	VG
17451	VG
17452	VG
17453	VG
17454	VG
17455	VG
17456	VG
17457	VG
17458	VG
17459	VG
17460	VG
17461	VG
17462	VG
17463	VG
17464	VG
17465	VG
17466	VG
17467	VG
17468	VG
17469	VG
17470	VG
17471	VG
17472	VG
17473	VG
17474	VG
17475	VG
17476	VG
17477	VG
17478	VG
17479	VG
17480	VG
17481	VG
17482	VG
17483	VG
17484	VG
17485	VG
17486	VG
17487	VG
17488	VG
17489	VG
17490	VG
17491	VG
17492	VG
17493	VG
17494	VG
17495	VG
17496	VG
17497	VG
17498	VG
17499	VG
17500	VG
17501	VG
17502	VG
17503	VG
17504	VG
17505	VG
17506	VG
17507	VG
17508	VG
17509	VG
17510	VG
17511	VG
17512	VG
17513	VG
17514	VG
17515	VG
17516	VG
17517	VG
17518	VG
17519	VG
17520	VG
17521	VG
17522	VG
17523	VG
17524	VG
17525	VG
17526	VG
17527	VG
17528	VG
17529	VG
17530	VG
17531	VG
17532	VG
17533	VG
17534	VG
17535	VG
17536	VG
17537	VG
17538	VG
17539	VG
17540	VG
17541	VG
17542	VG
17543	VG
17544	VG
17545	VG
17546	VG
17547	VG
17548	VG
17549	VG
17550	VG
17551	VG
17552	VG
17553	VG
17554	VG
17555	VG
17556	VG
17557	VG
17558	VG
17559	VG
17560	VG
17561	VG
17562	VG
17563	VG
17564	VG
17565	VG
17566	VG
17567	VG
17568	VG
17569	VG
17570	VG
17571	VG
17572	VG
17573	VG
17574	VG
17575	VG
17576	VG
17577	VG
17578	VG
17579	VG
17580	VG
17581	VG
17582	VG
17583	VG
17584	VG
17585	VG
17586	VG
17587	VG
17588	VG
17589	VG
17590	VG
17591	VG
17592	VG
17593	VG
17594	VG
17595	VG
17596	VG
17597	VG
17598	VG
17599	VG
17600	VG
17601	VG
17602	VG
17603	VG
17604	VG
17605	VG
17606	VG
17607	VG
17608	VG
17609	VG
17610	VG
17611	VG
17612	VG
17613	VG
17614	VG
17615	VG
17616	VG
17617	VG
17618	VG
17619	VG
17620	VG
17621	VG
17622	VG
17623	VG
17624	VG
17625	VG
17626	VG
17627	VG
17628	VG
17629	VG
17630	VG
17631	VG
17632	VG
17633	VG
17634	VG
17635	VG
17636	VG
17637	VG
17638	VG
17639	VG
17640	VG
17641	VG
17642	VG
17643	VG
17644	VG
17645	VG
17646	VG
17647	VG
17648	VG
17649	VG
17650	VG
17651	VG
17652	VG
17653	VG
17654	VG
17655	VG
17656	VG
17657	VG
17658	VG
17659	VG
17660	VG
17661	VG
17662	VG
17663	VG
17664	VG
17665	VG
17666	VG
17667	VG
17668	VG
17669	VG
17670	VG
17671	VG
17672	VG
17673	VG
17674	VG
17675	VG
17676	VG
17677	VG
17678	VG
17679	VG
17680	VG
17681	VG
17682	VG
17683	VG
17684	VG
17685	VG
17686	VG
17687	VG
17688	VG
17689	VG
17690	VG
17691	VG
17692	VG
17693	VG
17694	VG
17695	VG
17696	VG
17697	VG
17698	VG
17699	VG
17700	VG
17701	VG
17702	VG
17703	VG
17704	VG
17705	VG
17706	VG
17707	VG
17708	VG
17709	VG
17710	VG
17711	VG
17712	VG
17713	VG
17714	VG
17715	VG
17716	VG
17717	VG
17718	VG
17719	VG
17720	VG
17721	VG
17722	VG
17723	VG
17724	VG
17725	VG
17726	VG
17727	VG
17728	VG
17729	VG
17730	VG
17731	VG
17732	VG
17733	VG
17734	VG
17735	VG
17736	VG
17737	VG
17738	VG
17739	VG
17740	VG
17741	VG
17742	VG
17743	VG
17744	VG
17745	VG
17746	VG
17747	VG
17748	VG
17749	VG
17750	VG
17751	VG
17752	VG
17753	VG
17754	VG
17755	VG
17756	VG
17757	VG
17758	VG
17759	VG
17760	VG
17761	VG
17762	VG
17763	VG
17764	VG
17765	VG
17766	VG
17767	VG
17768	VG
17769	VG
17770	VG
17771	VG
17772	VG
17773	VG
17774	VG
17775	VG
17776	VG
17777	VG
17778	VG
17779	VG
17780	VG
17781	VG
17782	VG
17783	VG
17784	VG
17785	VG
17786	VG
17787	VG
17788	VG
17789	VG
17790	VG
17791	VG
17792	VG
17793	VG
17794	VG
17795	VG
17796	VG
17797	VG
17798	VG
17799	VG
17800	VG
17801	VG
17802	VG
17803	VG
17804	VG
17805	VG
17806	VG
17807	VG
17808	VG
17809	VG
17810	VG
17811	VG
17812	VG
17813	VG
17814	VG
17815	VG
17816	VG
17817	VG
17818	VG
17819	VG
17820	VG
17821	VG
17822	VG
17823	VG
17824	VG
17825	VG
17826	VG
17827	VG
17828	VG
17829	VG
17830	VG
17831	VG
17832	VG
17833	VG
17834	VG
17835	VG
17836	VG
17837	VG
17838	VG
17839	VG
17840	VG
17841	VG
17842	VG
17843	VG
17844	VG
17845	VG
17846	VG
17847	VG
17848	VG
17849	VG
17850	VG
17851	VG
17852	VG
17853	VG
17854	VG
17855	VG
17856	VG
17857	VG
17858	VG
17859	VG
17860	VG
17861	VG
17862	VG
17863	VG
17864	VG
17865	VG
17866	VG
17867	VG
17868	VG
17869	VG
17870	VG
17871	VG
17872	VG
17873	VG
17874	VG
17875	VG
17876	VG
17877	VG
17878	VG
17879	VG
17880	VG
17881	VG
17882	VG
17883	VG
17884	VG
17885	VG
17886	VG
17887	VG
17888	VG
17889	VG
17890	VG
17891	VG
17892	VG
17893	VG
17894	VG
17895	VG
17896	VG
17897	VG
17898	VG
17899	VG
17900	VG
17901	VG
17902	VG
17903	VG
17904	VG
17905	VG
17906	VG
17907	VG
17908	VG
17909	VG
17910	VG
17911	VG
17912	VG
17913	VG
17914	VG
17915	VG
17916	VG
17917	VG
17918	VG
17919	VG
17920	VG
17921	VG
17922	VG
17923	VG
17924	VG
17925	VG
17926	VG
17927	VG
17928	VG
17929	VG
17930	VG
17931	VG
17932	VG
17933	VG
17934	VG
17935	VG
17936	VG
17937	VG
17938	VG
17939	VG
17940	VG
17941	VG
17942	VG
17943	VG
17944	VG
17945	VG
17946	VG
17947	VG
17948	VG
17949	VG
17950	VG
17951	VG
17952	VG
17953	VG
17954	VG
17955	VG
17956	VG
17957	VG
17958	VG
17959	VG
17960	VG
17961	VG
17962	VG
17963	VG
17964	VG
17965	VG
17966	VG
17967	VG
17968	VG
17969	VG
17970	VG
17971	VG
17972	VG
17973	VG
17974	VG
17975	VG
17976	VG
17977	VG
17978	VG
17979	VG
17980	VG
17981	VG
17982	VG
17983	VG
17984	VG
17985	VG
17986	VG
17987	VG
17988	VG
17989	VG
17990	VG
17991	VG
17992	VG
17993	VG
17994	VG
17995	VG
17996	VG
17997	VG
17998	VG
17999	VG
18000	VG
18001	VG
18002	VG
18003	VG
18004	VG
18005	VG
18006	VG
18007	VG
18008	VG
18009	VG
18010	VG
18011	VG
18012	VG
18013	VG
18014	VG
18015	VG
18016	VG
18017	VG
18018	VG
18019	VG
18020	VG
18021	VG
18022	VG
18023	VG
18024	VG
18025	VG
18026	VG
18027	VG
18028	VG
18029	VG
18030	VG
18031	VG
18032	VG
18033	VG
18034	VG
18035	VG
18036	VG
18037	VG
18038	VG
18039	VG
18040	VG
18041	VG
18042	VG
18043	VG
18044	VG
18045	VG
18046	VG
18047	VG
18048	VG
18049	VG
18050	VG
18051	VG
18052	VG
18053	VG
18054	VG
18055	VG
18056	VG
18057	VG
18058	VG
18059	VG
18060	VG
18061	VG
18062	VG
18063	VG
18064	VG
18065	VG
18066	VG
18067	VG
18068	VG
18069	VG
18070	VG
18071	VG
18072	VG
18073	VG
18074	VG
18075	VG
18076	VG
18077	VG
18078	VG
18079	VG
18080	VG
18081	VG
18082	VG
18083	VG
18084	VG
18085	VG
18086	VG
18087	VG
18088	VG
18089	VG
18090	VG
18091	VG
18092	VG
18093	VG
18094	VG
18095	VG
18096	VG
18097	VG
18098	VG
18099	VG
18100	VG
18101	VG
18102	VG
18103	VG
18104	VG
18105	VG
18106	VG
18107	VG
18108	VG
18109	VG
18110	VG
18111	VG
18112	VG
18113	VG
18114	VG
18115	VG
18116	VG
18117	VG
18118	VG
18119	VG
18120	VG
18121	VG
18122	VG
18123	VG
18124	VG
18125	VG
18126	VG
18127	VG
18128	VG
18129	VG
18130	VG
18131	VG
18132	VG
18133	VG
18134	VG
18135	VG
18136	VG
18137	VG
18138	VG
18139	VG
18140	VG
18141	VG
18142	VG
18143	VG
18144	VG
18145	VG
18146	VG
18147	VG
18148	VG
18149	VG
18150	VG
18151	VG
18152	VG
18153	VG
18154	VG
18155	VG
18156	VG
18157	VG
18158	VG
18159	VG
18160	VG
18161	VG
18162	VG
18163	VG
18164	VG
18165	VG
18166	VG
18167	VG
18168	VG
18169	VG
18170	VG
18171	VG
18172	VG
18173	VG
18174	VG
18175	VG
18176	VG
18177	VG
18178	VG
18179	VG
18180	VG
18181	VG
18182	VG
18183	VG
18184	VG
18185	VG
18186	VG
18187	VG
18188	VG
18189	VG
18190	VG
18191	VG
18192	VG
18193	VG
18194	VG
18195	VG
18196	VG
18197	VG
18198	VG
18199	VG
18200	VG
18201	VG
18202	VG
18203	VG
18204	VG
18205	VG
18206	VG
18207	VG
18208	VG
18209	VG
18210	VG
18211	VG
18212	VG
18213	VG
18214	VG
18215	VG
18216	VG
18217	VG
18218	VG
18219	VG
18220	VG
18221	VG
18222	VG
18223	VG
18224	VG
18225	VG
18226	VG
18227	VG
18228	VG
18229	VG
18230	VG
18231	VG
18232	VG
18233	VG
18234	VG
18235	VG
18236	VG
18237	VG
18238	VG
18239	VG
18240	VG
18241	VG
18242	VG
18243	VG
18244	VG
18245	VG
18246	VG
18247	VG
18248	VG
18249	VG
18250	VG
18251	VG
18252	VG
18253	VG
18254	VG
18255	VG
18256	VG
18257	VG
18258	VG
18259	VG
18260	VG
18261	VG
18262	VG
18263	VG
18264	VG
18265	VG
18266	VG
18267	VG
18268	VG
18269	VG
18270	VG
18271	VG
18272	VG
18273	VG
18274	VG
18275	VG
18276	VG
18277	VG
18278	VG
18279	VG
18280	VG
18281	VG
18282	VG
18283	VG
18284	VG
18285	VG
18286	VG
18287	VG
18288	VG
18289	VG
18290	VG
18291	VG
18292	VG
18293	VG
18294	VG
18295	VG
18296	VG
18297	VG
18298	VG
18299	VG
18300	VG
18301	VG
18302	VG
18303	VG
18304	VG
18305	VG
18306	VG
18307	VG
18308	VG
18309	VG
18310	VG
18311	VG
18312	VG
18313	VG
18314	VG
18315	VG
18316	VG
18317	VG
18318	VG
18319	VG
18320	VG
18321	VG
18322	VG
18323	VG
18324	VG
18325	VG
18326	VG
18327	VG
18328	VG
18329	VG
18330	VG
18331	VG
18332	VG
18333	VG
18334	VG
18335	VG
18336	VG
18337	VG
18338	VG
18339	VG
18340	VG
18341	VG
18342	VG
18343	VG
18344	VG
18345	VG
18346	VG
18347	VG
18348	VG
18349	VG
18350	VG
18351	VG
18352	VG
18353	VG
18354	VG
18355	VG
18356	VG
18357	VG
18358	VG
18359	VG
18360	VG
18361	VG
18362	VG
18363	VG
18364	VG
18365	VG
18366	VG
18367	VG
18368	VG
18369	VG
18370	VG
18371	VG
18372	VG
18373	VG
18374	VG
18375	VG
18376	VG
18377	VG
18378	VG
18379	VG
18380	VG
18381	VG
18382	VG
18383	VG
18384	VG
18385	VG
18386	VG
18387	VG
18388	VG
18389	VG
18390	VG
18391	VG
18392	VG
18393	VG
18394	VG
18395	VG
18396	VG
18397	VG
18398	VG
18399	VG
18400	VG
18401	VG
18402	VG
18403	VG
18404	VG
18405	VG
18406	VG
18407	VG
18408	VG
18409	VG
18410	VG
18411	VG
18412	VG
18413	VG
18414	VG
18415	VG
18416	VG
18417	VG
18418	VG
18419	VG
18420	VG
18421	VG
18422	VG
18423	VG
18424	VG
18425	VG
18426	VG
18427	VG
18428	VG
18429	VG
18430	VG
18431	VG
18432	VG
18433	VG
18434	VG
18435	VG
18436	VG
18437	VG
18438	VG
18439	VG
18440	VG
18441	VG
18442	VG
18443	VG
18444	VG
18445	VG
18446	VG
18447	VG
18448	VG
18449	VG
18450	VG
18451	VG
18452	VG
18453	VG
18454	VG
18455	VG
18456	VG
18457	VG
18458	VG
18459	VG
18460	VG
18461	VG
18462	VG
18463	VG
18464	VG
18465	VG
18466	VG
18467	VG
18468	VG
18469	VG
18470	VG
18471	VG
18472	VG
18473	VG
18474	VG
18475	VG
18476	VG
18477	VG
18478	VG
18479	VG
18480	VG
18481	VG
18482	VG
18483	VG
18484	VG
18485	VG
18486	VG
18487	VG
18488	VG
18489	VG
18490	VG
18491	VG
18492	VG
18493	VG
18494	VG
18495	VG
18496	VG
18497	VG
18498	VG
18499	VG
18500	VG
18501	VG
18502	VG
18503	VG
18504	VG
18505	VG
18506	VG
18507	VG
18508	VG
18509	VG
18510	VG
18511	VG
18512	VG
18513	VG
18514	VG
18515	VG
18516	VG
18517	VG
18518	VG
18519	VG
18520	VG
18521	VG
18522	VG
18523	VG
18524	VG
18525	VG
18526	VG
18527	VG
18528	VG
18529	VG
18530	VG
18531	VG
18532	VG
18533	VG
18534	VG
18535	VG
18536	VG
18537	VG
18538	VG
18539	VG
18540	VG
18541	VG
18542	VG
18543	VG
18544	VG
18545	VG
18546	VG
18547	VG
18548	VG
18549	VG
18550	VG
18551	VG
18552	VG
18553	VG
18554	VG
18555	VG
18556	VG
18557	VG
18558	VG
18559	VG
18560	VG
18561	VG
18562	VG
18563	VG
18564	VG
18565	VG
18566	VG
18567	VG
18568	VG
18569	VG
18570	VG
18571	VG
18572	VG
18573	VG
18574	VG
18575	VG
18576	VG
18577	VG
18578	VG
18579	VG
18580	VG
18581	VG
18582	VG
18583	VG
18584	VG
18585	VG
18586	VG
18587	VG
18588	VG
18589	VG
18590	VG
18591	VG
18592	VG
18593	VG
18594	VG
18595	VG
18596	VG
18597	VG
18598	VG
18599	VG
18600	VG
18601	VG
18602	VG
18603	VG
18604	VG
18605	VG
18606	VG
18607	VG
18608	VG
18609	VG
18610	VG
18611	VG
18612	VG
18613	VG
18614	VG
18615	VG
18616	VG
18617	VG
18618	VG
18619	VG
18620	VG
18621	VG
18622	VG
18623	VG
18624	VG
18625	VG
18626	VG
18627	VG
18628	VG
18629	VG
18630	VG
18631	VG
18632	VG
18633	VG
18634	VG
18635	VG
18636	VG
18637	VG
18638	VG
18639	VG
18640	VG
18641	VG
18642	VG
18643	VG
18644	VG
18645	VG
18646	VG
18647	VG
18648	VG
18649	VG
18650	VG
18651	VG
18652	VG
18653	VG
18654	VG
18655	VG
18656	VG
18657	VG
18658	VG
18659	VG
18660	VG
18661	VG
18662	VG
18663	VG
18664	VG
18665	VG
18666	VG
18667	VG
18668	VG
18669	VG
18670	VG
18671	VG
18672	VG
18673	VG
18674	VG
18675	VG
18676	VG
18677	VG
18678	VG
18679	VG
18680	VG
18681	VG
18682	VG
18683	VG
18684	VG
18685	VG
18686	VG
18687	VG
18688	VG
18689	VG
18690	VG
18691	VG
18692	VG
18693	VG
18694	VG
18695	VG
18696	VG
18697	VG
18698	VG
18699	VG
18700	VG
18701	VG
18702	VG
18703	VG
18704	VG
18705	VG
18706	VG
18707	VG
18708	VG
18709	VG
18710	VG
18711	VG
18712	VG
18713	VG
18714	VG
18715	VG
18716	VG
18717	VG
18718	VG
18719	VG
18720	VG
18721	VG
18722	VG
18723	VG
18724	VG
18725	VG
18726	VG
18727	VG
18728	VG
18729	VG
18730	VG
18731	VG
18732	VG
18733	VG
18734	VG
18735	VG
18736	VG
18737	VG
18738	VG
18739	VG
18740	VG
18741	VG
18742	VG
18743	VG
18744	VG
18745	VG
18746	VG
18747	VG
18748	VG
18749	VG
18750	VG
18751	VG
18752	VG
18753	VG
18754	VG
18755	VG
18756	VG
18757	VG
18758	VG
18759	VG
18760	VG
18761	VG
18762	VG
18763	VG
18764	VG
18765	VG
18766	VG
18767	VG
18768	VG
18769	VG
18770	VG
18771	VG
18772	VG
18773	VG
18774	VG
18775	VG
18776	VG
18777	VG
18778	VG
18779	VG
18780	VG
18781	VG
18782	VG
18783	VG
18784	VG
18785	VG
18786	VG
18787	VG
18788	VG
18789	VG
18790	VG
18791	VG
18792	VG
18793	VG
18794	VG
18795	VG
18796	VG
18797	VG
18798	VG
18799	VG
18800	VG
18801	VG
18802	VG
18803	VG
18804	VG
18805	VG
18806	VG
18807	VG
18808	VG
18809	VG
18810	VG
18811	VG
18812	VG
18813	VG
18814	VG
18815	VG
18816	VG
18817	VG
18818	VG
18819	VG
18820	VG
18821	VG
18822	VG
18823	VG
18824	VG
18825	VG
18826	VG
18827	VG
18828	VG
18829	VG
18830	VG
18831	VG
18832	VG
18833	VG
18834	VG
18835	VG
18836	VG
18837	VG
18838	VG
18839	VG
18840	VG
18841	VG
18842	VG
18843	VG
18844	VG
18845	VG
18846	VG
18847	VG
18848	VG
18849	VG
18850	VG
18851	VG
18852	VG
18853	VG
18854	VG
18855	VG
18856	VG
18857	VG
18858	VG
18859	VG
18860	VG
18861	VG
18862	VG
18863	VG
18864	VG
18865	VG
18866	VG
18867	VG
18868	VG
18869	VG
18870	VG
18871	VG
18872	VG
18873	VG
18874	VG
18875	VG
18876	VG
18877	VG
18878	VG
18879	VG
18880	VG
18881	VG
18882	VG
18883	VG
18884	VG
18885	VG
18886	VG
18887	VG
18888	VG
18889	VG
18890	VG
18891	VG
18892	VG
18893	VG
18894	VG
18895	VG
18896	VG
18897	VG
18898	VG
18899	VG
18900	VG
18901	VG
18902	VG
18903	VG
18904	VG
18905	VG
18906	VG
18907	VG
18908	VG
18909	VG
18910	VG
18911	VG
18912	VG
18913	VG
18914	VG
18915	VG
18916	VG
18917	VG
18918	VG
18919	VG
18920	VG
18921	VG
18922	VG
18923	VG
18924	VG
18925	VG
18926	VG
18927	VG
18928	VG
18929	VG
18930	VG
18931	VG
18932	VG
18933	VG
18934	VG
18935	VG
18936	VG
18937	VG
18938	VG
18939	VG
18940	VG
18941	VG
18942	VG
18943	VG
18944	VG
18945	VG
18946	VG
18947	VG
18948	VG
18949	VG
18950	VG
18951	VG
18952	VG
18953	VG
18954	VG
18955	VG
18956	VG
18957	VG
18958	VG
18959	VG
18960	VG
18961	VG
18962	VG
18963	VG
18964	VG
18965	VG
18966	VG
18967	VG
18968	VG
18969	VG
18970	VG
18971	VG
18972	VG
18973	VG
18974	VG
18975	VG
18976	VG
18977	VG
18978	VG
18979	VG
18980	VG
18981	VG
18982	VG
18983	VG
18984	VG
18985	VG
18986	VG
18987	VG
18988	VG
18989	VG
18990	VG
18991	VG
18992	VG
18993	VG
18994	VG
18995	VG
18996	VG
18997	VG
18998	VG
18999	VG
19000	VG
19001	VG
19002	VG
19003	VG
19004	VG
19005	VG
19006	VG
19007	VG
19008	VG
19009	VG
19010	VG
19011	VG
19012	VG
19013	VG
19014	VG
19015	VG
19016	VG
19017	VG
19018	VG
19019	VG
19020	VG
19021	VG
19022	VG
19023	VG
19024	VG
19025	VG
19026	VG
19027	VG
19028	VG
19029	VG
19030	VG
19031	VG
19032	VG
19033	VG
19034	VG
19035	VG
19036	VG
19037	VG
19038	VG
19039	VG
19040	VG
19041	VG
19042	VG
19043	VG
19044	VG
19045	VG
19046	VG
19047	VG
19048	VG
19049	VG
19050	VG
19051	VG
19052	VG
19053	VG
19054	VG
19055	VG
19056	VG
19057	VG
19058	VG
19059	VG
19060	VG
19061	VG
19062	VG
19063	VG
19064	VG
19065	VG
19066	VG
19067	VG
19068	VG
19069	VG
19070	VG
19071	VG
19072	VG
19073	VG
19074	VG
19075	VG
19076	VG
19077	VG
19078	VG
19079	VG
19080	VG
19081	VG
19082	VG
19083	VG
19084	VG
19085	VG
19086	VG
19087	VG
19088	VG
19089	VG
19090	VG
19091	VG
19092	VG
19093	VG
19094	VG
19095	VG
19096	VG
19097	VG
19098	VG
19099	VG
19100	VG
19101	VG
19102	VG
19103	VG
19104	VG
19105	VG
19106	VG
19107	VG
19108	VG
19109	VG
19110	VG
19111	VG
19112	VG
19113	VG
19114	VG
19115	VG
19116	VG
19117	VG
19118	VG
19119	VG
19120	VG
19121	VG
19122	VG
19123	VG
19124	VG
19125	VG
19126	VG
19127	VG
19128	VG
19129	VG
19130	VG
19131	VG
19132	VG
19133	VG
19134	VG
19135	VG
19136	VG
19137	VG
19138	VG
19139	VG
19140	VG
19141	VG
19142	VG
19143	VG
19144	VG
19145	VG
19146	VG
19147	VG
19148	VG
19149	VG
19150	VG
19151	VG
19152	VG
19153	VG
19154	VG
19155	VG
19156	VG
19157	VG
19158	VG
19159	VG
19160	VG
19161	VG
19162	VG
19163	VG
19164	VG
19165	VG
19166	VG
19167	VG
19168	VG
19169	VG
19170	VG
19171	VG
19172	VG
19173	VG
19174	VG
19175	VG
19176	VG
19177	VG
19178	VG
19179	VG
19180	VG
19181	VG
19182	VG
19183	VG
19184	VG
19185	VG
19186	VG
19187	VG
19188	VG
19189	VG
19190	VG
19191	VG
19192	VG
19193	VG
19194	VG
19195	VG
19196	VG
19197	VG
19198	VG
19199	VG
19200	VG
19201	VG
19202	VG
19203	VG
19204	VG
19205	VG
19206	VG
19207	VG
19208	VG
19209	VG
19210	VG
19211	VG
19212	VG
19213	VG
19214	VG
19215	VG
19216	VG
19217	VG
19218	VG
19219	VG
19220	VG
19221	VG
19222	VG
19223	VG
19224	VG
19225	VG
19226	VG
19227	VG
19228	VG
19229	VG
19230	VG
19231	VG
19232	VG
19233	VG
19234	VG
19235	VG
19236	VG
19237	VG
19238	VG
19239	VG
19240	VG
19241	VG
19242	VG
19243	VG
19244	VG
19245	VG
19246	VG
19247	VG
19248	VG
19249	VG
19250	VG
19251	VG
19252	VG
19253	VG
19254	VG
19255	VG
19256	VG
19257	VG
19258	VG
19259	VG
19260	VG
19261	VG
19262	VG
19263	VG
19264	VG
19265	VG
19266	VG
19267	VG
19268	VG
19269	VG
19270	VG
19271	VG
19272	VG
19273	VG
19274	VG
19275	VG
19276	VG
19277	VG
19278	VG
19279	VG
19280	VG
19281	VG
19282	VG
19283	VG
19284	VG
19285	VG
19286	VG
19287	VG
19288	VG
19289	VG
19290	VG
19291	VG
19292	VG
19293	VG
19294	VG
19295	VG
19296	VG
19297	VG
19298	VG
19299	VG
19300	VG
19301	VG
19302	VG
19303	VG
19304	VG
19305	VG
19306	VG
19307	VG
19308	VG
19309	VG
19310	VG
19311	VG
19312	VG
19313	VG
19314	VG
19315	VG
19316	VG
19317	VG
19318	VG
19319	VG
19320	VG
19321	VG
19322	VG
19323	VG
19324	VG
19325	VG
19326	VG
19327	VG
19328	VG
19329	VG
19330	VG
19331	VG
19332	VG
19333	VG
19334	VG
19335	VG
19336	VG
19337	VG
19338	VG
19339	VG
19340	VG
19341	VG
19342	VG
19343	VG
19344	VG
19345	VG
19346	VG
19347	VG
19348	VG
19349	VG
19350	VG
19351	VG
19352	VG
19353	VG
19354	VG
19355	VG
19356	VG
19357	VG
19358	VG
19359	VG
19360	VG
19361	VG
19362	VG
19363	VG
19364	VG
19365	VG
19366	VG
19367	VG
19368	VG
19369	VG
19370	VG
19371	VG
19372	VG
19373	VG
19374	VG
19375	VG
19376	VG
19377	VG
19378	VG
19379	VG
19380	VG
19381	VG
19382	VG
19383	VG
19384	VG
19385	VG
19386	VG
19387	VG
19388	VG
19389	VG
19390	VG
19391	VG
19392	VG
19393	VG
19394	VG
19395	VG
19396	VG
19397	VG
19398	VG
19399	VG
19400	VG
19401	VG
19402	VG
19403	VG
19404	VG
19405	VG
19406	VG
19407	VG
19408	VG
19409	VG
19410	VG
19411	VG
19412	VG
19413	VG
19414	VG
19415	VG
19416	VG
19417	VG
19418	VG
19419	VG
19420	VG
19421	VG
19422	VG
19423	VG
19424	VG
19425	VG
19426	VG
19427	VG
19428	VG
19429	VG
19430	VG
19431	VG
19432	VG
19433	VG
19434	VG
19435	VG
19436	VG
19437	VG
19438	VG
19439	VG
19440	VG
19441	VG
19442	VG
19443	VG
19444	VG
19445	VG
19446	VG
19447	VG
19448	VG
19449	VG
19450	VG
19451	VG
19452	VG
19453	VG
19454	VG
19455	VG
19456	VG
19457	VG
19458	VG
19459	VG
19460	VG
19461	VG
19462	VG
19463	VG
19464	VG
19465	VG
19466	VG
19467	VG
19468	VG
19469	VG
19470	VG
19471	VG
19472	VG
19473	VG
19474	VG
19475	VG
19476	VG
19477	VG
19478	VG
19479	VG
19480	VG
19481	VG
19482	VG
19483	VG
19484	VG
19485	VG
19486	VG
19487	VG
19488	VG
19489	VG
19490	VG
19491	VG
19492	VG
19493	VG
19494	VG
19495	VG
19496	VG
19497	VG
19498	VG
19499	VG
19500	VG
19501	VG
19502	VG
19503	VG
19504	VG
19505	VG
19506	VG
19507	VG
19508	VG
19509	VG
19510	VG
19511	VG
19512	VG
19513	VG
19514	VG
19515	VG
19516	VG
19517	VG
19518	VG
19519	VG
19520	VG
19521	VG
19522	VG
19523	VG
19524	VG
19525	VG
19526	VG
19527	VG
19528	VG
19529	VG
19530	VG
19531	VG
19532	VG
19533	VG
19534	VG
19535	VG
19536	VG
19537	VG
19538	VG
19539	VG
19540	VG
19541	VG
19542	VG
19543	VG
19544	VG
19545	VG
19546	VG
19547	VG
19548	VG
19549	VG
19550	VG
19551	VG
19552	VG
19553	VG
19554	VG
19555	VG
19556	VG
19557	VG
19558	VG
19559	VG
19560	VG
19561	VG
19562	VG
19563	VG
19564	VG
19565	VG
19566	VG
19567	VG
19568	VG
19569	VG
19570	VG
19571	VG
19572	VG
19573	VG
19574	VG
19575	VG
19576	VG
19577	VG
19578	VG
19579	VG
19580	VG
19581	VG
19582	VG
19583	VG
19584	VG
19585	VG
19586	VG
19587	VG
19588	VG
19589	VG
19590	VG
19591	VG
19592	VG
19593	VG
19594	VG
19595	VG
19596	VG
19597	VG
19598	VG
19599	VG
19600	VG
19601	VG
19602	VG
19603	VG
19604	VG
19605	VG
19606	VG
19607	VG
19608	VG
19609	VG
19610	VG
19611	VG
19612	VG
19613	VG
19614	VG
19615	VG
19616	VG
19617	VG
19618	VG
19619	VG
19620	VG
19621	VG
19622	VG
19623	VG
19624	VG
19625	VG
19626	VG
19627	VG
19628	VG
19629	VG
19630	VG
19631	VG
19632	VG
19633	VG
19634	VG
19635	VG
19636	VG
19637	VG
19638	VG
19639	VG
19640	VG
19641	VG
19642	VG
19643	VG
19644	VG
19645	VG
19646	VG
19647	VG
19648	VG
19649	VG
19650	VG
19651	VG
19652	VG
19653	VG
19654	VG
19655	VG
19656	VG
19657	VG
19658	VG
19659	VG
19660	VG
19661	VG
19662	VG
19663	VG
19664	VG
19665	VG
19666	VG
19667	VG
19668	VG
19669	VG
19670	VG
19671	VG
19672	VG
19673	VG
19674	VG
19675	VG
19676	VG
19677	VG
19678	VG
19679	VG
19680	VG
19681	VG
19682	VG
19683	VG
19684	VG
19685	VG
19686	VG
19687	VG
19688	VG
19689	VG
19690	VG
19691	VG
19692	VG
19693	VG
19694	VG
19695	VG
19696	VG
19697	VG
19698	VG
19699	VG
19700	VG
19701	VG
19702	VG
19703	VG
19704	VG
19705	VG
19706	VG
19707	VG
19708	VG
19709	VG
19710	VG
19711	VG
19712	VG
19713	VG
19714	VG
19715	VG
19716	VG
19717	VG
19718	VG
19719	VG
19720	VG
19721	VG
19722	VG
19723	VG
19724	VG
19725	VG
19726	VG
19727	VG
19728	VG
19729	VG
19730	VG
19731	VG
19732	VG
19733	VG
19734	VG
19735	VG
19736	VG
19737	VG
19738	VG
19739	VG
19740	VG
19741	VG
19742	VG
19743	VG
19744	VG
19745	VG
19746	VG
19747	VG
19748	VG
19749	VG
19750	VG
19751	VG
19752	VG
19753	VG
19754	VG
19755	VG
19756	VG
19757	VG
19758	VG
19759	VG
19760	VG
19761	VG
19762	VG
19763	VG
19764	VG
19765	VG
19766	VG
19767	VG
19768	VG
19769	VG
19770	VG
19771	VG
19772	VG
19773	VG
19774	VG
19775	VG
19776	VG
19777	VG
19778	VG
19779	VG
19780	VG
19781	VG
19782	VG
19783	VG
19784	VG
19785	VG
19786	VG
19787	VG
19788	VG
19789	VG
19790	VG
19791	VG
19792	VG
19793	VG
19794	VG
19795	VG
19796	VG
19797	VG
19798	VG
19799	VG
19800	VG
19801	VG
19802	VG
19803	VG
19804	VG
19805	VG
19806	VG
19807	VG
19808	VG
19809	VG
19810	VG
19811	VG
19812	VG
19813	VG
19814	VG
19815	VG
19816	VG
19817	VG
19818	VG
19819	VG
19820	VG
19821	VG
19822	VG
19823	VG
19824	VG
19825	VG
19826	VG
19827	VG
19828	VG
19829	VG
19830	VG
19831	VG
19832	VG
19833	VG
19834	VG
19835	VG
19836	VG
19837	VG
19838	VG
19839	VG
19840	VG
19841	VG
19842	VG
19843	VG
19844	VG
19845	VG
19846	VG
19847	VG
19848	VG
19849	VG
19850	VG
19851	VG
19852	VG
19853	VG
19854	VG
19855	VG
19856	VG
19857	VG
19858	VG
19859	VG
19860	VG
19861	VG
19862	VG
19863	VG
19864	VG
19865	VG
19866	VG
19867	VG
19868	VG
19869	VG
19870	VG
19871	VG
19872	VG
19873	VG
19874	VG
19875	VG
19876	VG
19877	VG
19878	VG
19879	VG
19880	VG
19881	VG
19882	VG
19883	VG
19884	VG
19885	VG
19886	VG
19887	VG
19888	VG
19889	VG
19890	VG
19891	VG
19892	VG
19893	VG
19894	VG
19895	VG
19896	VG
19897	VG
19898	VG
19899	VG
19900	VG
19901	VG
19902	VG
19903	VG
19904	VG
19905	VG
19906	VG
19907	VG
19908	VG
19909	VG
19910	VG
19911	VG
19912	VG
19913	VG
19914	VG
19915	VG
19916	VG
19917	VG
19918	VG
19919	VG
19920	VG
19921	VG
19922	VG
19923	VG
19924	VG
19925	VG
19926	VG
19927	VG
19928	VG
19929	VG
19930	VG
19931	VG
19932	VG
19933	VG
19934	VG
19935	VG
19936	VG
19937	VG
19938	VG
19939	VG
19940	VG
19941	VG
19942	VG
19943	VG
19944	VG
19945	VG
19946	VG
19947	VG
19948	VG
19949	VG
19950	VG
19951	VG
19952	VG
19953	VG
19954	VG
19955	VG
19956	VG
19957	VG
19958	VG
19959	VG
19960	VG
19961	VG
19962	VG
19963	VG
19964	VG
19965	VG
19966	VG
19967	VG
19968	VG
19969	VG
19970	VG
19971	VG
19972	VG
19973	VG
19974	VG
19975	VG
19976	VG
19977	VG
19978	VG
19979	VG
19980	VG
19981	VG
19982	VG
19983	VG
19984	VG
19985	VG
19986	VG
19987	VG
19988	VG
19989	VG
19990	VG
19991	VG
19992	VG
19993	VG
19994	VG
19995	VG
19996	VG
19997	VG
19998	VG
19999	VG
20000	VG
20001	VG
20002	VG
20003	VG
20004	VG
20005	VG
20006	VG
20007	VG
20008	VG
20009	VG
20010	VG
20011	VG
20012	VG
20013	VG
20014	VG
20015	VG
20016	VG
20017	VG
20018	VG
20019	VG
20020	VG
20021	VG
20022	VG
20023	VG
20024	VG
20025	VG
20026	VG
20027	VG
20028	VG
20029	VG
20030	VG
20031	VG
20032	VG
20033	VG
20034	VG
20035	VG
20036	VG
20037	VG
20038	VG
20039	VG
20040	VG
20041	VG
20042	VG
20043	VG
20044	VG
20045	VG
20046	VG
20047	VG
20048	VG
20049	VG
20050	VG
20051	VG
20052	VG
20053	VG
20054	VG
20055	VG
20056	VG
20057	VG
20058	VG
20059	VG
20060	VG
20061	VG
20062	VG
20063	VG
20064	VG
20065	VG
20066	VG
20067	VG
20068	VG
20069	VG
20070	VG
20071	VG
20072	VG
20073	VG
20074	VG
20075	VG
20076	VG
20077	VG
20078	VG
20079	VG
20080	VG
20081	VG
20082	VG
20083	VG
20084	VG
20085	VG
20086	VG
20087	VG
20088	VG
20089	VG
20090	VG
20091	VG
20092	VG
20093	VG
20094	VG
20095	VG
20096	VG
20097	VG
20098	VG
20099	VG
20100	VG
20101	VG
20102	VG
20103	VG
20104	VG
20105	VG
20106	VG
20107	VG
20108	VG
20109	VG
20110	VG
20111	VG
20112	VG
20113	VG
20114	VG
20115	VG
20116	VG
20117	VG
20118	VG
20119	VG
20120	VG
20121	VG
20122	VG
20123	VG
20124	VG
20125	VG
20126	VG
20127	VG
20128	VG
20129	VG
20130	VG
20131	VG
20132	VG
20133	VG
20134	VG
20135	VG
20136	VG
20137	VG
20138	VG
20139	VG
20140	VG
20141	VG
20142	VG
20143	VG
20144	VG
20145	VG
20146	VG
20147	VG
20148	VG
20149	VG
20150	VG
20151	VG
20152	VG
20153	VG
20154	VG
20155	VG
20156	VG
20157	VG
20158	VG
20159	VG
20160	VG
20161	VG
20162	VG
20163	VG
20164	VG
20165	VG
20166	VG
20167	VG
20168	VG
20169	VG
20170	VG
20171	VG
20172	VG
20173	VG
20174	VG
20175	VG
20176	VG
20177	VG
20178	VG
20179	VG
20180	VG
20181	VG
20182	VG
20183	VG
20184	VG
20185	VG
20186	VG
20187	VG
20188	VG
20189	VG
20190	VG
20191	VG
20192	VG
20193	VG
20194	VG
20195	VG
20196	VG
20197	VG
20198	VG
20199	VG
20200	VG
20201	VG
20202	VG
20203	VG
20204	VG
20205	VG
20206	VG
20207	VG
20208	VG
20209	VG
20210	VG
20211	VG
20212	VG
20213	VG
20214	VG
20215	VG
20216	VG
20217	VG
20218	VG
20219	VG
20220	VG
20221	VG
20222	VG
20223	VG
20224	VG
20225	VG
20226	VG
20227	VG
20228	VG
20229	VG
20230	VG
20231	VG
20232	VG
20233	VG
20234	VG
20235	VG
20236	VG
20237	VG
20238	VG
20239	VG
20240	VG
20241	VG
20242	VG
20243	VG
20244	VG
20245	VG
20246	VG
20247	VG
20248	VG
20249	VG
20250	VG
20251	VG
20252	VG
20253	VG
20254	VG
20255	VG
20256	VG
20257	VG
20258	VG
20259	VG
20260	VG
20261	VG
20262	VG
20263	VG
20264	VG
20265	VG
20266	VG
20267	VG
20268	VG
20269	VG
20270	VG
20271	VG
20272	VG
20273	VG
20274	VG
20275	VG
20276	VG
20277	VG
20278	VG
20279	VG
20280	VG
20281	VG
20282	VG
20283	VG
20284	VG
20285	VG
20286	VG
20287	VG
20288	VG
20289	VG
20290	VG
20291	VG
20292	VG
20293	VG
20294	VG
20295	VG
20296	VG
20297	VG
20298	VG
20299	VG
20300	VG
20301	VG
20302	VG
20303	VG
20304	VG
20305	VG
20306	VG
20307	VG
20308	VG
20309	VG
20310	VG
20311	VG
20312	VG
20313	VG
20314	VG
20315	VG
20316	VG
20317	VG
20318	VG
20319	VG
20320	VG
20321	VG
20322	VG
20323	VG
20324	VG
20325	VG
20326	VG
20327	VG
20328	VG
20329	VG
20330	VG
20331	VG
20332	VG
20333	VG
20334	VG
20335	VG
20336	VG
20337	VG
20338	VG
20339	VG
20340	VG
20341	VG
20342	VG
20343	VG
20344	VG
20345	VG
20346	VG
20347	VG
20348	VG
20349	VG
20350	VG
20351	VG
20352	VG
20353	VG
20354	VG
20355	VG
20356	VG
20357	VG
20358	VG
20359	VG
20360	VG
20361	VG
20362	VG
20363	VG
20364	VG
20365	VG
20366	VG
20367	VG
20368	VG
20369	VG
20370	VG
20371	VG
20372	VG
20373	VG
20374	VG
20375	VG
20376	VG
20377	VG
20378	VG
20379	VG
20380	VG
20381	VG
20382	VG
20383	VG
20384	VG
20385	VG
20386	VG
20387	VG
20388	VG
20389	VG
20390	VG
20391	VG
20392	VG
20393	VG
20394	VG
20395	VG
20396	VG
20397	VG
20398	VG
20399	VG
20400	VG
20401	VG
20402	VG
20403	VG
20404	VG
20405	VG
20406	VG
20407	VG
20408	VG
20409	VG
20410	VG
20411	VG
20412	VG
20413	VG
20414	VG
20415	VG
20416	VG
20417	VG
20418	VG
20419	VG
20420	VG
20421	VG
20422	VG
20423	VG
20424	VG
20425	VG
20426	VG
20427	VG
20428	VG
20429	VG
20430	VG
20431	VG
20432	VG
20433	VG
20434	VG
20435	VG
20436	VG
20437	VG
20438	VG
20439	VG
20440	VG
20441	VG
20442	VG
20443	VG
20444	VG
20445	VG
20446	VG
20447	VG
20448	VG
20449	VG
20450	VG
20451	VG
20452	VG
20453	VG
20454	VG
20455	VG
20456	VG
20457	VG
20458	VG
20459	VG
20460	VG
20461	VG
20462	VG
20463	VG
20464	VG
20465	VG
20466	VG
20467	VG
20468	VG
20469	VG
20470	VG
20471	VG
20472	VG
20473	VG
20474	VG
20475	VG
20476	VG
20477	VG
20478	VG
20479	VG
20480	VG
20481	VG
20482	VG
20483	VG
20484	VG
20485	VG
20486	VG
20487	VG
20488	VG
20489	VG
20490	VG
20491	VG
20492	VG
20493	VG
20494	VG
20495	VG
20496	VG
20497	VG
20498	VG
20499	VG
20500	VG
20501	VG
20502	VG
20503	VG
20504	VG
20505	VG
20506	VG
20507	VG
20508	VG
20509	VG
20510	VG
20511	VG
20512	VG
20513	VG
20514	VG
20515	VG
20516	VG
20517	VG
20518	VG
20519	VG
20520	VG
20521	VG
20522	VG
20523	VG
20524	VG
20525	VG
20526	VG
20527	VG
20528	VG
20529	VG
20530	VG
20531	VG
20532	VG
20533	VG
20534	VG
20535	VG
20536	VG
20537	VG
20538	VG
20539	VG
20540	VG
20541	VG
20542	VG
20543	VG
20544	VG
20545	VG
20546	VG
20547	VG
20548	VG
20549	VG
20550	VG
20551	VG
20552	VG
20553	VG
20554	VG
20555	VG
20556	VG
20557	VG
20558	VG
20559	VG
20560	VG
20561	VG
20562	VG
20563	VG
20564	VG
20565	VG
20566	VG
20567	VG
20568	VG
20569	VG
20570	VG
20571	VG
20572	VG
20573	VG
20574	VG
20575	VG
20576	VG
20577	VG
20578	VG
20579	VG
20580	VG
20581	VG
20582	VG
20583	VG
20584	VG
20585	VG
20586	VG
20587	VG
20588	VG
20589	VG
20590	VG
20591	VG
20592	VG
20593	VG
20594	VG
20595	VG
20596	VG
20597	VG
20598	VG
20599	VG
20600	VG
20601	VG
20602	VG
20603	VG
20604	VG
20605	VG
20606	VG
20607	VG
20608	VG
20609	VG
20610	VG
20611	VG
20612	VG
20613	VG
20614	VG
20615	VG
20616	VG
20617	VG
20618	VG
20619	VG
20620	VG
20621	VG
20622	VG
20623	VG
20624	VG
20625	VG
20626	VG
20627	VG
20628	VG
20629	VG
20630	VG
20631	VG
20632	VG
20633	VG
20634	VG
20635	VG
20636	VG
20637	VG
20638	VG
20639	VG
20640	VG
20641	VG
20642	VG
20643	VG
20644	VG
20645	VG
20646	VG
20647	VG
20648	VG
20649	VG
20650	VG
20651	VG
20652	VG
20653	VG
20654	VG
20655	VG
20656	VG
20657	VG
20658	VG
20659	VG
20660	VG
20661	VG
20662	VG
20663	VG
20664	VG
20665	VG
20666	VG
20667	VG
20668	VG
20669	VG
20670	VG
20671	VG
20672	VG
20673	VG
20674	VG
20675	VG
20676	VG
20677	VG
20678	VG
20679	VG
20680	VG
20681	VG
20682	VG
20683	VG
20684	VG
20685	VG
20686	VG
20687	VG
20688	VG
20689	VG
20690	VG
20691	VG
20692	VG
20693	VG
20694	VG
20695	VG
20696	VG
20697	VG
20698	VG
20699	VG
20700	VG
20701	VG
20702	VG
20703	VG
20704	VG
20705	VG
20706	VG
20707	VG
20708	VG
20709	VG
20710	VG
20711	VG
20712	VG
20713	VG
20714	VG
20715	VG
20716	VG
20717	VG
20718	VG
20719	VG
20720	VG
20721	VG
20722	VG
20723	VG
20724	VG
20725	VG
20726	VG
20727	VG
20728	VG
20729	VG
20730	VG
20731	VG
20732	VG
20733	VG
20734	VG
20735	VG
20736	VG
20737	VG
20738	VG
20739	VG
20740	VG
20741	VG
20742	VG
20743	VG
20744	VG
20745	VG
20746	VG
20747	VG
20748	VG
20749	VG
20750	VG
20751	VG
20752	VG
20753	VG
20754	VG
20755	VG
20756	VG
20757	VG
20758	VG
20759	VG
20760	VG
20761	VG
20762	VG
20763	VG
20764	VG
20765	VG
20766	VG
20767	VG
20768	VG
20769	VG
20770	VG
20771	VG
20772	VG
20773	VG
20774	VG
20775	VG
20776	VG
20777	VG
20778	VG
20779	VG
20780	VG
20781	VG
20782	VG
20783	VG
20784	VG
20785	VG
20786	VG
20787	VG
20788	VG
20789	VG
20790	VG
20791	VG
20792	VG
20793	VG
20794	VG
20795	VG
20796	VG
20797	VG
20798	VG
20799	VG
20800	VG
20801	VG
20802	VG
20803	VG
20804	VG
20805	VG
20806	VG
20807	VG
20808	VG
20809	VG
20810	VG
20811	VG
20812	VG
20813	VG
20814	VG
20815	VG
20816	VG
20817	VG
20818	VG
20819	VG
20820	VG
20821	VG
20822	VG
20823	VG
20824	VG
20825	VG
20826	VG
20827	VG
20828	VG
20829	VG
20830	VG
20831	VG
20832	VG
20833	VG
20834	VG
20835	VG
20836	VG
20837	VG
20838	VG
20839	VG
20840	VG
20841	VG
20842	VG
20843	VG
20844	VG
20845	VG
20846	VG
20847	VG
20848	VG
20849	VG
20850	VG
20851	VG
20852	VG
20853	VG
20854	VG
20855	VG
20856	VG
20857	VG
20858	VG
20859	VG
20860	VG
20861	VG
20862	VG
20863	VG
20864	VG
20865	VG
20866	VG
20867	VG
20868	VG
20869	VG
20870	VG
20871	VG
20872	VG
20873	VG
20874	VG
20875	VG
20876	VG
20877	VG
20878	VG
20879	VG
20880	VG
20881	VG
20882	VG
20883	VG
20884	VG
20885	VG
20886	VG
20887	VG
20888	VG
20889	VG
20890	VG
20891	VG
20892	VG
20893	VG
20894	VG
20895	VG
20896	VG
20897	VG
20898	VG
20899	VG
20900	VG
20901	VG
20902	VG
20903	VG
20904	VG
20905	VG
20906	VG
20907	VG
20908	VG
20909	VG
20910	VG
20911	VG
20912	VG
20913	VG
20914	VG
20915	VG
20916	VG
20917	VG
20918	VG
20919	VG
20920	VG
20921	VG
20922	VG
20923	VG
20924	VG
20925	VG
20926	VG
20927	VG
20928	VG
20929	VG
20930	VG
20931	VG
20932	VG
20933	VG
20934	VG
20935	VG
20936	VG
20937	VG
20938	VG
20939	VG
20940	VG
20941	VG
20942	VG
20943	VG
20944	VG
20945	VG
20946	VG
20947	VG
20948	VG
20949	VG
20950	VG
20951	VG
20952	VG
20953	VG
20954	VG
20955	VG
20956	VG
20957	VG
20958	VG
20959	VG
20960	VG
20961	VG
20962	VG
20963	VG
20964	VG
20965	VG
20966	VG
20967	VG
20968	VG
20969	VG
20970	VG
20971	VG
20972	VG
20973	VG
20974	VG
20975	VG
20976	VG
20977	VG
20978	VG
20979	VG
20980	VG
20981	VG
20982	VG
20983	VG
20984	VG
20985	VG
20986	VG
20987	VG
20988	VG
20989	VG
20990	VG
20991	VG
20992	VG
20993	VG
20994	VG
20995	VG
20996	VG
20997	VG
20998	VG
20999	VG
21000	VG
21001	VG
21002	VG
21003	VG
21004	VG
21005	VG
21006	VG
21007	VG
21008	VG
21009	VG
21010	VG
21011	VG
21012	VG
21013	VG
21014	VG
21015	VG
21016	VG
21017	VG
21018	VG
21019	VG
21020	VG
21021	VG
21022	VG
21023	VG
21024	VG
21025	VG
21026	VG
21027	VG
21028	VG
21029	VG
21030	VG
21031	VG
21032	VG
21033	VG
21034	VG
21035	VG
21036	VG
21037	VG
21038	VG
21039	VG
21040	VG
21041	VG
21042	VG
21043	VG
21044	VG
21045	VG
21046	VG
21047	VG
21048	VG
21049	VG
21050	VG
21051	VG
21052	VG
21053	VG
21054	VG
21055	VG
21056	VG
21057	VG
21058	VG
21059	VG
21060	VG
21061	VG
21062	VG
21063	VG
21064	VG
21065	VG
21066	VG
21067	VG
21068	VG
21069	VG
21070	VG
21071	VG
21072	VG
21073	VG
21074	VG
21075	VG
21076	VG
21077	VG
21078	VG
21079	VG
21080	VG
21081	VG
21082	VG
21083	VG
21084	VG
21085	VG
21086	VG
21087	VG
21088	VG
21089	VG
21090	VG
21091	VG
21092	VG
21093	VG
21094	VG
21095	VG
21096	VG
21097	VG
21098	VG
21099	VG
21100	VG
21101	VG
21102	VG
21103	VG
21104	VG
21105	VG
21106	VG
21107	VG
21108	VG
21109	VG
21110	VG
21111	VG
21112	VG
21113	VG
21114	VG
21115	VG
21116	VG
21117	VG
21118	VG
21119	VG
21120	VG
21121	VG
21122	VG
21123	VG
21124	VG
21125	VG
21126	VG
21127	VG
21128	VG
21129	VG
21130	VG
21131	VG
21132	VG
21133	VG
21134	VG
21135	VG
21136	VG
21137	VG
21138	VG
21139	VG
21140	VG
21141	VG
21142	VG
21143	VG
21144	VG
21145	VG
21146	VG
21147	VG
21148	VG
21149	VG
21150	VG
21151	VG
21152	VG
21153	VG
21154	VG
21155	VG
21156	VG
21157	VG
21158	VG
21159	VG
21160	VG
21161	VG
21162	VG
21163	VG
21164	VG
21165	VG
21166	VG
21167	VG
21168	VG
21169	VG
21170	VG
21171	VG
21172	VG
21173	VG
21174	VG
21175	VG
21176	VG
21177	VG
21178	VG
21179	VG
21180	VG
21181	VG
21182	VG
21183	VG
21184	VG
21185	VG
21186	VG
21187	VG
21188	VG
21189	VG
21190	VG
21191	VG
21192	VG
21193	VG
21194	VG
21195	VG
21196	VG
21197	VG
21198	VG
21199	VG
21200	VG
21201	VG
21202	VG
21203	VG
21204	VG
21205	VG
21206	VG
21207	VG
21208	VG
21209	VG
21210	VG
21211	VG
21212	VG
21213	VG
21214	VG
21215	VG
21216	VG
21217	VG
21218	VG
21219	VG
21220	VG
21221	VG
21222	VG
21223	VG
21224	VG
21225	VG
21226	VG
21227	VG
21228	VG
21229	VG
21230	VG
21231	VG
21232	VG
21233	VG
21234	VG
21235	VG
21236	VG
21237	VG
21238	VG
21239	VG
21240	VG
21241	VG
21242	VG
21243	VG
21244	VG
21245	VG
21246	VG
21247	VG
21248	VG
21249	VG
21250	VG
21251	VG
21252	VG
21253	VG
21254	VG
21255	VG
21256	VG
21257	VG
21258	VG
21259	VG
21260	VG
21261	VG
21262	VG
21263	VG
21264	VG
21265	VG
21266	VG
21267	VG
21268	VG
21269	VG
21270	VG
21271	VG
21272	VG
21273	VG
21274	VG
21275	VG
21276	VG
21277	VG
21278	VG
21279	VG
21280	VG
21281	VG
21282	VG
21283	VG
21284	VG
21285	VG
21286	VG
21287	VG
21288	VG
21289	VG
21290	VG
21291	VG
21292	VG
21293	VG
21294	VG
21295	VG
21296	VG
21297	VG
21298	VG
21299	VG
21300	VG
21301	VG
21302	VG
21303	VG
21304	VG
21305	VG
21306	VG
21307	VG
21308	VG
21309	VG
21310	VG
21311	VG
21312	VG
21313	VG
21314	VG
21315	VG
21316	VG
21317	VG
21318	VG
21319	VG
21320	VG
21321	VG
21322	VG
21323	VG
21324	VG
21325	VG
21326	VG
21327	VG
21328	VG
21329	VG
21330	VG
21331	VG
21332	VG
21333	VG
21334	VG
21335	VG
21336	VG
21337	VG
21338	VG
21339	VG
21340	VG
21341	VG
21342	VG
21343	VG
21344	VG
21345	VG
21346	VG
21347	VG
21348	VG
21349	VG
21350	VG
21351	VG
21352	VG
21353	VG
21354	VG
21355	VG
21356	VG
21357	VG
21358	VG
21359	VG
21360	VG
21361	VG
21362	VG
21363	VG
21364	VG
21365	VG
21366	VG
21367	VG
21368	VG
21369	VG
21370	VG
21371	VG
21372	VG
21373	VG
21374	VG
21375	VG
21376	VG
21377	VG
21378	VG
21379	VG
21380	VG
21381	VG
21382	VG
21383	VG
21384	VG
21385	VG
21386	VG
21387	VG
21388	VG
21389	VG
21390	VG
21391	VG
21392	VG
21393	VG
21394	VG
21395	VG
21396	VG
21397	VG
21398	VG
21399	VG
21400	VG
21401	VG
21402	VG
21403	VG
21404	VG
21405	VG
21406	VG
21407	VG
21408	VG
21409	VG
21410	VG
21411	VG
21412	VG
21413	VG
21414	VG
21415	VG
21416	VG
21417	VG
21418	VG
21419	VG
21420	VG
21421	VG
21422	VG
21423	VG
21424	VG
21425	VG
21426	VG
21427	VG
21428	VG
21429	VG
21430	VG
21431	VG
21432	VG
21433	VG
21434	VG
21435	VG
21436	VG
21437	VG
21438	VG
21439	VG
21440	VG
21441	VG
21442	VG
21443	VG
21444	VG
21445	VG
21446	VG
21447	VG
21448	VG
21449	VG
21450	VG
21451	VG
21452	VG
21453	VG
21454	VG
21455	VG
21456	VG
21457	VG
21458	VG
21459	VG
21460	VG
21461	VG
21462	VG
21463	VG
21464	VG
21465	VG
21466	VG
21467	VG
21468	VG
21469	VG
21470	VG
21471	VG
21472	VG
21473	VG
21474	VG
21475	VG
21476	VG
21477	VG
21478	VG
21479	VG
21480	VG
21481	VG
21482	VG
21483	VG
21484	VG
21485	VG
21486	VG
21487	VG
21488	VG
21489	VG
21490	VG
21491	VG
21492	VG
21493	VG
21494	VG
21495	VG
21496	VG
21497	VG
21498	VG
21499	VG
21500	VG
21501	VG
21502	VG
21503	VG
21504	VG
21505	VG
21506	VG
21507	VG
21508	VG
21509	VG
21510	VG
21511	VG
21512	VG
21513	VG
21514	VG
21515	VG
21516	VG
21517	VG
21518	VG
21519	VG
21520	VG
21521	VG
21522	VG
21523	VG
21524	VG
21525	VG
21526	VG
21527	VG
21528	VG
21529	VG
21530	VG
21531	VG
21532	VG
21533	VG
21534	VG
21535	VG
21536	VG
21537	VG
21538	VG
21539	VG
21540	VG
21541	VG
21542	VG
21543	VG
21544	VG
21545	VG
21546	VG
21547	VG
21548	VG
21549	VG
21550	VG
21551	VG
21552	VG
21553	VG
21554	VG
21555	VG
21556	VG
21557	VG
21558	VG
21559	VG
21560	VG
21561	VG
21562	VG
21563	VG
21564	VG
21565	VG
21566	VG
21567	VG
21568	VG
21569	VG
21570	VG
21571	VG
21572	VG
21573	VG
21574	VG
21575	VG
21576	VG
21577	VG
21578	VG
21579	VG
21580	VG
21581	VG
21582	VG
21583	VG
21584	VG
21585	VG
21586	VG
21587	VG
21588	VG
21589	VG
21590	VG
21591	VG
21592	VG
21593	VG
21594	VG
21595	VG
21596	VG
21597	VG
21598	VG
21599	VG
21600	VG
21601	VG
21602	VG
21603	VG
21604	VG
21605	VG
21606	VG
21607	VG
21608	VG
21609	VG
21610	VG
21611	VG
21612	VG
21613	VG
21614	VG
21615	VG
21616	VG
21617	VG
21618	VG
21619	VG
21620	VG
21621	VG
21622	VG
21623	VG
21624	VG
21625	VG
21626	VG
21627	VG
21628	VG
21629	VG
21630	VG
21631	VG
21632	VG
21633	VG
21634	VG
21635	VG
21636	VG
21637	VG
21638	VG
21639	VG
21640	VG
21641	VG
21642	VG
21643	VG
21644	VG
21645	VG
21646	VG
21647	VG
21648	VG
21649	VG
21650	VG
21651	VG
21652	VG
21653	VG
21654	VG
21655	VG
21656	VG
21657	VG
21658	VG
21659	VG
21660	VG
21661	VG
21662	VG
21663	VG
21664	VG
21665	VG
21666	VG
21667	VG
21668	VG
21669	VG
21670	VG
21671	VG
21672	VG
21673	VG
21674	VG
21675	VG
21676	VG
21677	VG
21678	VG
21679	VG
21680	VG
21681	VG
21682	VG
21683	VG
21684	VG
21685	VG
21686	VG
21687	VG
21688	VG
21689	VG
21690	VG
21691	VG
21692	VG
21693	VG
21694	VG
21695	VG
21696	VG
21697	VG
21698	VG
21699	VG
21700	VG
21701	VG
21702	VG
21703	VG
21704	VG
21705	VG
21706	VG
21707	VG
21708	VG
21709	VG
21710	VG
21711	VG
21712	VG
21713	VG
21714	VG
21715	VG
21716	VG
21717	VG
21718	VG
21719	VG
21720	VG
21721	VG
21722	VG
21723	VG
21724	VG
21725	VG
21726	VG
21727	VG
21728	VG
21729	VG
21730	VG
21731	VG
21732	VG
21733	VG
21734	VG
21735	VG
21736	VG
21737	VG
21738	VG
21739	VG
21740	VG
21741	VG
21742	VG
21743	VG
21744	VG
21745	VG
21746	VG
21747	VG
21748	VG
21749	VG
21750	VG
21751	VG
21752	VG
21753	VG
21754	VG
21755	VG
21756	VG
21757	VG
21758	VG
21759	VG
21760	VG
21761	VG
21762	VG
21763	VG
21764	VG
21765	VG
21766	VG
21767	VG
21768	VG
21769	VG
21770	VG
21771	VG
21772	VG
21773	VG
21774	VG
21775	VG
21776	VG
21777	VG
21778	VG
21779	VG
21780	VG
21781	VG
21782	VG
21783	VG
21784	VG
21785	VG
21786	VG
21787	VG
21788	VG
21789	VG
21790	VG
21791	VG
21792	VG
21793	VG
21794	VG
21795	VG
21796	VG
21797	VG
21798	VG
21799	VG
21800	VG
21801	VG
21802	VG
21803	VG
21804	VG
21805	VG
21806	VG
21807	VG
21808	VG
21809	VG
21810	VG
21811	VG
21812	VG
21813	VG
21814	VG
21815	VG
21816	VG
21817	VG
21818	VG
21819	VG
21820	VG
21821	VG
21822	VG
21823	VG
21824	VG
21825	VG
21826	VG
21827	VG
21828	VG
21829	VG
21830	VG
21831	VG
21832	VG
21833	VG
21834	VG
21835	VG
21836	VG
21837	VG
21838	VG
21839	VG
21840	VG
21841	VG
21842	VG
21843	VG
21844	VG
21845	VG
21846	VG
21847	VG
21848	VG
21849	VG
21850	VG
21851	VG
21852	VG
21853	VG
21854	VG
21855	VG
21856	VG
21857	VG
21858	VG
21859	VG
21860	VG
21861	VG
21862	VG
21863	VG
21864	VG
21865	VG
21866	VG
21867	VG
21868	VG
21869	VG
21870	VG
21871	VG
21872	VG
21873	VG
21874	VG
21875	VG
21876	VG
21877	VG
21878	VG
21879	VG
21880	VG
21881	VG
21882	VG
21883	VG
21884	VG
21885	VG
21886	VG
21887	VG
21888	VG
21889	VG
21890	VG
21891	VG
21892	VG
21893	VG
21894	VG
21895	VG
21896	VG
21897	VG
21898	VG
21899	VG
21900	VG
21901	VG
21902	VG
21903	VG
21904	VG
21905	VG
21906	VG
21907	VG
21908	VG
21909	VG
21910	VG
21911	VG
21912	VG
21913	VG
21914	VG
21915	VG
21916	VG
21917	VG
21918	VG
21919	VG
21920	VG
21921	VG
21922	VG
21923	VG
21924	VG
21925	VG
21926	VG
21927	VG
21928	VG
21929	VG
21930	VG
21931	VG
21932	VG
21933	VG
21934	VG
21935	VG
21936	VG
21937	VG
21938	VG
21939	VG
21940	VG
21941	VG
21942	VG
21943	VG
21944	VG
21945	VG
21946	VG
21947	VG
21948	VG
21949	VG
21950	VG
21951	VG
21952	VG
21953	VG
21954	VG
21955	VG
21956	VG
21957	VG
21958	VG
21959	VG
21960	VG
21961	VG
21962	VG
21963	VG
21964	VG
21965	VG
21966	VG
21967	VG
21968	VG
21969	VG
21970	VG
21971	VG
21972	VG
21973	VG
21974	VG
21975	VG
21976	VG
21977	VG
21978	VG
21979	VG
21980	VG
21981	VG
21982	VG
21983	VG
21984	VG
21985	VG
21986	VG
21987	VG
21988	VG
21989	VG
21990	VG
21991	VG
21992	VG
21993	VG
21994	VG
21995	VG
21996	VG
21997	VG
21998	VG
21999	VG
22000	VG
22001	VG
22002	VG
22003	VG
22004	VG
22005	VG
22006	VG
22007	VG
22008	VG
22009	VG
22010	VG
22011	VG
22012	VG
22013	VG
22014	VG
22015	VG
22016	VG
22017	VG
22018	VG
22019	VG
22020	VG
22021	VG
22022	VG
22023	VG
22024	VG
22025	VG
22026	VG
22027	VG
22028	VG
22029	VG
22030	VG
22031	VG
22032	VG
22033	VG
22034	VG
22035	VG
22036	VG
22037	VG
22038	VG
22039	VG
22040	VG
22041	VG
22042	VG
22043	VG
22044	VG
22045	VG
22046	VG
22047	VG
22048	VG
22049	VG
22050	VG
22051	VG
22052	VG
22053	VG
22054	VG
22055	VG
22056	VG
22057	VG
22058	VG
22059	VG
22060	VG
22061	VG
22062	VG
22063	VG
22064	VG
22065	VG
22066	VG
22067	VG
22068	VG
22069	VG
22070	VG
22071	VG
22072	VG
22073	VG
22074	VG
22075	VG
22076	VG
22077	VG
22078	VG
22079	VG
22080	VG
22081	VG
22082	VG
22083	VG
22084	VG
22085	VG
22086	VG
22087	VG
22088	VG
22089	VG
22090	VG
22091	VG
22092	VG
22093	VG
22094	VG
22095	VG
22096	VG
22097	VG
22098	VG
22099	VG
22100	VG
22101	VG
22102	VG
22103	VG
22104	VG
22105	VG
22106	VG
22107	VG
22108	VG
22109	VG
22110	VG
22111	VG
22112	VG
22113	VG
22114	VG
22115	VG
22116	VG
22117	VG
22118	VG
22119	VG
22120	VG
22121	VG
22122	VG
22123	VG
22124	VG
22125	VG
22126	VG
22127	VG
22128	VG
22129	VG
22130	VG
22131	VG
22132	VG
22133	VG
22134	VG
22135	VG
22136	VG
22137	VG
22138	VG
22139	VG
22140	VG
22141	VG
22142	VG
22143	VG
22144	VG
22145	VG
22146	VG
22147	VG
22148	VG
22149	VG
22150	VG
22151	VG
22152	VG
22153	VG
22154	VG
22155	VG
22156	VG
22157	VG
22158	VG
22159	VG
22160	VG
22161	VG
22162	VG
22163	VG
22164	VG
22165	VG
22166	VG
22167	VG
22168	VG
22169	VG
22170	VG
22171	VG
22172	VG
22173	VG
22174	VG
22175	VG
22176	VG
22177	VG
22178	VG
22179	VG
22180	VG
22181	VG
22182	VG
22183	VG
22184	VG
22185	VG
22186	VG
22187	VG
22188	VG
22189	VG
22190	VG
22191	VG
22192	VG
22193	VG
22194	VG
22195	VG
22196	VG
22197	VG
22198	VG
22199	VG
22200	VG
22201	VG
22202	VG
22203	VG
22204	VG
22205	VG
22206	VG
22207	VG
22208	VG
22209	VG
22210	VG
22211	VG
22212	VG
22213	VG
22214	VG
22215	VG
22216	VG
22217	VG
22218	VG
22219	VG
22220	VG
22221	VG
22222	VG
22223	VG
22224	VG
22225	VG
22226	VG
22227	VG
22228	VG
22229	VG
22230	VG
22231	VG
22232	VG
22233	VG
22234	VG
22235	VG
22236	VG
22237	VG
22238	VG
22239	VG
22240	VG
22241	VG
22242	VG
22243	VG
22244	VG
22245	VG
22246	VG
22247	VG
22248	VG
22249	VG
22250	VG
22251	VG
22252	VG
22253	VG
22254	VG
22255	VG
22256	VG
22257	VG
22258	VG
22259	VG
22260	VG
22261	VG
22262	VG
22263	VG
22264	VG
22265	VG
22266	VG
22267	VG
22268	VG
22269	VG
22270	VG
22271	VG
22272	VG
22273	VG
22274	VG
22275	VG
22276	VG
22277	VG
22278	VG
22279	VG
22280	VG
22281	VG
22282	VG
22283	VG
22284	VG
22285	VG
22286	VG
22287	VG
22288	VG
22289	VG
22290	VG
22291	VG
22292	VG
22293	VG
22294	VG
22295	VG
22296	VG
22297	VG
22298	VG
22299	VG
22300	VG
22301	VG
22302	VG
22303	VG
22304	VG
22305	VG
22306	VG
22307	VG
22308	VG
22309	VG
22310	VG
22311	VG
22312	VG
22313	VG
22314	VG
22315	VG
22316	VG
22317	VG
22318	VG
22319	VG
22320	VG
22321	VG
22322	VG
22323	VG
22324	VG
22325	VG
22326	VG
22327	VG
22328	VG
22329	VG
22330	VG
22331	VG
22332	VG
22333	VG
22334	VG
22335	VG
22336	VG
22337	VG
22338	VG
22339	VG
22340	VG
22341	VG
22342	VG
22343	VG
22344	VG
22345	VG
22346	VG
22347	VG
22348	VG
22349	VG
22350	VG
22351	VG
22352	VG
22353	VG
22354	VG
22355	VG
22356	VG
22357	VG
22358	VG
22359	VG
22360	VG
22361	VG
22362	VG
22363	VG
22364	VG
22365	VG
22366	VG
22367	VG
22368	VG
22369	VG
22370	VG
22371	VG
22372	VG
22373	VG
22374	VG
22375	VG
22376	VG
22377	VG
22378	VG
22379	VG
22380	VG
22381	VG
22382	VG
22383	VG
22384	VG
22385	VG
22386	VG
22387	VG
22388	VG
22389	VG
22390	VG
22391	VG
22392	VG
22393	VG
22394	VG
22395	VG
22396	VG
22397	VG
22398	VG
22399	VG
22400	VG
22401	VG
22402	VG
22403	VG
22404	VG
22405	VG
22406	VG
22407	VG
22408	VG
22409	VG
22410	VG
22411	VG
22412	VG
22413	VG
22414	VG
22415	VG
22416	VG
22417	VG
22418	VG
22419	VG
22420	VG
22421	VG
22422	VG
22423	VG
22424	VG
22425	VG
22426	VG
22427	VG
22428	VG
22429	VG
22430	VG
22431	VG
22432	VG
22433	VG
22434	VG
22435	VG
22436	VG
22437	VG
22438	VG
22439	VG
22440	VG
22441	VG
22442	VG
22443	VG
22444	VG
22445	VG
22446	VG
22447	VG
22448	VG
22449	VG
22450	VG
22451	VG
22452	VG
22453	VG
22454	VG
22455	VG
22456	VG
22457	VG
22458	VG
22459	VG
22460	VG
22461	VG
22462	VG
22463	VG
22464	VG
22465	VG
22466	VG
22467	VG
22468	VG
22469	VG
22470	VG
22471	VG
22472	VG
22473	VG
22474	VG
22475	VG
22476	VG
22477	VG
22478	VG
22479	VG
22480	VG
22481	VG
22482	VG
22483	VG
22484	VG
22485	VG
22486	VG
22487	VG
22488	VG
22489	VG
22490	VG
22491	VG
22492	VG
22493	VG
22494	VG
22495	VG
22496	VG
22497	VG
22498	VG
22499	VG
22500	VG
22501	VG
22502	VG
22503	VG
22504	VG
22505	VG
22506	VG
22507	VG
22508	VG
22509	VG
22510	VG
22511	VG
22512	VG
22513	VG
22514	VG
22515	VG
22516	VG
22517	VG
22518	VG
22519	VG
22520	VG
22521	VG
22522	VG
22523	VG
22524	VG
22525	VG
22526	VG
22527	VG
22528	VG
22529	VG
22530	VG
22531	VG
22532	VG
22533	VG
22534	VG
22535	VG
22536	VG
22537	VG
22538	VG
22539	VG
22540	VG
22541	VG
22542	VG
22543	VG
22544	VG
22545	VG
22546	VG
22547	VG
22548	VG
22549	VG
22550	VG
22551	VG
22552	VG
22553	VG
22554	VG
22555	VG
22556	VG
22557	VG
22558	VG
22559	VG
22560	VG
22561	VG
22562	VG
22563	VG
22564	VG
22565	VG
22566	VG
22567	VG
22568	VG
22569	VG
22570	VG
22571	VG
22572	VG
22573	VG
22574	VG
22575	VG
22576	VG
22577	VG
22578	VG
22579	VG
22580	VG
22581	VG
22582	VG
22583	VG
22584	VG
22585	VG
22586	VG
22587	VG
22588	VG
22589	VG
22590	VG
22591	VG
22592	VG
22593	VG
22594	VG
22595	VG
22596	VG
22597	VG
22598	VG
22599	VG
22600	VG
22601	VG
22602	VG
22603	VG
22604	VG
22605	VG
22606	VG
22607	VG
22608	VG
22609	VG
22610	VG
22611	VG
22612	VG
22613	VG
22614	VG
22615	VG
22616	VG
22617	VG
22618	VG
22619	VG
22620	VG
22621	VG
22622	VG
22623	VG
22624	VG
22625	VG
22626	VG
22627	VG
22628	VG
22629	VG
22630	VG
22631	VG
22632	VG
22633	VG
22634	VG
22635	VG
22636	VG
22637	VG
22638	VG
22639	VG
22640	VG
22641	VG
22642	VG
22643	VG
22644	VG
22645	VG
22646	VG
22647	VG
22648	VG
22649	VG
22650	VG
22651	VG
22652	VG
22653	VG
22654	VG
22655	VG
22656	VG
22657	VG
22658	VG
22659	VG
22660	VG
22661	VG
22662	VG
22663	VG
22664	VG
22665	VG
22666	VG
22667	VG
22668	VG
22669	VG
22670	VG
22671	VG
22672	VG
22673	VG
22674	VG
22675	VG
22676	VG
22677	VG
22678	VG
22679	VG
22680	VG
22681	VG
22682	VG
22683	VG
22684	VG
22685	VG
22686	VG
22687	VG
22688	VG
22689	VG
22690	VG
22691	VG
22692	VG
22693	VG
22694	VG
22695	VG
22696	VG
22697	VG
22698	VG
22699	VG
22700	VG
22701	VG
22702	VG
22703	VG
22704	VG
22705	VG
22706	VG
22707	VG
22708	VG
22709	VG
22710	VG
22711	VG
22712	VG
22713	VG
22714	VG
22715	VG
22716	VG
22717	VG
22718	VG
22719	VG
22720	VG
22721	VG
22722	VG
22723	VG
22724	VG
22725	VG
22726	VG
22727	VG
22728	VG
22729	VG
22730	VG
22731	VG
22732	VG
22733	VG
22734	VG
22735	VG
22736	VG
22737	VG
22738	VG
22739	VG
22740	VG
22741	VG
22742	VG
22743	VG
22744	VG
22745	VG
22746	VG
22747	VG
22748	VG
22749	VG
22750	VG
22751	VG
22752	VG
22753	VG
22754	VG
22755	VG
22756	VG
22757	VG
22758	VG
22759	VG
22760	VG
22761	VG
22762	VG
22763	VG
22764	VG
22765	VG
22766	VG
22767	VG
22768	VG
22769	VG
22770	VG
22771	VG
22772	VG
22773	VG
22774	VG
22775	VG
22776	VG
22777	VG
22778	VG
22779	VG
22780	VG
22781	VG
22782	VG
22783	VG
22784	VG
22785	VG
22786	VG
22787	VG
22788	VG
22789	VG
22790	VG
22791	VG
22792	VG
22793	VG
22794	VG
22795	VG
22796	VG
22797	VG
22798	VG
22799	VG
22800	VG
22801	VG
22802	VG
22803	VG
22804	VG
22805	VG
22806	VG
22807	VG
22808	VG
22809	VG
22810	VG
22811	VG
22812	VG
22813	VG
22814	VG
22815	VG
22816	VG
22817	VG
22818	VG
22819	VG
22820	VG
22821	VG
22822	VG
22823	VG
22824	VG
22825	VG
22826	VG
22827	VG
22828	VG
22829	VG
22830	VG
22831	VG
22832	VG
22833	VG
22834	VG
22835	VG
22836	VG
22837	VG
22838	VG
22839	VG
22840	VG
22841	VG
22842	VG
22843	VG
22844	VG
22845	VG
22846	VG
22847	VG
22848	VG
22849	VG
22850	VG
22851	VG
22852	VG
22853	VG
22854	VG
22855	VG
22856	VG
22857	VG
22858	VG
22859	VG
22860	VG
22861	VG
22862	VG
22863	VG
22864	VG
22865	VG
22866	VG
22867	VG
22868	VG
22869	VG
22870	VG
22871	VG
22872	VG
22873	VG
22874	VG
22875	VG
22876	VG
22877	VG
22878	VG
22879	VG
22880	VG
22881	VG
22882	VG
22883	VG
22884	VG
22885	VG
22886	VG
22887	VG
22888	VG
22889	VG
22890	VG
22891	VG
22892	VG
22893	VG
22894	VG
22895	VG
22896	VG
22897	VG
22898	VG
22899	VG
22900	VG
22901	VG
22902	VG
22903	VG
22904	VG
22905	VG
22906	VG
22907	VG
22908	VG
22909	VG
22910	VG
22911	VG
22912	VG
22913	VG
22914	VG
22915	VG
22916	VG
22917	VG
22918	VG
22919	VG
22920	VG
22921	VG
22922	VG
22923	VG
22924	VG
22925	VG
22926	VG
22927	VG
22928	VG
22929	VG
22930	VG
22931	VG
22932	VG
22933	VG
22934	VG
22935	VG
22936	VG
22937	VG
22938	VG
22939	VG
22940	VG
22941	VG
22942	VG
22943	VG
22944	VG
22945	VG
22946	VG
22947	VG
22948	VG
22949	VG
22950	VG
22951	VG
22952	VG
22953	VG
22954	VG
22955	VG
22956	VG
22957	VG
22958	VG
22959	VG
22960	VG
22961	VG
22962	VG
22963	VG
22964	VG
22965	VG
22966	VG
22967	VG
22968	VG
22969	VG
22970	VG
22971	VG
22972	VG
22973	VG
22974	VG
22975	VG
22976	VG
22977	VG
22978	VG
22979	VG
22980	VG
22981	VG
22982	VG
22983	VG
22984	VG
22985	VG
22986	VG
22987	VG
22988	VG
22989	VG
22990	VG
22991	VG
22992	VG
22993	VG
22994	VG
22995	VG
22996	VG
22997	VG
22998	VG
22999	VG
23000	VG
23001	VG
23002	VG
23003	VG
23004	VG
23005	VG
23006	VG
23007	VG
23008	VG
23009	VG
23010	VG
23011	VG
23012	VG
23013	VG
23014	VG
23015	VG
23016	VG
23017	VG
23018	VG
23019	VG
23020	VG
23021	VG
23022	VG
23023	VG
23024	VG
23025	VG
23026	VG
23027	VG
23028	VG
23029	VG
23030	VG
23031	VG
23032	VG
23033	VG
23034	VG
23035	VG
23036	VG
23037	VG
23038	VG
23039	VG
23040	VG
23041	VG
23042	VG
23043	VG
23044	VG
23045	VG
23046	VG
23047	VG
23048	VG
23049	VG
23050	VG
23051	VG
23052	VG
23053	VG
23054	VG
23055	VG
23056	VG
23057	VG
23058	VG
23059	VG
23060	VG
23061	VG
23062	VG
23063	VG
23064	VG
23065	VG
23066	VG
23067	VG
23068	VG
23069	VG
23070	VG
23071	VG
23072	VG
23073	VG
23074	VG
23075	VG
23076	VG
23077	VG
23078	VG
23079	VG
23080	VG
23081	VG
23082	VG
23083	VG
23084	VG
23085	VG
23086	VG
23087	VG
23088	VG
23089	VG
23090	VG
23091	VG
23092	VG
23093	VG
23094	VG
23095	VG
23096	VG
23097	VG
23098	VG
23099	VG
23100	VG
23101	VG
23102	VG
23103	VG
23104	VG
23105	VG
23106	VG
23107	VG
23108	VG
23109	VG
23110	VG
23111	VG
23112	VG
23113	VG
23114	VG
23115	VG
23116	VG
23117	VG
23118	VG
23119	VG
23120	VG
23121	VG
23122	VG
23123	VG
23124	VG
23125	VG
23126	VG
23127	VG
23128	VG
23129	VG
23130	VG
23131	VG
23132	VG
23133	VG
23134	VG
23135	VG
23136	VG
23137	VG
23138	VG
23139	VG
23140	VG
23141	VG
23142	VG
23143	VG
23144	VG
23145	VG
23146	VG
23147	VG
23148	VG
23149	VG
23150	VG
23151	VG
23152	VG
23153	VG
23154	VG
23155	VG
23156	VG
23157	VG
23158	VG
23159	VG
23160	VG
23161	VG
23162	VG
23163	VG
23164	VG
23165	VG
23166	VG
23167	VG
23168	VG
23169	VG
23170	VG
23171	VG
23172	VG
23173	VG
23174	VG
23175	VG
23176	VG
23177	VG
23178	VG
23179	VG
23180	VG
23181	VG
23182	VG
23183	VG
23184	VG
23185	VG
23186	VG
23187	VG
23188	VG
23189	VG
23190	VG
23191	VG
23192	VG
23193	VG
23194	VG
23195	VG
23196	VG
23197	VG
23198	VG
23199	VG
23200	VG
23201	VG
23202	VG
23203	VG
23204	VG
23205	VG
23206	VG
23207	VG
23208	VG
23209	VG
23210	VG
23211	VG
23212	VG
23213	VG
23214	VG
23215	VG
23216	VG
23217	VG
23218	VG
23219	VG
23220	VG
23221	VG
23222	VG
23223	VG
23224	VG
23225	VG
23226	VG
23227	VG
23228	VG
23229	VG
23230	VG
23231	VG
23232	VG
23233	VG
23234	VG
23235	VG
23236	VG
23237	VG
23238	VG
23239	VG
23240	VG
23241	VG
23242	VG
23243	VG
23244	VG
23245	VG
23246	VG
23247	VG
23248	VG
23249	VG
23250	VG
23251	VG
23252	VG
23253	VG
23254	VG
23255	VG
23256	VG
23257	VG
23258	VG
23259	VG
23260	VG
23261	VG
23262	VG
23263	VG
23264	VG
23265	VG
23266	VG
23267	VG
23268	VG
23269	VG
23270	VG
23271	VG
23272	VG
23273	VG
23274	VG
23275	VG
23276	VG
23277	VG
23278	VG
23279	VG
23280	VG
23281	VG
23282	VG
23283	VG
23284	VG
23285	VG
23286	VG
23287	VG
23288	VG
23289	VG
23290	VG
23291	VG
23292	VG
23293	VG
23294	VG
23295	VG
23296	VG
23297	VG
23298	VG
23299	VG
23300	VG
23301	VG
23302	VG
23303	VG
23304	VG
23305	VG
23306	VG
23307	VG
23308	VG
23309	VG
23310	VG
23311	VG
23312	VG
23313	VG
23314	VG
23315	VG
23316	VG
23317	VG
23318	VG
23319	VG
23320	VG
23321	VG
23322	VG
23323	VG
23324	VG
23325	VG
23326	VG
23327	VG
23328	VG
23329	VG
23330	VG
23331	VG
23332	VG
23333	VG
23334	VG
23335	VG
23336	VG
23337	VG
23338	VG
23339	VG
23340	VG
23341	VG
23342	VG
23343	VG
23344	VG
23345	VG
23346	VG
23347	VG
23348	VG
23349	VG
23350	VG
23351	VG
23352	VG
23353	VG
23354	VG
23355	VG
23356	VG
23357	VG
23358	VG
23359	VG
23360	VG
23361	VG
23362	VG
23363	VG
23364	VG
23365	VG
23366	VG
23367	VG
23368	VG
23369	VG
23370	VG
23371	VG
23372	VG
23373	VG
23374	VG
23375	VG
23376	VG
23377	VG
23378	VG
23379	VG
23380	VG
23381	VG
23382	VG
23383	VG
23384	VG
23385	VG
23386	VG
23387	VG
23388	VG
23389	VG
23390	VG
23391	VG
23392	VG
23393	VG
23394	VG
23395	VG
23396	VG
23397	VG
23398	VG
23399	VG
23400	VG
23401	VG
23402	VG
23403	VG
23404	VG
23405	VG
23406	VG
23407	VG
23408	VG
23409	VG
23410	VG
23411	VG
23412	VG
23413	VG
23414	VG
23415	VG
23416	VG
23417	VG
23418	VG
23419	VG
23420	VG
23421	VG
23422	VG
23423	VG
23424	VG
23425	VG
23426	VG
23427	VG
23428	VG
23429	VG
23430	VG
23431	VG
23432	VG
23433	VG
23434	VG
23435	VG
23436	VG
23437	VG
23438	VG
23439	VG
23440	VG
23441	VG
23442	VG
23443	VG
23444	VG
23445	VG
23446	VG
23447	VG
23448	VG
23449	VG
23450	VG
23451	VG
23452	VG
23453	VG
23454	VG
23455	VG
23456	VG
23457	VG
23458	VG
23459	VG
23460	VG
23461	VG
23462	VG
23463	VG
23464	VG
23465	VG
23466	VG
23467	VG
23468	VG
23469	VG
23470	VG
23471	VG
23472	VG
23473	VG
23474	VG
23475	VG
23476	VG
23477	VG
23478	VG
23479	VG
23480	VG
23481	VG
23482	VG
23483	VG
23484	VG
23485	VG
23486	VG
23487	VG
23488	VG
23489	VG
23490	VG
23491	VG
23492	VG
23493	VG
23494	VG
23495	VG
23496	VG
23497	VG
23498	VG
23499	VG
23500	VG
23501	VG
23502	VG
23503	VG
23504	VG
23505	VG
23506	VG
23507	VG
23508	VG
23509	VG
23510	VG
23511	VG
23512	VG
23513	VG
23514	VG
23515	VG
23516	VG
23517	VG
23518	VG
23519	VG
23520	VG
23521	VG
23522	VG
23523	VG
23524	VG
23525	VG
23526	VG
23527	VG
23528	VG
23529	VG
23530	VG
23531	VG
23532	VG
23533	VG
23534	VG
23535	VG
23536	VG
23537	VG
23538	VG
23539	VG
23540	VG
23541	VG
23542	VG
23543	VG
23544	VG
23545	VG
23546	VG
23547	VG
23548	VG
23549	VG
23550	VG
23551	VG
23552	VG
23553	VG
23554	VG
23555	VG
23556	VG
23557	VG
23558	VG
23559	VG
23560	VG
23561	VG
23562	VG
23563	VG
23564	VG
23565	VG
23566	VG
23567	VG
23568	VG
23569	VG
23570	VG
23571	VG
23572	VG
23573	VG
23574	VG
23575	VG
23576	VG
23577	VG
23578	VG
23579	VG
23580	VG
23581	VG
23582	VG
23583	VG
23584	VG
23585	VG
23586	VG
23587	VG
23588	VG
23589	VG
23590	VG
23591	VG
23592	VG
23593	VG
23594	VG
23595	VG
23596	VG
23597	VG
23598	VG
23599	VG
23600	VG
23601	VG
23602	VG
23603	VG
23604	VG
23605	VG
23606	VG
23607	VG
23608	VG
23609	VG
23610	VG
23611	VG
23612	VG
23613	VG
23614	VG
23615	VG
23616	VG
23617	VG
23618	VG
23619	VG
23620	VG
23621	VG
23622	VG
23623	VG
23624	VG
23625	VG
23626	VG
23627	VG
23628	VG
23629	VG
23630	VG
23631	VG
23632	VG
23633	VG
23634	VG
23635	VG
23636	VG
23637	VG
23638	VG
23639	VG
23640	VG
23641	VG
23642	VG
23643	VG
23644	VG
23645	VG
23646	VG
23647	VG
23648	VG
23649	VG
23650	VG
23651	VG
23652	VG
23653	VG
23654	VG
23655	VG
23656	VG
23657	VG
23658	VG
23659	VG
23660	VG
23661	VG
23662	VG
23663	VG
23664	VG
23665	VG
23666	VG
23667	VG
23668	VG
23669	VG
23670	VG
23671	VG
23672	VG
23673	VG
23674	VG
23675	VG
23676	VG
23677	VG
23678	VG
23679	VG
23680	VG
23681	VG
23682	VG
23683	VG
23684	VG
23685	VG
23686	VG
23687	VG
23688	VG
23689	VG
23690	VG
23691	VG
23692	VG
23693	VG
23694	VG
23695	VG
23696	VG
23697	VG
23698	VG
23699	VG
23700	VG
23701	VG
23702	VG
23703	VG
23704	VG
23705	VG
23706	VG
23707	VG
23708	VG
23709	VG
23710	VG
23711	VG
23712	VG
23713	VG
23714	VG
23715	VG
23716	VG
23717	VG
23718	VG
23719	VG
23720	VG
23721	VG
23722	VG
23723	VG
23724	VG
23725	VG
23726	VG
23727	VG
23728	VG
23729	VG
23730	VG
23731	VG
23732	VG
23733	VG
23734	VG
23735	VG
23736	VG
23737	VG
23738	VG
23739	VG
23740	VG
23741	VG
23742	VG
23743	VG
23744	VG
23745	VG
23746	VG
23747	VG
23748	VG
23749	VG
23750	VG
23751	VG
23752	VG
23753	VG
23754	VG
23755	VG
23756	VG
23757	VG
23758	VG
23759	VG
23760	VG
23761	VG
23762	VG
23763	VG
23764	VG
23765	VG
23766	VG
23767	VG
23768	VG
23769	VG
23770	VG
23771	VG
23772	VG
23773	VG
23774	VG
23775	VG
23776	VG
23777	VG
23778	VG
23779	VG
23780	VG
23781	VG
23782	VG
23783	VG
23784	VG
23785	VG
23786	VG
23787	VG
23788	VG
23789	VG
23790	VG
23791	VG
23792	VG
23793	VG
23794	VG
23795	VG
23796	VG
23797	VG
23798	VG
23799	VG
23800	VG
23801	VG
23802	VG
23803	VG
23804	VG
23805	VG
23806	VG
23807	VG
23808	VG
23809	VG
23810	VG
23811	VG
23812	VG
23813	VG
23814	VG
23815	VG
23816	VG
23817	VG
23818	VG
23819	VG
23820	VG
23821	VG
23822	VG
23823	VG
23824	VG
23825	VG
23826	VG
23827	VG
23828	VG
23829	VG
23830	VG
23831	VG
23832	VG
23833	VG
23834	VG
23835	VG
23836	VG
23837	VG
23838	VG
23839	VG
23840	VG
23841	VG
23842	VG
23843	VG
23844	VG
23845	VG
23846	VG
23847	VG
23848	VG
23849	VG
23850	VG
23851	VG
23852	VG
23853	VG
23854	VG
23855	VG
23856	VG
23857	VG
23858	VG
23859	VG
23860	VG
23861	VG
23862	VG
23863	VG
23864	VG
23865	VG
23866	VG
23867	VG
23868	VG
23869	VG
23870	VG
23871	VG
23872	VG
23873	VG
23874	VG
23875	VG
23876	VG
23877	VG
23878	VG
23879	VG
23880	VG
23881	VG
23882	VG
23883	VG
23884	VG
23885	VG
23886	VG
23887	VG
23888	VG
23889	VG
23890	VG
23891	VG
23892	VG
23893	VG
23894	VG
23895	VG
23896	VG
23897	VG
23898	VG
23899	VG
23900	VG
23901	VG
23902	VG
23903	VG
23904	VG
23905	VG
23906	VG
23907	VG
23908	VG
23909	VG
23910	VG
23911	VG
23912	VG
23913	VG
23914	VG
23915	VG
23916	VG
23917	VG
23918	VG
23919	VG
23920	VG
23921	VG
23922	VG
23923	VG
23924	VG
23925	VG
23926	VG
23927	VG
23928	VG
23929	VG
23930	VG
23931	VG
23932	VG
23933	VG
23934	VG
23935	VG
23936	VG
23937	VG
23938	VG
23939	VG
23940	VG
23941	VG
23942	VG
23943	VG
23944	VG
23945	VG
23946	VG
23947	VG
23948	VG
23949	VG
23950	VG
23951	VG
23952	VG
23953	VG
23954	VG
23955	VG
23956	VG
23957	VG
23958	VG
23959	VG
23960	VG
23961	VG
23962	VG
23963	VG
23964	VG
23965	VG
23966	VG
23967	VG
23968	VG
23969	VG
23970	VG
23971	VG
23972	VG
23973	VG
23974	VG
23975	VG
23976	VG
23977	VG
23978	VG
23979	VG
23980	VG
23981	VG
23982	VG
23983	VG
23984	VG
23985	VG
23986	VG
23987	VG
23988	VG
23989	VG
23990	VG
23991	VG
23992	VG
23993	VG
23994	VG
23995	VG
23996	VG
23997	VG
23998	VG
23999	VG
24000	VG
24001	VG
24002	VG
24003	VG
24004	VG
24005	VG
24006	VG
24007	VG
24008	VG
24009	VG
24010	VG
24011	VG
24012	VG
24013	VG
24014	VG
24015	VG
24016	VG
24017	VG
24018	VG
24019	VG
24020	VG
24021	VG
24022	VG
24023	VG
24024	VG
24025	VG
24026	VG
24027	VG
24028	VG
24029	VG
24030	VG
24031	VG
24032	VG
24033	VG
24034	VG
24035	VG
24036	VG
24037	VG
24038	VG
24039	VG
24040	VG
24041	VG
24042	VG
24043	VG
24044	VG
24045	VG
24046	VG
24047	VG
24048	VG
24049	VG
24050	VG
24051	VG
24052	VG
24053	VG
24054	VG
24055	VG
24056	VG
24057	VG
24058	VG
24059	VG
24060	VG
24061	VG
24062	VG
24063	VG
24064	VG
24065	VG
24066	VG
24067	VG
24068	VG
24069	VG
24070	VG
24071	VG
24072	VG
24073	VG
24074	VG
24075	VG
24076	VG
24077	VG
24078	VG
24079	VG
24080	VG
24081	VG
24082	VG
24083	VG
24084	VG
24085	VG
24086	VG
24087	VG
24088	VG
24089	VG
24090	VG
24091	VG
24092	VG
24093	VG
24094	VG
24095	VG
24096	VG
24097	VG
24098	VG
24099	VG
24100	VG
24101	VG
24102	VG
24103	VG
24104	VG
24105	VG
24106	VG
24107	VG
24108	VG
24109	VG
24110	VG
24111	VG
24112	VG
24113	VG
24114	VG
24115	VG
24116	VG
24117	VG
24118	VG
24119	VG
24120	VG
24121	VG
24122	VG
24123	VG
24124	VG
24125	VG
24126	VG
24127	VG
24128	VG
24129	VG
24130	VG
24131	VG
24132	VG
24133	VG
24134	VG
24135	VG
24136	VG
24137	VG
24138	VG
24139	VG
24140	VG
24141	VG
24142	VG
24143	VG
24144	VG
24145	VG
24146	VG
24147	VG
24148	VG
24149	VG
24150	VG
24151	VG
24152	VG
24153	VG
24154	VG
24155	VG
24156	VG
24157	VG
24158	VG
24159	VG
24160	VG
24161	VG
24162	VG
24163	VG
24164	VG
24165	VG
24166	VG
24167	VG
24168	VG
24169	VG
24170	VG
24171	VG
24172	VG
24173	VG
24174	VG
24175	VG
24176	VG
24177	VG
24178	VG
24179	VG
24180	VG
24181	VG
24182	VG
24183	VG
24184	VG
24185	VG
24186	VG
24187	VG
24188	VG
24189	VG
24190	VG
24191	VG
24192	VG
24193	VG
24194	VG
24195	VG
24196	VG
24197	VG
24198	VG
24199	VG
24200	VG
24201	VG
24202	VG
24203	VG
24204	VG
24205	VG
24206	VG
24207	VG
24208	VG
24209	VG
24210	VG
24211	VG
24212	VG
24213	VG
24214	VG
24215	VG
24216	VG
24217	VG
24218	VG
24219	VG
24220	VG
24221	VG
24222	VG
24223	VG
24224	VG
24225	VG
24226	VG
24227	VG
24228	VG
24229	VG
24230	VG
24231	VG
24232	VG
24233	VG
24234	VG
24235	VG
24236	VG
24237	VG
24238	VG
24239	VG
24240	VG
24241	VG
24242	VG
24243	VG
24244	VG
24245	VG
24246	VG
24247	VG
24248	VG
24249	VG
24250	VG
24251	VG
24252	VG
24253	VG
24254	VG
24255	VG
24256	VG
24257	VG
24258	VG
24259	VG
24260	VG
24261	VG
24262	VG
24263	VG
24264	VG
24265	VG
24266	VG
24267	VG
24268	VG
24269	VG
24270	VG
24271	VG
24272	VG
24273	VG
24274	VG
24275	VG
24276	VG
24277	VG
24278	VG
24279	VG
24280	VG
24281	VG
24282	VG
24283	VG
24284	VG
24285	VG
24286	VG
24287	VG
24288	VG
24289	VG
24290	VG
24291	VG
24292	VG
24293	VG
24294	VG
24295	VG
24296	VG
24297	VG
24298	VG
24299	VG
24300	VG
24301	VG
24302	VG
24303	VG
24304	VG
24305	VG
24306	VG
24307	VG
24308	VG
24309	VG
24310	VG
24311	VG
24312	VG
24313	VG
24314	VG
24315	VG
24316	VG
24317	VG
24318	VG
24319	VG
24320	VG
24321	VG
24322	VG
24323	VG
24324	VG
24325	VG
24326	VG
24327	VG
24328	VG
24329	VG
24330	VG
24331	VG
24332	VG
24333	VG
24334	VG
24335	VG
24336	VG
24337	VG
24338	VG
24339	VG
24340	VG
24341	VG
24342	VG
24343	VG
24344	VG
24345	VG
24346	VG
24347	VG
24348	VG
24349	VG
24350	VG
24351	VG
24352	VG
24353	VG
24354	VG
24355	VG
24356	VG
24357	VG
24358	VG
24359	VG
24360	VG
24361	VG
24362	VG
24363	VG
24364	VG
24365	VG
24366	VG
24367	VG
24368	VG
24369	VG
24370	VG
24371	VG
24372	VG
24373	VG
24374	VG
24375	VG
24376	VG
24377	VG
24378	VG
24379	VG
24380	VG
24381	VG
24382	VG
24383	VG
24384	VG
24385	VG
24386	VG
24387	VG
24388	VG
24389	VG
24390	VG
24391	VG
24392	VG
24393	VG
24394	VG
24395	VG
24396	VG
24397	VG
24398	VG
24399	VG
24400	VG
24401	VG
24402	VG
24403	VG
24404	VG
24405	VG
24406	VG
24407	VG
24408	VG
24409	VG
24410	VG
24411	VG
24412	VG
24413	VG
24414	VG
24415	VG
24416	VG
24417	VG
24418	VG
24419	VG
24420	VG
24421	VG
24422	VG
24423	VG
24424	VG
24425	VG
24426	VG
24427	VG
24428	VG
24429	VG
24430	VG
24431	VG
24432	VG
24433	VG
24434	VG
24435	VG
24436	VG
24437	VG
24438	VG
24439	VG
24440	VG
24441	VG
24442	VG
24443	VG
24444	VG
24445	VG
24446	VG
24447	VG
24448	VG
24449	VG
24450	VG
24451	VG
24452	VG
24453	VG
24454	VG
24455	VG
24456	VG
24457	VG
24458	VG
24459	VG
24460	VG
24461	VG
24462	VG
24463	VG
24464	VG
24465	VG
24466	VG
24467	VG
24468	VG
24469	VG
24470	VG
24471	VG
24472	VG
24473	VG
24474	VG
24475	VG
24476	VG
24477	VG
24478	VG
24479	VG
24480	VG
24481	VG
24482	VG
24483	VG
24484	VG
24485	VG
24486	VG
24487	VG
24488	VG
24489	VG
24490	VG
24491	VG
24492	VG
24493	VG
24494	VG
24495	VG
24496	VG
24497	VG
24498	VG
24499	VG
24500	VG
24501	VG
24502	VG
24503	VG
24504	VG
24505	VG
24506	VG
24507	VG
24508	VG
24509	VG
24510	VG
24511	VG
24512	VG
24513	VG
24514	VG
24515	VG
24516	VG
24517	VG
24518	VG
24519	VG
24520	VG
24521	VG
24522	VG
24523	VG
24524	VG
24525	VG
24526	VG
24527	VG
24528	VG
24529	VG
24530	VG
24531	VG
24532	VG
24533	VG
24534	VG
24535	VG
24536	VG
24537	VG
24538	VG
24539	VG
24540	VG
24541	VG
24542	VG
24543	VG
24544	VG
24545	VG
24546	VG
24547	VG
24548	VG
24549	VG
24550	VG
24551	VG
24552	VG
24553	VG
24554	VG
24555	VG
24556	VG
24557	VG
24558	VG
24559	VG
24560	VG
24561	VG
24562	VG
24563	VG
24564	VG
24565	VG
24566	VG
24567	VG
24568	VG
24569	VG
24570	VG
24571	VG
24572	VG
24573	VG
24574	VG
24575	VG
24576	VG
24577	VG
24578	VG
24579	VG
24580	VG
24581	VG
24582	VG
24583	VG
24584	VG
24585	VG
24586	VG
24587	VG
24588	VG
24589	VG
24590	VG
24591	VG
24592	VG
24593	VG
24594	VG
24595	VG
24596	VG
24597	VG
24598	VG
24599	VG
24600	VG
24601	VG
24602	VG
24603	VG
24604	VG
24605	VG
24606	VG
24607	VG
24608	VG
24609	VG
24610	VG
24611	VG
24612	VG
24613	VG
24614	VG
24615	VG
24616	VG
24617	VG
24618	VG
24619	VG
24620	VG
24621	VG
24622	VG
24623	VG
24624	VG
24625	VG
24626	VG
24627	VG
24628	VG
24629	VG
24630	VG
24631	VG
24632	VG
24633	VG
24634	VG
24635	VG
24636	VG
24637	VG
24638	VG
24639	VG
24640	VG
24641	VG
24642	VG
24643	VG
24644	VG
24645	VG
24646	VG
24647	VG
24648	VG
24649	VG
24650	VG
24651	VG
24652	VG
24653	VG
24654	VG
24655	VG
24656	VG
24657	VG
24658	VG
24659	VG
24660	VG
24661	VG
24662	VG
24663	VG
24664	VG
24665	VG
24666	VG
24667	VG
24668	VG
24669	VG
24670	VG
24671	VG
24672	VG
24673	VG
24674	VG
24675	VG
24676	VG
24677	VG
24678	VG
24679	VG
24680	VG
24681	VG
24682	VG
24683	VG
24684	VG
24685	VG
24686	VG
24687	VG
24688	VG
24689	VG
24690	VG
24691	VG
24692	VG
24693	VG
24694	VG
24695	VG
24696	VG
24697	VG
24698	VG
24699	VG
24700	VG
24701	VG
24702	VG
24703	VG
24704	VG
24705	VG
24706	VG
24707	VG
24708	VG
24709	VG
24710	VG
24711	VG
24712	VG
24713	VG
24714	VG
24715	VG
24716	VG
24717	VG
24718	VG
24719	VG
24720	VG
24721	VG
24722	VG
24723	VG
24724	VG
24725	VG
24726	VG
24727	VG
24728	VG
24729	VG
24730	VG
24731	VG
24732	VG
24733	VG
24734	VG
24735	VG
24736	VG
24737	VG
24738	VG
24739	VG
24740	VG
24741	VG
24742	VG
24743	VG
24744	VG
24745	VG
24746	VG
24747	VG
24748	VG
24749	VG
24750	VG
24751	VG
24752	VG
24753	VG
24754	VG
24755	VG
24756	VG
24757	VG
24758	VG
24759	VG
24760	VG
24761	VG
24762	VG
24763	VG
24764	VG
24765	VG
24766	VG
24767	VG
24768	VG
24769	VG
24770	VG
24771	VG
24772	VG
24773	VG
24774	VG
24775	VG
24776	VG
24777	VG
24778	VG
24779	VG
24780	VG
24781	VG
24782	VG
24783	VG
24784	VG
24785	VG
24786	VG
24787	VG
24788	VG
24789	VG
24790	VG
24791	VG
24792	VG
24793	VG
24794	VG
24795	VG
24796	VG
24797	VG
24798	VG
24799	VG
24800	VG
24801	VG
24802	VG
24803	VG
24804	VG
24805	VG
24806	VG
24807	VG
24808	VG
24809	VG
24810	VG
24811	VG
24812	VG
24813	VG
24814	VG
24815	VG
24816	VG
24817	VG
24818	VG
24819	VG
24820	VG
24821	VG
24822	VG
24823	VG
24824	VG
24825	VG
24826	VG
24827	VG
24828	VG
24829	VG
24830	VG
24831	VG
24832	VG
24833	VG
24834	VG
24835	VG
24836	VG
24837	VG
24838	VG
24839	VG
24840	VG
24841	VG
24842	VG
24843	VG
24844	VG
24845	VG
24846	VG
24847	VG
24848	VG
24849	VG
24850	VG
24851	VG
24852	VG
24853	VG
24854	VG
24855	VG
24856	VG
24857	VG
24858	VG
24859	VG
24860	VG
24861	VG
24862	VG
24863	VG
24864	VG
24865	VG
24866	VG
24867	VG
24868	VG
24869	VG
24870	VG
24871	VG
24872	VG
24873	VG
24874	VG
24875	VG
24876	VG
24877	VG
24878	VG
24879	VG
24880	VG
24881	VG
24882	VG
24883	VG
24884	VG
24885	VG
24886	VG
24887	VG
24888	VG
24889	VG
24890	VG
24891	VG
24892	VG
24893	VG
24894	VG
24895	VG
24896	VG
24897	VG
24898	VG
24899	VG
24900	VG
24901	VG
24902	VG
24903	VG
24904	VG
24905	VG
24906	VG
24907	VG
24908	VG
24909	VG
24910	VG
24911	VG
24912	VG
24913	VG
24914	VG
24915	VG
24916	VG
24917	VG
24918	VG
24919	VG
24920	VG
24921	VG
24922	VG
24923	VG
24924	VG
24925	VG
24926	VG
24927	VG
24928	VG
24929	VG
24930	VG
24931	VG
24932	VG
24933	VG
24934	VG
24935	VG
24936	VG
24937	VG
24938	VG
24939	VG
24940	VG
24941	VG
24942	VG
24943	VG
24944	VG
24945	VG
24946	VG
24947	VG
24948	VG
24949	VG
24950	VG
24951	VG
24952	VG
24953	VG
24954	VG
24955	VG
24956	VG
24957	VG
24958	VG
24959	VG
24960	VG
24961	VG
24962	VG
24963	VG
24964	VG
24965	VG
24966	VG
24967	VG
24968	VG
24969	VG
24970	VG
24971	VG
24972	VG
24973	VG
24974	VG
24975	VG
24976	VG
24977	VG
24978	VG
24979	VG
24980	VG
24981	VG
24982	VG
24983	VG
24984	VG
24985	VG
24986	VG
24987	VG
24988	VG
24989	VG
24990	VG
24991	VG
24992	VG
24993	VG
24994	VG
24995	VG
24996	VG
24997	VG
24998	VG
24999	VG
25000	VG
25001	VG
25002	VG
25003	VG
25004	VG
25005	VG
25006	VG
25007	VG
25008	VG
25009	VG
25010	VG
25011	VG
25012	VG
25013	VG
25014	VG
25015	VG
25016	VG
25017	VG
25018	VG
25019	VG
25020	VG
25021	VG
25022	VG
25023	VG
25024	VG
25025	VG
25026	VG
25027	VG
25028	VG
25029	VG
25030	VG
25031	VG
25032	VG
25033	VG
25034	VG
25035	VG
25036	VG
25037	VG
25038	VG
25039	VG
25040	VG
25041	VG
25042	VG
25043	VG
25044	VG
25045	VG
25046	VG
25047	VG
25048	VG
25049	VG
25050	VG
25051	VG
25052	VG
25053	VG
25054	VG
25055	VG
25056	VG
25057	VG
25058	VG
25059	VG
25060	VG
25061	VG
25062	VG
25063	VG
25064	VG
25065	VG
25066	VG
25067	VG
25068	VG
25069	VG
25070	VG
25071	VG
25072	VG
25073	VG
25074	VG
25075	VG
25076	VG
25077	VG
25078	VG
25079	VG
25080	VG
25081	VG
25082	VG
25083	VG
25084	VG
25085	VG
25086	VG
25087	VG
25088	VG
25089	VG
25090	VG
25091	VG
25092	VG
25093	VG
25094	VG
25095	VG
25096	VG
25097	VG
25098	VG
25099	VG
25100	VG
25101	VG
25102	VG
25103	VG
25104	VG
25105	VG
25106	VG
25107	VG
25108	VG
25109	VG
25110	VG
25111	VG
25112	VG
25113	VG
25114	VG
25115	VG
25116	VG
25117	VG
25118	VG
25119	VG
25120	VG
25121	VG
25122	VG
25123	VG
25124	VG
25125	VG
25126	VG
25127	VG
25128	VG
25129	VG
25130	VG
25131	VG
25132	VG
25133	VG
25134	VG
25135	VG
25136	VG
25137	VG
25138	VG
25139	VG
25140	VG
25141	VG
25142	VG
25143	VG
25144	VG
25145	VG
25146	VG
25147	VG
25148	VG
25149	VG
25150	VG
25151	VG
25152	VG
25153	VG
25154	VG
25155	VG
25156	VG
25157	VG
25158	VG
25159	VG
25160	VG
25161	VG
25162	VG
25163	VG
25164	VG
25165	VG
25166	VG
25167	VG
25168	VG
25169	VG
25170	VG
25171	VG
25172	VG
25173	VG
25174	VG
25175	VG
25176	VG
25177	VG
25178	VG
25179	VG
25180	VG
25181	VG
25182	VG
25183	VG
25184	VG
25185	VG
25186	VG
25187	VG
25188	VG
25189	VG
25190	VG
25191	VG
25192	VG
25193	VG
25194	VG
25195	VG
25196	VG
25197	VG
25198	VG
25199	VG
25200	VG
25201	VG
25202	VG
25203	VG
25204	VG
25205	VG
25206	VG
25207	VG
25208	VG
25209	VG
25210	VG
25211	VG
25212	VG
25213	VG
25214	VG
25215	VG
25216	VG
25217	VG
25218	VG
25219	VG
25220	VG
25221	VG
25222	VG
25223	VG
25224	VG
25225	VG
25226	VG
25227	VG
25228	VG
25229	VG
25230	VG
25231	VG
25232	VG
25233	VG
25234	VG
25235	VG
25236	VG
25237	VG
25238	VG
25239	VG
25240	VG
25241	VG
25242	VG
25243	VG
25244	VG
25245	VG
25246	VG
25247	VG
25248	VG
25249	VG
25250	VG
25251	VG
25252	VG
25253	VG
25254	VG
25255	VG
25256	VG
25257	VG
25258	VG
25259	VG
25260	VG
25261	VG
25262	VG
25263	VG
25264	VG
25265	VG
25266	VG
25267	VG
25268	VG
25269	VG
25270	VG
25271	VG
25272	VG
25273	VG
25274	VG
25275	VG
25276	VG
25277	VG
25278	VG
25279	VG
25280	VG
25281	VG
25282	VG
25283	VG
25284	VG
25285	VG
25286	VG
25287	VG
25288	VG
25289	VG
25290	VG
25291	VG
25292	VG
25293	VG
25294	VG
25295	VG
25296	VG
25297	VG
25298	VG
25299	VG
25300	VG
25301	VG
25302	VG
25303	VG
25304	VG
25305	VG
25306	VG
25307	VG
25308	VG
25309	VG
25310	VG
25311	VG
25312	VG
25313	VG
25314	VG
25315	VG
25316	VG
25317	VG
25318	VG
25319	VG
25320	VG
25321	VG
25322	VG
25323	VG
25324	VG
25325	VG
25326	VG
25327	VG
25328	VG
25329	VG
25330	VG
25331	VG
25332	VG
25333	VG
25334	VG
25335	VG
25336	VG
25337	VG
25338	VG
25339	VG
25340	VG
25341	VG
25342	VG
25343	VG
25344	VG
25345	VG
25346	VG
25347	VG
25348	VG
25349	VG
25350	VG
25351	VG
25352	VG
25353	VG
25354	VG
25355	VG
25356	VG
25357	VG
25358	VG
25359	VG
25360	VG
25361	VG
25362	VG
25363	VG
25364	VG
25365	VG
25366	VG
25367	VG
25368	VG
25369	VG
25370	VG
25371	VG
25372	VG
25373	VG
25374	VG
25375	VG
25376	VG
25377	VG
25378	VG
25379	VG
25380	VG
25381	VG
25382	VG
25383	VG
25384	VG
25385	VG
25386	VG
25387	VG
25388	VG
25389	VG
25390	VG
25391	VG
25392	VG
25393	VG
25394	VG
25395	VG
25396	VG
25397	VG
25398	VG
25399	VG
25400	VG
25401	VG
25402	VG
25403	VG
25404	VG
25405	VG
25406	VG
25407	VG
25408	VG
25409	VG
25410	VG
25411	VG
25412	VG
25413	VG
25414	VG
25415	VG
25416	VG
25417	VG
25418	VG
25419	VG
25420	VG
25421	VG
25422	VG
25423	VG
25424	VG
25425	VG
25426	VG
25427	VG
25428	VG
25429	VG
25430	VG
25431	VG
25432	VG
25433	VG
25434	VG
25435	VG
25436	VG
25437	VG
25438	VG
25439	VG
25440	VG
25441	VG
25442	VG
25443	VG
25444	VG
25445	VG
25446	VG
25447	VG
25448	VG
25449	VG
25450	VG
25451	VG
25452	VG
25453	VG
25454	VG
25455	VG
25456	VG
25457	VG
25458	VG
25459	VG
25460	VG
25461	VG
25462	VG
25463	VG
25464	VG
25465	VG
25466	VG
25467	VG
25468	VG
25469	VG
25470	VG
25471	VG
25472	VG
25473	VG
25474	VG
25475	VG
25476	VG
25477	VG
25478	VG
25479	VG
25480	VG
25481	VG
25482	VG
25483	VG
25484	VG
25485	VG
25486	VG
25487	VG
25488	VG
25489	VG
25490	VG
25491	VG
25492	VG
25493	VG
25494	VG
25495	VG
25496	VG
25497	VG
25498	VG
25499	VG
25500	VG
25501	VG
25502	VG
25503	VG
25504	VG
25505	VG
25506	VG
25507	VG
25508	VG
25509	VG
25510	VG
25511	VG
25512	VG
25513	VG
25514	VG
25515	VG
25516	VG
25517	VG
25518	VG
25519	VG
25520	VG
25521	VG
25522	VG
25523	VG
25524	VG
25525	VG
25526	VG
25527	VG
25528	VG
25529	VG
25530	VG
25531	VG
25532	VG
25533	VG
25534	VG
25535	VG
25536	VG
25537	VG
25538	VG
25539	VG
25540	VG
25541	VG
25542	VG
25543	VG
25544	VG
25545	VG
25546	VG
25547	VG
25548	VG
25549	VG
25550	VG
25551	VG
25552	VG
25553	VG
25554	VG
25555	VG
25556	VG
25557	VG
25558	VG
25559	VG
25560	VG
25561	VG
25562	VG
25563	VG
25564	VG
25565	VG
25566	VG
25567	VG
25568	VG
25569	VG
25570	VG
25571	VG
25572	VG
25573	VG
25574	VG
25575	VG
25576	VG
25577	VG
25578	VG
25579	VG
25580	VG
25581	VG
25582	VG
25583	VG
25584	VG
25585	VG
25586	VG
25587	VG
25588	VG
25589	VG
25590	VG
25591	VG
25592	VG
25593	VG
25594	VG
25595	VG
25596	VG
25597	VG
25598	VG
25599	VG
25600	VG
25601	VG
25602	VG
25603	VG
25604	VG
25605	VG
25606	VG
25607	VG
25608	VG
25609	VG
25610	VG
