0	VG
1	VG
2	VG
3	VG
4	VG
5	VG
6	VG
7	VG
8	VG
9	VG
10	VG
11	VG
12	VG
13	VG
14	VG
15	VG
16	VG
17	VG
18	VG
19	VG
20	VG
21	VG
22	VG
23	VG
24	VG
25	VG
26	VG
27	VG
28	VG
29	VG
30	VG
31	VG
32	VG
33	VG
34	VG
35	VG
36	VG
37	VG
38	VG
39	VG
40	VG
41	VG
42	VG
43	VG
44	VG
45	VG
46	VG
47	VG
48	VG
49	VG
50	VG
51	VG
52	VG
53	VG
54	VG
55	VG
56	VG
57	VG
58	VG
59	VG
60	VG
61	VG
62	VG
63	VG
64	VG
65	VG
66	VG
67	VG
68	VG
69	VG
70	VG
71	VG
72	VG
73	VG
74	VG
75	VG
76	VG
77	VG
78	VG
79	VG
80	VG
81	VG
82	VG
83	VG
84	VG
85	VG
86	VG
87	VG
88	VG
89	VG
90	VG
91	VG
92	VG
93	VG
94	VG
95	VG
96	VG
97	VG
98	VG
99	VG
100	VG
101	VG
102	VG
103	VG
104	VG
105	VG
106	VG
107	VG
108	VG
109	VG
110	VG
111	VG
112	VG
113	VG
114	VG
115	VG
116	VG
117	VG
118	VG
119	VG
120	VG
121	VG
122	VG
123	VG
124	VG
125	VG
126	VG
127	VG
128	VG
129	VG
130	VG
131	VG
132	VG
133	VG
134	VG
135	VG
136	VG
137	VG
138	VG
139	VG
140	VG
141	VG
142	VG
143	VG
144	VG
145	VG
146	VG
147	VG
148	VG
149	VG
150	VG
151	VG
152	VG
153	VG
154	VG
155	VG
156	VG
157	VG
158	VG
159	VG
160	VG
161	VG
162	VG
163	VG
164	VG
165	VG
166	VG
167	VG
168	VG
169	VG
170	VG
171	VG
172	VG
173	VG
174	VG
175	VG
176	VG
177	VG
178	VG
179	VG
180	VG
181	VG
182	VG
183	VG
184	VG
185	VG
186	VG
187	VG
188	VG
189	VG
190	VG
191	VG
192	VG
193	VG
194	VG
195	VG
196	VG
197	VG
198	VG
199	VG
200	VG
201	VG
202	VG
203	VG
204	VG
205	VG
206	VG
207	VG
208	VG
209	VG
210	VG
211	VG
212	VG
213	VG
214	VG
215	VG
216	VG
217	VG
218	VG
219	VG
220	VG
221	VG
222	VG
223	VG
224	VG
225	VG
226	VG
227	VG
228	VG
229	VG
230	VG
231	VG
232	VG
233	VG
234	VG
235	VG
236	VG
237	VG
238	VG
239	VG
240	VG
241	VG
242	VG
243	VG
244	VG
245	VG
246	VG
247	VG
248	VG
249	VG
250	VG
251	VG
252	VG
253	VG
254	VG
255	VG
256	VG
257	VG
258	VG
259	VG
260	VG
261	VG
262	VG
263	VG
264	VG
265	VG
266	VG
267	VG
268	VG
269	VG
270	VG
271	VG
272	VG
273	VG
274	VG
275	VG
276	VG
277	VG
278	VG
279	VG
280	VG
281	VG
282	VG
283	VG
284	VG
285	VG
286	VG
287	VG
288	VG
289	VG
290	VG
291	VG
292	VG
293	VG
294	VG
295	VG
296	VG
297	VG
298	VG
299	VG
300	VG
301	VG
302	VG
303	VG
304	VG
305	VG
306	VG
307	VG
308	VG
309	VG
310	VG
311	VG
312	VG
313	VG
314	VG
315	VG
316	VG
317	VG
318	VG
319	VG
320	VG
321	VG
322	VG
323	VG
324	VG
325	VG
326	VG
327	VG
328	VG
329	VG
330	VG
331	VG
332	VG
333	VG
334	VG
335	VG
336	VG
337	VG
338	VG
339	VG
340	VG
341	VG
342	VG
343	VG
344	VG
345	VG
346	VG
347	VG
348	VG
349	VG
350	VG
351	VG
352	VG
353	VG
354	VG
355	VG
356	VG
357	VG
358	VG
359	VG
360	VG
361	VG
362	VG
363	VG
364	VG
365	VG
366	VG
367	VG
368	VG
369	VG
370	VG
371	VG
372	VG
373	VG
374	VG
375	VG
376	VG
377	VG
378	VG
379	VG
380	VG
381	VG
382	VG
383	VG
384	VG
385	VG
386	VG
387	VG
388	VG
389	VG
390	VG
391	VG
392	VG
393	VG
394	VG
395	VG
396	VG
397	VG
398	VG
399	VG
400	VG
401	VG
402	VG
403	VG
404	VG
405	VG
406	VG
407	VG
408	VG
409	VG
410	VG
411	VG
412	VG
413	VG
414	VG
415	VG
416	VG
417	VG
418	VG
419	VG
420	VG
421	VG
422	VG
423	VG
424	VG
425	VG
426	VG
427	VG
428	VG
429	VG
430	VG
431	VG
432	VG
433	VG
434	VG
435	VG
436	VG
437	VG
438	VG
439	VG
440	VG
441	VG
442	VG
443	VG
444	VG
445	VG
446	VG
447	VG
448	VG
449	VG
450	VG
451	VG
452	VG
453	VG
454	VG
455	VG
456	VG
457	VG
458	VG
459	VG
460	VG
461	VG
462	VG
463	VG
464	VG
465	VG
466	VG
467	VG
468	VG
469	VG
470	VG
471	VG
472	VG
473	VG
474	VG
475	VG
476	VG
477	VG
478	VG
479	VG
480	VG
481	VG
482	VG
483	VG
484	VG
485	VG
486	VG
487	VG
488	VG
489	VG
490	VG
491	VG
492	VG
493	VG
494	VG
495	VG
496	VG
497	VG
498	VG
499	VG
500	VG
501	VG
502	VG
503	VG
504	VG
505	VG
506	VG
507	VG
508	VG
509	VG
510	VG
511	VG
512	VG
513	VG
514	VG
515	VG
516	VG
517	VG
518	VG
519	VG
520	VG
521	VG
522	VG
523	VG
524	VG
525	VG
526	VG
527	VG
528	VG
529	VG
530	VG
531	VG
532	VG
533	VG
534	VG
535	VG
536	VG
537	VG
538	VG
539	VG
540	VG
541	VG
542	VG
543	VG
544	VG
545	VG
546	VG
547	VG
548	VG
549	VG
550	VG
551	VG
552	VG
553	VG
554	VG
555	VG
556	VG
557	VG
558	VG
559	VG
560	VG
561	VG
562	VG
563	VG
564	VG
565	VG
566	VG
567	VG
568	VG
569	VG
570	VG
571	VG
572	VG
573	VG
574	VG
575	VG
576	VG
577	VG
578	VG
579	VG
580	VG
581	VG
582	VG
583	VG
584	VG
585	VG
586	VG
587	VG
588	VG
589	VG
590	VG
591	VG
592	VG
593	VG
594	VG
595	VG
596	VG
597	VG
598	VG
599	VG
600	VG
601	VG
602	VG
603	VG
604	VG
605	VG
606	VG
607	VG
608	VG
609	VG
610	VG
611	VG
612	VG
613	VG
614	VG
615	VG
616	VG
617	VG
618	VG
619	VG
620	VG
621	VG
622	VG
623	VG
624	VG
625	VG
626	VG
627	VG
628	VG
629	VG
630	VG
631	VG
632	VG
633	VG
634	VG
635	VG
636	VG
637	VG
638	VG
639	VG
640	VG
641	VG
642	VG
643	VG
644	VG
645	VG
646	VG
647	VG
648	VG
649	VG
650	VG
651	VG
652	VG
653	VG
654	VG
655	VG
656	VG
657	VG
658	VG
659	VG
660	VG
661	VG
662	VG
663	VG
664	VG
665	VG
666	VG
667	VG
668	VG
669	VG
670	VG
671	VG
672	VG
673	VG
674	VG
675	VG
676	VG
677	VG
678	VG
679	VG
680	VG
681	VG
682	VG
683	VG
684	VG
685	VG
686	VG
687	VG
688	VG
689	VG
690	VG
691	VG
692	VG
693	VG
694	VG
695	VG
696	VG
697	VG
698	VG
699	VG
700	VG
701	VG
702	VG
703	VG
704	VG
705	VG
706	VG
707	VG
708	VG
709	VG
710	VG
711	VG
712	VG
713	VG
714	VG
715	VG
716	VG
717	VG
718	VG
719	VG
720	VG
721	VG
722	VG
723	VG
724	VG
725	VG
726	VG
727	VG
728	VG
729	VG
730	VG
731	VG
732	VG
733	VG
734	VG
735	VG
736	VG
737	VG
738	VG
739	VG
740	VG
741	VG
742	VG
743	VG
744	VG
745	VG
746	VG
747	VG
748	VG
749	VG
750	VG
751	VG
752	VG
753	VG
754	VG
755	VG
756	VG
757	VG
758	VG
759	VG
760	VG
761	VG
762	VG
763	VG
764	VG
765	VG
766	VG
767	VG
768	VG
769	VG
770	VG
771	VG
772	VG
773	VG
774	VG
775	VG
776	VG
777	VG
778	VG
779	VG
780	VG
781	VG
782	VG
783	VG
784	VG
785	VG
786	VG
787	VG
788	VG
789	VG
790	VG
791	VG
792	VG
793	VG
794	VG
795	VG
796	VG
797	VG
798	VG
799	VG
800	VG
801	VG
802	VG
803	VG
804	VG
805	VG
806	VG
807	VG
808	VG
809	VG
810	VG
811	VG
812	VG
813	VG
814	VG
815	VG
816	VG
817	VG
818	VG
819	VG
820	VG
821	VG
822	VG
823	VG
824	VG
825	VG
826	VG
827	VG
828	VG
829	VG
830	VG
831	VG
832	VG
833	VG
834	VG
835	VG
836	VG
837	VG
838	VG
839	VG
840	VG
841	VG
842	VG
843	VG
844	VG
845	VG
846	VG
847	VG
848	VG
849	VG
850	VG
851	VG
852	VG
853	VG
854	VG
855	VG
856	VG
857	VG
858	VG
859	VG
860	VG
861	VG
862	VG
863	VG
864	VG
865	VG
866	VG
867	VG
868	VG
869	VG
870	VG
871	VG
872	VG
873	VG
874	VG
875	VG
876	VG
877	VG
878	VG
879	VG
880	VG
881	VG
882	VG
883	VG
884	VG
885	VG
886	VG
887	VG
888	VG
889	VG
890	VG
891	VG
892	VG
893	VG
894	VG
895	VG
896	VG
897	VG
898	VG
899	VG
900	VG
901	VG
902	VG
903	VG
904	VG
905	VG
906	VG
907	VG
908	VG
909	VG
910	VG
911	VG
912	VG
913	VG
914	VG
915	VG
916	VG
917	VG
918	VG
919	VG
920	VG
921	VG
922	VG
923	VG
924	VG
925	VG
926	VG
927	VG
928	VG
929	VG
930	VG
931	VG
932	VG
933	VG
934	VG
935	VG
936	VG
937	VG
938	VG
939	VG
940	VG
941	VG
942	VG
943	VG
944	VG
945	VG
946	VG
947	VG
948	VG
949	VG
950	VG
951	VG
952	VG
953	VG
954	VG
955	VG
956	VG
957	VG
958	VG
959	VG
960	VG
961	VG
962	VG
963	VG
964	VG
965	VG
966	VG
967	VG
968	VG
969	VG
970	VG
971	VG
972	VG
973	VG
974	VG
975	VG
976	VG
977	VG
978	VG
979	VG
980	VG
981	VG
982	VG
983	VG
984	VG
985	VG
986	VG
987	VG
988	VG
989	VG
990	VG
991	VG
992	VG
993	VG
994	VG
995	VG
996	VG
997	VG
998	VG
999	VG
1000	VG
1001	VG
1002	VG
1003	VG
1004	VG
1005	VG
1006	VG
1007	VG
1008	VG
1009	VG
1010	VG
1011	VG
1012	VG
1013	VG
1014	VG
1015	VG
1016	VG
1017	VG
1018	VG
1019	VG
1020	VG
1021	VG
1022	VG
1023	VG
1024	VG
1025	VG
1026	VG
1027	VG
1028	VG
1029	VG
1030	VG
1031	VG
1032	VG
1033	VG
1034	VG
1035	VG
1036	VG
1037	VG
1038	VG
1039	VG
1040	VG
1041	VG
1042	VG
1043	VG
1044	VG
1045	VG
1046	VG
1047	VG
1048	VG
1049	VG
1050	VG
1051	VG
1052	VG
1053	VG
1054	VG
1055	VG
1056	VG
1057	VG
1058	VG
1059	VG
1060	VG
1061	VG
1062	VG
1063	VG
1064	VG
1065	VG
1066	VG
1067	VG
1068	VG
1069	VG
1070	VG
1071	VG
1072	VG
1073	VG
1074	VG
1075	VG
1076	VG
1077	VG
1078	VG
1079	VG
1080	VG
1081	VG
1082	VG
1083	VG
1084	VG
1085	VG
1086	VG
1087	VG
1088	VG
1089	VG
1090	VG
1091	VG
1092	VG
1093	VG
1094	VG
1095	VG
1096	VG
1097	VG
1098	VG
1099	VG
1100	VG
1101	VG
1102	VG
1103	VG
1104	VG
1105	VG
1106	VG
1107	VG
1108	VG
1109	VG
1110	VG
1111	VG
1112	VG
1113	VG
1114	VG
1115	VG
1116	VG
1117	VG
1118	VG
1119	VG
1120	VG
1121	VG
1122	VG
1123	VG
1124	VG
1125	VG
1126	VG
1127	VG
1128	VG
1129	VG
1130	VG
1131	VG
1132	VG
1133	VG
1134	VG
1135	VG
1136	VG
1137	VG
1138	VG
1139	VG
1140	VG
1141	VG
1142	VG
1143	VG
1144	VG
1145	VG
1146	VG
1147	VG
1148	VG
1149	VG
1150	VG
1151	VG
1152	VG
1153	VG
1154	VG
1155	VG
1156	VG
1157	VG
1158	VG
1159	VG
1160	VG
1161	VG
1162	VG
1163	VG
1164	VG
1165	VG
1166	VG
1167	VG
1168	VG
1169	VG
1170	VG
1171	VG
1172	VG
1173	VG
1174	VG
1175	VG
1176	VG
1177	VG
1178	VG
1179	VG
1180	VG
1181	VG
1182	VG
1183	VG
1184	VG
1185	VG
1186	VG
1187	VG
1188	VG
1189	VG
1190	VG
1191	VG
1192	VG
1193	VG
1194	VG
1195	VG
1196	VG
1197	VG
1198	VG
1199	VG
1200	VG
1201	VG
1202	VG
1203	VG
1204	VG
1205	VG
1206	VG
1207	VG
1208	VG
1209	VG
1210	VG
1211	VG
1212	VG
1213	VG
1214	VG
1215	VG
1216	VG
1217	VG
1218	VG
1219	VG
1220	VG
1221	VG
1222	VG
1223	VG
1224	VG
1225	VG
1226	VG
1227	VG
1228	VG
1229	VG
1230	VG
1231	VG
1232	VG
1233	VG
1234	VG
1235	VG
1236	VG
1237	VG
1238	VG
1239	VG
1240	VG
1241	VG
1242	VG
1243	VG
1244	VG
1245	VG
1246	VG
1247	VG
1248	VG
1249	VG
1250	VG
1251	VG
1252	VG
1253	VG
1254	VG
1255	VG
1256	VG
1257	VG
1258	VG
1259	VG
1260	VG
1261	VG
1262	VG
1263	VG
1264	VG
1265	VG
1266	VG
1267	VG
1268	VG
1269	VG
1270	VG
1271	VG
1272	VG
1273	VG
1274	VG
1275	VG
1276	VG
1277	VG
1278	VG
1279	VG
1280	VG
1281	VG
1282	VG
1283	VG
1284	VG
1285	VG
1286	VG
1287	VG
1288	VG
1289	VG
1290	VG
1291	VG
1292	VG
1293	VG
1294	VG
1295	VG
1296	VG
1297	VG
1298	VG
1299	VG
1300	VG
1301	VG
1302	VG
1303	VG
1304	VG
1305	VG
1306	VG
1307	VG
1308	VG
1309	VG
1310	VG
1311	VG
1312	VG
1313	VG
1314	VG
1315	VG
1316	VG
1317	VG
1318	VG
1319	VG
1320	VG
1321	VG
1322	VG
1323	VG
1324	VG
1325	VG
1326	VG
1327	VG
1328	VG
1329	VG
1330	VG
1331	VG
1332	VG
1333	VG
1334	VG
1335	VG
1336	VG
1337	VG
1338	VG
1339	VG
1340	VG
1341	VG
1342	VG
1343	VG
1344	VG
1345	VG
1346	VG
1347	VG
1348	VG
1349	VG
1350	VG
1351	VG
1352	VG
1353	VG
1354	VG
1355	VG
1356	VG
1357	VG
1358	VG
1359	VG
1360	VG
1361	VG
1362	VG
1363	VG
1364	VG
1365	VG
1366	VG
1367	VG
1368	VG
1369	VG
1370	VG
1371	VG
1372	VG
1373	VG
1374	VG
1375	VG
1376	VG
1377	VG
1378	VG
1379	VG
1380	VG
1381	VG
1382	VG
1383	VG
1384	VG
1385	VG
1386	VG
1387	VG
1388	VG
1389	VG
1390	VG
1391	VG
1392	VG
1393	VG
1394	VG
1395	VG
1396	VG
1397	VG
1398	VG
1399	VG
1400	VG
1401	VG
1402	VG
1403	VG
1404	VG
1405	VG
1406	VG
1407	VG
1408	VG
1409	VG
1410	VG
1411	VG
1412	VG
1413	VG
1414	VG
1415	VG
1416	VG
1417	VG
1418	VG
1419	VG
1420	VG
1421	VG
1422	VG
1423	VG
1424	VG
1425	VG
1426	VG
1427	VG
1428	VG
1429	VG
1430	VG
1431	VG
1432	VG
1433	VG
1434	VG
1435	VG
1436	VG
1437	VG
1438	VG
1439	VG
1440	VG
1441	VG
1442	VG
1443	VG
1444	VG
1445	VG
1446	VG
1447	VG
1448	VG
1449	VG
1450	VG
1451	VG
1452	VG
1453	VG
1454	VG
1455	VG
1456	VG
1457	VG
1458	VG
1459	VG
1460	VG
1461	VG
1462	VG
1463	VG
1464	VG
1465	VG
1466	VG
1467	VG
1468	VG
1469	VG
1470	VG
1471	VG
1472	VG
1473	VG
1474	VG
1475	VG
1476	VG
1477	VG
1478	VG
1479	VG
1480	VG
1481	VG
1482	VG
1483	VG
1484	VG
1485	VG
1486	VG
1487	VG
1488	VG
1489	VG
1490	VG
1491	VG
1492	VG
1493	VG
1494	VG
1495	VG
1496	VG
1497	VG
1498	VG
1499	VG
1500	VG
1501	VG
1502	VG
1503	VG
1504	VG
1505	VG
1506	VG
1507	VG
1508	VG
1509	VG
1510	VG
1511	VG
1512	VG
1513	VG
1514	VG
1515	VG
1516	VG
1517	VG
1518	VG
1519	VG
1520	VG
1521	VG
1522	VG
1523	VG
1524	VG
1525	VG
1526	VG
1527	VG
1528	VG
1529	VG
1530	VG
1531	VG
1532	VG
1533	VG
1534	VG
1535	VG
1536	VG
1537	VG
1538	VG
1539	VG
1540	VG
1541	VG
1542	VG
1543	VG
1544	VG
1545	VG
1546	VG
1547	VG
1548	VG
1549	VG
1550	VG
1551	VG
1552	VG
1553	VG
1554	VG
1555	VG
1556	VG
1557	VG
1558	VG
1559	VG
1560	VG
1561	VG
1562	VG
1563	VG
1564	VG
1565	VG
1566	VG
1567	VG
1568	VG
1569	VG
1570	VG
1571	VG
1572	VG
1573	VG
1574	VG
1575	VG
1576	VG
1577	VG
1578	VG
1579	VG
1580	VG
1581	VG
1582	VG
1583	VG
1584	VG
1585	VG
1586	VG
1587	VG
1588	VG
1589	VG
1590	VG
1591	VG
1592	VG
1593	VG
1594	VG
1595	VG
1596	VG
1597	VG
1598	VG
1599	VG
1600	VG
1601	VG
1602	VG
1603	VG
1604	VG
1605	VG
1606	VG
1607	VG
1608	VG
1609	VG
1610	VG
1611	VG
1612	VG
1613	VG
1614	VG
1615	VG
1616	VG
1617	VG
1618	VG
1619	VG
1620	VG
1621	VG
1622	VG
1623	VG
1624	VG
1625	VG
1626	VG
1627	VG
1628	VG
1629	VG
1630	VG
1631	VG
1632	VG
1633	VG
1634	VG
1635	VG
1636	VG
1637	VG
1638	VG
1639	VG
1640	VG
1641	VG
1642	VG
1643	VG
1644	VG
1645	VG
1646	VG
1647	VG
1648	VG
1649	VG
1650	VG
1651	VG
1652	VG
1653	VG
1654	VG
1655	VG
1656	VG
1657	VG
1658	VG
1659	VG
1660	VG
1661	VG
1662	VG
1663	VG
1664	VG
1665	VG
1666	VG
1667	VG
1668	VG
1669	VG
1670	VG
1671	VG
1672	VG
1673	VG
1674	VG
1675	VG
1676	VG
1677	VG
1678	VG
1679	VG
1680	VG
1681	VG
1682	VG
1683	VG
1684	VG
1685	VG
1686	VG
1687	VG
1688	VG
1689	VG
1690	VG
1691	VG
1692	VG
1693	VG
1694	VG
1695	VG
1696	VG
1697	VG
1698	VG
1699	VG
1700	VG
1701	VG
1702	VG
1703	VG
1704	VG
1705	VG
1706	VG
1707	VG
1708	VG
1709	VG
1710	VG
1711	VG
1712	VG
1713	VG
1714	VG
1715	VG
1716	VG
1717	VG
1718	VG
1719	VG
1720	VG
1721	VG
1722	VG
1723	VG
1724	VG
1725	VG
1726	VG
1727	VG
1728	VG
1729	VG
1730	VG
1731	VG
1732	VG
1733	VG
1734	VG
1735	VG
1736	VG
1737	VG
1738	VG
1739	VG
1740	VG
1741	VG
1742	VG
1743	VG
1744	VG
1745	VG
1746	VG
1747	VG
1748	VG
1749	VG
1750	VG
1751	VG
1752	VG
1753	VG
1754	VG
1755	VG
1756	VG
1757	VG
1758	VG
1759	VG
1760	VG
1761	VG
1762	VG
1763	VG
1764	VG
1765	VG
1766	VG
1767	VG
1768	VG
1769	VG
1770	VG
1771	VG
1772	VG
1773	VG
1774	VG
1775	VG
1776	VG
1777	VG
1778	VG
1779	VG
1780	VG
1781	VG
1782	VG
1783	VG
1784	VG
1785	VG
1786	VG
1787	VG
1788	VG
1789	VG
1790	VG
1791	VG
1792	VG
1793	VG
1794	VG
1795	VG
1796	VG
1797	VG
1798	VG
1799	VG
1800	VG
1801	VG
1802	VG
1803	VG
1804	VG
1805	VG
1806	VG
1807	VG
1808	VG
1809	VG
1810	VG
1811	VG
1812	VG
1813	VG
1814	VG
1815	VG
1816	VG
1817	VG
1818	VG
1819	VG
1820	VG
1821	VG
1822	VG
1823	VG
1824	VG
1825	VG
1826	VG
1827	VG
1828	VG
1829	VG
1830	VG
1831	VG
1832	VG
1833	VG
1834	VG
1835	VG
1836	VG
1837	VG
1838	VG
1839	VG
1840	VG
1841	VG
1842	VG
1843	VG
1844	VG
1845	VG
1846	VG
1847	VG
1848	VG
1849	VG
1850	VG
1851	VG
1852	VG
1853	VG
1854	VG
1855	VG
1856	VG
1857	VG
1858	VG
1859	VG
1860	VG
1861	VG
1862	VG
1863	VG
1864	VG
1865	VG
1866	VG
1867	VG
1868	VG
1869	VG
1870	VG
1871	VG
1872	VG
1873	VG
1874	VG
1875	VG
1876	VG
1877	VG
1878	VG
1879	VG
1880	VG
1881	VG
1882	VG
1883	VG
1884	VG
1885	VG
1886	VG
1887	VG
1888	VG
1889	VG
1890	VG
1891	VG
1892	VG
1893	VG
1894	VG
1895	VG
1896	VG
1897	VG
1898	VG
1899	VG
1900	VG
1901	VG
1902	VG
1903	VG
1904	VG
1905	VG
1906	VG
1907	VG
1908	VG
1909	VG
1910	VG
1911	VG
1912	VG
1913	VG
1914	VG
1915	VG
1916	VG
1917	VG
1918	VG
1919	VG
1920	VG
1921	VG
1922	VG
1923	VG
1924	VG
1925	VG
1926	VG
1927	VG
1928	VG
1929	VG
1930	VG
1931	VG
1932	VG
1933	VG
1934	VG
1935	VG
1936	VG
1937	VG
1938	VG
1939	VG
1940	VG
1941	VG
1942	VG
1943	VG
1944	VG
1945	VG
1946	VG
1947	VG
1948	VG
1949	VG
1950	VG
1951	VG
1952	VG
1953	VG
1954	VG
1955	VG
1956	VG
1957	VG
1958	VG
1959	VG
1960	VG
1961	VG
1962	VG
1963	VG
1964	VG
1965	VG
1966	VG
1967	VG
1968	VG
1969	VG
1970	VG
1971	VG
1972	VG
1973	VG
1974	VG
1975	VG
1976	VG
1977	VG
1978	VG
1979	VG
1980	VG
1981	VG
1982	VG
1983	VG
1984	VG
1985	VG
1986	VG
1987	VG
1988	VG
1989	VG
1990	VG
1991	VG
1992	VG
1993	VG
1994	VG
1995	VG
1996	VG
1997	VG
1998	VG
1999	VG
2000	VG
2001	VG
2002	VG
2003	VG
2004	VG
2005	VG
2006	VG
2007	VG
2008	VG
2009	VG
2010	VG
2011	VG
2012	VG
2013	VG
2014	VG
2015	VG
2016	VG
2017	VG
2018	VG
2019	VG
2020	VG
2021	VG
2022	VG
2023	VG
2024	VG
2025	VG
2026	VG
2027	VG
2028	VG
2029	VG
2030	VG
2031	VG
2032	VG
2033	VG
2034	VG
2035	VG
2036	VG
2037	VG
2038	VG
2039	VG
2040	VG
2041	VG
2042	VG
2043	VG
2044	VG
2045	VG
2046	VG
2047	VG
2048	VG
2049	VG
2050	VG
2051	VG
2052	VG
2053	VG
2054	VG
2055	VG
2056	VG
2057	VG
2058	VG
2059	VG
2060	VG
2061	VG
2062	VG
2063	VG
2064	VG
2065	VG
2066	VG
2067	VG
2068	VG
2069	VG
2070	VG
2071	VG
2072	VG
2073	VG
2074	VG
2075	VG
2076	VG
2077	VG
2078	VG
2079	VG
2080	VG
2081	VG
2082	VG
2083	VG
2084	VG
2085	VG
2086	VG
2087	VG
2088	VG
2089	VG
2090	VG
2091	VG
2092	VG
2093	VG
2094	VG
2095	VG
2096	VG
2097	VG
2098	VG
2099	VG
2100	VG
2101	VG
2102	VG
2103	VG
2104	VG
2105	VG
2106	VG
2107	VG
2108	VG
2109	VG
2110	VG
2111	VG
2112	VG
2113	VG
2114	VG
2115	VG
2116	VG
2117	VG
2118	VG
2119	VG
2120	VG
2121	VG
2122	VG
2123	VG
2124	VG
2125	VG
2126	VG
2127	VG
2128	VG
2129	VG
2130	VG
2131	VG
2132	VG
2133	VG
2134	VG
2135	VG
2136	VG
2137	VG
2138	VG
2139	VG
2140	VG
2141	VG
2142	VG
2143	VG
2144	VG
2145	VG
2146	VG
2147	VG
2148	VG
2149	VG
2150	VG
2151	VG
2152	VG
2153	VG
2154	VG
2155	VG
2156	VG
2157	VG
2158	VG
2159	VG
2160	VG
2161	VG
2162	VG
2163	VG
2164	VG
2165	VG
2166	VG
2167	VG
2168	VG
2169	VG
2170	VG
2171	VG
2172	VG
2173	VG
2174	VG
2175	VG
2176	VG
2177	VG
2178	VG
2179	VG
2180	VG
2181	VG
2182	VG
2183	VG
2184	VG
2185	VG
2186	VG
2187	VG
2188	VG
2189	VG
2190	VG
2191	VG
2192	VG
2193	VG
2194	VG
2195	VG
2196	VG
2197	VG
2198	VG
2199	VG
2200	VG
2201	VG
2202	VG
2203	VG
2204	VG
2205	VG
2206	VG
2207	VG
2208	VG
2209	VG
2210	VG
2211	VG
2212	VG
2213	VG
2214	VG
2215	VG
2216	VG
2217	VG
2218	VG
2219	VG
2220	VG
2221	VG
2222	VG
2223	VG
2224	VG
2225	VG
2226	VG
2227	VG
2228	VG
2229	VG
2230	VG
2231	VG
2232	VG
2233	VG
2234	VG
2235	VG
2236	VG
2237	VG
2238	VG
2239	VG
2240	VG
2241	VG
2242	VG
2243	VG
2244	VG
2245	VG
2246	VG
2247	VG
2248	VG
2249	VG
2250	VG
2251	VG
2252	VG
2253	VG
2254	VG
2255	VG
2256	VG
2257	VG
2258	VG
2259	VG
2260	VG
2261	VG
2262	VG
2263	VG
2264	VG
2265	VG
2266	VG
2267	VG
2268	VG
2269	VG
2270	VG
2271	VG
2272	VG
2273	VG
2274	VG
2275	VG
2276	VG
2277	VG
2278	VG
2279	VG
2280	VG
2281	VG
2282	VG
2283	VG
2284	VG
2285	VG
2286	VG
2287	VG
2288	VG
2289	VG
2290	VG
2291	VG
2292	VG
2293	VG
2294	VG
2295	VG
2296	VG
2297	VG
2298	VG
2299	VG
2300	VG
2301	VG
2302	VG
2303	VG
2304	VG
2305	VG
2306	VG
2307	VG
2308	VG
2309	VG
2310	VG
2311	VG
2312	VG
2313	VG
2314	VG
2315	VG
2316	VG
2317	VG
2318	VG
2319	VG
2320	VG
2321	VG
2322	VG
2323	VG
2324	VG
2325	VG
2326	VG
2327	VG
2328	VG
2329	VG
2330	VG
2331	VG
2332	VG
2333	VG
2334	VG
2335	VG
2336	VG
2337	VG
2338	VG
2339	VG
2340	VG
2341	VG
2342	VG
2343	VG
2344	VG
2345	VG
2346	VG
2347	VG
2348	VG
2349	VG
2350	VG
2351	VG
2352	VG
2353	VG
2354	VG
2355	VG
2356	VG
2357	VG
2358	VG
2359	VG
2360	VG
2361	VG
2362	VG
2363	VG
2364	VG
2365	VG
2366	VG
2367	VG
2368	VG
2369	VG
2370	VG
2371	VG
2372	VG
2373	VG
2374	VG
2375	VG
2376	VG
2377	VG
2378	VG
2379	VG
2380	VG
2381	VG
2382	VG
2383	VG
2384	VG
2385	VG
2386	VG
2387	VG
2388	VG
2389	VG
2390	VG
2391	VG
2392	VG
2393	VG
2394	VG
2395	VG
2396	VG
2397	VG
2398	VG
2399	VG
2400	VG
2401	VG
2402	VG
2403	VG
2404	VG
2405	VG
2406	VG
2407	VG
2408	VG
2409	VG
2410	VG
2411	VG
2412	VG
2413	VG
2414	VG
2415	VG
2416	VG
2417	VG
2418	VG
2419	VG
2420	VG
2421	VG
2422	VG
2423	VG
2424	VG
2425	VG
2426	VG
2427	VG
2428	VG
2429	VG
2430	VG
2431	VG
2432	VG
2433	VG
2434	VG
2435	VG
2436	VG
2437	VG
2438	VG
2439	VG
2440	VG
2441	VG
2442	VG
2443	VG
2444	VG
2445	VG
2446	VG
2447	VG
2448	VG
2449	VG
2450	VG
2451	VG
2452	VG
2453	VG
2454	VG
2455	VG
2456	VG
2457	VG
2458	VG
2459	VG
2460	VG
2461	VG
2462	VG
2463	VG
2464	VG
2465	VG
2466	VG
2467	VG
2468	VG
2469	VG
2470	VG
2471	VG
2472	VG
2473	VG
2474	VG
2475	VG
2476	VG
2477	VG
2478	VG
2479	VG
2480	VG
2481	VG
2482	VG
2483	VG
2484	VG
2485	VG
2486	VG
2487	VG
2488	VG
2489	VG
2490	VG
2491	VG
2492	VG
2493	VG
2494	VG
2495	VG
2496	VG
2497	VG
2498	VG
2499	VG
2500	VG
2501	VG
2502	VG
2503	VG
2504	VG
2505	VG
2506	VG
2507	VG
2508	VG
2509	VG
2510	VG
2511	VG
2512	VG
2513	VG
2514	VG
2515	VG
2516	VG
2517	VG
2518	VG
2519	VG
2520	VG
2521	VG
2522	VG
2523	VG
2524	VG
2525	VG
2526	VG
2527	VG
2528	VG
2529	VG
2530	VG
2531	VG
2532	VG
2533	VG
2534	VG
2535	VG
2536	VG
2537	VG
2538	VG
2539	VG
2540	VG
2541	VG
2542	VG
2543	VG
2544	VG
2545	VG
2546	VG
2547	VG
2548	VG
2549	VG
2550	VG
2551	VG
2552	VG
2553	VG
2554	VG
2555	VG
2556	VG
2557	VG
2558	VG
2559	VG
2560	VG
2561	VG
2562	VG
2563	VG
2564	VG
2565	VG
2566	VG
2567	VG
2568	VG
2569	VG
2570	VG
2571	VG
2572	VG
2573	VG
2574	VG
2575	VG
2576	VG
2577	VG
2578	VG
2579	VG
2580	VG
2581	VG
2582	VG
2583	VG
2584	VG
2585	VG
2586	VG
2587	VG
2588	VG
2589	VG
2590	VG
2591	VG
2592	VG
2593	VG
2594	VG
2595	VG
2596	VG
2597	VG
2598	VG
2599	VG
2600	VG
2601	VG
2602	VG
2603	VG
2604	VG
2605	VG
2606	VG
2607	VG
2608	VG
2609	VG
2610	VG
2611	VG
2612	VG
2613	VG
2614	VG
2615	VG
2616	VG
2617	VG
2618	VG
2619	VG
2620	VG
2621	VG
2622	VG
2623	VG
2624	VG
2625	VG
2626	VG
2627	VG
2628	VG
2629	VG
2630	VG
2631	VG
2632	VG
2633	VG
2634	VG
2635	VG
2636	VG
2637	VG
2638	VG
2639	VG
2640	VG
2641	VG
2642	VG
2643	VG
2644	VG
2645	VG
2646	VG
2647	VG
2648	VG
2649	VG
2650	VG
2651	VG
2652	VG
2653	VG
2654	VG
2655	VG
2656	VG
2657	VG
2658	VG
2659	VG
2660	VG
2661	VG
2662	VG
2663	VG
2664	VG
2665	VG
2666	VG
2667	VG
2668	VG
2669	VG
2670	VG
2671	VG
2672	VG
2673	VG
2674	VG
2675	VG
2676	VG
2677	VG
2678	VG
2679	VG
2680	VG
2681	VG
2682	VG
2683	VG
2684	VG
2685	VG
2686	VG
2687	VG
2688	VG
2689	VG
2690	VG
2691	VG
2692	VG
2693	VG
2694	VG
2695	VG
2696	VG
2697	VG
2698	VG
2699	VG
2700	VG
2701	VG
2702	VG
2703	VG
2704	VG
2705	VG
2706	VG
2707	VG
2708	VG
2709	VG
2710	VG
2711	VG
2712	VG
2713	VG
2714	VG
2715	VG
2716	VG
2717	VG
2718	VG
2719	VG
2720	VG
2721	VG
2722	VG
2723	VG
2724	VG
2725	VG
2726	VG
2727	VG
2728	VG
2729	VG
2730	VG
2731	VG
2732	VG
2733	VG
2734	VG
2735	VG
2736	VG
2737	VG
2738	VG
2739	VG
2740	VG
2741	VG
2742	VG
2743	VG
2744	VG
2745	VG
2746	VG
2747	VG
2748	VG
2749	VG
2750	VG
2751	VG
2752	VG
2753	VG
2754	VG
2755	VG
2756	VG
2757	VG
2758	VG
2759	VG
2760	VG
2761	VG
2762	VG
2763	VG
2764	VG
2765	VG
2766	VG
2767	VG
2768	VG
2769	VG
2770	VG
2771	VG
2772	VG
2773	VG
2774	VG
2775	VG
2776	VG
2777	VG
2778	VG
2779	VG
2780	VG
2781	VG
2782	VG
2783	VG
2784	VG
2785	VG
2786	VG
2787	VG
2788	VG
2789	VG
2790	VG
2791	VG
2792	VG
2793	VG
2794	VG
2795	VG
2796	VG
2797	VG
2798	VG
2799	VG
2800	VG
2801	VG
2802	VG
2803	VG
2804	VG
2805	VG
2806	VG
2807	VG
2808	VG
2809	VG
2810	VG
2811	VG
2812	VG
2813	VG
2814	VG
2815	VG
2816	VG
2817	VG
2818	VG
2819	VG
2820	VG
2821	VG
2822	VG
2823	VG
2824	VG
2825	VG
2826	VG
2827	VG
2828	VG
2829	VG
2830	VG
2831	VG
2832	VG
2833	VG
2834	VG
2835	VG
2836	VG
2837	VG
2838	VG
2839	VG
2840	VG
2841	VG
2842	VG
2843	VG
2844	VG
2845	VG
2846	VG
2847	VG
2848	VG
2849	VG
2850	VG
2851	VG
2852	VG
2853	VG
2854	VG
2855	VG
2856	VG
2857	VG
2858	VG
2859	VG
2860	VG
2861	VG
2862	VG
2863	VG
2864	VG
2865	VG
2866	VG
2867	VG
2868	VG
2869	VG
2870	VG
2871	VG
2872	VG
2873	VG
2874	VG
2875	VG
2876	VG
2877	VG
2878	VG
2879	VG
2880	VG
2881	VG
2882	VG
2883	VG
2884	VG
2885	VG
2886	VG
2887	VG
2888	VG
2889	VG
2890	VG
2891	VG
2892	VG
2893	VG
2894	VG
2895	VG
2896	VG
2897	VG
2898	VG
2899	VG
2900	VG
2901	VG
2902	VG
2903	VG
2904	VG
2905	VG
2906	VG
2907	VG
2908	VG
2909	VG
2910	VG
2911	VG
2912	VG
2913	VG
2914	VG
2915	VG
2916	VG
2917	VG
2918	VG
2919	VG
2920	VG
2921	VG
2922	VG
2923	VG
2924	VG
2925	VG
2926	VG
2927	VG
2928	VG
2929	VG
2930	VG
2931	VG
2932	VG
2933	VG
2934	VG
2935	VG
2936	VG
2937	VG
2938	VG
2939	VG
2940	VG
2941	VG
2942	VG
2943	VG
2944	VG
2945	VG
2946	VG
2947	VG
2948	VG
2949	VG
2950	VG
2951	VG
2952	VG
2953	VG
2954	VG
2955	VG
2956	VG
2957	VG
2958	VG
2959	VG
2960	VG
2961	VG
2962	VG
2963	VG
2964	VG
2965	VG
2966	VG
2967	VG
2968	VG
2969	VG
2970	VG
2971	VG
2972	VG
2973	VG
2974	VG
2975	VG
2976	VG
2977	VG
2978	VG
2979	VG
2980	VG
2981	VG
2982	VG
2983	VG
2984	VG
2985	VG
2986	VG
2987	VG
2988	VG
2989	VG
2990	VG
2991	VG
2992	VG
2993	VG
2994	VG
2995	VG
2996	VG
2997	VG
2998	VG
2999	VG
3000	VG
3001	VG
3002	VG
3003	VG
3004	VG
3005	VG
3006	VG
3007	VG
3008	VG
3009	VG
3010	VG
3011	VG
3012	VG
3013	VG
3014	VG
3015	VG
3016	VG
3017	VG
3018	VG
3019	VG
3020	VG
3021	VG
3022	VG
3023	VG
3024	VG
3025	VG
3026	VG
3027	VG
3028	VG
3029	VG
3030	VG
3031	VG
3032	VG
3033	VG
3034	VG
3035	VG
3036	VG
3037	VG
3038	VG
3039	VG
3040	VG
3041	VG
3042	VG
3043	VG
3044	VG
3045	VG
3046	VG
3047	VG
3048	VG
3049	VG
3050	VG
3051	VG
3052	VG
3053	VG
3054	VG
3055	VG
3056	VG
3057	VG
3058	VG
3059	VG
3060	VG
3061	VG
3062	VG
3063	VG
3064	VG
3065	VG
3066	VG
3067	VG
3068	VG
3069	VG
3070	VG
3071	VG
3072	VG
3073	VG
3074	VG
3075	VG
3076	VG
3077	VG
3078	VG
3079	VG
3080	VG
3081	VG
3082	VG
3083	VG
3084	VG
3085	VG
3086	VG
3087	VG
3088	VG
3089	VG
3090	VG
3091	VG
3092	VG
3093	VG
3094	VG
3095	VG
3096	VG
3097	VG
3098	VG
3099	VG
3100	VG
3101	VG
3102	VG
3103	VG
3104	VG
3105	VG
3106	VG
3107	VG
3108	VG
3109	VG
3110	VG
3111	VG
3112	VG
3113	VG
3114	VG
3115	VG
3116	VG
3117	VG
3118	VG
3119	VG
3120	VG
3121	VG
3122	VG
3123	VG
3124	VG
3125	VG
3126	VG
3127	VG
3128	VG
3129	VG
3130	VG
3131	VG
3132	VG
3133	VG
3134	VG
3135	VG
3136	VG
3137	VG
3138	VG
3139	VG
3140	VG
3141	VG
3142	VG
3143	VG
3144	VG
3145	VG
3146	VG
3147	VG
3148	VG
3149	VG
3150	VG
3151	VG
3152	VG
3153	VG
3154	VG
3155	VG
3156	VG
3157	VG
3158	VG
3159	VG
3160	VG
3161	VG
3162	VG
3163	VG
3164	VG
3165	VG
3166	VG
3167	VG
3168	VG
3169	VG
3170	VG
3171	VG
3172	VG
3173	VG
3174	VG
3175	VG
3176	VG
3177	VG
3178	VG
3179	VG
3180	VG
3181	VG
3182	VG
3183	VG
3184	VG
3185	VG
3186	VG
3187	VG
3188	VG
3189	VG
3190	VG
3191	VG
3192	VG
3193	VG
3194	VG
3195	VG
3196	VG
3197	VG
3198	VG
3199	VG
3200	VG
3201	VG
3202	VG
3203	VG
3204	VG
3205	VG
3206	VG
3207	VG
3208	VG
3209	VG
3210	VG
3211	VG
3212	VG
3213	VG
3214	VG
3215	VG
3216	VG
3217	VG
3218	VG
3219	VG
3220	VG
3221	VG
3222	VG
3223	VG
3224	VG
3225	VG
3226	VG
3227	VG
3228	VG
3229	VG
3230	VG
3231	VG
3232	VG
3233	VG
3234	VG
3235	VG
3236	VG
3237	VG
3238	VG
3239	VG
3240	VG
3241	VG
3242	VG
3243	VG
3244	VG
3245	VG
3246	VG
3247	VG
3248	VG
3249	VG
3250	VG
3251	VG
3252	VG
3253	VG
3254	VG
3255	VG
3256	VG
3257	VG
3258	VG
3259	VG
3260	VG
3261	VG
3262	VG
3263	VG
3264	VG
3265	VG
3266	VG
3267	VG
3268	VG
3269	VG
3270	VG
3271	VG
3272	VG
3273	VG
3274	VG
3275	VG
3276	VG
3277	VG
3278	VG
3279	VG
3280	VG
3281	VG
3282	VG
3283	VG
3284	VG
3285	VG
3286	VG
3287	VG
3288	VG
3289	VG
3290	VG
3291	VG
3292	VG
3293	VG
3294	VG
3295	VG
3296	VG
3297	VG
3298	VG
3299	VG
3300	VG
3301	VG
3302	VG
3303	VG
3304	VG
3305	VG
3306	VG
3307	VG
3308	VG
3309	VG
3310	VG
3311	VG
3312	VG
3313	VG
3314	VG
3315	VG
3316	VG
3317	VG
3318	VG
3319	VG
3320	VG
3321	VG
3322	VG
3323	VG
3324	VG
3325	VG
3326	VG
3327	VG
3328	VG
3329	VG
3330	VG
3331	VG
3332	VG
3333	VG
3334	VG
3335	VG
3336	VG
3337	VG
3338	VG
3339	VG
3340	VG
3341	VG
3342	VG
3343	VG
3344	VG
3345	VG
3346	VG
3347	VG
3348	VG
3349	VG
3350	VG
3351	VG
3352	VG
3353	VG
3354	VG
3355	VG
3356	VG
3357	VG
3358	VG
3359	VG
3360	VG
3361	VG
3362	VG
3363	VG
3364	VG
3365	VG
3366	VG
3367	VG
3368	VG
3369	VG
3370	VG
3371	VG
3372	VG
3373	VG
3374	VG
3375	VG
3376	VG
3377	VG
3378	VG
3379	VG
3380	VG
3381	VG
3382	VG
3383	VG
3384	VG
3385	VG
3386	VG
3387	VG
3388	VG
3389	VG
3390	VG
3391	VG
3392	VG
3393	VG
3394	VG
3395	VG
3396	VG
3397	VG
3398	VG
3399	VG
3400	VG
3401	VG
3402	VG
3403	VG
3404	VG
3405	VG
3406	VG
3407	VG
3408	VG
3409	VG
3410	VG
3411	VG
3412	VG
3413	VG
3414	VG
3415	VG
3416	VG
3417	VG
3418	VG
3419	VG
3420	VG
3421	VG
3422	VG
3423	VG
3424	VG
3425	VG
3426	VG
3427	VG
3428	VG
3429	VG
3430	VG
3431	VG
3432	VG
3433	VG
3434	VG
3435	VG
3436	VG
3437	VG
3438	VG
3439	VG
3440	VG
3441	VG
3442	VG
3443	VG
3444	VG
3445	VG
3446	VG
3447	VG
3448	VG
3449	VG
3450	VG
3451	VG
3452	VG
3453	VG
3454	VG
3455	VG
3456	VG
3457	VG
3458	VG
3459	VG
3460	VG
3461	VG
3462	VG
3463	VG
3464	VG
3465	VG
3466	VG
3467	VG
3468	VG
3469	VG
3470	VG
3471	VG
3472	VG
3473	VG
3474	VG
3475	VG
3476	VG
3477	VG
3478	VG
3479	VG
3480	VG
3481	VG
3482	VG
3483	VG
3484	VG
3485	VG
3486	VG
3487	VG
3488	VG
3489	VG
3490	VG
3491	VG
3492	VG
3493	VG
3494	VG
3495	VG
3496	VG
3497	VG
3498	VG
3499	VG
3500	VG
3501	VG
3502	VG
3503	VG
3504	VG
3505	VG
3506	VG
3507	VG
3508	VG
3509	VG
3510	VG
3511	VG
3512	VG
3513	VG
3514	VG
3515	VG
3516	VG
3517	VG
3518	VG
3519	VG
3520	VG
3521	VG
3522	VG
3523	VG
3524	VG
3525	VG
3526	VG
3527	VG
3528	VG
3529	VG
3530	VG
3531	VG
3532	VG
3533	VG
3534	VG
3535	VG
3536	VG
3537	VG
3538	VG
3539	VG
3540	VG
3541	VG
3542	VG
3543	VG
3544	VG
3545	VG
3546	VG
3547	VG
3548	VG
3549	VG
3550	VG
3551	VG
3552	VG
3553	VG
3554	VG
3555	VG
3556	VG
3557	VG
3558	VG
3559	VG
3560	VG
3561	VG
3562	VG
3563	VG
3564	VG
3565	VG
3566	VG
3567	VG
3568	VG
3569	VG
3570	VG
3571	VG
3572	VG
3573	VG
3574	VG
3575	VG
3576	VG
3577	VG
3578	VG
3579	VG
3580	VG
3581	VG
3582	VG
3583	VG
3584	VG
3585	VG
3586	VG
3587	VG
3588	VG
3589	VG
3590	VG
3591	VG
3592	VG
3593	VG
3594	VG
3595	VG
3596	VG
3597	VG
3598	VG
3599	VG
3600	VG
3601	VG
3602	VG
3603	VG
3604	VG
3605	VG
3606	VG
3607	VG
3608	VG
3609	VG
3610	VG
3611	VG
3612	VG
3613	VG
3614	VG
3615	VG
3616	VG
3617	VG
3618	VG
3619	VG
3620	VG
3621	VG
3622	VG
3623	VG
3624	VG
3625	VG
3626	VG
3627	VG
3628	VG
3629	VG
3630	VG
3631	VG
3632	VG
3633	VG
3634	VG
3635	VG
3636	VG
3637	VG
3638	VG
3639	VG
3640	VG
3641	VG
3642	VG
3643	VG
3644	VG
3645	VG
3646	VG
3647	VG
3648	VG
3649	VG
3650	VG
3651	VG
3652	VG
3653	VG
3654	VG
3655	VG
3656	VG
3657	VG
3658	VG
3659	VG
3660	VG
3661	VG
3662	VG
3663	VG
3664	VG
3665	VG
3666	VG
3667	VG
3668	VG
3669	VG
3670	VG
3671	VG
3672	VG
3673	VG
3674	VG
3675	VG
3676	VG
3677	VG
3678	VG
3679	VG
3680	VG
3681	VG
3682	VG
3683	VG
3684	VG
3685	VG
3686	VG
3687	VG
3688	VG
3689	VG
3690	VG
3691	VG
3692	VG
3693	VG
3694	VG
3695	VG
3696	VG
3697	VG
3698	VG
3699	VG
3700	VG
3701	VG
3702	VG
3703	VG
3704	VG
3705	VG
3706	VG
3707	VG
3708	VG
3709	VG
3710	VG
3711	VG
3712	VG
3713	VG
3714	VG
3715	VG
3716	VG
3717	VG
3718	VG
3719	VG
3720	VG
3721	VG
3722	VG
3723	VG
3724	VG
3725	VG
3726	VG
3727	VG
3728	VG
3729	VG
3730	VG
3731	VG
3732	VG
3733	VG
3734	VG
3735	VG
3736	VG
3737	VG
3738	VG
3739	VG
3740	VG
3741	VG
3742	VG
3743	VG
3744	VG
3745	VG
3746	VG
3747	VG
3748	VG
3749	VG
3750	VG
3751	VG
3752	VG
3753	VG
3754	VG
3755	VG
3756	VG
3757	VG
3758	VG
3759	VG
3760	VG
3761	VG
3762	VG
3763	VG
3764	VG
3765	VG
3766	VG
3767	VG
3768	VG
3769	VG
3770	VG
3771	VG
3772	VG
3773	VG
3774	VG
3775	VG
3776	VG
3777	VG
3778	VG
3779	VG
3780	VG
3781	VG
3782	VG
3783	VG
3784	VG
3785	VG
3786	VG
3787	VG
3788	VG
3789	VG
3790	VG
3791	VG
3792	VG
3793	VG
3794	VG
3795	VG
3796	VG
3797	VG
3798	VG
3799	VG
3800	VG
3801	VG
3802	VG
3803	VG
3804	VG
3805	VG
3806	VG
3807	VG
3808	VG
3809	VG
3810	VG
3811	VG
3812	VG
3813	VG
3814	VG
3815	VG
3816	VG
3817	VG
3818	VG
3819	VG
3820	VG
3821	VG
3822	VG
3823	VG
3824	VG
3825	VG
3826	VG
3827	VG
3828	VG
3829	VG
3830	VG
3831	VG
3832	VG
3833	VG
3834	VG
3835	VG
3836	VG
3837	VG
3838	VG
3839	VG
3840	VG
3841	VG
3842	VG
3843	VG
3844	VG
3845	VG
3846	VG
3847	VG
3848	VG
3849	VG
3850	VG
3851	VG
3852	VG
3853	VG
3854	VG
3855	VG
3856	VG
3857	VG
3858	VG
3859	VG
3860	VG
3861	VG
3862	VG
3863	VG
3864	VG
3865	VG
3866	VG
3867	VG
3868	VG
3869	VG
3870	VG
3871	VG
3872	VG
3873	VG
3874	VG
3875	VG
3876	VG
3877	VG
3878	VG
3879	VG
3880	VG
3881	VG
3882	VG
3883	VG
3884	VG
3885	VG
3886	VG
3887	VG
3888	VG
3889	VG
3890	VG
3891	VG
3892	VG
3893	VG
3894	VG
3895	VG
3896	VG
3897	VG
3898	VG
3899	VG
3900	VG
3901	VG
3902	VG
3903	VG
3904	VG
3905	VG
3906	VG
3907	VG
3908	VG
3909	VG
3910	VG
3911	VG
3912	VG
3913	VG
3914	VG
3915	VG
3916	VG
3917	VG
3918	VG
3919	VG
3920	VG
3921	VG
3922	VG
3923	VG
3924	VG
3925	VG
3926	VG
3927	VG
3928	VG
3929	VG
3930	VG
3931	VG
3932	VG
3933	VG
3934	VG
3935	VG
3936	VG
3937	VG
3938	VG
3939	VG
3940	VG
3941	VG
3942	VG
3943	VG
3944	VG
3945	VG
3946	VG
3947	VG
3948	VG
3949	VG
3950	VG
3951	VG
3952	VG
3953	VG
3954	VG
3955	VG
3956	VG
3957	VG
3958	VG
3959	VG
3960	VG
3961	VG
3962	VG
3963	VG
3964	VG
3965	VG
3966	VG
3967	VG
3968	VG
3969	VG
3970	VG
3971	VG
3972	VG
3973	VG
3974	VG
3975	VG
3976	VG
3977	VG
3978	VG
3979	VG
3980	VG
3981	VG
3982	VG
3983	VG
3984	VG
3985	VG
3986	VG
3987	VG
3988	VG
3989	VG
3990	VG
3991	VG
3992	VG
3993	VG
3994	VG
3995	VG
3996	VG
3997	VG
3998	VG
3999	VG
4000	VG
4001	VG
4002	VG
4003	VG
4004	VG
4005	VG
4006	VG
4007	VG
4008	VG
4009	VG
4010	VG
4011	VG
4012	VG
4013	VG
4014	VG
4015	VG
4016	VG
4017	VG
4018	VG
4019	VG
4020	VG
4021	VG
4022	VG
4023	VG
4024	VG
4025	VG
4026	VG
4027	VG
4028	VG
4029	VG
4030	VG
4031	VG
4032	VG
4033	VG
4034	VG
4035	VG
4036	VG
4037	VG
4038	VG
4039	VG
4040	VG
4041	VG
4042	VG
4043	VG
4044	VG
4045	VG
4046	VG
4047	VG
4048	VG
4049	VG
4050	VG
4051	VG
4052	VG
4053	VG
4054	VG
4055	VG
4056	VG
4057	VG
4058	VG
4059	VG
4060	VG
4061	VG
4062	VG
4063	VG
4064	VG
4065	VG
4066	VG
4067	VG
4068	VG
4069	VG
4070	VG
4071	VG
4072	VG
4073	VG
4074	VG
4075	VG
4076	VG
4077	VG
4078	VG
4079	VG
4080	VG
4081	VG
4082	VG
4083	VG
4084	VG
4085	VG
4086	VG
4087	VG
4088	VG
4089	VG
4090	VG
4091	VG
4092	VG
4093	VG
4094	VG
4095	VG
4096	VG
4097	VG
4098	VG
4099	VG
4100	VG
4101	VG
4102	VG
4103	VG
4104	VG
4105	VG
4106	VG
4107	VG
4108	VG
4109	VG
4110	VG
4111	VG
4112	VG
4113	VG
4114	VG
4115	VG
4116	VG
4117	VG
4118	VG
4119	VG
4120	VG
4121	VG
4122	VG
4123	VG
4124	VG
4125	VG
4126	VG
4127	VG
4128	VG
4129	VG
4130	VG
4131	VG
4132	VG
4133	VG
4134	VG
4135	VG
4136	VG
4137	VG
4138	VG
4139	VG
4140	VG
4141	VG
4142	VG
4143	VG
4144	VG
4145	VG
4146	VG
4147	VG
4148	VG
4149	VG
4150	VG
4151	VG
4152	VG
4153	VG
4154	VG
4155	VG
4156	VG
4157	VG
4158	VG
4159	VG
4160	VG
4161	VG
4162	VG
4163	VG
4164	VG
4165	VG
4166	VG
4167	VG
4168	VG
4169	VG
4170	VG
4171	VG
4172	VG
4173	VG
4174	VG
4175	VG
4176	VG
4177	VG
4178	VG
4179	VG
4180	VG
4181	VG
4182	VG
4183	VG
4184	VG
4185	VG
4186	VG
4187	VG
4188	VG
4189	VG
4190	VG
4191	VG
4192	VG
4193	VG
4194	VG
4195	VG
4196	VG
4197	VG
4198	VG
4199	VG
4200	VG
4201	VG
4202	VG
4203	VG
4204	VG
4205	VG
4206	VG
4207	VG
4208	VG
4209	VG
4210	VG
4211	VG
4212	VG
4213	VG
4214	VG
4215	VG
4216	VG
4217	VG
4218	VG
4219	VG
4220	VG
4221	VG
4222	VG
4223	VG
4224	VG
4225	VG
4226	VG
4227	VG
4228	VG
4229	VG
4230	VG
4231	VG
4232	VG
4233	VG
4234	VG
4235	VG
4236	VG
4237	VG
4238	VG
4239	VG
4240	VG
4241	VG
4242	VG
4243	VG
4244	VG
4245	VG
4246	VG
4247	VG
4248	VG
4249	VG
4250	VG
4251	VG
4252	VG
4253	VG
4254	VG
4255	VG
4256	VG
4257	VG
4258	VG
4259	VG
4260	VG
4261	VG
4262	VG
4263	VG
4264	VG
4265	VG
4266	VG
4267	VG
4268	VG
4269	VG
4270	VG
4271	VG
4272	VG
4273	VG
4274	VG
4275	VG
4276	VG
4277	VG
4278	VG
4279	VG
4280	VG
4281	VG
4282	VG
4283	VG
4284	VG
4285	VG
4286	VG
4287	VG
4288	VG
4289	VG
4290	VG
4291	VG
4292	VG
4293	VG
4294	VG
4295	VG
4296	VG
4297	VG
4298	VG
4299	VG
4300	VG
4301	VG
4302	VG
4303	VG
4304	VG
4305	VG
4306	VG
4307	VG
4308	VG
4309	VG
4310	VG
4311	VG
4312	VG
4313	VG
4314	VG
4315	VG
4316	VG
4317	VG
4318	VG
4319	VG
4320	VG
4321	VG
4322	VG
4323	VG
4324	VG
4325	VG
4326	VG
4327	VG
4328	VG
4329	VG
4330	VG
4331	VG
4332	VG
4333	VG
4334	VG
4335	VG
4336	VG
4337	VG
4338	VG
4339	VG
4340	VG
4341	VG
4342	VG
4343	VG
4344	VG
4345	VG
4346	VG
4347	VG
4348	VG
4349	VG
4350	VG
4351	VG
4352	VG
4353	VG
4354	VG
4355	VG
4356	VG
4357	VG
4358	VG
4359	VG
4360	VG
4361	VG
4362	VG
4363	VG
4364	VG
4365	VG
4366	VG
4367	VG
4368	VG
4369	VG
4370	VG
4371	VG
4372	VG
4373	VG
4374	VG
4375	VG
4376	VG
4377	VG
4378	VG
4379	VG
4380	VG
4381	VG
4382	VG
4383	VG
4384	VG
4385	VG
4386	VG
4387	VG
4388	VG
4389	VG
4390	VG
4391	VG
4392	VG
4393	VG
4394	VG
4395	VG
4396	VG
4397	VG
4398	VG
4399	VG
4400	VG
4401	VG
4402	VG
4403	VG
4404	VG
4405	VG
4406	VG
4407	VG
4408	VG
4409	VG
4410	VG
4411	VG
4412	VG
4413	VG
4414	VG
4415	VG
4416	VG
4417	VG
4418	VG
4419	VG
4420	VG
4421	VG
4422	VG
4423	VG
4424	VG
4425	VG
4426	VG
4427	VG
4428	VG
4429	VG
4430	VG
4431	VG
4432	VG
4433	VG
4434	VG
4435	VG
4436	VG
4437	VG
4438	VG
4439	VG
4440	VG
4441	VG
4442	VG
4443	VG
4444	VG
4445	VG
4446	VG
4447	VG
4448	VG
4449	VG
4450	VG
4451	VG
4452	VG
4453	VG
4454	VG
4455	VG
4456	VG
4457	VG
4458	VG
4459	VG
4460	VG
4461	VG
4462	VG
4463	VG
4464	VG
4465	VG
4466	VG
4467	VG
4468	VG
4469	VG
4470	VG
4471	VG
4472	VG
4473	VG
4474	VG
4475	VG
4476	VG
4477	VG
4478	VG
4479	VG
4480	VG
4481	VG
4482	VG
4483	VG
4484	VG
4485	VG
4486	VG
4487	VG
4488	VG
4489	VG
4490	VG
4491	VG
4492	VG
4493	VG
4494	VG
4495	VG
4496	VG
4497	VG
4498	VG
4499	VG
4500	VG
4501	VG
4502	VG
4503	VG
4504	VG
4505	VG
4506	VG
4507	VG
4508	VG
4509	VG
4510	VG
4511	VG
4512	VG
4513	VG
4514	VG
4515	VG
4516	VG
4517	VG
4518	VG
4519	VG
4520	VG
4521	VG
4522	VG
4523	VG
4524	VG
4525	VG
4526	VG
4527	VG
4528	VG
4529	VG
4530	VG
4531	VG
4532	VG
4533	VG
4534	VG
4535	VG
4536	VG
4537	VG
4538	VG
4539	VG
4540	VG
4541	VG
4542	VG
4543	VG
4544	VG
4545	VG
4546	VG
4547	VG
4548	VG
4549	VG
4550	VG
4551	VG
4552	VG
4553	VG
4554	VG
4555	VG
4556	VG
4557	VG
4558	VG
4559	VG
4560	VG
4561	VG
4562	VG
4563	VG
4564	VG
4565	VG
4566	VG
4567	VG
4568	VG
4569	VG
4570	VG
4571	VG
4572	VG
4573	VG
4574	VG
4575	VG
4576	VG
4577	VG
4578	VG
4579	VG
4580	VG
4581	VG
4582	VG
4583	VG
4584	VG
4585	VG
4586	VG
4587	VG
4588	VG
4589	VG
4590	VG
4591	VG
4592	VG
4593	VG
4594	VG
4595	VG
4596	VG
4597	VG
4598	VG
4599	VG
4600	VG
4601	VG
4602	VG
4603	VG
4604	VG
4605	VG
4606	VG
4607	VG
4608	VG
4609	VG
4610	VG
4611	VG
4612	VG
4613	VG
4614	VG
4615	VG
4616	VG
4617	VG
4618	VG
4619	VG
4620	VG
4621	VG
4622	VG
4623	VG
4624	VG
4625	VG
4626	VG
4627	VG
4628	VG
4629	VG
4630	VG
4631	VG
4632	VG
4633	VG
4634	VG
4635	VG
4636	VG
4637	VG
4638	VG
4639	VG
4640	VG
4641	VG
4642	VG
4643	VG
4644	VG
4645	VG
4646	VG
4647	VG
4648	VG
4649	VG
4650	VG
4651	VG
4652	VG
4653	VG
4654	VG
4655	VG
4656	VG
4657	VG
4658	VG
4659	VG
4660	VG
4661	VG
4662	VG
4663	VG
4664	VG
4665	VG
4666	VG
4667	VG
4668	VG
4669	VG
4670	VG
4671	VG
4672	VG
4673	VG
4674	VG
4675	VG
4676	VG
4677	VG
4678	VG
4679	VG
4680	VG
4681	VG
4682	VG
4683	VG
4684	VG
4685	VG
4686	VG
4687	VG
4688	VG
4689	VG
4690	VG
4691	VG
4692	VG
4693	VG
4694	VG
4695	VG
4696	VG
4697	VG
4698	VG
4699	VG
4700	VG
4701	VG
4702	VG
4703	VG
4704	VG
4705	VG
4706	VG
4707	VG
4708	VG
4709	VG
4710	VG
4711	VG
4712	VG
4713	VG
4714	VG
4715	VG
4716	VG
4717	VG
4718	VG
4719	VG
4720	VG
4721	VG
4722	VG
4723	VG
4724	VG
4725	VG
4726	VG
4727	VG
4728	VG
4729	VG
4730	VG
4731	VG
4732	VG
4733	VG
4734	VG
4735	VG
4736	VG
4737	VG
4738	VG
4739	VG
4740	VG
4741	VG
4742	VG
4743	VG
4744	VG
4745	VG
4746	VG
4747	VG
4748	VG
4749	VG
4750	VG
4751	VG
4752	VG
4753	VG
4754	VG
4755	VG
4756	VG
4757	VG
4758	VG
4759	VG
4760	VG
4761	VG
4762	VG
4763	VG
4764	VG
4765	VG
4766	VG
4767	VG
4768	VG
4769	VG
4770	VG
4771	VG
4772	VG
4773	VG
4774	VG
4775	VG
4776	VG
4777	VG
4778	VG
4779	VG
4780	VG
4781	VG
4782	VG
4783	VG
4784	VG
4785	VG
4786	VG
4787	VG
4788	VG
4789	VG
4790	VG
4791	VG
4792	VG
4793	VG
4794	VG
4795	VG
4796	VG
4797	VG
4798	VG
4799	VG
4800	VG
4801	VG
4802	VG
4803	VG
4804	VG
4805	VG
4806	VG
4807	VG
4808	VG
4809	VG
4810	VG
4811	VG
4812	VG
4813	VG
4814	VG
4815	VG
4816	VG
4817	VG
4818	VG
4819	VG
4820	VG
4821	VG
4822	VG
4823	VG
4824	VG
4825	VG
4826	VG
4827	VG
4828	VG
4829	VG
4830	VG
4831	VG
4832	VG
4833	VG
4834	VG
4835	VG
4836	VG
4837	VG
4838	VG
4839	VG
4840	VG
4841	VG
4842	VG
4843	VG
4844	VG
4845	VG
4846	VG
4847	VG
4848	VG
4849	VG
4850	VG
4851	VG
4852	VG
4853	VG
4854	VG
4855	VG
4856	VG
4857	VG
4858	VG
4859	VG
4860	VG
4861	VG
4862	VG
4863	VG
4864	VG
4865	VG
4866	VG
4867	VG
4868	VG
4869	VG
4870	VG
4871	VG
4872	VG
4873	VG
4874	VG
4875	VG
4876	VG
4877	VG
4878	VG
4879	VG
4880	VG
4881	VG
4882	VG
4883	VG
4884	VG
4885	VG
4886	VG
4887	VG
4888	VG
4889	VG
4890	VG
4891	VG
4892	VG
4893	VG
4894	VG
4895	VG
4896	VG
4897	VG
4898	VG
4899	VG
4900	VG
4901	VG
4902	VG
4903	VG
4904	VG
4905	VG
4906	VG
4907	VG
4908	VG
4909	VG
4910	VG
4911	VG
4912	VG
4913	VG
4914	VG
4915	VG
4916	VG
4917	VG
4918	VG
4919	VG
4920	VG
4921	VG
4922	VG
4923	VG
4924	VG
4925	VG
4926	VG
4927	VG
4928	VG
4929	VG
4930	VG
4931	VG
4932	VG
4933	VG
4934	VG
4935	VG
4936	VG
4937	VG
4938	VG
4939	VG
4940	VG
4941	VG
4942	VG
4943	VG
4944	VG
4945	VG
4946	VG
4947	VG
4948	VG
4949	VG
4950	VG
4951	VG
4952	VG
4953	VG
4954	VG
4955	VG
4956	VG
4957	VG
4958	VG
4959	VG
4960	VG
4961	VG
4962	VG
4963	VG
4964	VG
4965	VG
4966	VG
4967	VG
4968	VG
4969	VG
4970	VG
4971	VG
4972	VG
4973	VG
4974	VG
4975	VG
4976	VG
4977	VG
4978	VG
4979	VG
4980	VG
4981	VG
4982	VG
4983	VG
4984	VG
4985	VG
4986	VG
4987	VG
4988	VG
4989	VG
4990	VG
4991	VG
4992	VG
4993	VG
4994	VG
4995	VG
4996	VG
4997	VG
4998	VG
4999	VG
5000	VG
5001	VG
5002	VG
5003	VG
5004	VG
5005	VG
5006	VG
5007	VG
5008	VG
5009	VG
5010	VG
5011	VG
5012	VG
5013	VG
5014	VG
5015	VG
5016	VG
5017	VG
5018	VG
5019	VG
5020	VG
5021	VG
5022	VG
5023	VG
5024	VG
5025	VG
5026	VG
5027	VG
5028	VG
5029	VG
5030	VG
5031	VG
5032	VG
5033	VG
5034	VG
5035	VG
5036	VG
5037	VG
5038	VG
5039	VG
5040	VG
5041	VG
5042	VG
5043	VG
5044	VG
5045	VG
5046	VG
5047	VG
5048	VG
5049	VG
5050	VG
5051	VG
5052	VG
5053	VG
5054	VG
5055	VG
5056	VG
5057	VG
5058	VG
5059	VG
5060	VG
5061	VG
5062	VG
5063	VG
5064	VG
5065	VG
5066	VG
5067	VG
5068	VG
5069	VG
5070	VG
5071	VG
5072	VG
5073	VG
5074	VG
5075	VG
5076	VG
5077	VG
5078	VG
5079	VG
5080	VG
5081	VG
5082	VG
5083	VG
5084	VG
5085	VG
5086	VG
5087	VG
5088	VG
5089	VG
5090	VG
5091	VG
5092	VG
5093	VG
5094	VG
5095	VG
5096	VG
5097	VG
5098	VG
5099	VG
5100	VG
5101	VG
5102	VG
5103	VG
5104	VG
5105	VG
5106	VG
5107	VG
5108	VG
5109	VG
5110	VG
5111	VG
5112	VG
5113	VG
5114	VG
5115	VG
5116	VG
5117	VG
5118	VG
5119	VG
5120	VG
5121	VG
5122	VG
5123	VG
5124	VG
5125	VG
5126	VG
5127	VG
5128	VG
5129	VG
5130	VG
5131	VG
5132	VG
5133	VG
5134	VG
5135	VG
5136	VG
5137	VG
5138	VG
5139	VG
5140	VG
5141	VG
5142	VG
5143	VG
5144	VG
5145	VG
5146	VG
5147	VG
5148	VG
5149	VG
5150	VG
5151	VG
5152	VG
5153	VG
5154	VG
5155	VG
5156	VG
5157	VG
5158	VG
5159	VG
5160	VG
5161	VG
5162	VG
5163	VG
5164	VG
5165	VG
5166	VG
5167	VG
5168	VG
5169	VG
5170	VG
5171	VG
5172	VG
5173	VG
5174	VG
5175	VG
5176	VG
5177	VG
5178	VG
5179	VG
5180	VG
5181	VG
5182	VG
5183	VG
5184	VG
5185	VG
5186	VG
5187	VG
5188	VG
5189	VG
5190	VG
5191	VG
5192	VG
5193	VG
5194	VG
5195	VG
5196	VG
5197	VG
5198	VG
5199	VG
5200	VG
5201	VG
5202	VG
5203	VG
5204	VG
5205	VG
5206	VG
5207	VG
5208	VG
5209	VG
5210	VG
5211	VG
5212	VG
5213	VG
5214	VG
5215	VG
5216	VG
5217	VG
5218	VG
5219	VG
5220	VG
5221	VG
5222	VG
5223	VG
5224	VG
5225	VG
5226	VG
5227	VG
5228	VG
5229	VG
5230	VG
5231	VG
5232	VG
5233	VG
5234	VG
5235	VG
5236	VG
5237	VG
5238	VG
5239	VG
5240	VG
5241	VG
5242	VG
5243	VG
5244	VG
5245	VG
5246	VG
5247	VG
5248	VG
5249	VG
5250	VG
5251	VG
5252	VG
5253	VG
5254	VG
5255	VG
5256	VG
5257	VG
5258	VG
5259	VG
5260	VG
5261	VG
5262	VG
5263	VG
5264	VG
5265	VG
5266	VG
5267	VG
5268	VG
5269	VG
5270	VG
5271	VG
5272	VG
5273	VG
5274	VG
5275	VG
5276	VG
5277	VG
5278	VG
5279	VG
5280	VG
5281	VG
5282	VG
5283	VG
5284	VG
5285	VG
5286	VG
5287	VG
5288	VG
5289	VG
5290	VG
5291	VG
5292	VG
5293	VG
5294	VG
5295	VG
5296	VG
5297	VG
5298	VG
5299	VG
5300	VG
5301	VG
5302	VG
5303	VG
5304	VG
5305	VG
5306	VG
5307	VG
5308	VG
5309	VG
5310	VG
5311	VG
5312	VG
5313	VG
5314	VG
5315	VG
5316	VG
5317	VG
5318	VG
5319	VG
5320	VG
5321	VG
5322	VG
5323	VG
5324	VG
5325	VG
5326	VG
5327	VG
5328	VG
5329	VG
5330	VG
5331	VG
5332	VG
5333	VG
5334	VG
5335	VG
5336	VG
5337	VG
5338	VG
5339	VG
5340	VG
5341	VG
5342	VG
5343	VG
5344	VG
5345	VG
5346	VG
5347	VG
5348	VG
5349	VG
5350	VG
5351	VG
5352	VG
5353	VG
5354	VG
5355	VG
5356	VG
5357	VG
5358	VG
5359	VG
5360	VG
5361	VG
5362	VG
5363	VG
5364	VG
5365	VG
5366	VG
5367	VG
5368	VG
5369	VG
5370	VG
5371	VG
5372	VG
5373	VG
5374	VG
5375	VG
5376	VG
5377	VG
5378	VG
5379	VG
5380	VG
5381	VG
5382	VG
5383	VG
5384	VG
5385	VG
5386	VG
5387	VG
5388	VG
5389	VG
5390	VG
5391	VG
5392	VG
5393	VG
5394	VG
5395	VG
5396	VG
5397	VG
5398	VG
5399	VG
5400	VG
5401	VG
5402	VG
5403	VG
5404	VG
5405	VG
5406	VG
5407	VG
5408	VG
5409	VG
5410	VG
5411	VG
5412	VG
5413	VG
5414	VG
5415	VG
5416	VG
5417	VG
5418	VG
5419	VG
5420	VG
5421	VG
5422	VG
5423	VG
5424	VG
5425	VG
5426	VG
5427	VG
5428	VG
5429	VG
5430	VG
5431	VG
5432	VG
5433	VG
5434	VG
5435	VG
5436	VG
5437	VG
5438	VG
5439	VG
5440	VG
5441	VG
5442	VG
5443	VG
5444	VG
5445	VG
5446	VG
5447	VG
5448	VG
5449	VG
5450	VG
5451	VG
5452	VG
5453	VG
5454	VG
5455	VG
5456	VG
5457	VG
5458	VG
5459	VG
5460	VG
5461	VG
5462	VG
5463	VG
5464	VG
5465	VG
5466	VG
5467	VG
5468	VG
5469	VG
5470	VG
5471	VG
5472	VG
5473	VG
5474	VG
5475	VG
5476	VG
5477	VG
5478	VG
5479	VG
5480	VG
5481	VG
5482	VG
5483	VG
5484	VG
5485	VG
5486	VG
5487	VG
5488	VG
5489	VG
5490	VG
5491	VG
5492	VG
5493	VG
5494	VG
5495	VG
5496	VG
5497	VG
5498	VG
5499	VG
5500	VG
5501	VG
5502	VG
5503	VG
5504	VG
5505	VG
5506	VG
5507	VG
5508	VG
5509	VG
5510	VG
5511	VG
5512	VG
5513	VG
5514	VG
5515	VG
5516	VG
5517	VG
5518	VG
5519	VG
5520	VG
5521	VG
5522	VG
5523	VG
5524	VG
5525	VG
5526	VG
5527	VG
5528	VG
5529	VG
5530	VG
5531	VG
5532	VG
5533	VG
5534	VG
5535	VG
5536	VG
5537	VG
5538	VG
5539	VG
5540	VG
5541	VG
5542	VG
5543	VG
5544	VG
5545	VG
5546	VG
5547	VG
5548	VG
5549	VG
5550	VG
5551	VG
5552	VG
5553	VG
5554	VG
5555	VG
5556	VG
5557	VG
5558	VG
5559	VG
5560	VG
5561	VG
5562	VG
5563	VG
5564	VG
5565	VG
5566	VG
5567	VG
5568	VG
5569	VG
5570	VG
5571	VG
5572	VG
5573	VG
5574	VG
5575	VG
5576	VG
5577	VG
5578	VG
5579	VG
5580	VG
5581	VG
5582	VG
5583	VG
5584	VG
5585	VG
5586	VG
5587	VG
5588	VG
5589	VG
5590	VG
5591	VG
5592	VG
5593	VG
5594	VG
5595	VG
5596	VG
5597	VG
5598	VG
5599	VG
5600	VG
5601	VG
5602	VG
5603	VG
5604	VG
5605	VG
5606	VG
5607	VG
5608	VG
5609	VG
5610	VG
5611	VG
5612	VG
5613	VG
5614	VG
5615	VG
5616	VG
5617	VG
5618	VG
5619	VG
5620	VG
5621	VG
5622	VG
5623	VG
5624	VG
5625	VG
5626	VG
5627	VG
5628	VG
5629	VG
5630	VG
5631	VG
5632	VG
5633	VG
5634	VG
5635	VG
5636	VG
5637	VG
5638	VG
5639	VG
5640	VG
5641	VG
5642	VG
5643	VG
5644	VG
5645	VG
5646	VG
5647	VG
5648	VG
5649	VG
5650	VG
5651	VG
5652	VG
5653	VG
5654	VG
5655	VG
5656	VG
5657	VG
5658	VG
5659	VG
5660	VG
5661	VG
5662	VG
5663	VG
5664	VG
5665	VG
5666	VG
5667	VG
5668	VG
5669	VG
5670	VG
5671	VG
5672	VG
5673	VG
5674	VG
5675	VG
5676	VG
5677	VG
5678	VG
5679	VG
5680	VG
5681	VG
5682	VG
5683	VG
5684	VG
5685	VG
5686	VG
5687	VG
5688	VG
5689	VG
5690	VG
5691	VG
5692	VG
5693	VG
5694	VG
5695	VG
5696	VG
5697	VG
5698	VG
5699	VG
5700	VG
5701	VG
5702	VG
5703	VG
5704	VG
5705	VG
5706	VG
5707	VG
5708	VG
5709	VG
5710	VG
5711	VG
5712	VG
5713	VG
5714	VG
5715	VG
5716	VG
5717	VG
5718	VG
5719	VG
5720	VG
5721	VG
5722	VG
5723	VG
5724	VG
5725	VG
5726	VG
5727	VG
5728	VG
5729	VG
5730	VG
5731	VG
5732	VG
5733	VG
5734	VG
5735	VG
5736	VG
5737	VG
5738	VG
5739	VG
5740	VG
5741	VG
5742	VG
5743	VG
5744	VG
5745	VG
5746	VG
5747	VG
5748	VG
5749	VG
5750	VG
5751	VG
5752	VG
5753	VG
5754	VG
5755	VG
5756	VG
5757	VG
5758	VG
5759	VG
5760	VG
5761	VG
5762	VG
5763	VG
5764	VG
5765	VG
5766	VG
5767	VG
5768	VG
5769	VG
5770	VG
5771	VG
5772	VG
5773	VG
5774	VG
5775	VG
5776	VG
5777	VG
5778	VG
5779	VG
5780	VG
5781	VG
5782	VG
5783	VG
5784	VG
5785	VG
5786	VG
5787	VG
5788	VG
5789	VG
5790	VG
5791	VG
5792	VG
5793	VG
5794	VG
5795	VG
5796	VG
5797	VG
5798	VG
5799	VG
5800	VG
5801	VG
5802	VG
5803	VG
5804	VG
5805	VG
5806	VG
5807	VG
5808	VG
5809	VG
5810	VG
5811	VG
5812	VG
5813	VG
5814	VG
5815	VG
5816	VG
5817	VG
5818	VG
5819	VG
5820	VG
5821	VG
5822	VG
5823	VG
5824	VG
5825	VG
5826	VG
5827	VG
5828	VG
5829	VG
5830	VG
5831	VG
5832	VG
5833	VG
5834	VG
5835	VG
5836	VG
5837	VG
5838	VG
5839	VG
5840	VG
5841	VG
5842	VG
5843	VG
5844	VG
5845	VG
5846	VG
5847	VG
5848	VG
5849	VG
5850	VG
5851	VG
5852	VG
5853	VG
5854	VG
5855	VG
5856	VG
5857	VG
5858	VG
5859	VG
5860	VG
5861	VG
5862	VG
5863	VG
5864	VG
5865	VG
5866	VG
5867	VG
5868	VG
5869	VG
5870	VG
5871	VG
5872	VG
5873	VG
5874	VG
5875	VG
5876	VG
5877	VG
5878	VG
5879	VG
5880	VG
5881	VG
5882	VG
5883	VG
5884	VG
5885	VG
5886	VG
5887	VG
5888	VG
5889	VG
5890	VG
5891	VG
5892	VG
5893	VG
5894	VG
5895	VG
5896	VG
5897	VG
5898	VG
5899	VG
5900	VG
5901	VG
5902	VG
5903	VG
5904	VG
5905	VG
5906	VG
5907	VG
5908	VG
5909	VG
5910	VG
5911	VG
5912	VG
5913	VG
5914	VG
5915	VG
5916	VG
5917	VG
5918	VG
5919	VG
5920	VG
5921	VG
5922	VG
5923	VG
5924	VG
5925	VG
5926	VG
5927	VG
5928	VG
5929	VG
5930	VG
5931	VG
5932	VG
5933	VG
5934	VG
5935	VG
5936	VG
5937	VG
5938	VG
5939	VG
5940	VG
5941	VG
5942	VG
5943	VG
5944	VG
5945	VG
5946	VG
5947	VG
5948	VG
5949	VG
5950	VG
5951	VG
5952	VG
5953	VG
5954	VG
5955	VG
5956	VG
5957	VG
5958	VG
5959	VG
5960	VG
5961	VG
5962	VG
5963	VG
5964	VG
5965	VG
5966	VG
5967	VG
5968	VG
5969	VG
5970	VG
5971	VG
5972	VG
5973	VG
5974	VG
5975	VG
5976	VG
5977	VG
5978	VG
5979	VG
5980	VG
5981	VG
5982	VG
5983	VG
5984	VG
5985	VG
5986	VG
5987	VG
5988	VG
5989	VG
5990	VG
5991	VG
5992	VG
5993	VG
5994	VG
5995	VG
5996	VG
5997	VG
5998	VG
5999	VG
6000	VG
6001	VG
6002	VG
6003	VG
6004	VG
6005	VG
6006	VG
6007	VG
6008	VG
6009	VG
6010	VG
6011	VG
6012	VG
6013	VG
6014	VG
6015	VG
6016	VG
6017	VG
6018	VG
6019	VG
6020	VG
6021	VG
6022	VG
6023	VG
6024	VG
6025	VG
6026	VG
6027	VG
6028	VG
6029	VG
6030	VG
6031	VG
6032	VG
6033	VG
6034	VG
6035	VG
6036	VG
6037	VG
6038	VG
6039	VG
6040	VG
6041	VG
6042	VG
6043	VG
6044	VG
6045	VG
6046	VG
6047	VG
6048	VG
6049	VG
6050	VG
6051	VG
6052	VG
6053	VG
6054	VG
6055	VG
6056	VG
6057	VG
6058	VG
6059	VG
6060	VG
6061	VG
6062	VG
6063	VG
6064	VG
6065	VG
6066	VG
6067	VG
6068	VG
6069	VG
6070	VG
6071	VG
6072	VG
6073	VG
6074	VG
6075	VG
6076	VG
6077	VG
6078	VG
6079	VG
6080	VG
6081	VG
6082	VG
6083	VG
6084	VG
6085	VG
6086	VG
6087	VG
6088	VG
6089	VG
6090	VG
6091	VG
6092	VG
6093	VG
6094	VG
6095	VG
6096	VG
6097	VG
6098	VG
6099	VG
6100	VG
6101	VG
6102	VG
6103	VG
6104	VG
6105	VG
6106	VG
6107	VG
6108	VG
6109	VG
6110	VG
6111	VG
6112	VG
6113	VG
6114	VG
6115	VG
6116	VG
6117	VG
6118	VG
6119	VG
6120	VG
6121	VG
6122	VG
6123	VG
6124	VG
6125	VG
6126	VG
6127	VG
6128	VG
6129	VG
6130	VG
6131	VG
6132	VG
6133	VG
6134	VG
6135	VG
6136	VG
6137	VG
6138	VG
6139	VG
6140	VG
6141	VG
6142	VG
6143	VG
6144	VG
6145	VG
6146	VG
6147	VG
6148	VG
6149	VG
6150	VG
6151	VG
6152	VG
6153	VG
6154	VG
6155	VG
6156	VG
6157	VG
6158	VG
6159	VG
6160	VG
6161	VG
6162	VG
6163	VG
6164	VG
6165	VG
6166	VG
6167	VG
6168	VG
6169	VG
6170	VG
6171	VG
6172	VG
6173	VG
6174	VG
6175	VG
6176	VG
6177	VG
6178	VG
6179	VG
6180	VG
6181	VG
6182	VG
6183	VG
6184	VG
6185	VG
6186	VG
6187	VG
6188	VG
6189	VG
6190	VG
6191	VG
6192	VG
6193	VG
6194	VG
6195	VG
6196	VG
6197	VG
6198	VG
6199	VG
6200	VG
6201	VG
6202	VG
6203	VG
6204	VG
6205	VG
6206	VG
6207	VG
6208	VG
6209	VG
6210	VG
6211	VG
6212	VG
6213	VG
6214	VG
6215	VG
6216	VG
6217	VG
6218	VG
6219	VG
6220	VG
6221	VG
6222	VG
6223	VG
6224	VG
6225	VG
6226	VG
6227	VG
6228	VG
6229	VG
6230	VG
6231	VG
6232	VG
6233	VG
6234	VG
6235	VG
6236	VG
6237	VG
6238	VG
6239	VG
6240	VG
6241	VG
6242	VG
6243	VG
6244	VG
6245	VG
6246	VG
6247	VG
6248	VG
6249	VG
6250	VG
6251	VG
6252	VG
6253	VG
6254	VG
6255	VG
6256	VG
6257	VG
6258	VG
6259	VG
6260	VG
6261	VG
6262	VG
6263	VG
6264	VG
6265	VG
6266	VG
6267	VG
6268	VG
6269	VG
6270	VG
6271	VG
6272	VG
6273	VG
6274	VG
6275	VG
6276	VG
6277	VG
6278	VG
6279	VG
6280	VG
6281	VG
6282	VG
6283	VG
6284	VG
6285	VG
6286	VG
6287	VG
6288	VG
6289	VG
6290	VG
6291	VG
6292	VG
6293	VG
6294	VG
6295	VG
6296	VG
6297	VG
6298	VG
6299	VG
6300	VG
6301	VG
6302	VG
6303	VG
6304	VG
6305	VG
6306	VG
6307	VG
6308	VG
6309	VG
6310	VG
6311	VG
6312	VG
6313	VG
6314	VG
6315	VG
6316	VG
6317	VG
6318	VG
6319	VG
6320	VG
6321	VG
6322	VG
6323	VG
6324	VG
6325	VG
6326	VG
6327	VG
6328	VG
6329	VG
6330	VG
6331	VG
6332	VG
6333	VG
6334	VG
6335	VG
6336	VG
6337	VG
6338	VG
6339	VG
6340	VG
6341	VG
6342	VG
6343	VG
6344	VG
6345	VG
6346	VG
6347	VG
6348	VG
6349	VG
6350	VG
6351	VG
6352	VG
6353	VG
6354	VG
6355	VG
6356	VG
6357	VG
6358	VG
6359	VG
6360	VG
6361	VG
6362	VG
6363	VG
6364	VG
6365	VG
6366	VG
6367	VG
6368	VG
6369	VG
6370	VG
6371	VG
6372	VG
6373	VG
6374	VG
6375	VG
6376	VG
6377	VG
6378	VG
6379	VG
6380	VG
6381	VG
6382	VG
6383	VG
6384	VG
6385	VG
6386	VG
6387	VG
6388	VG
6389	VG
6390	VG
6391	VG
6392	VG
6393	VG
6394	VG
6395	VG
6396	VG
6397	VG
6398	VG
6399	VG
6400	VG
6401	VG
6402	VG
6403	VG
6404	VG
6405	VG
6406	VG
6407	VG
6408	VG
6409	VG
6410	VG
6411	VG
6412	VG
6413	VG
6414	VG
6415	VG
6416	VG
6417	VG
6418	VG
6419	VG
6420	VG
6421	VG
6422	VG
6423	VG
6424	VG
6425	VG
6426	VG
6427	VG
6428	VG
6429	VG
6430	VG
6431	VG
6432	VG
6433	VG
6434	VG
6435	VG
6436	VG
6437	VG
6438	VG
6439	VG
6440	VG
6441	VG
6442	VG
6443	VG
6444	VG
6445	VG
6446	VG
6447	VG
6448	VG
6449	VG
6450	VG
6451	VG
6452	VG
6453	VG
6454	VG
6455	VG
6456	VG
6457	VG
6458	VG
6459	VG
6460	VG
6461	VG
6462	VG
6463	VG
6464	VG
6465	VG
6466	VG
6467	VG
6468	VG
6469	VG
6470	VG
6471	VG
6472	VG
6473	VG
6474	VG
6475	VG
6476	VG
6477	VG
6478	VG
6479	VG
6480	VG
6481	VG
6482	VG
6483	VG
6484	VG
6485	VG
6486	VG
6487	VG
6488	VG
6489	VG
6490	VG
6491	VG
6492	VG
6493	VG
6494	VG
6495	VG
6496	VG
6497	VG
6498	VG
6499	VG
6500	VG
6501	VG
6502	VG
6503	VG
6504	VG
6505	VG
6506	VG
6507	VG
6508	VG
6509	VG
6510	VG
6511	VG
6512	VG
6513	VG
6514	VG
6515	VG
6516	VG
6517	VG
6518	VG
6519	VG
6520	VG
6521	VG
6522	VG
6523	VG
6524	VG
6525	VG
6526	VG
6527	VG
6528	VG
6529	VG
6530	VG
6531	VG
6532	VG
6533	VG
6534	VG
6535	VG
6536	VG
6537	VG
6538	VG
6539	VG
6540	VG
6541	VG
6542	VG
6543	VG
6544	VG
6545	VG
6546	VG
6547	VG
6548	VG
6549	VG
6550	VG
6551	VG
6552	VG
6553	VG
6554	VG
6555	VG
6556	VG
6557	VG
6558	VG
6559	VG
6560	VG
6561	VG
6562	VG
6563	VG
6564	VG
6565	VG
6566	VG
6567	VG
6568	VG
6569	VG
6570	VG
6571	VG
6572	VG
6573	VG
6574	VG
6575	VG
6576	VG
6577	VG
6578	VG
6579	VG
6580	VG
6581	VG
6582	VG
6583	VG
6584	VG
6585	VG
6586	VG
6587	VG
6588	VG
6589	VG
6590	VG
6591	VG
6592	VG
6593	VG
6594	VG
6595	VG
6596	VG
6597	VG
6598	VG
6599	VG
6600	VG
6601	VG
6602	VG
6603	VG
6604	VG
6605	VG
6606	VG
6607	VG
6608	VG
6609	VG
6610	VG
6611	VG
6612	VG
6613	VG
6614	VG
6615	VG
6616	VG
6617	VG
6618	VG
6619	VG
6620	VG
6621	VG
6622	VG
6623	VG
6624	VG
6625	VG
6626	VG
6627	VG
6628	VG
6629	VG
6630	VG
6631	VG
6632	VG
6633	VG
6634	VG
6635	VG
6636	VG
6637	VG
6638	VG
6639	VG
6640	VG
6641	VG
6642	VG
6643	VG
6644	VG
6645	VG
6646	VG
6647	VG
6648	VG
6649	VG
6650	VG
6651	VG
6652	VG
6653	VG
6654	VG
6655	VG
6656	VG
6657	VG
6658	VG
6659	VG
6660	VG
6661	VG
6662	VG
6663	VG
6664	VG
6665	VG
6666	VG
6667	VG
6668	VG
6669	VG
6670	VG
6671	VG
6672	VG
6673	VG
6674	VG
6675	VG
6676	VG
6677	VG
6678	VG
6679	VG
6680	VG
6681	VG
6682	VG
6683	VG
6684	VG
6685	VG
6686	VG
6687	VG
6688	VG
6689	VG
6690	VG
6691	VG
6692	VG
6693	VG
6694	VG
6695	VG
6696	VG
6697	VG
6698	VG
6699	VG
6700	VG
6701	VG
6702	VG
6703	VG
6704	VG
6705	VG
6706	VG
6707	VG
6708	VG
6709	VG
6710	VG
6711	VG
6712	VG
6713	VG
6714	VG
6715	VG
6716	VG
6717	VG
6718	VG
6719	VG
6720	VG
6721	VG
6722	VG
6723	VG
6724	VG
6725	VG
6726	VG
6727	VG
6728	VG
6729	VG
6730	VG
6731	VG
6732	VG
6733	VG
6734	VG
6735	VG
6736	VG
6737	VG
6738	VG
6739	VG
6740	VG
6741	VG
6742	VG
6743	VG
6744	VG
6745	VG
6746	VG
6747	VG
6748	VG
6749	VG
6750	VG
6751	VG
6752	VG
6753	VG
6754	VG
6755	VG
6756	VG
6757	VG
6758	VG
6759	VG
6760	VG
6761	VG
6762	VG
6763	VG
6764	VG
6765	VG
6766	VG
6767	VG
6768	VG
6769	VG
6770	VG
6771	VG
6772	VG
6773	VG
6774	VG
6775	VG
6776	VG
6777	VG
6778	VG
6779	VG
6780	VG
6781	VG
6782	VG
6783	VG
6784	VG
6785	VG
6786	VG
6787	VG
6788	VG
6789	VG
6790	VG
6791	VG
6792	VG
6793	VG
6794	VG
6795	VG
6796	VG
6797	VG
6798	VG
6799	VG
6800	VG
6801	VG
6802	VG
6803	VG
6804	VG
6805	VG
6806	VG
6807	VG
6808	VG
6809	VG
6810	VG
6811	VG
6812	VG
6813	VG
6814	VG
6815	VG
6816	VG
6817	VG
6818	VG
6819	VG
6820	VG
6821	VG
6822	VG
6823	VG
6824	VG
6825	VG
6826	VG
6827	VG
6828	VG
6829	VG
6830	VG
6831	VG
6832	VG
6833	VG
6834	VG
6835	VG
6836	VG
6837	VG
6838	VG
6839	VG
6840	VG
6841	VG
6842	VG
6843	VG
6844	VG
6845	VG
6846	VG
6847	VG
6848	VG
6849	VG
6850	VG
6851	VG
6852	VG
6853	VG
6854	VG
6855	VG
6856	VG
6857	VG
6858	VG
6859	VG
6860	VG
6861	VG
6862	VG
6863	VG
6864	VG
6865	VG
6866	VG
6867	VG
6868	VG
6869	VG
6870	VG
6871	VG
6872	VG
6873	VG
6874	VG
6875	VG
6876	VG
6877	VG
6878	VG
6879	VG
6880	VG
6881	VG
6882	VG
6883	VG
6884	VG
6885	VG
6886	VG
6887	VG
6888	VG
6889	VG
6890	VG
6891	VG
6892	VG
6893	VG
6894	VG
6895	VG
6896	VG
6897	VG
6898	VG
6899	VG
6900	VG
6901	VG
6902	VG
6903	VG
6904	VG
6905	VG
6906	VG
6907	VG
6908	VG
6909	VG
6910	VG
6911	VG
6912	VG
6913	VG
6914	VG
6915	VG
6916	VG
6917	VG
6918	VG
6919	VG
6920	VG
6921	VG
6922	VG
6923	VG
6924	VG
6925	VG
6926	VG
6927	VG
6928	VG
6929	VG
6930	VG
6931	VG
6932	VG
6933	VG
6934	VG
6935	VG
6936	VG
6937	VG
6938	VG
6939	VG
6940	VG
6941	VG
6942	VG
6943	VG
6944	VG
6945	VG
6946	VG
6947	VG
6948	VG
6949	VG
6950	VG
6951	VG
6952	VG
6953	VG
6954	VG
6955	VG
6956	VG
6957	VG
6958	VG
6959	VG
6960	VG
6961	VG
6962	VG
6963	VG
6964	VG
6965	VG
6966	VG
6967	VG
6968	VG
6969	VG
6970	VG
6971	VG
6972	VG
6973	VG
6974	VG
6975	VG
6976	VG
6977	VG
6978	VG
6979	VG
6980	VG
6981	VG
6982	VG
6983	VG
6984	VG
6985	VG
6986	VG
6987	VG
6988	VG
6989	VG
6990	VG
6991	VG
6992	VG
6993	VG
6994	VG
6995	VG
6996	VG
6997	VG
6998	VG
6999	VG
7000	VG
7001	VG
7002	VG
7003	VG
7004	VG
7005	VG
7006	VG
7007	VG
7008	VG
7009	VG
7010	VG
7011	VG
7012	VG
7013	VG
7014	VG
7015	VG
7016	VG
7017	VG
7018	VG
7019	VG
7020	VG
7021	VG
7022	VG
7023	VG
7024	VG
7025	VG
7026	VG
7027	VG
7028	VG
7029	VG
7030	VG
7031	VG
7032	VG
7033	VG
7034	VG
7035	VG
7036	VG
7037	VG
7038	VG
7039	VG
7040	VG
7041	VG
7042	VG
7043	VG
7044	VG
7045	VG
7046	VG
7047	VG
7048	VG
7049	VG
7050	VG
7051	VG
7052	VG
7053	VG
7054	VG
7055	VG
7056	VG
7057	VG
7058	VG
7059	VG
7060	VG
7061	VG
7062	VG
7063	VG
7064	VG
7065	VG
7066	VG
7067	VG
7068	VG
7069	VG
7070	VG
7071	VG
7072	VG
7073	VG
7074	VG
7075	VG
7076	VG
7077	VG
7078	VG
7079	VG
7080	VG
7081	VG
7082	VG
7083	VG
7084	VG
7085	VG
7086	VG
7087	VG
7088	VG
7089	VG
7090	VG
7091	VG
7092	VG
7093	VG
7094	VG
7095	VG
7096	VG
7097	VG
7098	VG
7099	VG
7100	VG
7101	VG
7102	VG
7103	VG
7104	VG
7105	VG
7106	VG
7107	VG
7108	VG
7109	VG
7110	VG
7111	VG
7112	VG
7113	VG
7114	VG
7115	VG
7116	VG
7117	VG
7118	VG
7119	VG
7120	VG
7121	VG
7122	VG
7123	VG
7124	VG
7125	VG
7126	VG
7127	VG
7128	VG
7129	VG
7130	VG
7131	VG
7132	VG
7133	VG
7134	VG
7135	VG
7136	VG
7137	VG
7138	VG
7139	VG
7140	VG
7141	VG
7142	VG
7143	VG
7144	VG
7145	VG
7146	VG
7147	VG
7148	VG
7149	VG
7150	VG
7151	VG
7152	VG
7153	VG
7154	VG
7155	VG
7156	VG
7157	VG
7158	VG
7159	VG
7160	VG
7161	VG
7162	VG
7163	VG
7164	VG
7165	VG
7166	VG
7167	VG
7168	VG
7169	VG
7170	VG
7171	VG
7172	VG
7173	VG
7174	VG
7175	VG
7176	VG
7177	VG
7178	VG
7179	VG
7180	VG
7181	VG
7182	VG
7183	VG
7184	VG
7185	VG
7186	VG
7187	VG
7188	VG
7189	VG
7190	VG
7191	VG
7192	VG
7193	VG
7194	VG
7195	VG
7196	VG
7197	VG
7198	VG
7199	VG
7200	VG
7201	VG
7202	VG
7203	VG
7204	VG
7205	VG
7206	VG
7207	VG
7208	VG
7209	VG
7210	VG
7211	VG
7212	VG
7213	VG
7214	VG
7215	VG
7216	VG
7217	VG
7218	VG
7219	VG
7220	VG
7221	VG
7222	VG
7223	VG
7224	VG
7225	VG
7226	VG
7227	VG
7228	VG
7229	VG
7230	VG
7231	VG
7232	VG
7233	VG
7234	VG
7235	VG
7236	VG
7237	VG
7238	VG
7239	VG
7240	VG
7241	VG
7242	VG
7243	VG
7244	VG
7245	VG
7246	VG
7247	VG
7248	VG
7249	VG
7250	VG
7251	VG
7252	VG
7253	VG
7254	VG
7255	VG
7256	VG
7257	VG
7258	VG
7259	VG
7260	VG
7261	VG
7262	VG
7263	VG
7264	VG
7265	VG
7266	VG
7267	VG
7268	VG
7269	VG
7270	VG
7271	VG
7272	VG
7273	VG
7274	VG
7275	VG
7276	VG
7277	VG
7278	VG
7279	VG
7280	VG
7281	VG
7282	VG
7283	VG
7284	VG
7285	VG
7286	VG
7287	VG
7288	VG
7289	VG
7290	VG
7291	VG
7292	VG
7293	VG
7294	VG
7295	VG
7296	VG
7297	VG
7298	VG
7299	VG
7300	VG
7301	VG
7302	VG
7303	VG
7304	VG
7305	VG
7306	VG
7307	VG
7308	VG
7309	VG
7310	VG
7311	VG
7312	VG
7313	VG
7314	VG
7315	VG
7316	VG
7317	VG
7318	VG
7319	VG
7320	VG
7321	VG
7322	VG
7323	VG
7324	VG
7325	VG
7326	VG
7327	VG
7328	VG
7329	VG
7330	VG
7331	VG
7332	VG
7333	VG
7334	VG
7335	VG
7336	VG
7337	VG
7338	VG
7339	VG
7340	VG
7341	VG
7342	VG
7343	VG
7344	VG
7345	VG
7346	VG
7347	VG
7348	VG
7349	VG
7350	VG
7351	VG
7352	VG
7353	VG
7354	VG
7355	VG
7356	VG
7357	VG
7358	VG
7359	VG
7360	VG
7361	VG
7362	VG
7363	VG
7364	VG
7365	VG
7366	VG
7367	VG
7368	VG
7369	VG
7370	VG
7371	VG
7372	VG
7373	VG
7374	VG
7375	VG
7376	VG
7377	VG
7378	VG
7379	VG
7380	VG
7381	VG
7382	VG
7383	VG
7384	VG
7385	VG
7386	VG
7387	VG
7388	VG
7389	VG
7390	VG
7391	VG
7392	VG
7393	VG
7394	VG
7395	VG
7396	VG
7397	VG
7398	VG
7399	VG
7400	VG
7401	VG
7402	VG
7403	VG
7404	VG
7405	VG
7406	VG
7407	VG
7408	VG
7409	VG
7410	VG
7411	VG
7412	VG
7413	VG
7414	VG
7415	VG
7416	VG
7417	VG
7418	VG
7419	VG
7420	VG
7421	VG
7422	VG
7423	VG
7424	VG
7425	VG
7426	VG
7427	VG
7428	VG
7429	VG
7430	VG
7431	VG
7432	VG
7433	VG
7434	VG
7435	VG
7436	VG
7437	VG
7438	VG
7439	VG
7440	VG
7441	VG
7442	VG
7443	VG
7444	VG
7445	VG
7446	VG
7447	VG
7448	VG
7449	VG
7450	VG
7451	VG
7452	VG
7453	VG
7454	VG
7455	VG
7456	VG
7457	VG
7458	VG
7459	VG
7460	VG
7461	VG
7462	VG
7463	VG
7464	VG
7465	VG
7466	VG
7467	VG
7468	VG
7469	VG
7470	VG
7471	VG
7472	VG
7473	VG
7474	VG
7475	VG
7476	VG
7477	VG
7478	VG
7479	VG
7480	VG
7481	VG
7482	VG
7483	VG
7484	VG
7485	VG
7486	VG
7487	VG
7488	VG
7489	VG
7490	VG
7491	VG
7492	VG
7493	VG
7494	VG
7495	VG
7496	VG
7497	VG
7498	VG
7499	VG
7500	VG
7501	VG
7502	VG
7503	VG
7504	VG
7505	VG
7506	VG
7507	VG
7508	VG
7509	VG
7510	VG
7511	VG
7512	VG
7513	VG
7514	VG
7515	VG
7516	VG
7517	VG
7518	VG
7519	VG
7520	VG
7521	VG
7522	VG
7523	VG
7524	VG
7525	VG
7526	VG
7527	VG
7528	VG
7529	VG
7530	VG
7531	VG
7532	VG
7533	VG
7534	VG
7535	VG
7536	VG
7537	VG
7538	VG
7539	VG
7540	VG
7541	VG
7542	VG
7543	VG
7544	VG
7545	VG
7546	VG
7547	VG
7548	VG
7549	VG
7550	VG
7551	VG
7552	VG
7553	VG
7554	VG
7555	VG
7556	VG
7557	VG
7558	VG
7559	VG
7560	VG
7561	VG
7562	VG
7563	VG
7564	VG
7565	VG
7566	VG
7567	VG
7568	VG
7569	VG
7570	VG
7571	VG
7572	VG
7573	VG
7574	VG
7575	VG
7576	VG
7577	VG
7578	VG
7579	VG
7580	VG
7581	VG
7582	VG
7583	VG
7584	VG
7585	VG
7586	VG
7587	VG
7588	VG
7589	VG
7590	VG
7591	VG
7592	VG
7593	VG
7594	VG
7595	VG
7596	VG
7597	VG
7598	VG
7599	VG
7600	VG
7601	VG
7602	VG
7603	VG
7604	VG
7605	VG
7606	VG
7607	VG
7608	VG
7609	VG
7610	VG
7611	VG
7612	VG
7613	VG
7614	VG
7615	VG
7616	VG
7617	VG
7618	VG
7619	VG
7620	VG
7621	VG
7622	VG
7623	VG
7624	VG
7625	VG
7626	VG
7627	VG
7628	VG
7629	VG
7630	VG
7631	VG
7632	VG
7633	VG
7634	VG
7635	VG
7636	VG
7637	VG
7638	VG
7639	VG
7640	VG
7641	VG
7642	VG
7643	VG
7644	VG
7645	VG
7646	VG
7647	VG
7648	VG
7649	VG
7650	VG
7651	VG
7652	VG
7653	VG
7654	VG
7655	VG
7656	VG
7657	VG
7658	VG
7659	VG
7660	VG
7661	VG
7662	VG
7663	VG
7664	VG
7665	VG
7666	VG
7667	VG
7668	VG
7669	VG
7670	VG
7671	VG
7672	VG
7673	VG
7674	VG
7675	VG
7676	VG
7677	VG
7678	VG
7679	VG
7680	VG
7681	VG
7682	VG
7683	VG
7684	VG
7685	VG
7686	VG
7687	VG
7688	VG
7689	VG
7690	VG
7691	VG
7692	VG
7693	VG
7694	VG
7695	VG
7696	VG
7697	VG
7698	VG
7699	VG
7700	VG
7701	VG
7702	VG
7703	VG
7704	VG
7705	VG
7706	VG
7707	VG
7708	VG
7709	VG
7710	VG
7711	VG
7712	VG
7713	VG
7714	VG
7715	VG
7716	VG
7717	VG
7718	VG
7719	VG
7720	VG
7721	VG
7722	VG
7723	VG
7724	VG
7725	VG
7726	VG
7727	VG
7728	VG
7729	VG
7730	VG
7731	VG
7732	VG
7733	VG
7734	VG
7735	VG
7736	VG
7737	VG
7738	VG
7739	VG
7740	VG
7741	VG
7742	VG
7743	VG
7744	VG
7745	VG
7746	VG
7747	VG
7748	VG
7749	VG
7750	VG
7751	VG
7752	VG
7753	VG
7754	VG
7755	VG
7756	VG
7757	VG
7758	VG
7759	VG
7760	VG
7761	VG
7762	VG
7763	VG
7764	VG
7765	VG
7766	VG
7767	VG
7768	VG
7769	VG
7770	VG
7771	VG
7772	VG
7773	VG
7774	VG
7775	VG
7776	VG
7777	VG
7778	VG
7779	VG
7780	VG
7781	VG
7782	VG
7783	VG
7784	VG
7785	VG
7786	VG
7787	VG
7788	VG
7789	VG
7790	VG
7791	VG
7792	VG
7793	VG
7794	VG
7795	VG
7796	VG
7797	VG
7798	VG
7799	VG
7800	VG
7801	VG
7802	VG
7803	VG
7804	VG
7805	VG
7806	VG
7807	VG
7808	VG
7809	VG
7810	VG
7811	VG
7812	VG
7813	VG
7814	VG
7815	VG
7816	VG
7817	VG
7818	VG
7819	VG
7820	VG
7821	VG
7822	VG
7823	VG
7824	VG
7825	VG
7826	VG
7827	VG
7828	VG
7829	VG
7830	VG
7831	VG
7832	VG
7833	VG
7834	VG
7835	VG
7836	VG
7837	VG
7838	VG
7839	VG
7840	VG
7841	VG
7842	VG
7843	VG
7844	VG
7845	VG
7846	VG
7847	VG
7848	VG
7849	VG
7850	VG
7851	VG
7852	VG
7853	VG
7854	VG
7855	VG
7856	VG
7857	VG
7858	VG
7859	VG
7860	VG
7861	VG
7862	VG
7863	VG
7864	VG
7865	VG
7866	VG
7867	VG
7868	VG
7869	VG
7870	VG
7871	VG
7872	VG
7873	VG
7874	VG
7875	VG
7876	VG
7877	VG
7878	VG
7879	VG
7880	VG
7881	VG
7882	VG
7883	VG
7884	VG
7885	VG
7886	VG
7887	VG
7888	VG
7889	VG
7890	VG
7891	VG
7892	VG
7893	VG
7894	VG
7895	VG
7896	VG
7897	VG
7898	VG
7899	VG
7900	VG
7901	VG
7902	VG
7903	VG
7904	VG
7905	VG
7906	VG
7907	VG
7908	VG
7909	VG
7910	VG
7911	VG
7912	VG
7913	VG
7914	VG
7915	VG
7916	VG
7917	VG
7918	VG
7919	VG
7920	VG
7921	VG
7922	VG
7923	VG
7924	VG
7925	VG
7926	VG
7927	VG
7928	VG
7929	VG
7930	VG
7931	VG
7932	VG
7933	VG
7934	VG
7935	VG
7936	VG
7937	VG
7938	VG
7939	VG
7940	VG
7941	VG
7942	VG
7943	VG
7944	VG
7945	VG
7946	VG
7947	VG
7948	VG
7949	VG
7950	VG
7951	VG
7952	VG
7953	VG
7954	VG
7955	VG
7956	VG
7957	VG
7958	VG
7959	VG
7960	VG
7961	VG
7962	VG
7963	VG
7964	VG
7965	VG
7966	VG
7967	VG
7968	VG
7969	VG
7970	VG
7971	VG
7972	VG
7973	VG
7974	VG
7975	VG
7976	VG
7977	VG
7978	VG
7979	VG
7980	VG
7981	VG
7982	VG
7983	VG
7984	VG
7985	VG
7986	VG
7987	VG
7988	VG
7989	VG
7990	VG
7991	VG
7992	VG
7993	VG
7994	VG
7995	VG
7996	VG
7997	VG
7998	VG
7999	VG
8000	VG
8001	VG
8002	VG
8003	VG
8004	VG
8005	VG
8006	VG
8007	VG
8008	VG
8009	VG
8010	VG
8011	VG
8012	VG
8013	VG
8014	VG
8015	VG
8016	VG
8017	VG
8018	VG
8019	VG
8020	VG
8021	VG
8022	VG
8023	VG
8024	VG
8025	VG
8026	VG
8027	VG
8028	VG
8029	VG
8030	VG
8031	VG
8032	VG
8033	VG
8034	VG
8035	VG
8036	VG
8037	VG
8038	VG
8039	VG
8040	VG
8041	VG
8042	VG
8043	VG
8044	VG
8045	VG
8046	VG
8047	VG
8048	VG
8049	VG
8050	VG
8051	VG
8052	VG
8053	VG
8054	VG
8055	VG
8056	VG
8057	VG
8058	VG
8059	VG
8060	VG
8061	VG
8062	VG
8063	VG
8064	VG
8065	VG
8066	VG
8067	VG
8068	VG
8069	VG
8070	VG
8071	VG
8072	VG
8073	VG
8074	VG
8075	VG
8076	VG
8077	VG
8078	VG
8079	VG
8080	VG
8081	VG
8082	VG
8083	VG
8084	VG
8085	VG
8086	VG
8087	VG
8088	VG
8089	VG
8090	VG
8091	VG
8092	VG
8093	VG
8094	VG
8095	VG
8096	VG
8097	VG
8098	VG
8099	VG
8100	VG
8101	VG
8102	VG
8103	VG
8104	VG
8105	VG
8106	VG
8107	VG
8108	VG
8109	VG
8110	VG
8111	VG
8112	VG
8113	VG
8114	VG
8115	VG
8116	VG
8117	VG
8118	VG
8119	VG
8120	VG
8121	VG
8122	VG
8123	VG
8124	VG
8125	VG
8126	VG
8127	VG
8128	VG
8129	VG
8130	VG
8131	VG
8132	VG
8133	VG
8134	VG
8135	VG
8136	VG
8137	VG
8138	VG
8139	VG
8140	VG
8141	VG
8142	VG
8143	VG
8144	VG
8145	VG
8146	VG
8147	VG
8148	VG
8149	VG
8150	VG
8151	VG
8152	VG
8153	VG
8154	VG
8155	VG
8156	VG
8157	VG
8158	VG
8159	VG
8160	VG
8161	VG
8162	VG
8163	VG
8164	VG
8165	VG
8166	VG
8167	VG
8168	VG
8169	VG
8170	VG
8171	VG
8172	VG
8173	VG
8174	VG
8175	VG
8176	VG
8177	VG
8178	VG
8179	VG
8180	VG
8181	VG
8182	VG
8183	VG
8184	VG
8185	VG
8186	VG
8187	VG
8188	VG
8189	VG
8190	VG
8191	VG
8192	VG
8193	VG
8194	VG
8195	VG
8196	VG
8197	VG
8198	VG
8199	VG
8200	VG
8201	VG
8202	VG
8203	VG
8204	VG
8205	VG
8206	VG
8207	VG
8208	VG
8209	VG
8210	VG
8211	VG
8212	VG
8213	VG
8214	VG
8215	VG
8216	VG
8217	VG
8218	VG
8219	VG
8220	VG
8221	VG
8222	VG
8223	VG
8224	VG
8225	VG
8226	VG
8227	VG
8228	VG
8229	VG
8230	VG
8231	VG
8232	VG
8233	VG
8234	VG
8235	VG
8236	VG
8237	VG
8238	VG
8239	VG
8240	VG
8241	VG
8242	VG
8243	VG
8244	VG
8245	VG
8246	VG
8247	VG
8248	VG
8249	VG
8250	VG
8251	VG
8252	VG
8253	VG
8254	VG
8255	VG
8256	VG
8257	VG
8258	VG
8259	VG
8260	VG
8261	VG
8262	VG
8263	VG
8264	VG
8265	VG
8266	VG
8267	VG
8268	VG
8269	VG
8270	VG
8271	VG
8272	VG
8273	VG
8274	VG
8275	VG
8276	VG
8277	VG
8278	VG
8279	VG
8280	VG
8281	VG
8282	VG
8283	VG
8284	VG
8285	VG
8286	VG
8287	VG
8288	VG
8289	VG
8290	VG
8291	VG
8292	VG
8293	VG
8294	VG
8295	VG
8296	VG
8297	VG
8298	VG
8299	VG
8300	VG
8301	VG
8302	VG
8303	VG
8304	VG
8305	VG
8306	VG
8307	VG
8308	VG
8309	VG
8310	VG
8311	VG
8312	VG
8313	VG
8314	VG
8315	VG
8316	VG
8317	VG
8318	VG
8319	VG
8320	VG
8321	VG
8322	VG
8323	VG
8324	VG
8325	VG
8326	VG
8327	VG
8328	VG
8329	VG
8330	VG
8331	VG
8332	VG
8333	VG
8334	VG
8335	VG
8336	VG
8337	VG
8338	VG
8339	VG
8340	VG
8341	VG
8342	VG
8343	VG
8344	VG
8345	VG
8346	VG
8347	VG
8348	VG
8349	VG
8350	VG
8351	VG
8352	VG
8353	VG
8354	VG
8355	VG
8356	VG
8357	VG
8358	VG
8359	VG
8360	VG
8361	VG
8362	VG
8363	VG
8364	VG
8365	VG
8366	VG
8367	VG
8368	VG
8369	VG
8370	VG
8371	VG
8372	VG
8373	VG
8374	VG
8375	VG
8376	VG
8377	VG
8378	VG
8379	VG
8380	VG
8381	VG
8382	VG
8383	VG
8384	VG
8385	VG
8386	VG
8387	VG
8388	VG
8389	VG
8390	VG
8391	VG
8392	VG
8393	VG
8394	VG
8395	VG
8396	VG
8397	VG
8398	VG
8399	VG
8400	VG
8401	VG
8402	VG
8403	VG
8404	VG
8405	VG
8406	VG
8407	VG
8408	VG
8409	VG
8410	VG
8411	VG
8412	VG
8413	VG
8414	VG
8415	VG
8416	VG
8417	VG
8418	VG
8419	VG
8420	VG
8421	VG
8422	VG
8423	VG
8424	VG
8425	VG
8426	VG
8427	VG
8428	VG
8429	VG
8430	VG
8431	VG
8432	VG
8433	VG
8434	VG
8435	VG
8436	VG
8437	VG
8438	VG
8439	VG
8440	VG
8441	VG
8442	VG
8443	VG
8444	VG
8445	VG
8446	VG
8447	VG
8448	VG
8449	VG
8450	VG
8451	VG
8452	VG
8453	VG
8454	VG
8455	VG
8456	VG
8457	VG
8458	VG
8459	VG
8460	VG
8461	VG
8462	VG
8463	VG
8464	VG
8465	VG
8466	VG
8467	VG
8468	VG
8469	VG
8470	VG
8471	VG
8472	VG
8473	VG
8474	VG
8475	VG
8476	VG
8477	VG
8478	VG
8479	VG
8480	VG
8481	VG
8482	VG
8483	VG
8484	VG
8485	VG
8486	VG
8487	VG
8488	VG
8489	VG
8490	VG
8491	VG
8492	VG
8493	VG
8494	VG
8495	VG
8496	VG
8497	VG
8498	VG
8499	VG
8500	VG
8501	VG
8502	VG
8503	VG
8504	VG
8505	VG
8506	VG
8507	VG
8508	VG
8509	VG
8510	VG
8511	VG
8512	VG
8513	VG
8514	VG
8515	VG
8516	VG
8517	VG
8518	VG
8519	VG
8520	VG
8521	VG
8522	VG
8523	VG
8524	VG
8525	VG
8526	VG
8527	VG
8528	VG
8529	VG
8530	VG
8531	VG
8532	VG
8533	VG
8534	VG
8535	VG
8536	VG
8537	VG
8538	VG
8539	VG
8540	VG
8541	VG
8542	VG
8543	VG
8544	VG
8545	VG
8546	VG
8547	VG
8548	VG
8549	VG
8550	VG
8551	VG
8552	VG
8553	VG
8554	VG
8555	VG
8556	VG
8557	VG
8558	VG
8559	VG
8560	VG
8561	VG
8562	VG
8563	VG
8564	VG
8565	VG
8566	VG
8567	VG
8568	VG
8569	VG
8570	VG
8571	VG
8572	VG
8573	VG
8574	VG
8575	VG
8576	VG
8577	VG
8578	VG
8579	VG
8580	VG
8581	VG
8582	VG
8583	VG
8584	VG
8585	VG
8586	VG
8587	VG
8588	VG
8589	VG
8590	VG
8591	VG
8592	VG
8593	VG
8594	VG
8595	VG
8596	VG
8597	VG
8598	VG
8599	VG
8600	VG
8601	VG
8602	VG
8603	VG
8604	VG
8605	VG
8606	VG
8607	VG
8608	VG
8609	VG
8610	VG
8611	VG
8612	VG
8613	VG
8614	VG
8615	VG
8616	VG
8617	VG
8618	VG
8619	VG
8620	VG
8621	VG
8622	VG
8623	VG
8624	VG
8625	VG
8626	VG
8627	VG
8628	VG
8629	VG
8630	VG
8631	VG
8632	VG
8633	VG
8634	VG
8635	VG
8636	VG
8637	VG
8638	VG
8639	VG
8640	VG
8641	VG
8642	VG
8643	VG
8644	VG
8645	VG
8646	VG
8647	VG
8648	VG
8649	VG
8650	VG
8651	VG
8652	VG
8653	VG
8654	VG
8655	VG
8656	VG
8657	VG
8658	VG
8659	VG
8660	VG
8661	VG
8662	VG
8663	VG
8664	VG
8665	VG
8666	VG
8667	VG
8668	VG
8669	VG
8670	VG
8671	VG
8672	VG
8673	VG
8674	VG
8675	VG
8676	VG
8677	VG
8678	VG
8679	VG
8680	VG
8681	VG
8682	VG
8683	VG
8684	VG
8685	VG
8686	VG
8687	VG
8688	VG
8689	VG
8690	VG
8691	VG
8692	VG
8693	VG
8694	VG
8695	VG
8696	VG
8697	VG
8698	VG
8699	VG
8700	VG
8701	VG
8702	VG
8703	VG
8704	VG
8705	VG
8706	VG
8707	VG
8708	VG
8709	VG
8710	VG
8711	VG
8712	VG
8713	VG
8714	VG
8715	VG
8716	VG
8717	VG
8718	VG
8719	VG
8720	VG
8721	VG
8722	VG
8723	VG
8724	VG
8725	VG
8726	VG
8727	VG
8728	VG
8729	VG
8730	VG
8731	VG
8732	VG
8733	VG
8734	VG
8735	VG
8736	VG
8737	VG
8738	VG
8739	VG
8740	VG
8741	VG
8742	VG
8743	VG
8744	VG
8745	VG
8746	VG
8747	VG
8748	VG
8749	VG
8750	VG
8751	VG
8752	VG
8753	VG
8754	VG
8755	VG
8756	VG
8757	VG
8758	VG
8759	VG
8760	VG
8761	VG
8762	VG
8763	VG
8764	VG
8765	VG
8766	VG
8767	VG
8768	VG
8769	VG
8770	VG
8771	VG
8772	VG
8773	VG
8774	VG
8775	VG
8776	VG
8777	VG
8778	VG
8779	VG
8780	VG
8781	VG
8782	VG
8783	VG
8784	VG
8785	VG
8786	VG
8787	VG
8788	VG
8789	VG
8790	VG
8791	VG
8792	VG
8793	VG
8794	VG
8795	VG
8796	VG
8797	VG
8798	VG
8799	VG
8800	VG
8801	VG
8802	VG
8803	VG
8804	VG
8805	VG
8806	VG
8807	VG
8808	VG
8809	VG
8810	VG
8811	VG
8812	VG
8813	VG
8814	VG
8815	VG
8816	VG
8817	VG
8818	VG
8819	VG
8820	VG
8821	VG
8822	VG
8823	VG
8824	VG
8825	VG
8826	VG
8827	VG
8828	VG
8829	VG
8830	VG
8831	VG
8832	VG
8833	VG
8834	VG
8835	VG
8836	VG
8837	VG
8838	VG
8839	VG
8840	VG
8841	VG
8842	VG
8843	VG
8844	VG
8845	VG
8846	VG
8847	VG
8848	VG
8849	VG
8850	VG
8851	VG
8852	VG
8853	VG
8854	VG
8855	VG
8856	VG
8857	VG
8858	VG
8859	VG
8860	VG
8861	VG
8862	VG
8863	VG
8864	VG
8865	VG
8866	VG
8867	VG
8868	VG
8869	VG
8870	VG
8871	VG
8872	VG
8873	VG
8874	VG
8875	VG
8876	VG
8877	VG
8878	VG
8879	VG
8880	VG
8881	VG
8882	VG
8883	VG
8884	VG
8885	VG
8886	VG
8887	VG
8888	VG
8889	VG
8890	VG
8891	VG
8892	VG
8893	VG
8894	VG
8895	VG
8896	VG
8897	VG
8898	VG
8899	VG
8900	VG
8901	VG
8902	VG
8903	VG
8904	VG
8905	VG
8906	VG
8907	VG
8908	VG
8909	VG
8910	VG
8911	VG
8912	VG
8913	VG
8914	VG
8915	VG
8916	VG
8917	VG
8918	VG
8919	VG
8920	VG
8921	VG
8922	VG
8923	VG
8924	VG
8925	VG
8926	VG
8927	VG
8928	VG
8929	VG
8930	VG
8931	VG
8932	VG
8933	VG
8934	VG
8935	VG
8936	VG
8937	VG
8938	VG
8939	VG
8940	VG
8941	VG
8942	VG
8943	VG
8944	VG
8945	VG
8946	VG
8947	VG
8948	VG
8949	VG
8950	VG
8951	VG
8952	VG
8953	VG
8954	VG
8955	VG
8956	VG
8957	VG
8958	VG
8959	VG
8960	VG
8961	VG
8962	VG
8963	VG
8964	VG
8965	VG
8966	VG
8967	VG
8968	VG
8969	VG
8970	VG
8971	VG
8972	VG
8973	VG
8974	VG
8975	VG
8976	VG
8977	VG
8978	VG
8979	VG
8980	VG
8981	VG
8982	VG
8983	VG
8984	VG
8985	VG
8986	VG
8987	VG
8988	VG
8989	VG
8990	VG
8991	VG
8992	VG
8993	VG
8994	VG
8995	VG
8996	VG
8997	VG
8998	VG
8999	VG
9000	VG
9001	VG
9002	VG
9003	VG
9004	VG
9005	VG
9006	VG
9007	VG
9008	VG
9009	VG
9010	VG
9011	VG
9012	VG
9013	VG
9014	VG
9015	VG
9016	VG
9017	VG
9018	VG
9019	VG
9020	VG
9021	VG
9022	VG
9023	VG
9024	VG
9025	VG
9026	VG
9027	VG
9028	VG
9029	VG
9030	VG
9031	VG
9032	VG
9033	VG
9034	VG
9035	VG
9036	VG
9037	VG
9038	VG
9039	VG
9040	VG
9041	VG
9042	VG
9043	VG
9044	VG
9045	VG
9046	VG
9047	VG
9048	VG
9049	VG
9050	VG
9051	VG
9052	VG
9053	VG
9054	VG
9055	VG
9056	VG
9057	VG
9058	VG
9059	VG
9060	VG
9061	VG
9062	VG
9063	VG
9064	VG
9065	VG
9066	VG
9067	VG
9068	VG
9069	VG
9070	VG
9071	VG
9072	VG
9073	VG
9074	VG
9075	VG
9076	VG
9077	VG
9078	VG
9079	VG
9080	VG
9081	VG
9082	VG
9083	VG
9084	VG
9085	VG
9086	VG
9087	VG
9088	VG
9089	VG
9090	VG
9091	VG
9092	VG
9093	VG
9094	VG
9095	VG
9096	VG
9097	VG
9098	VG
9099	VG
9100	VG
9101	VG
9102	VG
9103	VG
9104	VG
9105	VG
9106	VG
9107	VG
9108	VG
9109	VG
9110	VG
9111	VG
9112	VG
9113	VG
9114	VG
9115	VG
9116	VG
9117	VG
9118	VG
9119	VG
9120	VG
9121	VG
9122	VG
9123	VG
9124	VG
9125	VG
9126	VG
9127	VG
9128	VG
9129	VG
9130	VG
9131	VG
9132	VG
9133	VG
9134	VG
9135	VG
9136	VG
9137	VG
9138	VG
9139	VG
9140	VG
9141	VG
9142	VG
9143	VG
9144	VG
9145	VG
9146	VG
9147	VG
9148	VG
9149	VG
9150	VG
9151	VG
9152	VG
9153	VG
9154	VG
9155	VG
9156	VG
9157	VG
9158	VG
9159	VG
9160	VG
9161	VG
9162	VG
9163	VG
9164	VG
9165	VG
9166	VG
9167	VG
9168	VG
9169	VG
9170	VG
9171	VG
9172	VG
9173	VG
9174	VG
9175	VG
9176	VG
9177	VG
9178	VG
9179	VG
9180	VG
9181	VG
9182	VG
9183	VG
9184	VG
9185	VG
9186	VG
9187	VG
9188	VG
9189	VG
9190	VG
9191	VG
9192	VG
9193	VG
9194	VG
9195	VG
9196	VG
9197	VG
9198	VG
9199	VG
9200	VG
9201	VG
9202	VG
9203	VG
9204	VG
9205	VG
9206	VG
9207	VG
9208	VG
9209	VG
9210	VG
9211	VG
9212	VG
9213	VG
9214	VG
9215	VG
9216	VG
9217	VG
9218	VG
9219	VG
9220	VG
9221	VG
9222	VG
9223	VG
9224	VG
9225	VG
9226	VG
9227	VG
9228	VG
9229	VG
9230	VG
9231	VG
9232	VG
9233	VG
9234	VG
9235	VG
9236	VG
9237	VG
9238	VG
9239	VG
9240	VG
9241	VG
9242	VG
9243	VG
9244	VG
9245	VG
9246	VG
9247	VG
9248	VG
9249	VG
9250	VG
9251	VG
9252	VG
9253	VG
9254	VG
9255	VG
9256	VG
9257	VG
9258	VG
9259	VG
9260	VG
9261	VG
9262	VG
9263	VG
9264	VG
9265	VG
9266	VG
9267	VG
9268	VG
9269	VG
9270	VG
9271	VG
9272	VG
9273	VG
9274	VG
9275	VG
9276	VG
9277	VG
9278	VG
9279	VG
9280	VG
9281	VG
9282	VG
9283	VG
9284	VG
9285	VG
9286	VG
9287	VG
9288	VG
9289	VG
9290	VG
9291	VG
9292	VG
9293	VG
9294	VG
9295	VG
9296	VG
9297	VG
9298	VG
9299	VG
9300	VG
9301	VG
9302	VG
9303	VG
9304	VG
9305	VG
9306	VG
9307	VG
9308	VG
9309	VG
9310	VG
9311	VG
9312	VG
9313	VG
9314	VG
9315	VG
9316	VG
9317	VG
9318	VG
9319	VG
9320	VG
9321	VG
9322	VG
9323	VG
9324	VG
9325	VG
9326	VG
9327	VG
9328	VG
9329	VG
9330	VG
9331	VG
9332	VG
9333	VG
9334	VG
9335	VG
9336	VG
9337	VG
9338	VG
9339	VG
9340	VG
9341	VG
9342	VG
9343	VG
9344	VG
9345	VG
9346	VG
9347	VG
9348	VG
9349	VG
9350	VG
9351	VG
9352	VG
9353	VG
9354	VG
9355	VG
9356	VG
9357	VG
9358	VG
9359	VG
9360	VG
9361	VG
9362	VG
9363	VG
9364	VG
9365	VG
9366	VG
9367	VG
9368	VG
9369	VG
9370	VG
9371	VG
9372	VG
9373	VG
9374	VG
9375	VG
9376	VG
9377	VG
9378	VG
9379	VG
9380	VG
9381	VG
9382	VG
9383	VG
9384	VG
9385	VG
9386	VG
9387	VG
9388	VG
9389	VG
9390	VG
9391	VG
9392	VG
9393	VG
9394	VG
9395	VG
9396	VG
9397	VG
9398	VG
9399	VG
9400	VG
9401	VG
9402	VG
9403	VG
9404	VG
9405	VG
9406	VG
9407	VG
9408	VG
9409	VG
9410	VG
9411	VG
9412	VG
9413	VG
9414	VG
9415	VG
9416	VG
9417	VG
9418	VG
9419	VG
9420	VG
9421	VG
9422	VG
9423	VG
9424	VG
9425	VG
9426	VG
9427	VG
9428	VG
9429	VG
9430	VG
9431	VG
9432	VG
9433	VG
9434	VG
9435	VG
9436	VG
9437	VG
9438	VG
9439	VG
9440	VG
9441	VG
9442	VG
9443	VG
9444	VG
9445	VG
9446	VG
9447	VG
9448	VG
9449	VG
9450	VG
9451	VG
9452	VG
9453	VG
9454	VG
9455	VG
9456	VG
9457	VG
9458	VG
9459	VG
9460	VG
9461	VG
9462	VG
9463	VG
9464	VG
9465	VG
9466	VG
9467	VG
9468	VG
9469	VG
9470	VG
9471	VG
9472	VG
9473	VG
9474	VG
9475	VG
9476	VG
9477	VG
9478	VG
9479	VG
9480	VG
9481	VG
9482	VG
9483	VG
9484	VG
9485	VG
9486	VG
9487	VG
9488	VG
9489	VG
9490	VG
9491	VG
9492	VG
9493	VG
9494	VG
9495	VG
9496	VG
9497	VG
9498	VG
9499	VG
9500	VG
9501	VG
9502	VG
9503	VG
9504	VG
9505	VG
9506	VG
9507	VG
9508	VG
9509	VG
9510	VG
9511	VG
9512	VG
9513	VG
9514	VG
9515	VG
9516	VG
9517	VG
9518	VG
9519	VG
9520	VG
9521	VG
9522	VG
9523	VG
9524	VG
9525	VG
9526	VG
9527	VG
9528	VG
9529	VG
9530	VG
9531	VG
9532	VG
9533	VG
9534	VG
9535	VG
9536	VG
9537	VG
9538	VG
9539	VG
9540	VG
9541	VG
9542	VG
9543	VG
9544	VG
9545	VG
9546	VG
9547	VG
9548	VG
9549	VG
9550	VG
9551	VG
9552	VG
9553	VG
9554	VG
9555	VG
9556	VG
9557	VG
9558	VG
9559	VG
9560	VG
9561	VG
9562	VG
9563	VG
9564	VG
9565	VG
9566	VG
9567	VG
9568	VG
9569	VG
9570	VG
9571	VG
9572	VG
9573	VG
9574	VG
9575	VG
9576	VG
9577	VG
9578	VG
9579	VG
9580	VG
9581	VG
9582	VG
9583	VG
9584	VG
9585	VG
9586	VG
9587	VG
9588	VG
9589	VG
9590	VG
9591	VG
9592	VG
9593	VG
9594	VG
9595	VG
9596	VG
9597	VG
9598	VG
9599	VG
9600	VG
9601	VG
9602	VG
9603	VG
9604	VG
9605	VG
9606	VG
9607	VG
9608	VG
9609	VG
9610	VG
9611	VG
9612	VG
9613	VG
9614	VG
9615	VG
9616	VG
9617	VG
9618	VG
9619	VG
9620	VG
9621	VG
9622	VG
9623	VG
9624	VG
9625	VG
9626	VG
9627	VG
9628	VG
9629	VG
9630	VG
9631	VG
9632	VG
9633	VG
9634	VG
9635	VG
9636	VG
9637	VG
9638	VG
9639	VG
9640	VG
9641	VG
9642	VG
9643	VG
9644	VG
9645	VG
9646	VG
9647	VG
9648	VG
9649	VG
9650	VG
9651	VG
9652	VG
9653	VG
9654	VG
9655	VG
9656	VG
9657	VG
9658	VG
9659	VG
9660	VG
9661	VG
9662	VG
9663	VG
9664	VG
9665	VG
9666	VG
9667	VG
9668	VG
9669	VG
9670	VG
9671	VG
9672	VG
9673	VG
9674	VG
9675	VG
9676	VG
9677	VG
9678	VG
9679	VG
9680	VG
9681	VG
9682	VG
9683	VG
9684	VG
9685	VG
9686	VG
9687	VG
9688	VG
9689	VG
9690	VG
9691	VG
9692	VG
9693	VG
9694	VG
9695	VG
9696	VG
9697	VG
9698	VG
9699	VG
9700	VG
9701	VG
9702	VG
9703	VG
9704	VG
9705	VG
9706	VG
9707	VG
9708	VG
9709	VG
9710	VG
9711	VG
9712	VG
9713	VG
9714	VG
9715	VG
9716	VG
9717	VG
9718	VG
9719	VG
9720	VG
9721	VG
9722	VG
9723	VG
9724	VG
9725	VG
9726	VG
9727	VG
9728	VG
9729	VG
9730	VG
9731	VG
9732	VG
9733	VG
9734	VG
9735	VG
9736	VG
9737	VG
9738	VG
9739	VG
9740	VG
9741	VG
9742	VG
9743	VG
9744	VG
9745	VG
9746	VG
9747	VG
9748	VG
9749	VG
9750	VG
9751	VG
9752	VG
9753	VG
9754	VG
9755	VG
9756	VG
9757	VG
9758	VG
9759	VG
9760	VG
9761	VG
9762	VG
9763	VG
9764	VG
9765	VG
9766	VG
9767	VG
9768	VG
9769	VG
9770	VG
9771	VG
9772	VG
9773	VG
9774	VG
9775	VG
9776	VG
9777	VG
9778	VG
9779	VG
9780	VG
9781	VG
9782	VG
9783	VG
9784	VG
9785	VG
9786	VG
9787	VG
9788	VG
9789	VG
9790	VG
9791	VG
9792	VG
9793	VG
9794	VG
9795	VG
9796	VG
9797	VG
9798	VG
9799	VG
9800	VG
9801	VG
9802	VG
9803	VG
9804	VG
9805	VG
9806	VG
9807	VG
9808	VG
9809	VG
9810	VG
9811	VG
9812	VG
9813	VG
9814	VG
9815	VG
9816	VG
9817	VG
9818	VG
9819	VG
9820	VG
9821	VG
9822	VG
9823	VG
9824	VG
9825	VG
9826	VG
9827	VG
9828	VG
9829	VG
9830	VG
9831	VG
9832	VG
9833	VG
9834	VG
9835	VG
9836	VG
9837	VG
9838	VG
9839	VG
9840	VG
9841	VG
9842	VG
9843	VG
9844	VG
9845	VG
9846	VG
9847	VG
9848	VG
9849	VG
9850	VG
9851	VG
9852	VG
9853	VG
9854	VG
9855	VG
9856	VG
9857	VG
9858	VG
9859	VG
9860	VG
9861	VG
9862	VG
9863	VG
9864	VG
9865	VG
9866	VG
9867	VG
9868	VG
9869	VG
9870	VG
9871	VG
9872	VG
9873	VG
9874	VG
9875	VG
9876	VG
9877	VG
9878	VG
9879	VG
9880	VG
9881	VG
9882	VG
9883	VG
9884	VG
9885	VG
9886	VG
9887	VG
9888	VG
9889	VG
9890	VG
9891	VG
9892	VG
9893	VG
9894	VG
9895	VG
9896	VG
9897	VG
9898	VG
9899	VG
9900	VG
9901	VG
9902	VG
9903	VG
9904	VG
9905	VG
9906	VG
9907	VG
9908	VG
9909	VG
9910	VG
9911	VG
9912	VG
9913	VG
9914	VG
9915	VG
9916	VG
9917	VG
9918	VG
9919	VG
9920	VG
9921	VG
9922	VG
9923	VG
9924	VG
9925	VG
9926	VG
9927	VG
9928	VG
9929	VG
9930	VG
9931	VG
9932	VG
9933	VG
9934	VG
9935	VG
9936	VG
9937	VG
9938	VG
9939	VG
9940	VG
9941	VG
9942	VG
9943	VG
9944	VG
9945	VG
9946	VG
9947	VG
9948	VG
9949	VG
9950	VG
9951	VG
9952	VG
9953	VG
9954	VG
9955	VG
9956	VG
9957	VG
9958	VG
9959	VG
9960	VG
9961	VG
9962	VG
9963	VG
9964	VG
9965	VG
9966	VG
9967	VG
9968	VG
9969	VG
9970	VG
9971	VG
9972	VG
9973	VG
9974	VG
9975	VG
9976	VG
9977	VG
9978	VG
9979	VG
9980	VG
9981	VG
9982	VG
9983	VG
9984	VG
9985	VG
9986	VG
9987	VG
9988	VG
9989	VG
9990	VG
9991	VG
9992	VG
9993	VG
9994	VG
9995	VG
9996	VG
9997	VG
9998	VG
9999	VG
10000	VG
10001	VG
10002	VG
10003	VG
10004	VG
10005	VG
10006	VG
10007	VG
10008	VG
10009	VG
10010	VG
10011	VG
10012	VG
10013	VG
10014	VG
10015	VG
10016	VG
10017	VG
10018	VG
10019	VG
10020	VG
10021	VG
10022	VG
10023	VG
10024	VG
10025	VG
10026	VG
10027	VG
10028	VG
10029	VG
10030	VG
10031	VG
10032	VG
10033	VG
10034	VG
10035	VG
10036	VG
10037	VG
10038	VG
10039	VG
10040	VG
10041	VG
10042	VG
10043	VG
10044	VG
10045	VG
10046	VG
10047	VG
10048	VG
10049	VG
10050	VG
10051	VG
10052	VG
10053	VG
10054	VG
10055	VG
10056	VG
10057	VG
10058	VG
10059	VG
10060	VG
10061	VG
10062	VG
10063	VG
10064	VG
10065	VG
10066	VG
10067	VG
10068	VG
10069	VG
10070	VG
10071	VG
10072	VG
10073	VG
10074	VG
10075	VG
10076	VG
10077	VG
10078	VG
10079	VG
10080	VG
10081	VG
10082	VG
10083	VG
10084	VG
10085	VG
10086	VG
10087	VG
10088	VG
10089	VG
10090	VG
10091	VG
10092	VG
10093	VG
10094	VG
10095	VG
10096	VG
10097	VG
10098	VG
10099	VG
10100	VG
10101	VG
10102	VG
10103	VG
10104	VG
10105	VG
10106	VG
10107	VG
10108	VG
10109	VG
10110	VG
10111	VG
10112	VG
10113	VG
10114	VG
10115	VG
10116	VG
10117	VG
10118	VG
10119	VG
10120	VG
10121	VG
10122	VG
10123	VG
10124	VG
10125	VG
10126	VG
10127	VG
10128	VG
10129	VG
10130	VG
10131	VG
10132	VG
10133	VG
10134	VG
10135	VG
10136	VG
10137	VG
10138	VG
10139	VG
10140	VG
10141	VG
10142	VG
10143	VG
10144	VG
10145	VG
10146	VG
10147	VG
10148	VG
10149	VG
10150	VG
10151	VG
10152	VG
10153	VG
10154	VG
10155	VG
10156	VG
10157	VG
10158	VG
10159	VG
10160	VG
10161	VG
10162	VG
10163	VG
10164	VG
10165	VG
10166	VG
10167	VG
10168	VG
10169	VG
10170	VG
10171	VG
10172	VG
10173	VG
10174	VG
10175	VG
10176	VG
10177	VG
10178	VG
10179	VG
10180	VG
10181	VG
10182	VG
10183	VG
10184	VG
10185	VG
10186	VG
10187	VG
10188	VG
10189	VG
10190	VG
10191	VG
10192	VG
10193	VG
10194	VG
10195	VG
10196	VG
10197	VG
10198	VG
10199	VG
10200	VG
10201	VG
10202	VG
10203	VG
10204	VG
10205	VG
10206	VG
10207	VG
10208	VG
10209	VG
10210	VG
10211	VG
10212	VG
10213	VG
10214	VG
10215	VG
10216	VG
10217	VG
10218	VG
10219	VG
10220	VG
10221	VG
10222	VG
10223	VG
10224	VG
10225	VG
10226	VG
10227	VG
10228	VG
10229	VG
10230	VG
10231	VG
10232	VG
10233	VG
10234	VG
10235	VG
10236	VG
10237	VG
10238	VG
10239	VG
10240	VG
10241	VG
10242	VG
10243	VG
10244	VG
10245	VG
10246	VG
10247	VG
10248	VG
10249	VG
10250	VG
10251	VG
10252	VG
10253	VG
10254	VG
10255	VG
10256	VG
10257	VG
10258	VG
10259	VG
10260	VG
10261	VG
10262	VG
10263	VG
10264	VG
10265	VG
10266	VG
10267	VG
10268	VG
10269	VG
10270	VG
10271	VG
10272	VG
10273	VG
10274	VG
10275	VG
10276	VG
10277	VG
10278	VG
10279	VG
10280	VG
10281	VG
10282	VG
10283	VG
10284	VG
10285	VG
10286	VG
10287	VG
10288	VG
10289	VG
10290	VG
10291	VG
10292	VG
10293	VG
10294	VG
10295	VG
10296	VG
10297	VG
10298	VG
10299	VG
10300	VG
10301	VG
10302	VG
10303	VG
10304	VG
10305	VG
10306	VG
10307	VG
10308	VG
10309	VG
10310	VG
10311	VG
10312	VG
10313	VG
10314	VG
10315	VG
10316	VG
10317	VG
10318	VG
10319	VG
10320	VG
10321	VG
10322	VG
10323	VG
10324	VG
10325	VG
10326	VG
10327	VG
10328	VG
10329	VG
10330	VG
10331	VG
10332	VG
10333	VG
10334	VG
10335	VG
10336	VG
10337	VG
10338	VG
10339	VG
10340	VG
10341	VG
10342	VG
10343	VG
10344	VG
10345	VG
10346	VG
10347	VG
10348	VG
10349	VG
10350	VG
10351	VG
10352	VG
10353	VG
10354	VG
10355	VG
10356	VG
10357	VG
10358	VG
10359	VG
10360	VG
10361	VG
10362	VG
10363	VG
10364	VG
10365	VG
10366	VG
10367	VG
10368	VG
10369	VG
10370	VG
10371	VG
10372	VG
10373	VG
10374	VG
10375	VG
10376	VG
10377	VG
10378	VG
10379	VG
10380	VG
10381	VG
10382	VG
10383	VG
10384	VG
10385	VG
10386	VG
10387	VG
10388	VG
10389	VG
10390	VG
10391	VG
10392	VG
10393	VG
10394	VG
10395	VG
10396	VG
10397	VG
10398	VG
10399	VG
10400	VG
10401	VG
10402	VG
10403	VG
10404	VG
10405	VG
10406	VG
10407	VG
10408	VG
10409	VG
10410	VG
10411	VG
10412	VG
10413	VG
10414	VG
10415	VG
10416	VG
10417	VG
10418	VG
10419	VG
10420	VG
10421	VG
10422	VG
10423	VG
10424	VG
10425	VG
10426	VG
10427	VG
10428	VG
10429	VG
10430	VG
10431	VG
10432	VG
10433	VG
10434	VG
10435	VG
10436	VG
10437	VG
10438	VG
10439	VG
10440	VG
10441	VG
10442	VG
10443	VG
10444	VG
10445	VG
10446	VG
10447	VG
10448	VG
10449	VG
10450	VG
10451	VG
10452	VG
10453	VG
10454	VG
10455	VG
10456	VG
10457	VG
10458	VG
10459	VG
10460	VG
10461	VG
10462	VG
10463	VG
10464	VG
10465	VG
10466	VG
10467	VG
10468	VG
10469	VG
10470	VG
10471	VG
10472	VG
10473	VG
10474	VG
10475	VG
10476	VG
10477	VG
10478	VG
10479	VG
10480	VG
10481	VG
10482	VG
10483	VG
10484	VG
10485	VG
10486	VG
10487	VG
10488	VG
10489	VG
10490	VG
10491	VG
10492	VG
10493	VG
10494	VG
10495	VG
10496	VG
10497	VG
10498	VG
10499	VG
10500	VG
10501	VG
10502	VG
10503	VG
10504	VG
10505	VG
10506	VG
10507	VG
10508	VG
10509	VG
10510	VG
10511	VG
10512	VG
10513	VG
10514	VG
10515	VG
10516	VG
10517	VG
10518	VG
10519	VG
10520	VG
10521	VG
10522	VG
10523	VG
10524	VG
10525	VG
10526	VG
10527	VG
10528	VG
10529	VG
10530	VG
10531	VG
10532	VG
10533	VG
10534	VG
10535	VG
10536	VG
10537	VG
10538	VG
10539	VG
10540	VG
10541	VG
10542	VG
10543	VG
10544	VG
10545	VG
10546	VG
10547	VG
10548	VG
10549	VG
10550	VG
10551	VG
10552	VG
10553	VG
10554	VG
10555	VG
10556	VG
10557	VG
10558	VG
10559	VG
10560	VG
10561	VG
10562	VG
10563	VG
10564	VG
10565	VG
10566	VG
10567	VG
10568	VG
10569	VG
10570	VG
10571	VG
10572	VG
10573	VG
10574	VG
10575	VG
10576	VG
10577	VG
10578	VG
10579	VG
10580	VG
10581	VG
10582	VG
10583	VG
10584	VG
10585	VG
10586	VG
10587	VG
10588	VG
10589	VG
10590	VG
10591	VG
10592	VG
10593	VG
10594	VG
10595	VG
10596	VG
10597	VG
10598	VG
10599	VG
10600	VG
10601	VG
10602	VG
10603	VG
10604	VG
10605	VG
10606	VG
10607	VG
10608	VG
10609	VG
10610	VG
10611	VG
10612	VG
10613	VG
10614	VG
10615	VG
10616	VG
10617	VG
10618	VG
10619	VG
10620	VG
10621	VG
10622	VG
10623	VG
10624	VG
10625	VG
10626	VG
10627	VG
10628	VG
10629	VG
10630	VG
10631	VG
10632	VG
10633	VG
10634	VG
10635	VG
10636	VG
10637	VG
10638	VG
10639	VG
10640	VG
10641	VG
10642	VG
10643	VG
10644	VG
10645	VG
10646	VG
10647	VG
10648	VG
10649	VG
10650	VG
10651	VG
10652	VG
10653	VG
10654	VG
10655	VG
10656	VG
10657	VG
10658	VG
10659	VG
10660	VG
10661	VG
10662	VG
10663	VG
10664	VG
10665	VG
10666	VG
10667	VG
10668	VG
10669	VG
10670	VG
10671	VG
10672	VG
10673	VG
10674	VG
10675	VG
10676	VG
10677	VG
10678	VG
10679	VG
10680	VG
10681	VG
10682	VG
10683	VG
10684	VG
10685	VG
10686	VG
10687	VG
10688	VG
10689	VG
10690	VG
10691	VG
10692	VG
10693	VG
10694	VG
10695	VG
10696	VG
10697	VG
10698	VG
10699	VG
10700	VG
10701	VG
10702	VG
10703	VG
10704	VG
10705	VG
10706	VG
10707	VG
10708	VG
10709	VG
10710	VG
10711	VG
10712	VG
10713	VG
10714	VG
10715	VG
10716	VG
10717	VG
10718	VG
10719	VG
10720	VG
10721	VG
10722	VG
10723	VG
10724	VG
10725	VG
10726	VG
10727	VG
10728	VG
10729	VG
10730	VG
10731	VG
10732	VG
10733	VG
10734	VG
10735	VG
10736	VG
10737	VG
10738	VG
10739	VG
10740	VG
10741	VG
10742	VG
10743	VG
10744	VG
10745	VG
10746	VG
10747	VG
10748	VG
10749	VG
10750	VG
10751	VG
10752	VG
10753	VG
10754	VG
10755	VG
10756	VG
10757	VG
10758	VG
10759	VG
10760	VG
10761	VG
10762	VG
10763	VG
10764	VG
10765	VG
10766	VG
10767	VG
10768	VG
10769	VG
10770	VG
10771	VG
10772	VG
10773	VG
10774	VG
10775	VG
10776	VG
10777	VG
10778	VG
10779	VG
10780	VG
10781	VG
10782	VG
10783	VG
10784	VG
10785	VG
10786	VG
10787	VG
10788	VG
10789	VG
10790	VG
10791	VG
10792	VG
10793	VG
10794	VG
10795	VG
10796	VG
10797	VG
10798	VG
10799	VG
10800	VG
10801	VG
10802	VG
10803	VG
10804	VG
10805	VG
10806	VG
10807	VG
10808	VG
10809	VG
10810	VG
10811	VG
10812	VG
10813	VG
10814	VG
10815	VG
10816	VG
10817	VG
10818	VG
10819	VG
10820	VG
10821	VG
10822	VG
10823	VG
10824	VG
10825	VG
10826	VG
10827	VG
10828	VG
10829	VG
10830	VG
10831	VG
10832	VG
10833	VG
10834	VG
10835	VG
10836	VG
10837	VG
10838	VG
10839	VG
10840	VG
10841	VG
10842	VG
10843	VG
10844	VG
10845	VG
10846	VG
10847	VG
10848	VG
10849	VG
10850	VG
10851	VG
10852	VG
10853	VG
10854	VG
10855	VG
10856	VG
10857	VG
10858	VG
10859	VG
10860	VG
10861	VG
10862	VG
10863	VG
10864	VG
10865	VG
10866	VG
10867	VG
10868	VG
10869	VG
10870	VG
10871	VG
10872	VG
10873	VG
10874	VG
10875	VG
10876	VG
10877	VG
10878	VG
10879	VG
10880	VG
10881	VG
10882	VG
10883	VG
10884	VG
10885	VG
10886	VG
10887	VG
10888	VG
10889	VG
10890	VG
10891	VG
10892	VG
10893	VG
10894	VG
10895	VG
10896	VG
10897	VG
10898	VG
10899	VG
10900	VG
10901	VG
10902	VG
10903	VG
10904	VG
10905	VG
10906	VG
10907	VG
10908	VG
10909	VG
10910	VG
10911	VG
10912	VG
10913	VG
10914	VG
10915	VG
10916	VG
10917	VG
10918	VG
10919	VG
10920	VG
10921	VG
10922	VG
10923	VG
10924	VG
10925	VG
10926	VG
10927	VG
10928	VG
10929	VG
10930	VG
10931	VG
10932	VG
10933	VG
10934	VG
10935	VG
10936	VG
10937	VG
10938	VG
10939	VG
10940	VG
10941	VG
10942	VG
10943	VG
10944	VG
10945	VG
10946	VG
10947	VG
10948	VG
10949	VG
10950	VG
10951	VG
10952	VG
10953	VG
10954	VG
10955	VG
10956	VG
10957	VG
10958	VG
10959	VG
10960	VG
10961	VG
10962	VG
10963	VG
10964	VG
10965	VG
10966	VG
10967	VG
10968	VG
10969	VG
10970	VG
10971	VG
10972	VG
10973	VG
10974	VG
10975	VG
10976	VG
10977	VG
10978	VG
10979	VG
10980	VG
10981	VG
10982	VG
10983	VG
10984	VG
10985	VG
10986	VG
10987	VG
10988	VG
10989	VG
10990	VG
10991	VG
10992	VG
10993	VG
10994	VG
10995	VG
10996	VG
10997	VG
10998	VG
10999	VG
11000	VG
11001	VG
11002	VG
11003	VG
11004	VG
11005	VG
11006	VG
11007	VG
11008	VG
11009	VG
11010	VG
11011	VG
11012	VG
11013	VG
11014	VG
11015	VG
11016	VG
11017	VG
11018	VG
11019	VG
11020	VG
11021	VG
11022	VG
11023	VG
11024	VG
11025	VG
11026	VG
11027	VG
11028	VG
11029	VG
11030	VG
11031	VG
11032	VG
11033	VG
11034	VG
11035	VG
11036	VG
11037	VG
11038	VG
11039	VG
11040	VG
11041	VG
11042	VG
11043	VG
11044	VG
11045	VG
11046	VG
11047	VG
11048	VG
11049	VG
11050	VG
11051	VG
11052	VG
11053	VG
11054	VG
11055	VG
11056	VG
11057	VG
11058	VG
11059	VG
11060	VG
11061	VG
11062	VG
11063	VG
11064	VG
11065	VG
11066	VG
11067	VG
11068	VG
11069	VG
11070	VG
11071	VG
11072	VG
11073	VG
11074	VG
11075	VG
11076	VG
11077	VG
11078	VG
11079	VG
11080	VG
11081	VG
11082	VG
11083	VG
11084	VG
11085	VG
11086	VG
11087	VG
11088	VG
11089	VG
11090	VG
11091	VG
11092	VG
11093	VG
11094	VG
11095	VG
11096	VG
11097	VG
11098	VG
11099	VG
11100	VG
11101	VG
11102	VG
11103	VG
11104	VG
11105	VG
11106	VG
11107	VG
11108	VG
11109	VG
11110	VG
11111	VG
11112	VG
11113	VG
11114	VG
11115	VG
11116	VG
11117	VG
11118	VG
11119	VG
11120	VG
11121	VG
11122	VG
11123	VG
11124	VG
11125	VG
11126	VG
11127	VG
11128	VG
11129	VG
11130	VG
11131	VG
11132	VG
11133	VG
11134	VG
11135	VG
11136	VG
11137	VG
11138	VG
11139	VG
11140	VG
11141	VG
11142	VG
11143	VG
11144	VG
11145	VG
11146	VG
11147	VG
11148	VG
11149	VG
11150	VG
11151	VG
11152	VG
11153	VG
11154	VG
11155	VG
11156	VG
11157	VG
11158	VG
11159	VG
11160	VG
11161	VG
11162	VG
11163	VG
11164	VG
11165	VG
11166	VG
11167	VG
11168	VG
11169	VG
11170	VG
11171	VG
11172	VG
11173	VG
11174	VG
11175	VG
11176	VG
11177	VG
11178	VG
11179	VG
11180	VG
11181	VG
11182	VG
11183	VG
11184	VG
11185	VG
11186	VG
11187	VG
11188	VG
11189	VG
11190	VG
11191	VG
11192	VG
11193	VG
11194	VG
11195	VG
11196	VG
11197	VG
11198	VG
11199	VG
11200	VG
11201	VG
11202	VG
11203	VG
11204	VG
11205	VG
11206	VG
11207	VG
11208	VG
11209	VG
11210	VG
11211	VG
11212	VG
11213	VG
11214	VG
11215	VG
11216	VG
11217	VG
11218	VG
11219	VG
11220	VG
11221	VG
11222	VG
11223	VG
11224	VG
11225	VG
11226	VG
11227	VG
11228	VG
11229	VG
11230	VG
11231	VG
11232	VG
11233	VG
11234	VG
11235	VG
11236	VG
11237	VG
11238	VG
11239	VG
11240	VG
11241	VG
11242	VG
11243	VG
11244	VG
11245	VG
11246	VG
11247	VG
11248	VG
11249	VG
11250	VG
11251	VG
11252	VG
11253	VG
11254	VG
11255	VG
11256	VG
11257	VG
11258	VG
11259	VG
11260	VG
11261	VG
11262	VG
11263	VG
11264	VG
11265	VG
11266	VG
11267	VG
11268	VG
11269	VG
11270	VG
11271	VG
11272	VG
11273	VG
11274	VG
11275	VG
11276	VG
11277	VG
11278	VG
11279	VG
11280	VG
11281	VG
11282	VG
11283	VG
11284	VG
11285	VG
11286	VG
11287	VG
11288	VG
11289	VG
11290	VG
11291	VG
11292	VG
11293	VG
11294	VG
11295	VG
11296	VG
11297	VG
11298	VG
11299	VG
11300	VG
11301	VG
11302	VG
11303	VG
11304	VG
11305	VG
11306	VG
11307	VG
11308	VG
11309	VG
11310	VG
11311	VG
11312	VG
11313	VG
11314	VG
11315	VG
11316	VG
11317	VG
11318	VG
11319	VG
11320	VG
11321	VG
11322	VG
11323	VG
11324	VG
11325	VG
11326	VG
11327	VG
11328	VG
11329	VG
11330	VG
11331	VG
11332	VG
11333	VG
11334	VG
11335	VG
11336	VG
11337	VG
11338	VG
11339	VG
11340	VG
11341	VG
11342	VG
11343	VG
11344	VG
11345	VG
11346	VG
11347	VG
11348	VG
11349	VG
11350	VG
11351	VG
11352	VG
11353	VG
11354	VG
11355	VG
11356	VG
11357	VG
11358	VG
11359	VG
11360	VG
11361	VG
11362	VG
11363	VG
11364	VG
11365	VG
11366	VG
11367	VG
11368	VG
11369	VG
11370	VG
11371	VG
11372	VG
11373	VG
11374	VG
11375	VG
11376	VG
11377	VG
11378	VG
11379	VG
11380	VG
11381	VG
11382	VG
11383	VG
11384	VG
11385	VG
11386	VG
11387	VG
11388	VG
11389	VG
11390	VG
11391	VG
11392	VG
11393	VG
11394	VG
11395	VG
11396	VG
11397	VG
11398	VG
11399	VG
11400	VG
11401	VG
11402	VG
11403	VG
11404	VG
11405	VG
11406	VG
11407	VG
11408	VG
11409	VG
11410	VG
11411	VG
11412	VG
11413	VG
11414	VG
11415	VG
11416	VG
11417	VG
11418	VG
11419	VG
11420	VG
11421	VG
11422	VG
11423	VG
11424	VG
11425	VG
11426	VG
11427	VG
11428	VG
11429	VG
11430	VG
11431	VG
11432	VG
11433	VG
11434	VG
11435	VG
11436	VG
11437	VG
11438	VG
11439	VG
11440	VG
11441	VG
11442	VG
11443	VG
11444	VG
11445	VG
11446	VG
11447	VG
11448	VG
11449	VG
11450	VG
11451	VG
11452	VG
11453	VG
11454	VG
11455	VG
11456	VG
11457	VG
11458	VG
11459	VG
11460	VG
11461	VG
11462	VG
11463	VG
11464	VG
11465	VG
11466	VG
11467	VG
11468	VG
11469	VG
11470	VG
11471	VG
11472	VG
11473	VG
11474	VG
11475	VG
11476	VG
11477	VG
11478	VG
11479	VG
11480	VG
11481	VG
11482	VG
11483	VG
11484	VG
11485	VG
11486	VG
11487	VG
11488	VG
11489	VG
11490	VG
11491	VG
11492	VG
11493	VG
11494	VG
11495	VG
11496	VG
11497	VG
11498	VG
11499	VG
11500	VG
11501	VG
11502	VG
11503	VG
11504	VG
11505	VG
11506	VG
11507	VG
11508	VG
11509	VG
11510	VG
11511	VG
11512	VG
11513	VG
11514	VG
11515	VG
11516	VG
11517	VG
11518	VG
11519	VG
11520	VG
11521	VG
11522	VG
11523	VG
11524	VG
11525	VG
11526	VG
11527	VG
11528	VG
11529	VG
11530	VG
11531	VG
11532	VG
11533	VG
11534	VG
11535	VG
11536	VG
11537	VG
11538	VG
11539	VG
11540	VG
11541	VG
11542	VG
11543	VG
11544	VG
11545	VG
11546	VG
11547	VG
11548	VG
11549	VG
11550	VG
11551	VG
11552	VG
11553	VG
11554	VG
11555	VG
11556	VG
11557	VG
11558	VG
11559	VG
11560	VG
11561	VG
11562	VG
11563	VG
11564	VG
11565	VG
11566	VG
11567	VG
11568	VG
11569	VG
11570	VG
11571	VG
11572	VG
11573	VG
11574	VG
11575	VG
11576	VG
11577	VG
11578	VG
11579	VG
11580	VG
11581	VG
11582	VG
11583	VG
11584	VG
11585	VG
11586	VG
11587	VG
11588	VG
11589	VG
11590	VG
11591	VG
11592	VG
11593	VG
11594	VG
11595	VG
11596	VG
11597	VG
11598	VG
11599	VG
11600	VG
11601	VG
11602	VG
11603	VG
11604	VG
11605	VG
11606	VG
11607	VG
11608	VG
11609	VG
11610	VG
11611	VG
11612	VG
11613	VG
11614	VG
11615	VG
11616	VG
11617	VG
11618	VG
11619	VG
11620	VG
11621	VG
11622	VG
11623	VG
11624	VG
11625	VG
11626	VG
11627	VG
11628	VG
11629	VG
11630	VG
11631	VG
11632	VG
11633	VG
11634	VG
11635	VG
11636	VG
11637	VG
11638	VG
11639	VG
11640	VG
11641	VG
11642	VG
11643	VG
11644	VG
11645	VG
11646	VG
11647	VG
11648	VG
11649	VG
11650	VG
11651	VG
11652	VG
11653	VG
11654	VG
11655	VG
11656	VG
11657	VG
11658	VG
11659	VG
11660	VG
11661	VG
11662	VG
11663	VG
11664	VG
11665	VG
11666	VG
11667	VG
11668	VG
11669	VG
11670	VG
11671	VG
11672	VG
11673	VG
11674	VG
11675	VG
11676	VG
11677	VG
11678	VG
11679	VG
11680	VG
11681	VG
11682	VG
11683	VG
11684	VG
11685	VG
11686	VG
11687	VG
11688	VG
11689	VG
11690	VG
11691	VG
11692	VG
11693	VG
11694	VG
11695	VG
11696	VG
11697	VG
11698	VG
11699	VG
11700	VG
11701	VG
11702	VG
11703	VG
11704	VG
11705	VG
11706	VG
11707	VG
11708	VG
11709	VG
11710	VG
11711	VG
11712	VG
11713	VG
11714	VG
11715	VG
11716	VG
11717	VG
11718	VG
11719	VG
11720	VG
11721	VG
11722	VG
11723	VG
11724	VG
11725	VG
11726	VG
11727	VG
11728	VG
11729	VG
11730	VG
11731	VG
11732	VG
11733	VG
11734	VG
11735	VG
11736	VG
11737	VG
11738	VG
11739	VG
11740	VG
11741	VG
11742	VG
11743	VG
11744	VG
11745	VG
11746	VG
11747	VG
11748	VG
11749	VG
11750	VG
11751	VG
11752	VG
11753	VG
11754	VG
11755	VG
11756	VG
11757	VG
11758	VG
11759	VG
11760	VG
11761	VG
11762	VG
11763	VG
11764	VG
11765	VG
11766	VG
11767	VG
11768	VG
11769	VG
11770	VG
11771	VG
11772	VG
11773	VG
11774	VG
11775	VG
11776	VG
11777	VG
11778	VG
11779	VG
11780	VG
11781	VG
11782	VG
11783	VG
11784	VG
11785	VG
11786	VG
11787	VG
11788	VG
11789	VG
11790	VG
11791	VG
11792	VG
11793	VG
11794	VG
11795	VG
11796	VG
11797	VG
11798	VG
11799	VG
11800	VG
11801	VG
11802	VG
11803	VG
11804	VG
11805	VG
11806	VG
11807	VG
11808	VG
11809	VG
11810	VG
11811	VG
11812	VG
11813	VG
11814	VG
11815	VG
11816	VG
11817	VG
11818	VG
11819	VG
11820	VG
11821	VG
11822	VG
11823	VG
11824	VG
11825	VG
11826	VG
11827	VG
11828	VG
11829	VG
11830	VG
11831	VG
11832	VG
11833	VG
11834	VG
11835	VG
11836	VG
11837	VG
11838	VG
11839	VG
11840	VG
11841	VG
11842	VG
11843	VG
11844	VG
11845	VG
11846	VG
11847	VG
11848	VG
11849	VG
11850	VG
11851	VG
11852	VG
11853	VG
11854	VG
11855	VG
11856	VG
11857	VG
11858	VG
11859	VG
11860	VG
11861	VG
11862	VG
11863	VG
11864	VG
11865	VG
11866	VG
11867	VG
11868	VG
11869	VG
11870	VG
11871	VG
11872	VG
11873	VG
11874	VG
11875	VG
11876	VG
11877	VG
11878	VG
11879	VG
11880	VG
11881	VG
11882	VG
11883	VG
11884	VG
11885	VG
11886	VG
11887	VG
11888	VG
11889	VG
11890	VG
11891	VG
11892	VG
11893	VG
11894	VG
11895	VG
11896	VG
11897	VG
11898	VG
11899	VG
11900	VG
11901	VG
11902	VG
11903	VG
11904	VG
11905	VG
11906	VG
11907	VG
11908	VG
11909	VG
11910	VG
11911	VG
11912	VG
11913	VG
11914	VG
11915	VG
11916	VG
11917	VG
11918	VG
11919	VG
11920	VG
11921	VG
11922	VG
11923	VG
11924	VG
11925	VG
11926	VG
11927	VG
11928	VG
11929	VG
11930	VG
11931	VG
11932	VG
11933	VG
11934	VG
11935	VG
11936	VG
11937	VG
11938	VG
11939	VG
11940	VG
11941	VG
11942	VG
11943	VG
11944	VG
11945	VG
11946	VG
11947	VG
11948	VG
11949	VG
11950	VG
11951	VG
11952	VG
11953	VG
11954	VG
11955	VG
11956	VG
11957	VG
11958	VG
11959	VG
11960	VG
11961	VG
11962	VG
11963	VG
11964	VG
11965	VG
11966	VG
11967	VG
11968	VG
11969	VG
11970	VG
11971	VG
11972	VG
11973	VG
11974	VG
11975	VG
11976	VG
11977	VG
11978	VG
11979	VG
11980	VG
11981	VG
11982	VG
11983	VG
11984	VG
11985	VG
11986	VG
11987	VG
11988	VG
11989	VG
11990	VG
11991	VG
11992	VG
11993	VG
11994	VG
11995	VG
11996	VG
11997	VG
11998	VG
11999	VG
12000	VG
12001	VG
12002	VG
12003	VG
12004	VG
12005	VG
12006	VG
12007	VG
12008	VG
12009	VG
12010	VG
12011	VG
12012	VG
12013	VG
12014	VG
12015	VG
12016	VG
12017	VG
12018	VG
12019	VG
12020	VG
12021	VG
12022	VG
12023	VG
12024	VG
12025	VG
12026	VG
12027	VG
12028	VG
12029	VG
12030	VG
12031	VG
12032	VG
12033	VG
12034	VG
12035	VG
12036	VG
12037	VG
12038	VG
12039	VG
12040	VG
12041	VG
12042	VG
12043	VG
12044	VG
12045	VG
12046	VG
12047	VG
12048	VG
12049	VG
12050	VG
12051	VG
12052	VG
12053	VG
12054	VG
12055	VG
12056	VG
12057	VG
12058	VG
12059	VG
12060	VG
12061	VG
12062	VG
12063	VG
12064	VG
12065	VG
12066	VG
12067	VG
12068	VG
12069	VG
12070	VG
12071	VG
12072	VG
12073	VG
12074	VG
12075	VG
12076	VG
12077	VG
12078	VG
12079	VG
12080	VG
12081	VG
12082	VG
12083	VG
12084	VG
12085	VG
12086	VG
12087	VG
12088	VG
12089	VG
12090	VG
12091	VG
12092	VG
12093	VG
12094	VG
12095	VG
12096	VG
12097	VG
12098	VG
12099	VG
12100	VG
12101	VG
12102	VG
12103	VG
12104	VG
12105	VG
12106	VG
12107	VG
12108	VG
12109	VG
12110	VG
12111	VG
12112	VG
12113	VG
12114	VG
12115	VG
12116	VG
12117	VG
12118	VG
12119	VG
12120	VG
12121	VG
12122	VG
12123	VG
12124	VG
12125	VG
12126	VG
12127	VG
12128	VG
12129	VG
12130	VG
12131	VG
12132	VG
12133	VG
12134	VG
12135	VG
12136	VG
12137	VG
12138	VG
12139	VG
12140	VG
12141	VG
12142	VG
12143	VG
12144	VG
12145	VG
12146	VG
12147	VG
12148	VG
12149	VG
12150	VG
12151	VG
12152	VG
12153	VG
12154	VG
12155	VG
12156	VG
12157	VG
12158	VG
12159	VG
12160	VG
12161	VG
12162	VG
12163	VG
12164	VG
12165	VG
12166	VG
12167	VG
12168	VG
12169	VG
12170	VG
12171	VG
12172	VG
12173	VG
12174	VG
12175	VG
12176	VG
12177	VG
12178	VG
12179	VG
12180	VG
12181	VG
12182	VG
12183	VG
12184	VG
12185	VG
12186	VG
12187	VG
12188	VG
12189	VG
12190	VG
12191	VG
12192	VG
12193	VG
12194	VG
12195	VG
12196	VG
12197	VG
12198	VG
12199	VG
12200	VG
12201	VG
12202	VG
12203	VG
12204	VG
12205	VG
12206	VG
12207	VG
12208	VG
12209	VG
12210	VG
12211	VG
12212	VG
12213	VG
12214	VG
12215	VG
12216	VG
12217	VG
12218	VG
12219	VG
12220	VG
12221	VG
12222	VG
12223	VG
12224	VG
12225	VG
12226	VG
12227	VG
12228	VG
12229	VG
12230	VG
12231	VG
12232	VG
12233	VG
12234	VG
12235	VG
12236	VG
12237	VG
12238	VG
12239	VG
12240	VG
12241	VG
12242	VG
12243	VG
12244	VG
12245	VG
12246	VG
12247	VG
12248	VG
12249	VG
12250	VG
12251	VG
12252	VG
12253	VG
12254	VG
12255	VG
12256	VG
12257	VG
12258	VG
12259	VG
12260	VG
12261	VG
12262	VG
12263	VG
12264	VG
12265	VG
12266	VG
12267	VG
12268	VG
12269	VG
12270	VG
12271	VG
12272	VG
12273	VG
12274	VG
12275	VG
12276	VG
12277	VG
12278	VG
12279	VG
12280	VG
12281	VG
12282	VG
12283	VG
12284	VG
12285	VG
12286	VG
12287	VG
12288	VG
12289	VG
12290	VG
12291	VG
12292	VG
12293	VG
12294	VG
12295	VG
12296	VG
12297	VG
12298	VG
12299	VG
12300	VG
12301	VG
12302	VG
12303	VG
12304	VG
12305	VG
12306	VG
12307	VG
12308	VG
12309	VG
12310	VG
12311	VG
12312	VG
12313	VG
12314	VG
12315	VG
12316	VG
12317	VG
12318	VG
12319	VG
12320	VG
12321	VG
12322	VG
12323	VG
12324	VG
12325	VG
12326	VG
12327	VG
12328	VG
12329	VG
12330	VG
12331	VG
12332	VG
12333	VG
12334	VG
12335	VG
12336	VG
12337	VG
12338	VG
12339	VG
12340	VG
12341	VG
12342	VG
12343	VG
12344	VG
12345	VG
12346	VG
12347	VG
12348	VG
12349	VG
12350	VG
12351	VG
12352	VG
12353	VG
12354	VG
12355	VG
12356	VG
12357	VG
12358	VG
12359	VG
12360	VG
12361	VG
12362	VG
12363	VG
12364	VG
12365	VG
12366	VG
12367	VG
12368	VG
12369	VG
12370	VG
12371	VG
12372	VG
12373	VG
12374	VG
12375	VG
12376	VG
12377	VG
12378	VG
12379	VG
12380	VG
12381	VG
12382	VG
12383	VG
12384	VG
12385	VG
12386	VG
12387	VG
12388	VG
12389	VG
12390	VG
12391	VG
12392	VG
12393	VG
12394	VG
12395	VG
12396	VG
12397	VG
12398	VG
12399	VG
12400	VG
12401	VG
12402	VG
12403	VG
12404	VG
12405	VG
12406	VG
12407	VG
12408	VG
12409	VG
12410	VG
12411	VG
12412	VG
12413	VG
12414	VG
12415	VG
12416	VG
12417	VG
12418	VG
12419	VG
12420	VG
12421	VG
12422	VG
12423	VG
12424	VG
12425	VG
12426	VG
12427	VG
12428	VG
12429	VG
12430	VG
12431	VG
12432	VG
12433	VG
12434	VG
12435	VG
12436	VG
12437	VG
12438	VG
12439	VG
12440	VG
12441	VG
12442	VG
12443	VG
12444	VG
12445	VG
12446	VG
12447	VG
12448	VG
12449	VG
12450	VG
12451	VG
12452	VG
12453	VG
12454	VG
12455	VG
12456	VG
12457	VG
12458	VG
12459	VG
12460	VG
12461	VG
12462	VG
12463	VG
12464	VG
12465	VG
12466	VG
12467	VG
12468	VG
12469	VG
12470	VG
12471	VG
12472	VG
12473	VG
12474	VG
12475	VG
12476	VG
12477	VG
12478	VG
12479	VG
12480	VG
12481	VG
12482	VG
12483	VG
12484	VG
12485	VG
12486	VG
12487	VG
12488	VG
12489	VG
12490	VG
12491	VG
12492	VG
12493	VG
12494	VG
12495	VG
12496	VG
12497	VG
12498	VG
12499	VG
12500	VG
12501	VG
12502	VG
12503	VG
12504	VG
12505	VG
12506	VG
12507	VG
12508	VG
12509	VG
12510	VG
12511	VG
12512	VG
12513	VG
12514	VG
12515	VG
12516	VG
12517	VG
12518	VG
12519	VG
12520	VG
12521	VG
12522	VG
12523	VG
12524	VG
12525	VG
12526	VG
12527	VG
12528	VG
12529	VG
12530	VG
12531	VG
12532	VG
12533	VG
12534	VG
12535	VG
12536	VG
12537	VG
12538	VG
12539	VG
12540	VG
12541	VG
12542	VG
12543	VG
12544	VG
12545	VG
12546	VG
12547	VG
12548	VG
12549	VG
12550	VG
12551	VG
12552	VG
12553	VG
12554	VG
12555	VG
12556	VG
12557	VG
12558	VG
12559	VG
12560	VG
12561	VG
12562	VG
12563	VG
12564	VG
12565	VG
12566	VG
12567	VG
12568	VG
12569	VG
12570	VG
12571	VG
12572	VG
12573	VG
12574	VG
12575	VG
12576	VG
12577	VG
12578	VG
12579	VG
12580	VG
12581	VG
12582	VG
12583	VG
12584	VG
12585	VG
12586	VG
12587	VG
12588	VG
12589	VG
12590	VG
12591	VG
12592	VG
12593	VG
12594	VG
12595	VG
12596	VG
12597	VG
12598	VG
12599	VG
12600	VG
12601	VG
12602	VG
12603	VG
12604	VG
12605	VG
12606	VG
12607	VG
12608	VG
12609	VG
12610	VG
12611	VG
12612	VG
12613	VG
12614	VG
12615	VG
12616	VG
12617	VG
12618	VG
12619	VG
12620	VG
12621	VG
12622	VG
12623	VG
12624	VG
12625	VG
12626	VG
12627	VG
12628	VG
12629	VG
12630	VG
12631	VG
12632	VG
12633	VG
12634	VG
12635	VG
12636	VG
12637	VG
12638	VG
12639	VG
12640	VG
12641	VG
12642	VG
12643	VG
12644	VG
12645	VG
12646	VG
12647	VG
12648	VG
12649	VG
12650	VG
12651	VG
12652	VG
12653	VG
12654	VG
12655	VG
12656	VG
12657	VG
12658	VG
12659	VG
12660	VG
12661	VG
12662	VG
12663	VG
12664	VG
12665	VG
12666	VG
12667	VG
12668	VG
12669	VG
12670	VG
12671	VG
12672	VG
12673	VG
12674	VG
12675	VG
12676	VG
12677	VG
12678	VG
12679	VG
12680	VG
12681	VG
12682	VG
12683	VG
12684	VG
12685	VG
12686	VG
12687	VG
12688	VG
12689	VG
12690	VG
12691	VG
12692	VG
12693	VG
12694	VG
12695	VG
12696	VG
12697	VG
12698	VG
12699	VG
12700	VG
12701	VG
12702	VG
12703	VG
12704	VG
12705	VG
12706	VG
12707	VG
12708	VG
12709	VG
12710	VG
12711	VG
12712	VG
12713	VG
12714	VG
12715	VG
12716	VG
12717	VG
12718	VG
12719	VG
12720	VG
12721	VG
12722	VG
12723	VG
12724	VG
12725	VG
12726	VG
12727	VG
12728	VG
12729	VG
12730	VG
12731	VG
12732	VG
12733	VG
12734	VG
12735	VG
12736	VG
12737	VG
12738	VG
12739	VG
12740	VG
12741	VG
12742	VG
12743	VG
12744	VG
12745	VG
12746	VG
12747	VG
12748	VG
12749	VG
12750	VG
12751	VG
12752	VG
12753	VG
12754	VG
12755	VG
12756	VG
12757	VG
12758	VG
12759	VG
12760	VG
12761	VG
12762	VG
12763	VG
12764	VG
12765	VG
12766	VG
12767	VG
12768	VG
12769	VG
12770	VG
12771	VG
12772	VG
12773	VG
12774	VG
12775	VG
12776	VG
12777	VG
12778	VG
12779	VG
12780	VG
12781	VG
12782	VG
12783	VG
12784	VG
12785	VG
12786	VG
12787	VG
12788	VG
12789	VG
12790	VG
12791	VG
12792	VG
12793	VG
12794	VG
12795	VG
12796	VG
12797	VG
12798	VG
12799	VG
12800	VG
12801	VG
12802	VG
12803	VG
12804	VG
12805	VG
12806	VG
12807	VG
12808	VG
12809	VG
12810	VG
12811	VG
12812	VG
12813	VG
12814	VG
12815	VG
12816	VG
12817	VG
12818	VG
12819	VG
12820	VG
12821	VG
12822	VG
12823	VG
12824	VG
12825	VG
12826	VG
12827	VG
12828	VG
12829	VG
12830	VG
12831	VG
12832	VG
12833	VG
12834	VG
12835	VG
12836	VG
12837	VG
12838	VG
12839	VG
12840	VG
12841	VG
12842	VG
12843	VG
12844	VG
12845	VG
12846	VG
12847	VG
12848	VG
12849	VG
12850	VG
12851	VG
12852	VG
12853	VG
12854	VG
12855	VG
12856	VG
12857	VG
12858	VG
12859	VG
12860	VG
12861	VG
12862	VG
12863	VG
12864	VG
12865	VG
12866	VG
12867	VG
12868	VG
12869	VG
12870	VG
12871	VG
12872	VG
12873	VG
12874	VG
12875	VG
12876	VG
12877	VG
12878	VG
12879	VG
12880	VG
12881	VG
12882	VG
12883	VG
12884	VG
12885	VG
12886	VG
12887	VG
12888	VG
12889	VG
12890	VG
12891	VG
12892	VG
12893	VG
12894	VG
12895	VG
12896	VG
12897	VG
12898	VG
12899	VG
12900	VG
12901	VG
12902	VG
12903	VG
12904	VG
12905	VG
12906	VG
12907	VG
12908	VG
12909	VG
12910	VG
12911	VG
12912	VG
12913	VG
12914	VG
12915	VG
12916	VG
12917	VG
12918	VG
12919	VG
12920	VG
12921	VG
12922	VG
12923	VG
12924	VG
12925	VG
12926	VG
12927	VG
12928	VG
12929	VG
12930	VG
12931	VG
12932	VG
12933	VG
12934	VG
12935	VG
12936	VG
12937	VG
12938	VG
12939	VG
12940	VG
12941	VG
12942	VG
12943	VG
12944	VG
12945	VG
12946	VG
12947	VG
12948	VG
12949	VG
12950	VG
12951	VG
12952	VG
12953	VG
12954	VG
12955	VG
12956	VG
12957	VG
12958	VG
12959	VG
12960	VG
12961	VG
12962	VG
12963	VG
12964	VG
12965	VG
12966	VG
12967	VG
12968	VG
12969	VG
12970	VG
12971	VG
12972	VG
12973	VG
12974	VG
12975	VG
12976	VG
12977	VG
12978	VG
12979	VG
12980	VG
12981	VG
12982	VG
12983	VG
12984	VG
12985	VG
12986	VG
12987	VG
12988	VG
12989	VG
12990	VG
12991	VG
12992	VG
12993	VG
12994	VG
12995	VG
12996	VG
12997	VG
12998	VG
12999	VG
13000	VG
13001	VG
13002	VG
13003	VG
13004	VG
13005	VG
13006	VG
13007	VG
13008	VG
13009	VG
13010	VG
13011	VG
13012	VG
13013	VG
13014	VG
13015	VG
13016	VG
13017	VG
13018	VG
13019	VG
13020	VG
13021	VG
13022	VG
13023	VG
13024	VG
13025	VG
13026	VG
13027	VG
13028	VG
13029	VG
13030	VG
13031	VG
13032	VG
13033	VG
13034	VG
13035	VG
13036	VG
13037	VG
13038	VG
13039	VG
13040	VG
13041	VG
13042	VG
13043	VG
13044	VG
13045	VG
13046	VG
13047	VG
13048	VG
13049	VG
13050	VG
13051	VG
13052	VG
13053	VG
13054	VG
13055	VG
13056	VG
13057	VG
13058	VG
13059	VG
13060	VG
13061	VG
13062	VG
13063	VG
13064	VG
13065	VG
13066	VG
13067	VG
13068	VG
13069	VG
13070	VG
13071	VG
13072	VG
13073	VG
13074	VG
13075	VG
13076	VG
13077	VG
13078	VG
13079	VG
13080	VG
13081	VG
13082	VG
13083	VG
13084	VG
13085	VG
13086	VG
13087	VG
13088	VG
13089	VG
13090	VG
13091	VG
13092	VG
13093	VG
13094	VG
13095	VG
13096	VG
13097	VG
13098	VG
13099	VG
13100	VG
13101	VG
13102	VG
13103	VG
13104	VG
13105	VG
13106	VG
13107	VG
13108	VG
13109	VG
13110	VG
13111	VG
13112	VG
13113	VG
13114	VG
13115	VG
13116	VG
13117	VG
13118	VG
13119	VG
13120	VG
13121	VG
13122	VG
13123	VG
13124	VG
13125	VG
13126	VG
13127	VG
13128	VG
13129	VG
13130	VG
13131	VG
13132	VG
13133	VG
13134	VG
13135	VG
13136	VG
13137	VG
13138	VG
13139	VG
13140	VG
13141	VG
13142	VG
13143	VG
13144	VG
13145	VG
13146	VG
13147	VG
13148	VG
13149	VG
13150	VG
13151	VG
13152	VG
13153	VG
13154	VG
13155	VG
13156	VG
13157	VG
13158	VG
13159	VG
13160	VG
13161	VG
13162	VG
13163	VG
13164	VG
13165	VG
13166	VG
13167	VG
13168	VG
13169	VG
13170	VG
13171	VG
13172	VG
13173	VG
13174	VG
13175	VG
13176	VG
13177	VG
13178	VG
13179	VG
13180	VG
13181	VG
13182	VG
13183	VG
13184	VG
13185	VG
13186	VG
13187	VG
13188	VG
13189	VG
13190	VG
13191	VG
13192	VG
13193	VG
13194	VG
13195	VG
13196	VG
13197	VG
13198	VG
13199	VG
13200	VG
13201	VG
13202	VG
13203	VG
13204	VG
13205	VG
13206	VG
13207	VG
13208	VG
13209	VG
13210	VG
13211	VG
13212	VG
13213	VG
13214	VG
13215	VG
13216	VG
13217	VG
13218	VG
13219	VG
13220	VG
13221	VG
13222	VG
13223	VG
13224	VG
13225	VG
13226	VG
13227	VG
13228	VG
13229	VG
13230	VG
13231	VG
13232	VG
13233	VG
13234	VG
13235	VG
13236	VG
13237	VG
13238	VG
13239	VG
13240	VG
13241	VG
13242	VG
13243	VG
13244	VG
13245	VG
13246	VG
13247	VG
13248	VG
13249	VG
13250	VG
13251	VG
13252	VG
13253	VG
13254	VG
13255	VG
13256	VG
13257	VG
13258	VG
13259	VG
13260	VG
13261	VG
13262	VG
13263	VG
13264	VG
13265	VG
13266	VG
13267	VG
13268	VG
13269	VG
13270	VG
13271	VG
13272	VG
13273	VG
13274	VG
13275	VG
13276	VG
13277	VG
13278	VG
13279	VG
13280	VG
13281	VG
13282	VG
13283	VG
13284	VG
13285	VG
13286	VG
13287	VG
13288	VG
13289	VG
13290	VG
13291	VG
13292	VG
13293	VG
13294	VG
13295	VG
13296	VG
13297	VG
13298	VG
13299	VG
13300	VG
13301	VG
13302	VG
13303	VG
13304	VG
13305	VG
13306	VG
13307	VG
13308	VG
13309	VG
13310	VG
13311	VG
13312	VG
13313	VG
13314	VG
13315	VG
13316	VG
13317	VG
13318	VG
13319	VG
13320	VG
13321	VG
13322	VG
13323	VG
13324	VG
13325	VG
13326	VG
13327	VG
13328	VG
13329	VG
13330	VG
13331	VG
13332	VG
13333	VG
13334	VG
13335	VG
13336	VG
13337	VG
13338	VG
13339	VG
13340	VG
13341	VG
13342	VG
13343	VG
13344	VG
13345	VG
13346	VG
13347	VG
13348	VG
13349	VG
13350	VG
13351	VG
13352	VG
13353	VG
13354	VG
13355	VG
13356	VG
13357	VG
13358	VG
13359	VG
13360	VG
13361	VG
13362	VG
13363	VG
13364	VG
13365	VG
13366	VG
13367	VG
13368	VG
13369	VG
13370	VG
13371	VG
13372	VG
13373	VG
13374	VG
13375	VG
13376	VG
13377	VG
13378	VG
13379	VG
13380	VG
13381	VG
13382	VG
13383	VG
13384	VG
13385	VG
13386	VG
13387	VG
13388	VG
13389	VG
13390	VG
13391	VG
13392	VG
13393	VG
13394	VG
13395	VG
13396	VG
13397	VG
13398	VG
13399	VG
13400	VG
13401	VG
13402	VG
13403	VG
13404	VG
13405	VG
13406	VG
13407	VG
13408	VG
13409	VG
13410	VG
13411	VG
13412	VG
13413	VG
13414	VG
13415	VG
13416	VG
13417	VG
13418	VG
13419	VG
13420	VG
13421	VG
13422	VG
13423	VG
13424	VG
13425	VG
13426	VG
13427	VG
13428	VG
13429	VG
13430	VG
13431	VG
13432	VG
13433	VG
13434	VG
13435	VG
13436	VG
13437	VG
13438	VG
13439	VG
13440	VG
13441	VG
13442	VG
13443	VG
13444	VG
13445	VG
13446	VG
13447	VG
13448	VG
13449	VG
13450	VG
13451	VG
13452	VG
13453	VG
13454	VG
13455	VG
13456	VG
13457	VG
13458	VG
13459	VG
13460	VG
13461	VG
13462	VG
13463	VG
13464	VG
13465	VG
13466	VG
13467	VG
13468	VG
13469	VG
13470	VG
13471	VG
13472	VG
13473	VG
13474	VG
13475	VG
13476	VG
13477	VG
13478	VG
13479	VG
13480	VG
13481	VG
13482	VG
13483	VG
13484	VG
13485	VG
13486	VG
13487	VG
13488	VG
13489	VG
13490	VG
13491	VG
13492	VG
13493	VG
13494	VG
13495	VG
13496	VG
13497	VG
13498	VG
13499	VG
13500	VG
13501	VG
13502	VG
13503	VG
13504	VG
13505	VG
13506	VG
13507	VG
13508	VG
13509	VG
13510	VG
13511	VG
13512	VG
13513	VG
13514	VG
13515	VG
13516	VG
13517	VG
13518	VG
13519	VG
13520	VG
13521	VG
13522	VG
13523	VG
13524	VG
13525	VG
13526	VG
13527	VG
13528	VG
13529	VG
13530	VG
13531	VG
13532	VG
13533	VG
13534	VG
13535	VG
13536	VG
13537	VG
13538	VG
13539	VG
13540	VG
13541	VG
13542	VG
13543	VG
13544	VG
13545	VG
13546	VG
13547	VG
13548	VG
13549	VG
13550	VG
13551	VG
13552	VG
13553	VG
13554	VG
13555	VG
13556	VG
13557	VG
13558	VG
13559	VG
13560	VG
13561	VG
13562	VG
13563	VG
13564	VG
13565	VG
13566	VG
13567	VG
13568	VG
13569	VG
13570	VG
13571	VG
13572	VG
13573	VG
13574	VG
13575	VG
13576	VG
13577	VG
13578	VG
13579	VG
13580	VG
13581	VG
13582	VG
13583	VG
13584	VG
13585	VG
13586	VG
13587	VG
13588	VG
13589	VG
13590	VG
13591	VG
13592	VG
13593	VG
13594	VG
13595	VG
13596	VG
13597	VG
13598	VG
13599	VG
13600	VG
13601	VG
13602	VG
13603	VG
13604	VG
13605	VG
13606	VG
13607	VG
13608	VG
13609	VG
13610	VG
13611	VG
13612	VG
13613	VG
13614	VG
13615	VG
13616	VG
13617	VG
13618	VG
13619	VG
13620	VG
13621	VG
13622	VG
13623	VG
13624	VG
13625	VG
13626	VG
13627	VG
13628	VG
13629	VG
13630	VG
13631	VG
13632	VG
13633	VG
13634	VG
13635	VG
13636	VG
13637	VG
13638	VG
13639	VG
13640	VG
13641	VG
13642	VG
13643	VG
13644	VG
13645	VG
13646	VG
13647	VG
13648	VG
13649	VG
13650	VG
13651	VG
13652	VG
13653	VG
13654	VG
13655	VG
13656	VG
13657	VG
13658	VG
13659	VG
13660	VG
13661	VG
13662	VG
13663	VG
13664	VG
13665	VG
13666	VG
13667	VG
13668	VG
13669	VG
13670	VG
13671	VG
13672	VG
13673	VG
13674	VG
13675	VG
13676	VG
13677	VG
13678	VG
13679	VG
13680	VG
13681	VG
13682	VG
13683	VG
13684	VG
13685	VG
13686	VG
13687	VG
13688	VG
13689	VG
13690	VG
13691	VG
13692	VG
13693	VG
13694	VG
13695	VG
13696	VG
13697	VG
13698	VG
13699	VG
13700	VG
13701	VG
13702	VG
13703	VG
13704	VG
13705	VG
13706	VG
13707	VG
13708	VG
13709	VG
13710	VG
13711	VG
13712	VG
13713	VG
13714	VG
13715	VG
13716	VG
13717	VG
13718	VG
13719	VG
13720	VG
13721	VG
13722	VG
13723	VG
13724	VG
13725	VG
13726	VG
13727	VG
13728	VG
13729	VG
13730	VG
13731	VG
13732	VG
13733	VG
13734	VG
13735	VG
13736	VG
13737	VG
13738	VG
13739	VG
13740	VG
13741	VG
13742	VG
13743	VG
13744	VG
13745	VG
13746	VG
13747	VG
13748	VG
13749	VG
13750	VG
13751	VG
13752	VG
13753	VG
13754	VG
13755	VG
13756	VG
13757	VG
13758	VG
13759	VG
13760	VG
13761	VG
13762	VG
13763	VG
13764	VG
13765	VG
13766	VG
13767	VG
13768	VG
13769	VG
13770	VG
13771	VG
13772	VG
13773	VG
13774	VG
13775	VG
13776	VG
13777	VG
13778	VG
13779	VG
13780	VG
13781	VG
13782	VG
13783	VG
13784	VG
13785	VG
13786	VG
13787	VG
13788	VG
13789	VG
13790	VG
13791	VG
13792	VG
13793	VG
13794	VG
13795	VG
13796	VG
13797	VG
13798	VG
13799	VG
13800	VG
13801	VG
13802	VG
13803	VG
13804	VG
13805	VG
13806	VG
13807	VG
13808	VG
13809	VG
13810	VG
13811	VG
13812	VG
13813	VG
13814	VG
13815	VG
13816	VG
13817	VG
13818	VG
13819	VG
13820	VG
13821	VG
13822	VG
13823	VG
13824	VG
13825	VG
13826	VG
13827	VG
13828	VG
13829	VG
13830	VG
13831	VG
13832	VG
13833	VG
13834	VG
13835	VG
13836	VG
13837	VG
13838	VG
13839	VG
13840	VG
13841	VG
13842	VG
13843	VG
13844	VG
13845	VG
13846	VG
13847	VG
13848	VG
13849	VG
13850	VG
13851	VG
13852	VG
13853	VG
13854	VG
13855	VG
13856	VG
13857	VG
13858	VG
13859	VG
13860	VG
13861	VG
13862	VG
13863	VG
13864	VG
13865	VG
13866	VG
13867	VG
13868	VG
13869	VG
13870	VG
13871	VG
13872	VG
13873	VG
13874	VG
13875	VG
13876	VG
13877	VG
13878	VG
13879	VG
13880	VG
13881	VG
13882	VG
13883	VG
13884	VG
13885	VG
13886	VG
13887	VG
13888	VG
13889	VG
13890	VG
13891	VG
13892	VG
13893	VG
13894	VG
13895	VG
13896	VG
13897	VG
13898	VG
13899	VG
13900	VG
13901	VG
13902	VG
13903	VG
13904	VG
13905	VG
13906	VG
13907	VG
13908	VG
13909	VG
13910	VG
13911	VG
13912	VG
13913	VG
13914	VG
13915	VG
13916	VG
13917	VG
13918	VG
13919	VG
13920	VG
13921	VG
13922	VG
13923	VG
13924	VG
13925	VG
13926	VG
13927	VG
13928	VG
13929	VG
13930	VG
13931	VG
13932	VG
13933	VG
13934	VG
13935	VG
13936	VG
13937	VG
13938	VG
13939	VG
13940	VG
13941	VG
13942	VG
13943	VG
13944	VG
13945	VG
13946	VG
13947	VG
13948	VG
13949	VG
13950	VG
13951	VG
13952	VG
13953	VG
13954	VG
13955	VG
13956	VG
13957	VG
13958	VG
13959	VG
13960	VG
13961	VG
13962	VG
13963	VG
13964	VG
13965	VG
13966	VG
13967	VG
13968	VG
13969	VG
13970	VG
13971	VG
13972	VG
13973	VG
13974	VG
13975	VG
13976	VG
13977	VG
13978	VG
13979	VG
13980	VG
13981	VG
13982	VG
13983	VG
13984	VG
13985	VG
13986	VG
13987	VG
13988	VG
13989	VG
13990	VG
13991	VG
13992	VG
13993	VG
13994	VG
13995	VG
13996	VG
13997	VG
13998	VG
13999	VG
14000	VG
14001	VG
14002	VG
14003	VG
14004	VG
14005	VG
14006	VG
14007	VG
14008	VG
14009	VG
14010	VG
14011	VG
14012	VG
14013	VG
14014	VG
14015	VG
14016	VG
14017	VG
14018	VG
14019	VG
14020	VG
14021	VG
14022	VG
14023	VG
14024	VG
14025	VG
14026	VG
14027	VG
14028	VG
14029	VG
14030	VG
14031	VG
14032	VG
14033	VG
14034	VG
14035	VG
14036	VG
14037	VG
14038	VG
14039	VG
14040	VG
14041	VG
14042	VG
14043	VG
14044	VG
14045	VG
14046	VG
14047	VG
14048	VG
14049	VG
14050	VG
14051	VG
14052	VG
14053	VG
14054	VG
14055	VG
14056	VG
14057	VG
14058	VG
14059	VG
14060	VG
14061	VG
14062	VG
14063	VG
14064	VG
14065	VG
14066	VG
14067	VG
14068	VG
14069	VG
14070	VG
14071	VG
14072	VG
14073	VG
14074	VG
14075	VG
14076	VG
14077	VG
14078	VG
14079	VG
14080	VG
14081	VG
14082	VG
14083	VG
14084	VG
14085	VG
14086	VG
14087	VG
14088	VG
14089	VG
14090	VG
14091	VG
14092	VG
14093	VG
14094	VG
14095	VG
14096	VG
14097	VG
14098	VG
14099	VG
14100	VG
14101	VG
14102	VG
14103	VG
14104	VG
14105	VG
14106	VG
14107	VG
14108	VG
14109	VG
14110	VG
14111	VG
14112	VG
14113	VG
14114	VG
14115	VG
14116	VG
14117	VG
14118	VG
14119	VG
14120	VG
14121	VG
14122	VG
14123	VG
14124	VG
14125	VG
14126	VG
14127	VG
14128	VG
14129	VG
14130	VG
14131	VG
14132	VG
14133	VG
14134	VG
14135	VG
14136	VG
14137	VG
14138	VG
14139	VG
14140	VG
14141	VG
14142	VG
14143	VG
14144	VG
14145	VG
14146	VG
14147	VG
14148	VG
14149	VG
14150	VG
14151	VG
14152	VG
14153	VG
14154	VG
14155	VG
14156	VG
14157	VG
14158	VG
14159	VG
14160	VG
14161	VG
14162	VG
14163	VG
14164	VG
14165	VG
14166	VG
14167	VG
14168	VG
14169	VG
14170	VG
14171	VG
14172	VG
14173	VG
14174	VG
14175	VG
14176	VG
14177	VG
14178	VG
14179	VG
14180	VG
14181	VG
14182	VG
14183	VG
14184	VG
14185	VG
14186	VG
14187	VG
14188	VG
14189	VG
14190	VG
14191	VG
14192	VG
14193	VG
14194	VG
14195	VG
14196	VG
14197	VG
14198	VG
14199	VG
14200	VG
14201	VG
14202	VG
14203	VG
14204	VG
14205	VG
14206	VG
14207	VG
14208	VG
14209	VG
14210	VG
14211	VG
14212	VG
14213	VG
14214	VG
14215	VG
14216	VG
14217	VG
14218	VG
14219	VG
14220	VG
14221	VG
14222	VG
14223	VG
14224	VG
14225	VG
14226	VG
14227	VG
14228	VG
14229	VG
14230	VG
14231	VG
14232	VG
14233	VG
14234	VG
14235	VG
14236	VG
14237	VG
14238	VG
14239	VG
14240	VG
14241	VG
14242	VG
14243	VG
14244	VG
14245	VG
14246	VG
14247	VG
14248	VG
14249	VG
14250	VG
14251	VG
14252	VG
14253	VG
14254	VG
14255	VG
14256	VG
14257	VG
14258	VG
14259	VG
14260	VG
14261	VG
14262	VG
14263	VG
14264	VG
14265	VG
14266	VG
14267	VG
14268	VG
14269	VG
14270	VG
14271	VG
14272	VG
14273	VG
14274	VG
14275	VG
14276	VG
14277	VG
14278	VG
14279	VG
14280	VG
14281	VG
14282	VG
14283	VG
14284	VG
14285	VG
14286	VG
14287	VG
14288	VG
14289	VG
14290	VG
14291	VG
14292	VG
14293	VG
14294	VG
14295	VG
14296	VG
14297	VG
14298	VG
14299	VG
14300	VG
14301	VG
14302	VG
14303	VG
14304	VG
14305	VG
14306	VG
14307	VG
14308	VG
14309	VG
14310	VG
14311	VG
14312	VG
14313	VG
14314	VG
14315	VG
14316	VG
14317	VG
14318	VG
14319	VG
14320	VG
14321	VG
14322	VG
14323	VG
14324	VG
14325	VG
14326	VG
14327	VG
14328	VG
14329	VG
14330	VG
14331	VG
14332	VG
14333	VG
14334	VG
14335	VG
14336	VG
14337	VG
14338	VG
14339	VG
14340	VG
14341	VG
14342	VG
14343	VG
14344	VG
14345	VG
14346	VG
14347	VG
14348	VG
14349	VG
14350	VG
14351	VG
14352	VG
14353	VG
14354	VG
14355	VG
14356	VG
14357	VG
14358	VG
14359	VG
14360	VG
14361	VG
14362	VG
14363	VG
14364	VG
14365	VG
14366	VG
14367	VG
14368	VG
14369	VG
14370	VG
14371	VG
14372	VG
14373	VG
14374	VG
14375	VG
14376	VG
14377	VG
14378	VG
14379	VG
14380	VG
14381	VG
14382	VG
14383	VG
14384	VG
14385	VG
14386	VG
14387	VG
14388	VG
14389	VG
14390	VG
14391	VG
14392	VG
14393	VG
14394	VG
14395	VG
14396	VG
14397	VG
14398	VG
14399	VG
14400	VG
14401	VG
14402	VG
14403	VG
14404	VG
14405	VG
14406	VG
14407	VG
14408	VG
14409	VG
14410	VG
14411	VG
14412	VG
14413	VG
14414	VG
14415	VG
14416	VG
14417	VG
14418	VG
14419	VG
14420	VG
14421	VG
14422	VG
14423	VG
14424	VG
14425	VG
14426	VG
14427	VG
14428	VG
14429	VG
14430	VG
14431	VG
14432	VG
14433	VG
14434	VG
14435	VG
14436	VG
14437	VG
14438	VG
14439	VG
14440	VG
14441	VG
14442	VG
14443	VG
14444	VG
14445	VG
14446	VG
14447	VG
14448	VG
14449	VG
14450	VG
14451	VG
14452	VG
14453	VG
14454	VG
14455	VG
14456	VG
14457	VG
14458	VG
14459	VG
14460	VG
14461	VG
14462	VG
14463	VG
14464	VG
14465	VG
14466	VG
14467	VG
14468	VG
14469	VG
14470	VG
14471	VG
14472	VG
14473	VG
14474	VG
14475	VG
14476	VG
14477	VG
14478	VG
14479	VG
14480	VG
14481	VG
14482	VG
14483	VG
14484	VG
14485	VG
14486	VG
14487	VG
14488	VG
14489	VG
14490	VG
14491	VG
14492	VG
14493	VG
14494	VG
14495	VG
14496	VG
14497	VG
14498	VG
14499	VG
14500	VG
14501	VG
14502	VG
14503	VG
14504	VG
14505	VG
14506	VG
14507	VG
14508	VG
14509	VG
14510	VG
14511	VG
14512	VG
14513	VG
14514	VG
14515	VG
14516	VG
14517	VG
14518	VG
14519	VG
14520	VG
14521	VG
14522	VG
14523	VG
14524	VG
14525	VG
14526	VG
14527	VG
14528	VG
14529	VG
14530	VG
14531	VG
14532	VG
14533	VG
14534	VG
14535	VG
14536	VG
14537	VG
14538	VG
14539	VG
14540	VG
14541	VG
14542	VG
14543	VG
14544	VG
14545	VG
14546	VG
14547	VG
14548	VG
14549	VG
14550	VG
14551	VG
14552	VG
14553	VG
14554	VG
14555	VG
14556	VG
14557	VG
14558	VG
14559	VG
14560	VG
14561	VG
14562	VG
14563	VG
14564	VG
14565	VG
14566	VG
14567	VG
14568	VG
14569	VG
14570	VG
14571	VG
14572	VG
14573	VG
14574	VG
14575	VG
14576	VG
14577	VG
14578	VG
14579	VG
14580	VG
14581	VG
14582	VG
14583	VG
14584	VG
14585	VG
14586	VG
14587	VG
14588	VG
14589	VG
14590	VG
14591	VG
14592	VG
14593	VG
14594	VG
14595	VG
14596	VG
14597	VG
14598	VG
14599	VG
14600	VG
14601	VG
14602	VG
14603	VG
14604	VG
14605	VG
14606	VG
14607	VG
14608	VG
14609	VG
14610	VG
14611	VG
14612	VG
14613	VG
14614	VG
14615	VG
14616	VG
14617	VG
14618	VG
14619	VG
14620	VG
14621	VG
14622	VG
14623	VG
14624	VG
14625	VG
14626	VG
14627	VG
14628	VG
14629	VG
14630	VG
14631	VG
14632	VG
14633	VG
14634	VG
14635	VG
14636	VG
14637	VG
14638	VG
14639	VG
14640	VG
14641	VG
14642	VG
14643	VG
14644	VG
14645	VG
14646	VG
14647	VG
14648	VG
14649	VG
14650	VG
14651	VG
14652	VG
14653	VG
14654	VG
14655	VG
14656	VG
14657	VG
14658	VG
14659	VG
14660	VG
14661	VG
14662	VG
14663	VG
14664	VG
14665	VG
14666	VG
14667	VG
14668	VG
14669	VG
14670	VG
14671	VG
14672	VG
14673	VG
14674	VG
14675	VG
14676	VG
14677	VG
14678	VG
14679	VG
14680	VG
14681	VG
14682	VG
14683	VG
14684	VG
14685	VG
14686	VG
14687	VG
14688	VG
14689	VG
14690	VG
14691	VG
14692	VG
14693	VG
14694	VG
14695	VG
14696	VG
14697	VG
14698	VG
14699	VG
14700	VG
14701	VG
14702	VG
14703	VG
14704	VG
14705	VG
14706	VG
14707	VG
14708	VG
14709	VG
14710	VG
14711	VG
14712	VG
14713	VG
14714	VG
14715	VG
14716	VG
14717	VG
14718	VG
14719	VG
14720	VG
14721	VG
14722	VG
14723	VG
14724	VG
14725	VG
14726	VG
14727	VG
14728	VG
14729	VG
14730	VG
14731	VG
14732	VG
14733	VG
14734	VG
14735	VG
14736	VG
14737	VG
14738	VG
14739	VG
14740	VG
14741	VG
14742	VG
14743	VG
14744	VG
14745	VG
14746	VG
14747	VG
14748	VG
14749	VG
14750	VG
14751	VG
14752	VG
14753	VG
14754	VG
14755	VG
14756	VG
14757	VG
14758	VG
14759	VG
14760	VG
14761	VG
14762	VG
14763	VG
14764	VG
14765	VG
14766	VG
14767	VG
14768	VG
14769	VG
14770	VG
14771	VG
14772	VG
14773	VG
14774	VG
14775	VG
14776	VG
14777	VG
14778	VG
14779	VG
14780	VG
14781	VG
14782	VG
14783	VG
14784	VG
14785	VG
14786	VG
14787	VG
14788	VG
14789	VG
14790	VG
14791	VG
14792	VG
14793	VG
14794	VG
14795	VG
14796	VG
14797	VG
14798	VG
14799	VG
14800	VG
14801	VG
14802	VG
14803	VG
14804	VG
14805	VG
14806	VG
14807	VG
14808	VG
14809	VG
14810	VG
14811	VG
14812	VG
14813	VG
14814	VG
14815	VG
14816	VG
14817	VG
14818	VG
14819	VG
14820	VG
14821	VG
14822	VG
14823	VG
14824	VG
14825	VG
14826	VG
14827	VG
14828	VG
14829	VG
14830	VG
14831	VG
14832	VG
14833	VG
14834	VG
14835	VG
14836	VG
14837	VG
14838	VG
14839	VG
14840	VG
14841	VG
14842	VG
14843	VG
14844	VG
14845	VG
14846	VG
14847	VG
14848	VG
14849	VG
14850	VG
14851	VG
14852	VG
14853	VG
14854	VG
14855	VG
14856	VG
14857	VG
14858	VG
14859	VG
14860	VG
14861	VG
14862	VG
14863	VG
14864	VG
14865	VG
14866	VG
14867	VG
14868	VG
14869	VG
14870	VG
14871	VG
14872	VG
14873	VG
14874	VG
14875	VG
14876	VG
14877	VG
14878	VG
14879	VG
14880	VG
14881	VG
14882	VG
14883	VG
14884	VG
14885	VG
14886	VG
14887	VG
14888	VG
14889	VG
14890	VG
14891	VG
14892	VG
14893	VG
14894	VG
14895	VG
14896	VG
14897	VG
14898	VG
14899	VG
14900	VG
14901	VG
14902	VG
14903	VG
14904	VG
14905	VG
14906	VG
14907	VG
14908	VG
14909	VG
14910	VG
14911	VG
14912	VG
14913	VG
14914	VG
14915	VG
14916	VG
14917	VG
14918	VG
14919	VG
14920	VG
14921	VG
14922	VG
14923	VG
14924	VG
14925	VG
14926	VG
14927	VG
14928	VG
14929	VG
14930	VG
14931	VG
14932	VG
14933	VG
14934	VG
14935	VG
14936	VG
14937	VG
14938	VG
14939	VG
14940	VG
14941	VG
14942	VG
14943	VG
14944	VG
14945	VG
14946	VG
14947	VG
14948	VG
14949	VG
14950	VG
14951	VG
14952	VG
14953	VG
14954	VG
14955	VG
14956	VG
14957	VG
14958	VG
14959	VG
14960	VG
14961	VG
14962	VG
14963	VG
14964	VG
14965	VG
14966	VG
14967	VG
14968	VG
14969	VG
14970	VG
14971	VG
14972	VG
14973	VG
14974	VG
14975	VG
14976	VG
14977	VG
14978	VG
14979	VG
14980	VG
14981	VG
14982	VG
14983	VG
14984	VG
14985	VG
14986	VG
14987	VG
14988	VG
14989	VG
14990	VG
14991	VG
14992	VG
14993	VG
14994	VG
14995	VG
14996	VG
14997	VG
14998	VG
14999	VG
15000	VG
15001	VG
15002	VG
15003	VG
15004	VG
15005	VG
15006	VG
15007	VG
15008	VG
15009	VG
15010	VG
15011	VG
15012	VG
15013	VG
15014	VG
15015	VG
15016	VG
15017	VG
15018	VG
15019	VG
15020	VG
15021	VG
15022	VG
15023	VG
15024	VG
15025	VG
15026	VG
15027	VG
15028	VG
15029	VG
15030	VG
15031	VG
15032	VG
15033	VG
15034	VG
15035	VG
15036	VG
15037	VG
15038	VG
15039	VG
15040	VG
15041	VG
15042	VG
15043	VG
15044	VG
15045	VG
15046	VG
15047	VG
15048	VG
15049	VG
15050	VG
15051	VG
15052	VG
15053	VG
15054	VG
15055	VG
15056	VG
15057	VG
15058	VG
15059	VG
15060	VG
15061	VG
15062	VG
15063	VG
15064	VG
15065	VG
15066	VG
15067	VG
15068	VG
15069	VG
15070	VG
15071	VG
15072	VG
15073	VG
15074	VG
15075	VG
15076	VG
15077	VG
15078	VG
15079	VG
15080	VG
15081	VG
15082	VG
15083	VG
15084	VG
15085	VG
15086	VG
15087	VG
15088	VG
15089	VG
15090	VG
15091	VG
15092	VG
15093	VG
15094	VG
15095	VG
15096	VG
15097	VG
15098	VG
15099	VG
15100	VG
15101	VG
15102	VG
15103	VG
15104	VG
15105	VG
15106	VG
15107	VG
15108	VG
15109	VG
15110	VG
15111	VG
15112	VG
15113	VG
15114	VG
15115	VG
15116	VG
15117	VG
15118	VG
15119	VG
15120	VG
15121	VG
15122	VG
15123	VG
15124	VG
15125	VG
15126	VG
15127	VG
15128	VG
15129	VG
15130	VG
15131	VG
15132	VG
15133	VG
15134	VG
15135	VG
15136	VG
15137	VG
15138	VG
15139	VG
15140	VG
15141	VG
15142	VG
15143	VG
15144	VG
15145	VG
15146	VG
15147	VG
15148	VG
15149	VG
15150	VG
15151	VG
15152	VG
15153	VG
15154	VG
15155	VG
15156	VG
15157	VG
15158	VG
15159	VG
15160	VG
15161	VG
15162	VG
15163	VG
15164	VG
15165	VG
15166	VG
15167	VG
15168	VG
15169	VG
15170	VG
15171	VG
15172	VG
15173	VG
15174	VG
15175	VG
15176	VG
15177	VG
15178	VG
15179	VG
15180	VG
15181	VG
15182	VG
15183	VG
15184	VG
15185	VG
15186	VG
15187	VG
15188	VG
15189	VG
15190	VG
15191	VG
15192	VG
15193	VG
15194	VG
15195	VG
15196	VG
15197	VG
15198	VG
15199	VG
15200	VG
15201	VG
15202	VG
15203	VG
15204	VG
15205	VG
15206	VG
15207	VG
15208	VG
15209	VG
15210	VG
15211	VG
15212	VG
15213	VG
15214	VG
15215	VG
15216	VG
15217	VG
15218	VG
15219	VG
15220	VG
15221	VG
15222	VG
15223	VG
15224	VG
15225	VG
15226	VG
15227	VG
15228	VG
15229	VG
15230	VG
15231	VG
15232	VG
15233	VG
15234	VG
15235	VG
15236	VG
15237	VG
15238	VG
15239	VG
15240	VG
15241	VG
15242	VG
15243	VG
15244	VG
15245	VG
15246	VG
15247	VG
15248	VG
15249	VG
15250	VG
15251	VG
15252	VG
15253	VG
15254	VG
15255	VG
15256	VG
15257	VG
15258	VG
15259	VG
15260	VG
15261	VG
15262	VG
15263	VG
15264	VG
15265	VG
15266	VG
15267	VG
15268	VG
15269	VG
15270	VG
15271	VG
15272	VG
15273	VG
15274	VG
15275	VG
15276	VG
15277	VG
15278	VG
15279	VG
15280	VG
15281	VG
15282	VG
15283	VG
15284	VG
15285	VG
15286	VG
15287	VG
15288	VG
15289	VG
15290	VG
15291	VG
15292	VG
15293	VG
15294	VG
15295	VG
15296	VG
15297	VG
15298	VG
15299	VG
15300	VG
15301	VG
15302	VG
15303	VG
15304	VG
15305	VG
15306	VG
15307	VG
15308	VG
15309	VG
15310	VG
15311	VG
15312	VG
15313	VG
15314	VG
15315	VG
15316	VG
15317	VG
15318	VG
15319	VG
15320	VG
15321	VG
15322	VG
15323	VG
15324	VG
15325	VG
15326	VG
15327	VG
15328	VG
15329	VG
15330	VG
15331	VG
15332	VG
15333	VG
15334	VG
15335	VG
15336	VG
15337	VG
15338	VG
15339	VG
15340	VG
15341	VG
15342	VG
15343	VG
15344	VG
15345	VG
15346	VG
15347	VG
15348	VG
15349	VG
15350	VG
15351	VG
15352	VG
15353	VG
15354	VG
15355	VG
15356	VG
15357	VG
15358	VG
15359	VG
15360	VG
15361	VG
15362	VG
15363	VG
15364	VG
15365	VG
15366	VG
15367	VG
15368	VG
15369	VG
15370	VG
15371	VG
15372	VG
15373	VG
15374	VG
15375	VG
15376	VG
15377	VG
15378	VG
15379	VG
15380	VG
15381	VG
15382	VG
15383	VG
15384	VG
15385	VG
15386	VG
15387	VG
15388	VG
15389	VG
15390	VG
15391	VG
15392	VG
15393	VG
15394	VG
15395	VG
15396	VG
15397	VG
15398	VG
15399	VG
15400	VG
15401	VG
15402	VG
15403	VG
15404	VG
15405	VG
15406	VG
15407	VG
15408	VG
15409	VG
15410	VG
15411	VG
15412	VG
15413	VG
15414	VG
15415	VG
15416	VG
15417	VG
15418	VG
15419	VG
15420	VG
15421	VG
15422	VG
15423	VG
15424	VG
15425	VG
15426	VG
15427	VG
15428	VG
15429	VG
15430	VG
15431	VG
15432	VG
15433	VG
15434	VG
15435	VG
15436	VG
15437	VG
15438	VG
15439	VG
15440	VG
15441	VG
15442	VG
15443	VG
15444	VG
15445	VG
15446	VG
15447	VG
15448	VG
15449	VG
15450	VG
15451	VG
15452	VG
15453	VG
15454	VG
15455	VG
15456	VG
15457	VG
15458	VG
15459	VG
15460	VG
15461	VG
15462	VG
15463	VG
15464	VG
15465	VG
15466	VG
15467	VG
15468	VG
15469	VG
15470	VG
15471	VG
15472	VG
15473	VG
15474	VG
15475	VG
15476	VG
15477	VG
15478	VG
15479	VG
15480	VG
15481	VG
15482	VG
15483	VG
15484	VG
15485	VG
15486	VG
15487	VG
15488	VG
15489	VG
15490	VG
15491	VG
15492	VG
15493	VG
15494	VG
15495	VG
15496	VG
15497	VG
15498	VG
15499	VG
15500	VG
15501	VG
15502	VG
15503	VG
15504	VG
15505	VG
15506	VG
15507	VG
15508	VG
15509	VG
15510	VG
15511	VG
15512	VG
15513	VG
15514	VG
15515	VG
15516	VG
15517	VG
15518	VG
15519	VG
15520	VG
15521	VG
15522	VG
15523	VG
15524	VG
15525	VG
15526	VG
15527	VG
15528	VG
15529	VG
15530	VG
15531	VG
15532	VG
15533	VG
15534	VG
15535	VG
15536	VG
15537	VG
15538	VG
15539	VG
15540	VG
15541	VG
15542	VG
15543	VG
15544	VG
15545	VG
15546	VG
15547	VG
15548	VG
15549	VG
15550	VG
15551	VG
15552	VG
15553	VG
15554	VG
15555	VG
15556	VG
15557	VG
15558	VG
15559	VG
15560	VG
15561	VG
15562	VG
15563	VG
15564	VG
15565	VG
15566	VG
15567	VG
15568	VG
15569	VG
15570	VG
15571	VG
15572	VG
15573	VG
15574	VG
15575	VG
15576	VG
15577	VG
15578	VG
15579	VG
15580	VG
15581	VG
15582	VG
15583	VG
15584	VG
15585	VG
15586	VG
15587	VG
15588	VG
15589	VG
15590	VG
15591	VG
15592	VG
15593	VG
15594	VG
15595	VG
15596	VG
15597	VG
15598	VG
15599	VG
15600	VG
15601	VG
15602	VG
15603	VG
15604	VG
15605	VG
15606	VG
15607	VG
15608	VG
15609	VG
15610	VG
15611	VG
15612	VG
15613	VG
15614	VG
15615	VG
15616	VG
15617	VG
15618	VG
15619	VG
15620	VG
15621	VG
15622	VG
15623	VG
15624	VG
15625	VG
15626	VG
15627	VG
15628	VG
15629	VG
15630	VG
15631	VG
15632	VG
15633	VG
15634	VG
15635	VG
15636	VG
15637	VG
15638	VG
15639	VG
15640	VG
15641	VG
15642	VG
15643	VG
15644	VG
15645	VG
15646	VG
15647	VG
15648	VG
15649	VG
15650	VG
15651	VG
15652	VG
15653	VG
15654	VG
15655	VG
15656	VG
15657	VG
15658	VG
15659	VG
15660	VG
15661	VG
15662	VG
15663	VG
15664	VG
15665	VG
15666	VG
15667	VG
15668	VG
15669	VG
15670	VG
15671	VG
15672	VG
15673	VG
15674	VG
15675	VG
15676	VG
15677	VG
15678	VG
15679	VG
15680	VG
15681	VG
15682	VG
15683	VG
15684	VG
15685	VG
15686	VG
15687	VG
15688	VG
15689	VG
15690	VG
15691	VG
15692	VG
15693	VG
15694	VG
15695	VG
15696	VG
15697	VG
15698	VG
15699	VG
15700	VG
15701	VG
15702	VG
15703	VG
15704	VG
15705	VG
15706	VG
15707	VG
15708	VG
15709	VG
15710	VG
15711	VG
15712	VG
15713	VG
15714	VG
15715	VG
15716	VG
15717	VG
15718	VG
15719	VG
15720	VG
15721	VG
15722	VG
15723	VG
15724	VG
15725	VG
15726	VG
15727	VG
15728	VG
15729	VG
15730	VG
15731	VG
15732	VG
15733	VG
15734	VG
15735	VG
15736	VG
15737	VG
15738	VG
15739	VG
15740	VG
15741	VG
15742	VG
15743	VG
15744	VG
15745	VG
15746	VG
15747	VG
15748	VG
15749	VG
15750	VG
15751	VG
15752	VG
15753	VG
15754	VG
15755	VG
15756	VG
15757	VG
15758	VG
15759	VG
15760	VG
15761	VG
15762	VG
15763	VG
15764	VG
15765	VG
15766	VG
15767	VG
15768	VG
15769	VG
15770	VG
15771	VG
15772	VG
15773	VG
15774	VG
15775	VG
15776	VG
15777	VG
15778	VG
15779	VG
15780	VG
15781	VG
15782	VG
15783	VG
15784	VG
15785	VG
15786	VG
15787	VG
15788	VG
15789	VG
15790	VG
15791	VG
15792	VG
15793	VG
15794	VG
15795	VG
15796	VG
15797	VG
15798	VG
15799	VG
15800	VG
15801	VG
15802	VG
15803	VG
15804	VG
15805	VG
15806	VG
15807	VG
15808	VG
15809	VG
15810	VG
15811	VG
15812	VG
15813	VG
15814	VG
15815	VG
15816	VG
15817	VG
15818	VG
15819	VG
15820	VG
15821	VG
15822	VG
15823	VG
15824	VG
15825	VG
15826	VG
15827	VG
15828	VG
15829	VG
15830	VG
15831	VG
15832	VG
15833	VG
15834	VG
15835	VG
15836	VG
15837	VG
15838	VG
15839	VG
15840	VG
15841	VG
15842	VG
15843	VG
15844	VG
15845	VG
15846	VG
15847	VG
15848	VG
15849	VG
15850	VG
15851	VG
15852	VG
15853	VG
15854	VG
15855	VG
15856	VG
15857	VG
15858	VG
15859	VG
15860	VG
15861	VG
15862	VG
15863	VG
15864	VG
15865	VG
15866	VG
15867	VG
15868	VG
15869	VG
15870	VG
15871	VG
15872	VG
15873	VG
15874	VG
15875	VG
15876	VG
15877	VG
15878	VG
15879	VG
15880	VG
15881	VG
15882	VG
15883	VG
15884	VG
15885	VG
15886	VG
15887	VG
15888	VG
15889	VG
15890	VG
15891	VG
15892	VG
15893	VG
15894	VG
15895	VG
15896	VG
15897	VG
15898	VG
15899	VG
15900	VG
15901	VG
15902	VG
15903	VG
15904	VG
15905	VG
15906	VG
15907	VG
15908	VG
15909	VG
15910	VG
15911	VG
15912	VG
15913	VG
15914	VG
15915	VG
15916	VG
15917	VG
15918	VG
15919	VG
15920	VG
15921	VG
15922	VG
15923	VG
15924	VG
15925	VG
15926	VG
15927	VG
15928	VG
15929	VG
15930	VG
15931	VG
15932	VG
15933	VG
15934	VG
15935	VG
15936	VG
15937	VG
15938	VG
15939	VG
15940	VG
15941	VG
15942	VG
15943	VG
15944	VG
15945	VG
15946	VG
15947	VG
15948	VG
15949	VG
15950	VG
15951	VG
15952	VG
15953	VG
15954	VG
15955	VG
15956	VG
15957	VG
15958	VG
15959	VG
15960	VG
15961	VG
15962	VG
15963	VG
15964	VG
15965	VG
15966	VG
15967	VG
15968	VG
15969	VG
15970	VG
15971	VG
15972	VG
15973	VG
15974	VG
15975	VG
15976	VG
15977	VG
15978	VG
15979	VG
15980	VG
15981	VG
15982	VG
15983	VG
15984	VG
15985	VG
15986	VG
15987	VG
15988	VG
15989	VG
15990	VG
15991	VG
15992	VG
15993	VG
15994	VG
15995	VG
15996	VG
15997	VG
15998	VG
15999	VG
16000	VG
16001	VG
16002	VG
16003	VG
16004	VG
16005	VG
16006	VG
16007	VG
16008	VG
16009	VG
16010	VG
16011	VG
16012	VG
16013	VG
16014	VG
16015	VG
16016	VG
16017	VG
16018	VG
16019	VG
16020	VG
16021	VG
16022	VG
16023	VG
16024	VG
16025	VG
16026	VG
16027	VG
16028	VG
16029	VG
16030	VG
16031	VG
16032	VG
16033	VG
16034	VG
16035	VG
16036	VG
16037	VG
16038	VG
16039	VG
16040	VG
16041	VG
16042	VG
16043	VG
16044	VG
16045	VG
16046	VG
16047	VG
16048	VG
16049	VG
16050	VG
16051	VG
16052	VG
16053	VG
16054	VG
16055	VG
16056	VG
16057	VG
16058	VG
16059	VG
16060	VG
16061	VG
16062	VG
16063	VG
16064	VG
16065	VG
16066	VG
16067	VG
16068	VG
16069	VG
16070	VG
16071	VG
16072	VG
16073	VG
16074	VG
16075	VG
16076	VG
16077	VG
16078	VG
16079	VG
16080	VG
16081	VG
16082	VG
16083	VG
16084	VG
16085	VG
16086	VG
16087	VG
16088	VG
16089	VG
16090	VG
16091	VG
16092	VG
16093	VG
16094	VG
16095	VG
16096	VG
16097	VG
16098	VG
16099	VG
16100	VG
16101	VG
16102	VG
16103	VG
16104	VG
16105	VG
16106	VG
16107	VG
16108	VG
16109	VG
16110	VG
16111	VG
16112	VG
16113	VG
16114	VG
16115	VG
16116	VG
16117	VG
16118	VG
16119	VG
16120	VG
16121	VG
16122	VG
16123	VG
16124	VG
16125	VG
16126	VG
16127	VG
16128	VG
16129	VG
16130	VG
16131	VG
16132	VG
16133	VG
16134	VG
16135	VG
16136	VG
16137	VG
16138	VG
16139	VG
16140	VG
16141	VG
16142	VG
16143	VG
16144	VG
16145	VG
16146	VG
16147	VG
16148	VG
16149	VG
16150	VG
16151	VG
16152	VG
16153	VG
16154	VG
16155	VG
16156	VG
16157	VG
16158	VG
16159	VG
16160	VG
16161	VG
16162	VG
16163	VG
16164	VG
16165	VG
16166	VG
16167	VG
16168	VG
16169	VG
16170	VG
16171	VG
16172	VG
16173	VG
16174	VG
16175	VG
16176	VG
16177	VG
16178	VG
16179	VG
16180	VG
16181	VG
16182	VG
16183	VG
16184	VG
16185	VG
16186	VG
16187	VG
16188	VG
16189	VG
16190	VG
16191	VG
16192	VG
16193	VG
16194	VG
16195	VG
16196	VG
16197	VG
16198	VG
16199	VG
16200	VG
16201	VG
16202	VG
16203	VG
16204	VG
16205	VG
16206	VG
16207	VG
16208	VG
16209	VG
16210	VG
16211	VG
16212	VG
16213	VG
16214	VG
16215	VG
16216	VG
16217	VG
16218	VG
16219	VG
16220	VG
16221	VG
16222	VG
16223	VG
16224	VG
16225	VG
16226	VG
16227	VG
16228	VG
16229	VG
16230	VG
16231	VG
16232	VG
16233	VG
16234	VG
16235	VG
16236	VG
16237	VG
16238	VG
16239	VG
16240	VG
16241	VG
16242	VG
16243	VG
16244	VG
16245	VG
16246	VG
16247	VG
16248	VG
16249	VG
16250	VG
16251	VG
16252	VG
16253	VG
16254	VG
16255	VG
16256	VG
16257	VG
16258	VG
16259	VG
16260	VG
16261	VG
16262	VG
16263	VG
16264	VG
16265	VG
16266	VG
16267	VG
16268	VG
16269	VG
16270	VG
16271	VG
16272	VG
16273	VG
16274	VG
16275	VG
16276	VG
16277	VG
16278	VG
16279	VG
16280	VG
16281	VG
16282	VG
16283	VG
16284	VG
16285	VG
16286	VG
16287	VG
16288	VG
16289	VG
16290	VG
16291	VG
16292	VG
16293	VG
16294	VG
16295	VG
16296	VG
16297	VG
16298	VG
16299	VG
16300	VG
16301	VG
16302	VG
16303	VG
16304	VG
16305	VG
16306	VG
16307	VG
16308	VG
16309	VG
16310	VG
16311	VG
16312	VG
16313	VG
16314	VG
16315	VG
16316	VG
16317	VG
16318	VG
16319	VG
16320	VG
16321	VG
16322	VG
16323	VG
16324	VG
16325	VG
16326	VG
16327	VG
16328	VG
16329	VG
16330	VG
16331	VG
16332	VG
16333	VG
16334	VG
16335	VG
16336	VG
16337	VG
16338	VG
16339	VG
16340	VG
16341	VG
16342	VG
16343	VG
16344	VG
16345	VG
16346	VG
16347	VG
16348	VG
16349	VG
16350	VG
16351	VG
16352	VG
16353	VG
16354	VG
16355	VG
16356	VG
16357	VG
16358	VG
16359	VG
16360	VG
16361	VG
16362	VG
16363	VG
16364	VG
16365	VG
16366	VG
16367	VG
16368	VG
16369	VG
16370	VG
16371	VG
16372	VG
16373	VG
16374	VG
16375	VG
16376	VG
16377	VG
16378	VG
16379	VG
16380	VG
16381	VG
16382	VG
16383	VG
16384	VG
16385	VG
16386	VG
16387	VG
16388	VG
16389	VG
16390	VG
16391	VG
16392	VG
16393	VG
16394	VG
16395	VG
16396	VG
16397	VG
16398	VG
16399	VG
16400	VG
16401	VG
16402	VG
16403	VG
16404	VG
16405	VG
16406	VG
16407	VG
16408	VG
16409	VG
16410	VG
16411	VG
16412	VG
16413	VG
16414	VG
16415	VG
16416	VG
16417	VG
16418	VG
16419	VG
16420	VG
16421	VG
16422	VG
16423	VG
16424	VG
16425	VG
16426	VG
16427	VG
16428	VG
16429	VG
16430	VG
16431	VG
16432	VG
16433	VG
16434	VG
16435	VG
16436	VG
16437	VG
16438	VG
16439	VG
16440	VG
16441	VG
16442	VG
16443	VG
16444	VG
16445	VG
16446	VG
16447	VG
16448	VG
16449	VG
16450	VG
16451	VG
16452	VG
16453	VG
16454	VG
16455	VG
16456	VG
16457	VG
16458	VG
16459	VG
16460	VG
16461	VG
16462	VG
16463	VG
16464	VG
16465	VG
16466	VG
16467	VG
16468	VG
16469	VG
16470	VG
16471	VG
16472	VG
16473	VG
16474	VG
16475	VG
16476	VG
16477	VG
16478	VG
16479	VG
16480	VG
16481	VG
16482	VG
16483	VG
16484	VG
16485	VG
16486	VG
16487	VG
16488	VG
16489	VG
16490	VG
16491	VG
16492	VG
16493	VG
16494	VG
16495	VG
16496	VG
16497	VG
16498	VG
16499	VG
16500	VG
16501	VG
16502	VG
16503	VG
16504	VG
16505	VG
16506	VG
16507	VG
16508	VG
16509	VG
16510	VG
16511	VG
16512	VG
16513	VG
16514	VG
16515	VG
16516	VG
16517	VG
16518	VG
16519	VG
16520	VG
16521	VG
16522	VG
16523	VG
16524	VG
16525	VG
16526	VG
16527	VG
16528	VG
16529	VG
16530	VG
16531	VG
16532	VG
16533	VG
16534	VG
16535	VG
16536	VG
16537	VG
16538	VG
16539	VG
16540	VG
16541	VG
16542	VG
16543	VG
16544	VG
16545	VG
16546	VG
16547	VG
16548	VG
16549	VG
16550	VG
16551	VG
16552	VG
16553	VG
16554	VG
16555	VG
16556	VG
16557	VG
16558	VG
16559	VG
16560	VG
16561	VG
16562	VG
16563	VG
16564	VG
16565	VG
16566	VG
16567	VG
16568	VG
16569	VG
16570	VG
16571	VG
16572	VG
16573	VG
16574	VG
16575	VG
16576	VG
16577	VG
16578	VG
16579	VG
16580	VG
16581	VG
16582	VG
16583	VG
16584	VG
16585	VG
16586	VG
16587	VG
16588	VG
16589	VG
16590	VG
16591	VG
16592	VG
16593	VG
16594	VG
16595	VG
16596	VG
16597	VG
16598	VG
16599	VG
16600	VG
16601	VG
16602	VG
16603	VG
16604	VG
16605	VG
16606	VG
16607	VG
16608	VG
16609	VG
16610	VG
16611	VG
16612	VG
16613	VG
16614	VG
16615	VG
16616	VG
16617	VG
16618	VG
16619	VG
16620	VG
16621	VG
16622	VG
16623	VG
16624	VG
16625	VG
16626	VG
16627	VG
16628	VG
16629	VG
16630	VG
16631	VG
16632	VG
16633	VG
16634	VG
16635	VG
16636	VG
16637	VG
16638	VG
16639	VG
16640	VG
16641	VG
16642	VG
16643	VG
16644	VG
16645	VG
16646	VG
16647	VG
16648	VG
16649	VG
16650	VG
16651	VG
16652	VG
16653	VG
16654	VG
16655	VG
16656	VG
16657	VG
16658	VG
16659	VG
16660	VG
16661	VG
16662	VG
16663	VG
16664	VG
16665	VG
16666	VG
16667	VG
16668	VG
16669	VG
16670	VG
16671	VG
16672	VG
16673	VG
16674	VG
16675	VG
16676	VG
16677	VG
16678	VG
16679	VG
16680	VG
16681	VG
16682	VG
16683	VG
16684	VG
16685	VG
16686	VG
16687	VG
16688	VG
16689	VG
16690	VG
16691	VG
16692	VG
16693	VG
16694	VG
16695	VG
16696	VG
16697	VG
16698	VG
16699	VG
16700	VG
16701	VG
16702	VG
16703	VG
16704	VG
16705	VG
16706	VG
16707	VG
16708	VG
16709	VG
16710	VG
16711	VG
16712	VG
16713	VG
16714	VG
16715	VG
16716	VG
16717	VG
16718	VG
16719	VG
16720	VG
16721	VG
16722	VG
16723	VG
16724	VG
16725	VG
16726	VG
16727	VG
16728	VG
16729	VG
16730	VG
16731	VG
16732	VG
16733	VG
16734	VG
16735	VG
16736	VG
16737	VG
16738	VG
16739	VG
16740	VG
16741	VG
16742	VG
16743	VG
16744	VG
16745	VG
16746	VG
16747	VG
16748	VG
16749	VG
16750	VG
16751	VG
16752	VG
16753	VG
16754	VG
16755	VG
16756	VG
16757	VG
16758	VG
16759	VG
16760	VG
16761	VG
16762	VG
16763	VG
16764	VG
16765	VG
16766	VG
16767	VG
16768	VG
16769	VG
16770	VG
16771	VG
16772	VG
16773	VG
16774	VG
16775	VG
16776	VG
16777	VG
16778	VG
16779	VG
16780	VG
16781	VG
16782	VG
16783	VG
16784	VG
16785	VG
16786	VG
16787	VG
16788	VG
16789	VG
16790	VG
16791	VG
16792	VG
16793	VG
16794	VG
16795	VG
16796	VG
16797	VG
16798	VG
16799	VG
16800	VG
16801	VG
16802	VG
16803	VG
16804	VG
16805	VG
16806	VG
16807	VG
16808	VG
16809	VG
16810	VG
16811	VG
16812	VG
16813	VG
16814	VG
16815	VG
16816	VG
16817	VG
16818	VG
16819	VG
16820	VG
16821	VG
16822	VG
16823	VG
16824	VG
16825	VG
16826	VG
16827	VG
16828	VG
16829	VG
16830	VG
16831	VG
16832	VG
16833	VG
16834	VG
16835	VG
16836	VG
16837	VG
16838	VG
16839	VG
16840	VG
16841	VG
16842	VG
16843	VG
16844	VG
16845	VG
16846	VG
16847	VG
16848	VG
16849	VG
16850	VG
16851	VG
16852	VG
16853	VG
16854	VG
16855	VG
16856	VG
16857	VG
16858	VG
16859	VG
16860	VG
16861	VG
16862	VG
16863	VG
16864	VG
16865	VG
16866	VG
16867	VG
16868	VG
16869	VG
16870	VG
16871	VG
16872	VG
16873	VG
16874	VG
16875	VG
16876	VG
16877	VG
16878	VG
16879	VG
16880	VG
16881	VG
16882	VG
16883	VG
16884	VG
16885	VG
16886	VG
16887	VG
16888	VG
16889	VG
16890	VG
16891	VG
16892	VG
16893	VG
16894	VG
16895	VG
16896	VG
16897	VG
16898	VG
16899	VG
16900	VG
16901	VG
16902	VG
16903	VG
16904	VG
16905	VG
16906	VG
16907	VG
16908	VG
16909	VG
16910	VG
16911	VG
16912	VG
16913	VG
16914	VG
16915	VG
16916	VG
16917	VG
16918	VG
16919	VG
16920	VG
16921	VG
16922	VG
16923	VG
16924	VG
16925	VG
16926	VG
16927	VG
16928	VG
16929	VG
16930	VG
16931	VG
16932	VG
16933	VG
16934	VG
16935	VG
16936	VG
16937	VG
16938	VG
16939	VG
16940	VG
16941	VG
16942	VG
16943	VG
16944	VG
16945	VG
16946	VG
16947	VG
16948	VG
16949	VG
16950	VG
16951	VG
16952	VG
16953	VG
16954	VG
16955	VG
16956	VG
16957	VG
16958	VG
16959	VG
16960	VG
16961	VG
16962	VG
16963	VG
16964	VG
16965	VG
16966	VG
16967	VG
16968	VG
16969	VG
16970	VG
16971	VG
16972	VG
16973	VG
16974	VG
16975	VG
16976	VG
16977	VG
16978	VG
16979	VG
16980	VG
16981	VG
16982	VG
16983	VG
16984	VG
16985	VG
16986	VG
16987	VG
16988	VG
16989	VG
16990	VG
16991	VG
16992	VG
16993	VG
16994	VG
16995	VG
16996	VG
16997	VG
16998	VG
16999	VG
17000	VG
17001	VG
17002	VG
17003	VG
17004	VG
17005	VG
17006	VG
17007	VG
17008	VG
17009	VG
17010	VG
17011	VG
17012	VG
17013	VG
17014	VG
17015	VG
17016	VG
17017	VG
17018	VG
17019	VG
17020	VG
17021	VG
17022	VG
17023	VG
17024	VG
17025	VG
17026	VG
17027	VG
17028	VG
17029	VG
17030	VG
17031	VG
17032	VG
17033	VG
17034	VG
17035	VG
17036	VG
17037	VG
17038	VG
17039	VG
17040	VG
17041	VG
17042	VG
17043	VG
17044	VG
17045	VG
17046	VG
17047	VG
17048	VG
17049	VG
17050	VG
17051	VG
17052	VG
17053	VG
17054	VG
17055	VG
17056	VG
17057	VG
17058	VG
17059	VG
17060	VG
17061	VG
17062	VG
17063	VG
17064	VG
17065	VG
17066	VG
17067	VG
17068	VG
17069	VG
17070	VG
17071	VG
17072	VG
17073	VG
17074	VG
17075	VG
17076	VG
17077	VG
17078	VG
17079	VG
17080	VG
17081	VG
17082	VG
17083	VG
17084	VG
17085	VG
17086	VG
17087	VG
17088	VG
17089	VG
17090	VG
17091	VG
17092	VG
17093	VG
17094	VG
17095	VG
17096	VG
17097	VG
17098	VG
17099	VG
17100	VG
17101	VG
17102	VG
17103	VG
17104	VG
17105	VG
17106	VG
17107	VG
17108	VG
17109	VG
17110	VG
17111	VG
17112	VG
17113	VG
17114	VG
17115	VG
17116	VG
17117	VG
17118	VG
17119	VG
17120	VG
17121	VG
17122	VG
17123	VG
17124	VG
17125	VG
17126	VG
17127	VG
17128	VG
17129	VG
17130	VG
17131	VG
17132	VG
17133	VG
17134	VG
17135	VG
17136	VG
17137	VG
17138	VG
17139	VG
17140	VG
17141	VG
17142	VG
17143	VG
17144	VG
17145	VG
17146	VG
17147	VG
17148	VG
17149	VG
17150	VG
17151	VG
17152	VG
17153	VG
17154	VG
17155	VG
17156	VG
17157	VG
17158	VG
17159	VG
17160	VG
17161	VG
17162	VG
17163	VG
17164	VG
17165	VG
17166	VG
17167	VG
17168	VG
17169	VG
17170	VG
17171	VG
17172	VG
17173	VG
17174	VG
17175	VG
17176	VG
17177	VG
17178	VG
17179	VG
17180	VG
17181	VG
17182	VG
17183	VG
17184	VG
17185	VG
17186	VG
17187	VG
17188	VG
17189	VG
17190	VG
17191	VG
17192	VG
17193	VG
17194	VG
17195	VG
17196	VG
17197	VG
17198	VG
17199	VG
17200	VG
17201	VG
17202	VG
17203	VG
17204	VG
17205	VG
17206	VG
17207	VG
17208	VG
17209	VG
17210	VG
17211	VG
17212	VG
17213	VG
17214	VG
17215	VG
17216	VG
17217	VG
17218	VG
17219	VG
17220	VG
17221	VG
17222	VG
17223	VG
17224	VG
17225	VG
17226	VG
17227	VG
17228	VG
17229	VG
17230	VG
17231	VG
17232	VG
17233	VG
17234	VG
17235	VG
17236	VG
17237	VG
17238	VG
17239	VG
17240	VG
17241	VG
17242	VG
17243	VG
17244	VG
17245	VG
17246	VG
17247	VG
17248	VG
17249	VG
17250	VG
17251	VG
17252	VG
17253	VG
17254	VG
17255	VG
17256	VG
17257	VG
17258	VG
17259	VG
17260	VG
17261	VG
17262	VG
17263	VG
17264	VG
17265	VG
17266	VG
17267	VG
17268	VG
17269	VG
17270	VG
17271	VG
17272	VG
17273	VG
17274	VG
17275	VG
17276	VG
17277	VG
17278	VG
17279	VG
17280	VG
17281	VG
17282	VG
17283	VG
17284	VG
17285	VG
17286	VG
17287	VG
17288	VG
17289	VG
17290	VG
17291	VG
17292	VG
17293	VG
17294	VG
17295	VG
17296	VG
17297	VG
17298	VG
17299	VG
17300	VG
17301	VG
17302	VG
17303	VG
17304	VG
17305	VG
17306	VG
17307	VG
17308	VG
17309	VG
17310	VG
17311	VG
17312	VG
17313	VG
17314	VG
17315	VG
17316	VG
17317	VG
17318	VG
17319	VG
17320	VG
17321	VG
17322	VG
17323	VG
17324	VG
17325	VG
17326	VG
17327	VG
17328	VG
17329	VG
17330	VG
17331	VG
17332	VG
17333	VG
17334	VG
17335	VG
17336	VG
17337	VG
17338	VG
17339	VG
17340	VG
17341	VG
17342	VG
17343	VG
17344	VG
17345	VG
17346	VG
17347	VG
17348	VG
17349	VG
17350	VG
17351	VG
17352	VG
17353	VG
17354	VG
17355	VG
17356	VG
17357	VG
17358	VG
17359	VG
17360	VG
17361	VG
17362	VG
17363	VG
17364	VG
17365	VG
17366	VG
17367	VG
17368	VG
17369	VG
17370	VG
17371	VG
17372	VG
17373	VG
17374	VG
17375	VG
17376	VG
17377	VG
17378	VG
17379	VG
17380	VG
17381	VG
17382	VG
17383	VG
17384	VG
17385	VG
17386	VG
17387	VG
17388	VG
17389	VG
17390	VG
17391	VG
17392	VG
17393	VG
17394	VG
17395	VG
17396	VG
17397	VG
17398	VG
17399	VG
17400	VG
17401	VG
17402	VG
17403	VG
17404	VG
17405	VG
17406	VG
17407	VG
17408	VG
17409	VG
17410	VG
17411	VG
17412	VG
17413	VG
17414	VG
17415	VG
17416	VG
17417	VG
17418	VG
17419	VG
17420	VG
17421	VG
17422	VG
17423	VG
17424	VG
17425	VG
17426	VG
17427	VG
17428	VG
17429	VG
17430	VG
17431	VG
17432	VG
17433	VG
17434	VG
17435	VG
17436	VG
17437	VG
17438	VG
17439	VG
17440	VG
17441	VG
17442	VG
17443	VG
17444	VG
17445	VG
17446	VG
17447	VG
17448	VG
17449	VG
17450	VG
17451	VG
17452	VG
17453	VG
17454	VG
17455	VG
17456	VG
17457	VG
17458	VG
17459	VG
17460	VG
17461	VG
17462	VG
17463	VG
17464	VG
17465	VG
17466	VG
17467	VG
17468	VG
17469	VG
17470	VG
17471	VG
17472	VG
17473	VG
17474	VG
17475	VG
17476	VG
17477	VG
17478	VG
17479	VG
17480	VG
17481	VG
17482	VG
17483	VG
17484	VG
17485	VG
17486	VG
17487	VG
17488	VG
17489	VG
17490	VG
17491	VG
17492	VG
17493	VG
17494	VG
17495	VG
17496	VG
17497	VG
17498	VG
17499	VG
17500	VG
17501	VG
17502	VG
17503	VG
17504	VG
17505	VG
17506	VG
17507	VG
17508	VG
17509	VG
17510	VG
17511	VG
17512	VG
17513	VG
17514	VG
17515	VG
17516	VG
17517	VG
17518	VG
17519	VG
17520	VG
17521	VG
17522	VG
17523	VG
17524	VG
17525	VG
17526	VG
17527	VG
17528	VG
17529	VG
17530	VG
17531	VG
17532	VG
17533	VG
17534	VG
17535	VG
17536	VG
17537	VG
17538	VG
17539	VG
17540	VG
17541	VG
17542	VG
17543	VG
17544	VG
17545	VG
17546	VG
17547	VG
17548	VG
17549	VG
17550	VG
17551	VG
17552	VG
17553	VG
17554	VG
17555	VG
17556	VG
17557	VG
17558	VG
17559	VG
17560	VG
17561	VG
17562	VG
17563	VG
17564	VG
17565	VG
17566	VG
17567	VG
17568	VG
17569	VG
17570	VG
17571	VG
17572	VG
17573	VG
17574	VG
17575	VG
17576	VG
17577	VG
17578	VG
17579	VG
17580	VG
17581	VG
17582	VG
17583	VG
17584	VG
17585	VG
17586	VG
17587	VG
17588	VG
17589	VG
17590	VG
17591	VG
17592	VG
17593	VG
17594	VG
17595	VG
17596	VG
17597	VG
17598	VG
17599	VG
17600	VG
17601	VG
17602	VG
17603	VG
17604	VG
17605	VG
17606	VG
17607	VG
17608	VG
17609	VG
17610	VG
17611	VG
17612	VG
17613	VG
17614	VG
17615	VG
17616	VG
17617	VG
17618	VG
17619	VG
17620	VG
17621	VG
17622	VG
17623	VG
17624	VG
17625	VG
17626	VG
17627	VG
17628	VG
17629	VG
17630	VG
17631	VG
17632	VG
17633	VG
17634	VG
17635	VG
17636	VG
17637	VG
17638	VG
17639	VG
17640	VG
17641	VG
17642	VG
17643	VG
17644	VG
17645	VG
17646	VG
17647	VG
17648	VG
17649	VG
17650	VG
17651	VG
17652	VG
17653	VG
17654	VG
17655	VG
17656	VG
17657	VG
17658	VG
17659	VG
17660	VG
17661	VG
17662	VG
17663	VG
17664	VG
17665	VG
17666	VG
17667	VG
17668	VG
17669	VG
17670	VG
17671	VG
17672	VG
17673	VG
17674	VG
17675	VG
17676	VG
17677	VG
17678	VG
17679	VG
17680	VG
17681	VG
17682	VG
17683	VG
17684	VG
17685	VG
17686	VG
17687	VG
17688	VG
17689	VG
17690	VG
17691	VG
17692	VG
17693	VG
17694	VG
17695	VG
17696	VG
17697	VG
17698	VG
17699	VG
17700	VG
17701	VG
17702	VG
17703	VG
17704	VG
17705	VG
17706	VG
17707	VG
17708	VG
17709	VG
17710	VG
17711	VG
17712	VG
17713	VG
17714	VG
17715	VG
17716	VG
17717	VG
17718	VG
17719	VG
17720	VG
17721	VG
17722	VG
17723	VG
17724	VG
17725	VG
17726	VG
17727	VG
17728	VG
17729	VG
17730	VG
17731	VG
17732	VG
17733	VG
17734	VG
17735	VG
17736	VG
17737	VG
17738	VG
17739	VG
17740	VG
17741	VG
17742	VG
17743	VG
17744	VG
17745	VG
17746	VG
17747	VG
17748	VG
17749	VG
17750	VG
17751	VG
17752	VG
17753	VG
17754	VG
17755	VG
17756	VG
17757	VG
17758	VG
17759	VG
17760	VG
17761	VG
17762	VG
17763	VG
17764	VG
17765	VG
17766	VG
17767	VG
17768	VG
17769	VG
17770	VG
17771	VG
17772	VG
17773	VG
17774	VG
17775	VG
17776	VG
17777	VG
17778	VG
17779	VG
17780	VG
17781	VG
17782	VG
17783	VG
17784	VG
17785	VG
17786	VG
17787	VG
17788	VG
17789	VG
17790	VG
17791	VG
17792	VG
17793	VG
17794	VG
17795	VG
17796	VG
17797	VG
17798	VG
17799	VG
17800	VG
17801	VG
17802	VG
17803	VG
17804	VG
17805	VG
17806	VG
17807	VG
17808	VG
17809	VG
17810	VG
17811	VG
17812	VG
17813	VG
17814	VG
17815	VG
17816	VG
17817	VG
17818	VG
17819	VG
17820	VG
17821	VG
17822	VG
17823	VG
17824	VG
17825	VG
17826	VG
17827	VG
17828	VG
17829	VG
17830	VG
17831	VG
17832	VG
17833	VG
17834	VG
17835	VG
17836	VG
17837	VG
17838	VG
17839	VG
17840	VG
17841	VG
17842	VG
17843	VG
17844	VG
17845	VG
17846	VG
17847	VG
17848	VG
17849	VG
17850	VG
17851	VG
17852	VG
17853	VG
17854	VG
17855	VG
17856	VG
17857	VG
17858	VG
17859	VG
17860	VG
17861	VG
17862	VG
17863	VG
17864	VG
17865	VG
17866	VG
17867	VG
17868	VG
17869	VG
17870	VG
17871	VG
17872	VG
17873	VG
17874	VG
17875	VG
17876	VG
17877	VG
17878	VG
17879	VG
17880	VG
17881	VG
17882	VG
17883	VG
17884	VG
17885	VG
17886	VG
17887	VG
17888	VG
17889	VG
17890	VG
17891	VG
17892	VG
17893	VG
17894	VG
17895	VG
17896	VG
17897	VG
17898	VG
17899	VG
17900	VG
17901	VG
17902	VG
17903	VG
17904	VG
17905	VG
17906	VG
17907	VG
17908	VG
17909	VG
17910	VG
17911	VG
17912	VG
17913	VG
17914	VG
17915	VG
17916	VG
17917	VG
17918	VG
17919	VG
17920	VG
17921	VG
17922	VG
17923	VG
17924	VG
17925	VG
17926	VG
17927	VG
17928	VG
17929	VG
17930	VG
17931	VG
17932	VG
17933	VG
17934	VG
17935	VG
17936	VG
17937	VG
17938	VG
17939	VG
17940	VG
17941	VG
17942	VG
17943	VG
17944	VG
17945	VG
17946	VG
17947	VG
17948	VG
17949	VG
17950	VG
17951	VG
17952	VG
17953	VG
17954	VG
17955	VG
17956	VG
17957	VG
17958	VG
17959	VG
17960	VG
17961	VG
17962	VG
17963	VG
17964	VG
17965	VG
17966	VG
17967	VG
17968	VG
17969	VG
17970	VG
17971	VG
17972	VG
17973	VG
17974	VG
17975	VG
17976	VG
17977	VG
17978	VG
17979	VG
17980	VG
17981	VG
17982	VG
17983	VG
17984	VG
17985	VG
17986	VG
17987	VG
17988	VG
17989	VG
17990	VG
17991	VG
17992	VG
17993	VG
17994	VG
17995	VG
17996	VG
17997	VG
17998	VG
17999	VG
18000	VG
18001	VG
18002	VG
18003	VG
18004	VG
18005	VG
18006	VG
18007	VG
18008	VG
18009	VG
18010	VG
18011	VG
18012	VG
18013	VG
18014	VG
18015	VG
18016	VG
18017	VG
18018	VG
18019	VG
18020	VG
18021	VG
18022	VG
18023	VG
18024	VG
18025	VG
18026	VG
18027	VG
18028	VG
18029	VG
18030	VG
18031	VG
18032	VG
18033	VG
18034	VG
18035	VG
18036	VG
18037	VG
18038	VG
18039	VG
18040	VG
18041	VG
18042	VG
18043	VG
18044	VG
18045	VG
18046	VG
18047	VG
18048	VG
18049	VG
18050	VG
18051	VG
18052	VG
18053	VG
18054	VG
18055	VG
18056	VG
18057	VG
18058	VG
18059	VG
18060	VG
18061	VG
18062	VG
18063	VG
18064	VG
18065	VG
18066	VG
18067	VG
18068	VG
18069	VG
18070	VG
18071	VG
18072	VG
18073	VG
18074	VG
18075	VG
18076	VG
18077	VG
18078	VG
18079	VG
18080	VG
18081	VG
18082	VG
18083	VG
18084	VG
18085	VG
18086	VG
18087	VG
18088	VG
18089	VG
18090	VG
18091	VG
18092	VG
18093	VG
18094	VG
18095	VG
18096	VG
18097	VG
18098	VG
18099	VG
18100	VG
18101	VG
18102	VG
18103	VG
18104	VG
18105	VG
18106	VG
18107	VG
18108	VG
18109	VG
18110	VG
18111	VG
18112	VG
18113	VG
18114	VG
18115	VG
18116	VG
18117	VG
18118	VG
18119	VG
18120	VG
18121	VG
18122	VG
18123	VG
18124	VG
18125	VG
18126	VG
18127	VG
18128	VG
18129	VG
18130	VG
18131	VG
18132	VG
18133	VG
18134	VG
18135	VG
18136	VG
18137	VG
18138	VG
18139	VG
18140	VG
18141	VG
18142	VG
18143	VG
18144	VG
18145	VG
18146	VG
18147	VG
18148	VG
18149	VG
18150	VG
18151	VG
18152	VG
18153	VG
18154	VG
18155	VG
18156	VG
18157	VG
18158	VG
18159	VG
18160	VG
18161	VG
18162	VG
18163	VG
18164	VG
18165	VG
18166	VG
18167	VG
18168	VG
18169	VG
18170	VG
18171	VG
18172	VG
18173	VG
18174	VG
18175	VG
18176	VG
18177	VG
18178	VG
18179	VG
18180	VG
18181	VG
18182	VG
18183	VG
18184	VG
18185	VG
18186	VG
18187	VG
18188	VG
18189	VG
18190	VG
18191	VG
18192	VG
18193	VG
18194	VG
18195	VG
18196	VG
18197	VG
18198	VG
18199	VG
18200	VG
18201	VG
18202	VG
18203	VG
18204	VG
18205	VG
18206	VG
18207	VG
18208	VG
18209	VG
18210	VG
18211	VG
18212	VG
18213	VG
18214	VG
18215	VG
18216	VG
18217	VG
18218	VG
18219	VG
18220	VG
18221	VG
18222	VG
18223	VG
18224	VG
18225	VG
18226	VG
18227	VG
18228	VG
18229	VG
18230	VG
18231	VG
18232	VG
18233	VG
18234	VG
18235	VG
18236	VG
18237	VG
18238	VG
18239	VG
18240	VG
18241	VG
18242	VG
18243	VG
18244	VG
18245	VG
18246	VG
18247	VG
18248	VG
18249	VG
18250	VG
18251	VG
18252	VG
18253	VG
18254	VG
18255	VG
18256	VG
18257	VG
18258	VG
18259	VG
18260	VG
18261	VG
18262	VG
18263	VG
18264	VG
18265	VG
18266	VG
18267	VG
18268	VG
18269	VG
18270	VG
18271	VG
18272	VG
18273	VG
18274	VG
18275	VG
18276	VG
18277	VG
18278	VG
18279	VG
18280	VG
18281	VG
18282	VG
18283	VG
18284	VG
18285	VG
18286	VG
18287	VG
18288	VG
18289	VG
18290	VG
18291	VG
18292	VG
18293	VG
18294	VG
18295	VG
18296	VG
18297	VG
18298	VG
18299	VG
18300	VG
18301	VG
18302	VG
18303	VG
18304	VG
18305	VG
18306	VG
18307	VG
18308	VG
18309	VG
18310	VG
18311	VG
18312	VG
18313	VG
18314	VG
18315	VG
18316	VG
18317	VG
18318	VG
18319	VG
18320	VG
18321	VG
18322	VG
18323	VG
18324	VG
18325	VG
18326	VG
18327	VG
18328	VG
18329	VG
18330	VG
18331	VG
18332	VG
18333	VG
18334	VG
18335	VG
18336	VG
18337	VG
18338	VG
18339	VG
18340	VG
18341	VG
18342	VG
18343	VG
18344	VG
18345	VG
18346	VG
18347	VG
18348	VG
18349	VG
18350	VG
18351	VG
18352	VG
18353	VG
18354	VG
18355	VG
18356	VG
18357	VG
18358	VG
18359	VG
18360	VG
18361	VG
18362	VG
18363	VG
18364	VG
18365	VG
18366	VG
18367	VG
18368	VG
18369	VG
18370	VG
18371	VG
18372	VG
18373	VG
18374	VG
18375	VG
18376	VG
18377	VG
18378	VG
18379	VG
18380	VG
18381	VG
18382	VG
18383	VG
18384	VG
18385	VG
18386	VG
18387	VG
18388	VG
18389	VG
18390	VG
18391	VG
18392	VG
18393	VG
18394	VG
18395	VG
18396	VG
18397	VG
18398	VG
18399	VG
18400	VG
18401	VG
18402	VG
18403	VG
18404	VG
18405	VG
18406	VG
18407	VG
18408	VG
18409	VG
18410	VG
18411	VG
18412	VG
18413	VG
18414	VG
18415	VG
18416	VG
18417	VG
18418	VG
18419	VG
18420	VG
18421	VG
18422	VG
18423	VG
18424	VG
18425	VG
18426	VG
18427	VG
18428	VG
18429	VG
18430	VG
18431	VG
18432	VG
18433	VG
18434	VG
18435	VG
18436	VG
18437	VG
18438	VG
18439	VG
18440	VG
18441	VG
18442	VG
18443	VG
18444	VG
18445	VG
18446	VG
18447	VG
18448	VG
18449	VG
18450	VG
18451	VG
18452	VG
18453	VG
18454	VG
18455	VG
18456	VG
18457	VG
18458	VG
18459	VG
18460	VG
18461	VG
18462	VG
18463	VG
18464	VG
18465	VG
18466	VG
18467	VG
18468	VG
18469	VG
18470	VG
18471	VG
18472	VG
18473	VG
18474	VG
18475	VG
18476	VG
18477	VG
18478	VG
18479	VG
18480	VG
18481	VG
18482	VG
18483	VG
18484	VG
18485	VG
18486	VG
18487	VG
18488	VG
18489	VG
18490	VG
18491	VG
18492	VG
18493	VG
18494	VG
18495	VG
18496	VG
18497	VG
18498	VG
18499	VG
18500	VG
18501	VG
18502	VG
18503	VG
18504	VG
18505	VG
18506	VG
18507	VG
18508	VG
18509	VG
18510	VG
18511	VG
18512	VG
18513	VG
18514	VG
18515	VG
18516	VG
18517	VG
18518	VG
18519	VG
18520	VG
18521	VG
18522	VG
18523	VG
18524	VG
18525	VG
18526	VG
18527	VG
18528	VG
18529	VG
18530	VG
18531	VG
18532	VG
18533	VG
18534	VG
18535	VG
18536	VG
18537	VG
18538	VG
18539	VG
18540	VG
18541	VG
18542	VG
18543	VG
18544	VG
18545	VG
18546	VG
18547	VG
18548	VG
18549	VG
18550	VG
18551	VG
18552	VG
18553	VG
18554	VG
18555	VG
18556	VG
18557	VG
18558	VG
18559	VG
18560	VG
18561	VG
18562	VG
18563	VG
18564	VG
18565	VG
18566	VG
18567	VG
18568	VG
18569	VG
18570	VG
18571	VG
18572	VG
18573	VG
18574	VG
18575	VG
18576	VG
18577	VG
18578	VG
18579	VG
18580	VG
18581	VG
18582	VG
18583	VG
18584	VG
18585	VG
18586	VG
18587	VG
18588	VG
18589	VG
18590	VG
18591	VG
18592	VG
18593	VG
18594	VG
18595	VG
18596	VG
18597	VG
18598	VG
18599	VG
18600	VG
18601	VG
18602	VG
18603	VG
18604	VG
18605	VG
18606	VG
18607	VG
18608	VG
18609	VG
18610	VG
18611	VG
18612	VG
18613	VG
18614	VG
18615	VG
18616	VG
18617	VG
18618	VG
18619	VG
18620	VG
18621	VG
18622	VG
18623	VG
18624	VG
18625	VG
18626	VG
18627	VG
18628	VG
18629	VG
18630	VG
18631	VG
18632	VG
18633	VG
18634	VG
18635	VG
18636	VG
18637	VG
18638	VG
18639	VG
18640	VG
18641	VG
18642	VG
18643	VG
18644	VG
18645	VG
18646	VG
18647	VG
18648	VG
18649	VG
18650	VG
18651	VG
18652	VG
18653	VG
18654	VG
18655	VG
18656	VG
18657	VG
18658	VG
18659	VG
18660	VG
18661	VG
18662	VG
18663	VG
18664	VG
18665	VG
18666	VG
18667	VG
18668	VG
18669	VG
18670	VG
18671	VG
18672	VG
18673	VG
18674	VG
18675	VG
18676	VG
18677	VG
18678	VG
18679	VG
18680	VG
18681	VG
18682	VG
18683	VG
18684	VG
18685	VG
18686	VG
18687	VG
18688	VG
18689	VG
18690	VG
18691	VG
18692	VG
18693	VG
18694	VG
18695	VG
18696	VG
18697	VG
18698	VG
18699	VG
18700	VG
18701	VG
18702	VG
18703	VG
18704	VG
18705	VG
18706	VG
18707	VG
18708	VG
18709	VG
18710	VG
18711	VG
18712	VG
18713	VG
18714	VG
18715	VG
18716	VG
18717	VG
18718	VG
18719	VG
18720	VG
18721	VG
18722	VG
18723	VG
18724	VG
18725	VG
18726	VG
18727	VG
18728	VG
18729	VG
18730	VG
18731	VG
18732	VG
18733	VG
18734	VG
18735	VG
18736	VG
18737	VG
18738	VG
18739	VG
18740	VG
18741	VG
18742	VG
18743	VG
18744	VG
18745	VG
18746	VG
18747	VG
18748	VG
18749	VG
18750	VG
18751	VG
18752	VG
18753	VG
18754	VG
18755	VG
18756	VG
18757	VG
18758	VG
18759	VG
18760	VG
18761	VG
18762	VG
18763	VG
18764	VG
18765	VG
18766	VG
18767	VG
18768	VG
18769	VG
18770	VG
18771	VG
18772	VG
18773	VG
18774	VG
18775	VG
18776	VG
18777	VG
18778	VG
18779	VG
18780	VG
18781	VG
18782	VG
18783	VG
18784	VG
18785	VG
18786	VG
18787	VG
18788	VG
18789	VG
18790	VG
18791	VG
18792	VG
18793	VG
18794	VG
18795	VG
18796	VG
18797	VG
18798	VG
18799	VG
18800	VG
18801	VG
18802	VG
18803	VG
18804	VG
18805	VG
18806	VG
18807	VG
18808	VG
18809	VG
18810	VG
18811	VG
18812	VG
18813	VG
18814	VG
18815	VG
18816	VG
18817	VG
18818	VG
18819	VG
18820	VG
18821	VG
18822	VG
18823	VG
18824	VG
18825	VG
18826	VG
18827	VG
18828	VG
18829	VG
18830	VG
18831	VG
18832	VG
18833	VG
18834	VG
18835	VG
18836	VG
18837	VG
18838	VG
18839	VG
18840	VG
18841	VG
18842	VG
18843	VG
18844	VG
18845	VG
18846	VG
18847	VG
18848	VG
18849	VG
18850	VG
18851	VG
18852	VG
18853	VG
18854	VG
18855	VG
18856	VG
18857	VG
18858	VG
18859	VG
18860	VG
18861	VG
18862	VG
18863	VG
18864	VG
18865	VG
18866	VG
18867	VG
18868	VG
18869	VG
18870	VG
18871	VG
18872	VG
18873	VG
18874	VG
18875	VG
18876	VG
18877	VG
18878	VG
18879	VG
18880	VG
18881	VG
18882	VG
18883	VG
18884	VG
18885	VG
18886	VG
18887	VG
18888	VG
18889	VG
18890	VG
18891	VG
18892	VG
18893	VG
18894	VG
18895	VG
18896	VG
18897	VG
18898	VG
18899	VG
18900	VG
18901	VG
18902	VG
18903	VG
18904	VG
18905	VG
18906	VG
18907	VG
18908	VG
18909	VG
18910	VG
18911	VG
18912	VG
18913	VG
18914	VG
18915	VG
18916	VG
18917	VG
18918	VG
18919	VG
18920	VG
18921	VG
18922	VG
18923	VG
18924	VG
18925	VG
18926	VG
18927	VG
18928	VG
18929	VG
18930	VG
18931	VG
18932	VG
18933	VG
18934	VG
18935	VG
18936	VG
18937	VG
18938	VG
18939	VG
18940	VG
18941	VG
18942	VG
18943	VG
18944	VG
18945	VG
18946	VG
18947	VG
18948	VG
18949	VG
18950	VG
18951	VG
18952	VG
18953	VG
18954	VG
18955	VG
18956	VG
18957	VG
18958	VG
18959	VG
18960	VG
18961	VG
18962	VG
18963	VG
18964	VG
18965	VG
18966	VG
18967	VG
18968	VG
18969	VG
18970	VG
18971	VG
18972	VG
18973	VG
18974	VG
18975	VG
18976	VG
18977	VG
18978	VG
18979	VG
18980	VG
18981	VG
18982	VG
18983	VG
18984	VG
18985	VG
18986	VG
18987	VG
18988	VG
18989	VG
18990	VG
18991	VG
18992	VG
18993	VG
18994	VG
18995	VG
18996	VG
18997	VG
18998	VG
18999	VG
19000	VG
19001	VG
19002	VG
19003	VG
19004	VG
19005	VG
19006	VG
19007	VG
19008	VG
19009	VG
19010	VG
19011	VG
19012	VG
19013	VG
19014	VG
19015	VG
19016	VG
19017	VG
19018	VG
19019	VG
19020	VG
19021	VG
19022	VG
19023	VG
19024	VG
19025	VG
19026	VG
19027	VG
19028	VG
19029	VG
19030	VG
19031	VG
19032	VG
19033	VG
19034	VG
19035	VG
19036	VG
19037	VG
19038	VG
19039	VG
19040	VG
19041	VG
19042	VG
19043	VG
19044	VG
19045	VG
19046	VG
19047	VG
19048	VG
19049	VG
19050	VG
19051	VG
19052	VG
19053	VG
19054	VG
19055	VG
19056	VG
19057	VG
19058	VG
19059	VG
19060	VG
19061	VG
19062	VG
19063	VG
19064	VG
19065	VG
19066	VG
19067	VG
19068	VG
19069	VG
19070	VG
19071	VG
19072	VG
19073	VG
19074	VG
19075	VG
19076	VG
19077	VG
19078	VG
19079	VG
19080	VG
19081	VG
19082	VG
19083	VG
19084	VG
19085	VG
19086	VG
19087	VG
19088	VG
19089	VG
19090	VG
19091	VG
19092	VG
19093	VG
19094	VG
19095	VG
19096	VG
19097	VG
19098	VG
19099	VG
19100	VG
19101	VG
19102	VG
19103	VG
19104	VG
19105	VG
19106	VG
19107	VG
19108	VG
19109	VG
19110	VG
19111	VG
19112	VG
19113	VG
19114	VG
19115	VG
19116	VG
19117	VG
19118	VG
19119	VG
19120	VG
19121	VG
19122	VG
19123	VG
19124	VG
19125	VG
19126	VG
19127	VG
19128	VG
19129	VG
19130	VG
19131	VG
19132	VG
19133	VG
19134	VG
19135	VG
19136	VG
19137	VG
19138	VG
19139	VG
19140	VG
19141	VG
19142	VG
19143	VG
19144	VG
19145	VG
19146	VG
19147	VG
19148	VG
19149	VG
19150	VG
19151	VG
19152	VG
19153	VG
19154	VG
19155	VG
19156	VG
19157	VG
19158	VG
19159	VG
19160	VG
19161	VG
19162	VG
19163	VG
19164	VG
19165	VG
19166	VG
19167	VG
19168	VG
19169	VG
19170	VG
19171	VG
19172	VG
19173	VG
19174	VG
19175	VG
19176	VG
19177	VG
19178	VG
19179	VG
19180	VG
19181	VG
19182	VG
19183	VG
19184	VG
19185	VG
19186	VG
19187	VG
19188	VG
19189	VG
19190	VG
19191	VG
19192	VG
19193	VG
19194	VG
19195	VG
19196	VG
19197	VG
19198	VG
19199	VG
19200	VG
19201	VG
19202	VG
19203	VG
19204	VG
19205	VG
19206	VG
19207	VG
19208	VG
19209	VG
19210	VG
19211	VG
19212	VG
19213	VG
19214	VG
19215	VG
19216	VG
19217	VG
19218	VG
19219	VG
19220	VG
19221	VG
19222	VG
19223	VG
19224	VG
19225	VG
19226	VG
19227	VG
19228	VG
19229	VG
19230	VG
19231	VG
19232	VG
19233	VG
19234	VG
19235	VG
19236	VG
19237	VG
19238	VG
19239	VG
19240	VG
19241	VG
19242	VG
19243	VG
19244	VG
19245	VG
19246	VG
19247	VG
19248	VG
19249	VG
19250	VG
19251	VG
19252	VG
19253	VG
19254	VG
19255	VG
19256	VG
19257	VG
19258	VG
19259	VG
19260	VG
19261	VG
19262	VG
19263	VG
19264	VG
19265	VG
19266	VG
19267	VG
19268	VG
19269	VG
19270	VG
19271	VG
19272	VG
19273	VG
19274	VG
19275	VG
19276	VG
19277	VG
19278	VG
19279	VG
19280	VG
19281	VG
19282	VG
19283	VG
19284	VG
19285	VG
19286	VG
19287	VG
19288	VG
19289	VG
19290	VG
19291	VG
19292	VG
19293	VG
19294	VG
19295	VG
19296	VG
19297	VG
19298	VG
19299	VG
19300	VG
19301	VG
19302	VG
19303	VG
19304	VG
19305	VG
19306	VG
19307	VG
19308	VG
19309	VG
19310	VG
19311	VG
19312	VG
19313	VG
19314	VG
19315	VG
19316	VG
19317	VG
19318	VG
19319	VG
19320	VG
19321	VG
19322	VG
19323	VG
19324	VG
19325	VG
19326	VG
19327	VG
19328	VG
19329	VG
19330	VG
19331	VG
19332	VG
19333	VG
19334	VG
19335	VG
19336	VG
19337	VG
19338	VG
19339	VG
19340	VG
19341	VG
19342	VG
19343	VG
19344	VG
19345	VG
19346	VG
19347	VG
19348	VG
19349	VG
19350	VG
19351	VG
19352	VG
19353	VG
19354	VG
19355	VG
19356	VG
19357	VG
19358	VG
19359	VG
19360	VG
19361	VG
19362	VG
19363	VG
19364	VG
19365	VG
19366	VG
19367	VG
19368	VG
19369	VG
19370	VG
19371	VG
19372	VG
19373	VG
19374	VG
19375	VG
19376	VG
19377	VG
19378	VG
19379	VG
19380	VG
19381	VG
19382	VG
19383	VG
19384	VG
19385	VG
19386	VG
19387	VG
19388	VG
19389	VG
19390	VG
19391	VG
19392	VG
19393	VG
19394	VG
19395	VG
19396	VG
19397	VG
19398	VG
19399	VG
19400	VG
19401	VG
19402	VG
19403	VG
19404	VG
19405	VG
19406	VG
19407	VG
19408	VG
19409	VG
19410	VG
19411	VG
19412	VG
19413	VG
19414	VG
19415	VG
19416	VG
19417	VG
19418	VG
19419	VG
19420	VG
19421	VG
19422	VG
19423	VG
19424	VG
19425	VG
19426	VG
19427	VG
19428	VG
19429	VG
19430	VG
19431	VG
19432	VG
19433	VG
19434	VG
19435	VG
19436	VG
19437	VG
19438	VG
19439	VG
19440	VG
19441	VG
19442	VG
19443	VG
19444	VG
19445	VG
19446	VG
19447	VG
19448	VG
19449	VG
19450	VG
19451	VG
19452	VG
19453	VG
19454	VG
19455	VG
19456	VG
19457	VG
19458	VG
19459	VG
19460	VG
19461	VG
19462	VG
19463	VG
19464	VG
19465	VG
19466	VG
19467	VG
19468	VG
19469	VG
19470	VG
19471	VG
19472	VG
19473	VG
19474	VG
19475	VG
19476	VG
19477	VG
19478	VG
19479	VG
19480	VG
19481	VG
19482	VG
19483	VG
19484	VG
19485	VG
19486	VG
19487	VG
19488	VG
19489	VG
19490	VG
19491	VG
19492	VG
19493	VG
19494	VG
19495	VG
19496	VG
19497	VG
19498	VG
19499	VG
19500	VG
19501	VG
19502	VG
19503	VG
19504	VG
19505	VG
19506	VG
19507	VG
19508	VG
19509	VG
19510	VG
19511	VG
19512	VG
19513	VG
19514	VG
19515	VG
19516	VG
19517	VG
19518	VG
19519	VG
19520	VG
19521	VG
19522	VG
19523	VG
19524	VG
19525	VG
19526	VG
19527	VG
19528	VG
19529	VG
19530	VG
19531	VG
19532	VG
19533	VG
19534	VG
19535	VG
19536	VG
19537	VG
19538	VG
19539	VG
19540	VG
19541	VG
19542	VG
19543	VG
19544	VG
19545	VG
19546	VG
19547	VG
19548	VG
19549	VG
19550	VG
19551	VG
19552	VG
19553	VG
19554	VG
19555	VG
19556	VG
19557	VG
19558	VG
19559	VG
19560	VG
19561	VG
19562	VG
19563	VG
19564	VG
19565	VG
19566	VG
19567	VG
19568	VG
19569	VG
19570	VG
19571	VG
19572	VG
19573	VG
19574	VG
19575	VG
19576	VG
19577	VG
19578	VG
19579	VG
19580	VG
19581	VG
19582	VG
19583	VG
19584	VG
19585	VG
19586	VG
19587	VG
19588	VG
19589	VG
19590	VG
19591	VG
19592	VG
19593	VG
19594	VG
19595	VG
19596	VG
19597	VG
19598	VG
19599	VG
19600	VG
19601	VG
19602	VG
19603	VG
19604	VG
19605	VG
19606	VG
19607	VG
19608	VG
19609	VG
19610	VG
19611	VG
19612	VG
19613	VG
19614	VG
19615	VG
19616	VG
19617	VG
19618	VG
19619	VG
19620	VG
19621	VG
19622	VG
19623	VG
19624	VG
19625	VG
19626	VG
19627	VG
19628	VG
19629	VG
19630	VG
19631	VG
19632	VG
19633	VG
19634	VG
19635	VG
19636	VG
19637	VG
19638	VG
19639	VG
19640	VG
19641	VG
19642	VG
19643	VG
19644	VG
19645	VG
19646	VG
19647	VG
19648	VG
19649	VG
19650	VG
19651	VG
19652	VG
19653	VG
19654	VG
19655	VG
19656	VG
19657	VG
19658	VG
19659	VG
19660	VG
19661	VG
19662	VG
19663	VG
19664	VG
19665	VG
19666	VG
19667	VG
19668	VG
19669	VG
19670	VG
19671	VG
19672	VG
19673	VG
19674	VG
19675	VG
19676	VG
19677	VG
19678	VG
19679	VG
19680	VG
19681	VG
19682	VG
19683	VG
19684	VG
19685	VG
19686	VG
19687	VG
19688	VG
19689	VG
19690	VG
19691	VG
19692	VG
19693	VG
19694	VG
19695	VG
19696	VG
19697	VG
19698	VG
19699	VG
19700	VG
19701	VG
19702	VG
19703	VG
19704	VG
19705	VG
19706	VG
19707	VG
19708	VG
19709	VG
19710	VG
19711	VG
19712	VG
19713	VG
19714	VG
19715	VG
19716	VG
19717	VG
19718	VG
19719	VG
19720	VG
19721	VG
19722	VG
19723	VG
19724	VG
19725	VG
19726	VG
19727	VG
19728	VG
19729	VG
19730	VG
19731	VG
19732	VG
19733	VG
19734	VG
19735	VG
19736	VG
19737	VG
19738	VG
19739	VG
19740	VG
19741	VG
19742	VG
19743	VG
19744	VG
19745	VG
19746	VG
19747	VG
19748	VG
19749	VG
19750	VG
19751	VG
19752	VG
19753	VG
19754	VG
19755	VG
19756	VG
19757	VG
19758	VG
19759	VG
19760	VG
19761	VG
19762	VG
19763	VG
19764	VG
19765	VG
19766	VG
19767	VG
19768	VG
19769	VG
19770	VG
19771	VG
19772	VG
19773	VG
19774	VG
19775	VG
19776	VG
19777	VG
19778	VG
19779	VG
19780	VG
19781	VG
19782	VG
19783	VG
19784	VG
19785	VG
19786	VG
19787	VG
19788	VG
19789	VG
19790	VG
19791	VG
19792	VG
19793	VG
19794	VG
19795	VG
19796	VG
19797	VG
19798	VG
19799	VG
19800	VG
19801	VG
19802	VG
19803	VG
19804	VG
19805	VG
19806	VG
19807	VG
19808	VG
19809	VG
19810	VG
19811	VG
19812	VG
19813	VG
19814	VG
19815	VG
19816	VG
19817	VG
19818	VG
19819	VG
19820	VG
19821	VG
19822	VG
19823	VG
19824	VG
19825	VG
19826	VG
19827	VG
19828	VG
19829	VG
19830	VG
19831	VG
19832	VG
19833	VG
19834	VG
19835	VG
19836	VG
19837	VG
19838	VG
19839	VG
19840	VG
19841	VG
19842	VG
19843	VG
19844	VG
19845	VG
19846	VG
19847	VG
19848	VG
19849	VG
19850	VG
19851	VG
19852	VG
19853	VG
19854	VG
19855	VG
19856	VG
19857	VG
19858	VG
19859	VG
19860	VG
19861	VG
19862	VG
19863	VG
19864	VG
19865	VG
19866	VG
19867	VG
19868	VG
19869	VG
19870	VG
19871	VG
19872	VG
19873	VG
19874	VG
19875	VG
19876	VG
19877	VG
19878	VG
19879	VG
19880	VG
19881	VG
19882	VG
19883	VG
19884	VG
19885	VG
19886	VG
19887	VG
19888	VG
19889	VG
19890	VG
19891	VG
19892	VG
19893	VG
19894	VG
19895	VG
19896	VG
19897	VG
19898	VG
19899	VG
19900	VG
19901	VG
19902	VG
19903	VG
19904	VG
19905	VG
19906	VG
19907	VG
19908	VG
19909	VG
19910	VG
19911	VG
19912	VG
19913	VG
19914	VG
19915	VG
19916	VG
19917	VG
19918	VG
19919	VG
19920	VG
19921	VG
19922	VG
19923	VG
19924	VG
19925	VG
19926	VG
19927	VG
19928	VG
19929	VG
19930	VG
19931	VG
19932	VG
19933	VG
19934	VG
19935	VG
19936	VG
19937	VG
19938	VG
19939	VG
19940	VG
19941	VG
19942	VG
19943	VG
19944	VG
19945	VG
19946	VG
19947	VG
19948	VG
19949	VG
19950	VG
19951	VG
19952	VG
19953	VG
19954	VG
19955	VG
19956	VG
19957	VG
19958	VG
19959	VG
19960	VG
19961	VG
19962	VG
19963	VG
19964	VG
19965	VG
19966	VG
19967	VG
19968	VG
19969	VG
19970	VG
19971	VG
19972	VG
19973	VG
19974	VG
19975	VG
19976	VG
19977	VG
19978	VG
19979	VG
19980	VG
19981	VG
19982	VG
19983	VG
19984	VG
19985	VG
19986	VG
19987	VG
19988	VG
19989	VG
19990	VG
19991	VG
19992	VG
19993	VG
19994	VG
19995	VG
19996	VG
19997	VG
19998	VG
19999	VG
20000	VG
20001	VG
20002	VG
20003	VG
20004	VG
20005	VG
20006	VG
20007	VG
20008	VG
20009	VG
20010	VG
20011	VG
20012	VG
20013	VG
20014	VG
20015	VG
20016	VG
20017	VG
20018	VG
20019	VG
20020	VG
20021	VG
20022	VG
20023	VG
20024	VG
20025	VG
20026	VG
20027	VG
20028	VG
20029	VG
20030	VG
20031	VG
20032	VG
20033	VG
20034	VG
20035	VG
20036	VG
20037	VG
20038	VG
20039	VG
20040	VG
20041	VG
20042	VG
20043	VG
20044	VG
20045	VG
20046	VG
20047	VG
20048	VG
20049	VG
20050	VG
20051	VG
20052	VG
20053	VG
20054	VG
20055	VG
20056	VG
20057	VG
20058	VG
20059	VG
20060	VG
20061	VG
20062	VG
20063	VG
20064	VG
20065	VG
20066	VG
20067	VG
20068	VG
20069	VG
20070	VG
20071	VG
20072	VG
20073	VG
20074	VG
20075	VG
20076	VG
20077	VG
20078	VG
20079	VG
20080	VG
20081	VG
20082	VG
20083	VG
20084	VG
20085	VG
20086	VG
20087	VG
20088	VG
20089	VG
20090	VG
20091	VG
20092	VG
20093	VG
20094	VG
20095	VG
20096	VG
20097	VG
20098	VG
20099	VG
20100	VG
20101	VG
20102	VG
20103	VG
20104	VG
20105	VG
20106	VG
20107	VG
20108	VG
20109	VG
20110	VG
20111	VG
20112	VG
20113	VG
20114	VG
20115	VG
20116	VG
20117	VG
20118	VG
20119	VG
20120	VG
20121	VG
20122	VG
20123	VG
20124	VG
20125	VG
20126	VG
20127	VG
20128	VG
20129	VG
20130	VG
20131	VG
20132	VG
20133	VG
20134	VG
20135	VG
20136	VG
20137	VG
20138	VG
20139	VG
20140	VG
20141	VG
20142	VG
20143	VG
20144	VG
20145	VG
20146	VG
20147	VG
20148	VG
20149	VG
20150	VG
20151	VG
20152	VG
20153	VG
20154	VG
20155	VG
20156	VG
20157	VG
20158	VG
20159	VG
20160	VG
20161	VG
20162	VG
20163	VG
20164	VG
20165	VG
20166	VG
20167	VG
20168	VG
20169	VG
20170	VG
20171	VG
20172	VG
20173	VG
20174	VG
20175	VG
20176	VG
20177	VG
20178	VG
20179	VG
20180	VG
20181	VG
20182	VG
20183	VG
20184	VG
20185	VG
20186	VG
20187	VG
20188	VG
20189	VG
20190	VG
20191	VG
20192	VG
20193	VG
20194	VG
20195	VG
20196	VG
20197	VG
20198	VG
20199	VG
20200	VG
20201	VG
20202	VG
20203	VG
20204	VG
20205	VG
20206	VG
20207	VG
20208	VG
20209	VG
20210	VG
20211	VG
20212	VG
20213	VG
20214	VG
20215	VG
20216	VG
20217	VG
20218	VG
20219	VG
20220	VG
20221	VG
20222	VG
20223	VG
20224	VG
20225	VG
20226	VG
20227	VG
20228	VG
20229	VG
20230	VG
20231	VG
20232	VG
20233	VG
20234	VG
20235	VG
20236	VG
20237	VG
20238	VG
20239	VG
20240	VG
20241	VG
20242	VG
20243	VG
20244	VG
20245	VG
20246	VG
20247	VG
20248	VG
20249	VG
20250	VG
20251	VG
20252	VG
20253	VG
20254	VG
20255	VG
20256	VG
20257	VG
20258	VG
20259	VG
20260	VG
20261	VG
20262	VG
20263	VG
20264	VG
20265	VG
20266	VG
20267	VG
20268	VG
20269	VG
20270	VG
20271	VG
20272	VG
20273	VG
20274	VG
20275	VG
20276	VG
20277	VG
20278	VG
20279	VG
20280	VG
20281	VG
20282	VG
20283	VG
20284	VG
20285	VG
20286	VG
20287	VG
20288	VG
20289	VG
20290	VG
20291	VG
20292	VG
20293	VG
20294	VG
20295	VG
20296	VG
20297	VG
20298	VG
20299	VG
20300	VG
20301	VG
20302	VG
20303	VG
20304	VG
20305	VG
20306	VG
20307	VG
20308	VG
20309	VG
20310	VG
20311	VG
20312	VG
20313	VG
20314	VG
20315	VG
20316	VG
20317	VG
20318	VG
20319	VG
20320	VG
20321	VG
20322	VG
20323	VG
20324	VG
20325	VG
20326	VG
20327	VG
20328	VG
20329	VG
20330	VG
20331	VG
20332	VG
20333	VG
20334	VG
20335	VG
20336	VG
20337	VG
20338	VG
20339	VG
20340	VG
20341	VG
20342	VG
20343	VG
20344	VG
20345	VG
20346	VG
20347	VG
20348	VG
20349	VG
20350	VG
20351	VG
20352	VG
20353	VG
20354	VG
20355	VG
20356	VG
20357	VG
20358	VG
20359	VG
20360	VG
20361	VG
20362	VG
20363	VG
20364	VG
20365	VG
20366	VG
20367	VG
20368	VG
20369	VG
20370	VG
20371	VG
20372	VG
20373	VG
20374	VG
20375	VG
20376	VG
20377	VG
20378	VG
20379	VG
20380	VG
20381	VG
20382	VG
20383	VG
20384	VG
20385	VG
20386	VG
20387	VG
20388	VG
20389	VG
20390	VG
20391	VG
20392	VG
20393	VG
20394	VG
20395	VG
20396	VG
20397	VG
20398	VG
20399	VG
20400	VG
20401	VG
20402	VG
20403	VG
20404	VG
20405	VG
20406	VG
20407	VG
20408	VG
20409	VG
20410	VG
20411	VG
20412	VG
20413	VG
20414	VG
20415	VG
20416	VG
20417	VG
20418	VG
20419	VG
20420	VG
20421	VG
20422	VG
20423	VG
20424	VG
20425	VG
20426	VG
20427	VG
20428	VG
20429	VG
20430	VG
20431	VG
20432	VG
20433	VG
20434	VG
20435	VG
20436	VG
20437	VG
20438	VG
20439	VG
20440	VG
20441	VG
20442	VG
20443	VG
20444	VG
20445	VG
20446	VG
20447	VG
20448	VG
20449	VG
20450	VG
20451	VG
20452	VG
20453	VG
20454	VG
20455	VG
20456	VG
20457	VG
20458	VG
20459	VG
20460	VG
20461	VG
20462	VG
20463	VG
20464	VG
20465	VG
20466	VG
20467	VG
20468	VG
20469	VG
20470	VG
20471	VG
20472	VG
20473	VG
20474	VG
20475	VG
20476	VG
20477	VG
20478	VG
20479	VG
20480	VG
20481	VG
20482	VG
20483	VG
20484	VG
20485	VG
20486	VG
20487	VG
20488	VG
20489	VG
20490	VG
20491	VG
20492	VG
20493	VG
20494	VG
20495	VG
20496	VG
20497	VG
20498	VG
20499	VG
20500	VG
20501	VG
20502	VG
20503	VG
20504	VG
20505	VG
20506	VG
20507	VG
20508	VG
20509	VG
20510	VG
20511	VG
20512	VG
20513	VG
20514	VG
20515	VG
20516	VG
20517	VG
20518	VG
20519	VG
20520	VG
20521	VG
20522	VG
20523	VG
20524	VG
20525	VG
20526	VG
20527	VG
20528	VG
20529	VG
20530	VG
20531	VG
20532	VG
20533	VG
20534	VG
20535	VG
20536	VG
20537	VG
20538	VG
20539	VG
20540	VG
20541	VG
20542	VG
20543	VG
20544	VG
20545	VG
20546	VG
20547	VG
20548	VG
20549	VG
20550	VG
20551	VG
20552	VG
20553	VG
20554	VG
20555	VG
20556	VG
20557	VG
20558	VG
20559	VG
20560	VG
20561	VG
20562	VG
20563	VG
20564	VG
20565	VG
20566	VG
20567	VG
20568	VG
20569	VG
20570	VG
20571	VG
20572	VG
20573	VG
20574	VG
20575	VG
20576	VG
20577	VG
20578	VG
20579	VG
20580	VG
20581	VG
20582	VG
20583	VG
20584	VG
20585	VG
20586	VG
20587	VG
20588	VG
20589	VG
20590	VG
20591	VG
20592	VG
20593	VG
20594	VG
20595	VG
20596	VG
20597	VG
20598	VG
20599	VG
20600	VG
20601	VG
20602	VG
20603	VG
20604	VG
20605	VG
20606	VG
20607	VG
20608	VG
20609	VG
20610	VG
20611	VG
20612	VG
20613	VG
20614	VG
20615	VG
20616	VG
20617	VG
20618	VG
20619	VG
20620	VG
20621	VG
20622	VG
20623	VG
20624	VG
20625	VG
20626	VG
20627	VG
20628	VG
20629	VG
20630	VG
20631	VG
20632	VG
20633	VG
20634	VG
20635	VG
20636	VG
20637	VG
20638	VG
20639	VG
20640	VG
20641	VG
20642	VG
20643	VG
20644	VG
20645	VG
20646	VG
20647	VG
20648	VG
20649	VG
20650	VG
20651	VG
20652	VG
20653	VG
20654	VG
20655	VG
20656	VG
20657	VG
20658	VG
20659	VG
20660	VG
20661	VG
20662	VG
20663	VG
20664	VG
20665	VG
20666	VG
20667	VG
20668	VG
20669	VG
20670	VG
20671	VG
20672	VG
20673	VG
20674	VG
20675	VG
20676	VG
20677	VG
20678	VG
20679	VG
20680	VG
20681	VG
20682	VG
20683	VG
20684	VG
20685	VG
20686	VG
20687	VG
20688	VG
20689	VG
20690	VG
20691	VG
20692	VG
20693	VG
20694	VG
20695	VG
20696	VG
20697	VG
20698	VG
20699	VG
20700	VG
20701	VG
20702	VG
20703	VG
20704	VG
20705	VG
20706	VG
20707	VG
20708	VG
20709	VG
20710	VG
20711	VG
20712	VG
20713	VG
20714	VG
20715	VG
20716	VG
20717	VG
20718	VG
20719	VG
20720	VG
20721	VG
20722	VG
20723	VG
20724	VG
20725	VG
20726	VG
20727	VG
20728	VG
20729	VG
20730	VG
20731	VG
20732	VG
20733	VG
20734	VG
20735	VG
20736	VG
20737	VG
20738	VG
20739	VG
20740	VG
20741	VG
20742	VG
20743	VG
20744	VG
20745	VG
20746	VG
20747	VG
20748	VG
20749	VG
20750	VG
20751	VG
20752	VG
20753	VG
20754	VG
20755	VG
20756	VG
20757	VG
20758	VG
20759	VG
20760	VG
20761	VG
20762	VG
20763	VG
20764	VG
20765	VG
20766	VG
20767	VG
20768	VG
20769	VG
20770	VG
20771	VG
20772	VG
20773	VG
20774	VG
20775	VG
20776	VG
20777	VG
20778	VG
20779	VG
20780	VG
20781	VG
20782	VG
20783	VG
20784	VG
20785	VG
20786	VG
20787	VG
20788	VG
20789	VG
20790	VG
20791	VG
20792	VG
20793	VG
20794	VG
20795	VG
20796	VG
20797	VG
20798	VG
20799	VG
20800	VG
20801	VG
20802	VG
20803	VG
20804	VG
20805	VG
20806	VG
20807	VG
20808	VG
20809	VG
20810	VG
20811	VG
20812	VG
20813	VG
20814	VG
20815	VG
20816	VG
20817	VG
20818	VG
20819	VG
20820	VG
20821	VG
20822	VG
20823	VG
20824	VG
20825	VG
20826	VG
20827	VG
20828	VG
20829	VG
20830	VG
20831	VG
20832	VG
20833	VG
20834	VG
20835	VG
20836	VG
20837	VG
20838	VG
20839	VG
20840	VG
20841	VG
20842	VG
20843	VG
20844	VG
20845	VG
20846	VG
20847	VG
20848	VG
20849	VG
20850	VG
20851	VG
20852	VG
20853	VG
20854	VG
20855	VG
20856	VG
20857	VG
20858	VG
20859	VG
20860	VG
20861	VG
20862	VG
20863	VG
20864	VG
20865	VG
20866	VG
20867	VG
20868	VG
20869	VG
20870	VG
20871	VG
20872	VG
20873	VG
20874	VG
20875	VG
20876	VG
20877	VG
20878	VG
20879	VG
20880	VG
20881	VG
20882	VG
20883	VG
20884	VG
20885	VG
20886	VG
20887	VG
20888	VG
20889	VG
20890	VG
20891	VG
20892	VG
20893	VG
20894	VG
20895	VG
20896	VG
20897	VG
20898	VG
20899	VG
20900	VG
20901	VG
20902	VG
20903	VG
20904	VG
20905	VG
20906	VG
20907	VG
20908	VG
20909	VG
20910	VG
20911	VG
20912	VG
20913	VG
20914	VG
20915	VG
20916	VG
20917	VG
20918	VG
20919	VG
20920	VG
20921	VG
20922	VG
20923	VG
20924	VG
20925	VG
20926	VG
20927	VG
20928	VG
20929	VG
20930	VG
20931	VG
20932	VG
20933	VG
20934	VG
20935	VG
20936	VG
20937	VG
20938	VG
20939	VG
20940	VG
20941	VG
20942	VG
20943	VG
20944	VG
20945	VG
20946	VG
20947	VG
20948	VG
20949	VG
20950	VG
20951	VG
20952	VG
20953	VG
20954	VG
20955	VG
20956	VG
20957	VG
20958	VG
20959	VG
20960	VG
20961	VG
20962	VG
20963	VG
20964	VG
20965	VG
20966	VG
20967	VG
20968	VG
20969	VG
20970	VG
20971	VG
20972	VG
20973	VG
20974	VG
20975	VG
20976	VG
20977	VG
20978	VG
20979	VG
20980	VG
20981	VG
20982	VG
20983	VG
20984	VG
20985	VG
20986	VG
20987	VG
20988	VG
20989	VG
20990	VG
20991	VG
20992	VG
20993	VG
20994	VG
20995	VG
20996	VG
20997	VG
20998	VG
20999	VG
21000	VG
21001	VG
21002	VG
21003	VG
21004	VG
21005	VG
21006	VG
21007	VG
21008	VG
21009	VG
21010	VG
21011	VG
21012	VG
21013	VG
21014	VG
21015	VG
21016	VG
21017	VG
21018	VG
21019	VG
21020	VG
21021	VG
21022	VG
21023	VG
21024	VG
21025	VG
21026	VG
21027	VG
21028	VG
21029	VG
21030	VG
21031	VG
21032	VG
21033	VG
21034	VG
21035	VG
21036	VG
21037	VG
21038	VG
21039	VG
21040	VG
21041	VG
21042	VG
21043	VG
21044	VG
21045	VG
21046	VG
21047	VG
21048	VG
21049	VG
21050	VG
21051	VG
21052	VG
21053	VG
21054	VG
21055	VG
21056	VG
21057	VG
21058	VG
21059	VG
21060	VG
21061	VG
21062	VG
21063	VG
21064	VG
21065	VG
21066	VG
21067	VG
21068	VG
21069	VG
21070	VG
21071	VG
21072	VG
21073	VG
21074	VG
21075	VG
21076	VG
21077	VG
21078	VG
21079	VG
21080	VG
21081	VG
21082	VG
21083	VG
21084	VG
21085	VG
21086	VG
21087	VG
21088	VG
21089	VG
21090	VG
21091	VG
21092	VG
21093	VG
21094	VG
21095	VG
21096	VG
21097	VG
21098	VG
21099	VG
21100	VG
21101	VG
21102	VG
21103	VG
21104	VG
21105	VG
21106	VG
21107	VG
21108	VG
21109	VG
21110	VG
21111	VG
21112	VG
21113	VG
21114	VG
21115	VG
21116	VG
21117	VG
21118	VG
21119	VG
21120	VG
21121	VG
21122	VG
21123	VG
21124	VG
21125	VG
21126	VG
21127	VG
21128	VG
21129	VG
21130	VG
21131	VG
21132	VG
21133	VG
21134	VG
21135	VG
21136	VG
21137	VG
21138	VG
21139	VG
21140	VG
21141	VG
21142	VG
21143	VG
21144	VG
21145	VG
21146	VG
21147	VG
21148	VG
21149	VG
21150	VG
21151	VG
21152	VG
21153	VG
21154	VG
21155	VG
21156	VG
21157	VG
21158	VG
21159	VG
21160	VG
21161	VG
21162	VG
21163	VG
21164	VG
21165	VG
21166	VG
21167	VG
21168	VG
21169	VG
21170	VG
21171	VG
21172	VG
21173	VG
21174	VG
21175	VG
21176	VG
21177	VG
21178	VG
21179	VG
21180	VG
21181	VG
21182	VG
21183	VG
21184	VG
21185	VG
21186	VG
21187	VG
21188	VG
21189	VG
21190	VG
21191	VG
21192	VG
21193	VG
21194	VG
21195	VG
21196	VG
21197	VG
21198	VG
21199	VG
21200	VG
21201	VG
21202	VG
21203	VG
21204	VG
21205	VG
21206	VG
21207	VG
21208	VG
21209	VG
21210	VG
21211	VG
21212	VG
21213	VG
21214	VG
21215	VG
21216	VG
21217	VG
21218	VG
21219	VG
21220	VG
21221	VG
21222	VG
21223	VG
21224	VG
21225	VG
21226	VG
21227	VG
21228	VG
21229	VG
21230	VG
21231	VG
21232	VG
21233	VG
21234	VG
21235	VG
21236	VG
21237	VG
21238	VG
21239	VG
21240	VG
21241	VG
21242	VG
21243	VG
21244	VG
21245	VG
21246	VG
21247	VG
21248	VG
21249	VG
21250	VG
21251	VG
21252	VG
21253	VG
21254	VG
21255	VG
21256	VG
21257	VG
21258	VG
21259	VG
21260	VG
21261	VG
21262	VG
21263	VG
21264	VG
21265	VG
21266	VG
21267	VG
21268	VG
21269	VG
21270	VG
21271	VG
21272	VG
21273	VG
21274	VG
21275	VG
21276	VG
21277	VG
21278	VG
21279	VG
21280	VG
21281	VG
21282	VG
21283	VG
21284	VG
21285	VG
21286	VG
21287	VG
21288	VG
21289	VG
21290	VG
21291	VG
21292	VG
21293	VG
21294	VG
21295	VG
21296	VG
21297	VG
21298	VG
21299	VG
21300	VG
21301	VG
21302	VG
21303	VG
21304	VG
21305	VG
21306	VG
21307	VG
21308	VG
21309	VG
21310	VG
21311	VG
21312	VG
21313	VG
21314	VG
21315	VG
21316	VG
21317	VG
21318	VG
21319	VG
21320	VG
21321	VG
21322	VG
21323	VG
21324	VG
21325	VG
21326	VG
21327	VG
21328	VG
21329	VG
21330	VG
21331	VG
21332	VG
21333	VG
21334	VG
21335	VG
21336	VG
21337	VG
21338	VG
21339	VG
21340	VG
21341	VG
21342	VG
21343	VG
21344	VG
21345	VG
21346	VG
21347	VG
21348	VG
21349	VG
21350	VG
21351	VG
21352	VG
21353	VG
21354	VG
21355	VG
21356	VG
21357	VG
21358	VG
21359	VG
21360	VG
21361	VG
21362	VG
21363	VG
21364	VG
21365	VG
21366	VG
21367	VG
21368	VG
21369	VG
21370	VG
21371	VG
21372	VG
21373	VG
21374	VG
21375	VG
21376	VG
21377	VG
21378	VG
21379	VG
21380	VG
21381	VG
21382	VG
21383	VG
21384	VG
21385	VG
21386	VG
21387	VG
21388	VG
21389	VG
21390	VG
21391	VG
21392	VG
21393	VG
21394	VG
21395	VG
21396	VG
21397	VG
21398	VG
21399	VG
21400	VG
21401	VG
21402	VG
21403	VG
21404	VG
21405	VG
21406	VG
21407	VG
21408	VG
21409	VG
21410	VG
21411	VG
21412	VG
21413	VG
21414	VG
21415	VG
21416	VG
21417	VG
21418	VG
21419	VG
21420	VG
21421	VG
21422	VG
21423	VG
21424	VG
21425	VG
21426	VG
21427	VG
21428	VG
21429	VG
21430	VG
21431	VG
21432	VG
21433	VG
21434	VG
21435	VG
21436	VG
21437	VG
21438	VG
21439	VG
21440	VG
21441	VG
21442	VG
21443	VG
21444	VG
21445	VG
21446	VG
21447	VG
21448	VG
21449	VG
21450	VG
21451	VG
21452	VG
21453	VG
21454	VG
21455	VG
21456	VG
21457	VG
21458	VG
21459	VG
21460	VG
21461	VG
21462	VG
21463	VG
21464	VG
21465	VG
21466	VG
21467	VG
21468	VG
21469	VG
21470	VG
21471	VG
21472	VG
21473	VG
21474	VG
21475	VG
21476	VG
21477	VG
21478	VG
21479	VG
21480	VG
21481	VG
21482	VG
21483	VG
21484	VG
21485	VG
21486	VG
21487	VG
21488	VG
21489	VG
21490	VG
21491	VG
21492	VG
21493	VG
21494	VG
21495	VG
21496	VG
21497	VG
21498	VG
21499	VG
21500	VG
21501	VG
21502	VG
21503	VG
21504	VG
21505	VG
21506	VG
21507	VG
21508	VG
21509	VG
21510	VG
21511	VG
21512	VG
21513	VG
21514	VG
21515	VG
21516	VG
21517	VG
21518	VG
21519	VG
21520	VG
21521	VG
21522	VG
21523	VG
21524	VG
21525	VG
21526	VG
21527	VG
21528	VG
21529	VG
21530	VG
21531	VG
21532	VG
21533	VG
21534	VG
21535	VG
21536	VG
21537	VG
21538	VG
21539	VG
21540	VG
21541	VG
21542	VG
21543	VG
21544	VG
21545	VG
21546	VG
21547	VG
21548	VG
21549	VG
21550	VG
21551	VG
21552	VG
21553	VG
21554	VG
21555	VG
21556	VG
21557	VG
21558	VG
21559	VG
21560	VG
21561	VG
21562	VG
21563	VG
21564	VG
21565	VG
21566	VG
21567	VG
21568	VG
21569	VG
21570	VG
21571	VG
21572	VG
21573	VG
21574	VG
21575	VG
21576	VG
21577	VG
21578	VG
21579	VG
21580	VG
21581	VG
21582	VG
21583	VG
21584	VG
21585	VG
21586	VG
21587	VG
21588	VG
21589	VG
21590	VG
21591	VG
21592	VG
21593	VG
21594	VG
21595	VG
21596	VG
21597	VG
21598	VG
21599	VG
21600	VG
21601	VG
21602	VG
21603	VG
21604	VG
21605	VG
21606	VG
21607	VG
21608	VG
21609	VG
21610	VG
21611	VG
21612	VG
21613	VG
21614	VG
21615	VG
21616	VG
21617	VG
21618	VG
21619	VG
21620	VG
21621	VG
21622	VG
21623	VG
21624	VG
21625	VG
21626	VG
21627	VG
21628	VG
21629	VG
21630	VG
21631	VG
21632	VG
21633	VG
21634	VG
21635	VG
21636	VG
21637	VG
21638	VG
21639	VG
21640	VG
21641	VG
21642	VG
21643	VG
21644	VG
21645	VG
21646	VG
21647	VG
21648	VG
21649	VG
21650	VG
21651	VG
21652	VG
21653	VG
21654	VG
21655	VG
21656	VG
21657	VG
21658	VG
21659	VG
21660	VG
21661	VG
21662	VG
21663	VG
21664	VG
21665	VG
21666	VG
21667	VG
21668	VG
21669	VG
21670	VG
21671	VG
21672	VG
21673	VG
21674	VG
21675	VG
21676	VG
21677	VG
21678	VG
21679	VG
21680	VG
21681	VG
21682	VG
21683	VG
21684	VG
21685	VG
21686	VG
21687	VG
21688	VG
21689	VG
21690	VG
21691	VG
21692	VG
21693	VG
21694	VG
21695	VG
21696	VG
21697	VG
21698	VG
21699	VG
21700	VG
21701	VG
21702	VG
21703	VG
21704	VG
21705	VG
21706	VG
21707	VG
21708	VG
21709	VG
21710	VG
21711	VG
21712	VG
21713	VG
21714	VG
21715	VG
21716	VG
21717	VG
21718	VG
21719	VG
21720	VG
21721	VG
21722	VG
21723	VG
21724	VG
21725	VG
21726	VG
21727	VG
21728	VG
21729	VG
21730	VG
21731	VG
21732	VG
21733	VG
21734	VG
21735	VG
21736	VG
21737	VG
21738	VG
21739	VG
21740	VG
21741	VG
21742	VG
21743	VG
21744	VG
21745	VG
21746	VG
21747	VG
21748	VG
21749	VG
21750	VG
21751	VG
21752	VG
21753	VG
21754	VG
21755	VG
21756	VG
21757	VG
21758	VG
21759	VG
21760	VG
21761	VG
21762	VG
21763	VG
21764	VG
21765	VG
21766	VG
21767	VG
21768	VG
21769	VG
21770	VG
21771	VG
21772	VG
21773	VG
21774	VG
21775	VG
21776	VG
21777	VG
21778	VG
21779	VG
21780	VG
21781	VG
21782	VG
21783	VG
21784	VG
21785	VG
21786	VG
21787	VG
21788	VG
21789	VG
21790	VG
21791	VG
21792	VG
21793	VG
21794	VG
21795	VG
21796	VG
21797	VG
21798	VG
21799	VG
21800	VG
21801	VG
21802	VG
21803	VG
21804	VG
21805	VG
21806	VG
21807	VG
21808	VG
21809	VG
21810	VG
21811	VG
21812	VG
21813	VG
21814	VG
21815	VG
21816	VG
21817	VG
21818	VG
21819	VG
21820	VG
21821	VG
21822	VG
21823	VG
21824	VG
21825	VG
21826	VG
21827	VG
21828	VG
21829	VG
21830	VG
21831	VG
21832	VG
21833	VG
21834	VG
21835	VG
21836	VG
21837	VG
21838	VG
21839	VG
21840	VG
21841	VG
21842	VG
21843	VG
21844	VG
21845	VG
21846	VG
21847	VG
21848	VG
21849	VG
21850	VG
21851	VG
21852	VG
21853	VG
21854	VG
21855	VG
21856	VG
21857	VG
21858	VG
21859	VG
21860	VG
21861	VG
21862	VG
21863	VG
21864	VG
21865	VG
21866	VG
21867	VG
21868	VG
21869	VG
21870	VG
21871	VG
21872	VG
21873	VG
21874	VG
21875	VG
21876	VG
21877	VG
21878	VG
21879	VG
21880	VG
21881	VG
21882	VG
21883	VG
21884	VG
21885	VG
21886	VG
21887	VG
21888	VG
21889	VG
21890	VG
21891	VG
21892	VG
21893	VG
21894	VG
21895	VG
21896	VG
21897	VG
21898	VG
21899	VG
21900	VG
21901	VG
21902	VG
21903	VG
21904	VG
21905	VG
21906	VG
21907	VG
21908	VG
21909	VG
21910	VG
21911	VG
21912	VG
21913	VG
21914	VG
21915	VG
21916	VG
21917	VG
21918	VG
21919	VG
21920	VG
21921	VG
21922	VG
21923	VG
21924	VG
21925	VG
21926	VG
21927	VG
21928	VG
21929	VG
21930	VG
21931	VG
21932	VG
21933	VG
21934	VG
21935	VG
21936	VG
21937	VG
21938	VG
21939	VG
21940	VG
21941	VG
21942	VG
21943	VG
21944	VG
21945	VG
21946	VG
21947	VG
21948	VG
21949	VG
21950	VG
21951	VG
21952	VG
21953	VG
21954	VG
21955	VG
21956	VG
21957	VG
21958	VG
21959	VG
21960	VG
21961	VG
21962	VG
21963	VG
21964	VG
21965	VG
21966	VG
21967	VG
21968	VG
21969	VG
21970	VG
21971	VG
21972	VG
21973	VG
21974	VG
21975	VG
21976	VG
21977	VG
21978	VG
21979	VG
21980	VG
21981	VG
21982	VG
21983	VG
21984	VG
21985	VG
21986	VG
21987	VG
21988	VG
21989	VG
21990	VG
21991	VG
21992	VG
21993	VG
21994	VG
21995	VG
21996	VG
21997	VG
21998	VG
21999	VG
22000	VG
22001	VG
22002	VG
22003	VG
22004	VG
22005	VG
22006	VG
22007	VG
22008	VG
22009	VG
22010	VG
22011	VG
22012	VG
22013	VG
22014	VG
22015	VG
22016	VG
22017	VG
22018	VG
22019	VG
22020	VG
22021	VG
22022	VG
22023	VG
22024	VG
22025	VG
22026	VG
22027	VG
22028	VG
22029	VG
22030	VG
22031	VG
22032	VG
22033	VG
22034	VG
22035	VG
22036	VG
22037	VG
22038	VG
22039	VG
22040	VG
22041	VG
22042	VG
22043	VG
22044	VG
22045	VG
22046	VG
22047	VG
22048	VG
22049	VG
22050	VG
22051	VG
22052	VG
22053	VG
22054	VG
22055	VG
22056	VG
22057	VG
22058	VG
22059	VG
22060	VG
22061	VG
22062	VG
22063	VG
22064	VG
22065	VG
22066	VG
22067	VG
22068	VG
22069	VG
22070	VG
22071	VG
22072	VG
22073	VG
22074	VG
22075	VG
22076	VG
22077	VG
22078	VG
22079	VG
22080	VG
22081	VG
22082	VG
22083	VG
22084	VG
22085	VG
22086	VG
22087	VG
22088	VG
22089	VG
22090	VG
22091	VG
22092	VG
22093	VG
22094	VG
22095	VG
22096	VG
22097	VG
22098	VG
22099	VG
22100	VG
22101	VG
22102	VG
22103	VG
22104	VG
22105	VG
22106	VG
22107	VG
22108	VG
22109	VG
22110	VG
22111	VG
22112	VG
22113	VG
22114	VG
22115	VG
22116	VG
22117	VG
22118	VG
22119	VG
22120	VG
22121	VG
22122	VG
22123	VG
22124	VG
22125	VG
22126	VG
22127	VG
22128	VG
22129	VG
22130	VG
22131	VG
22132	VG
22133	VG
22134	VG
22135	VG
22136	VG
22137	VG
22138	VG
22139	VG
22140	VG
22141	VG
22142	VG
22143	VG
22144	VG
22145	VG
22146	VG
22147	VG
22148	VG
22149	VG
22150	VG
22151	VG
22152	VG
22153	VG
22154	VG
22155	VG
22156	VG
22157	VG
22158	VG
22159	VG
22160	VG
22161	VG
22162	VG
22163	VG
22164	VG
22165	VG
22166	VG
22167	VG
22168	VG
22169	VG
22170	VG
22171	VG
22172	VG
22173	VG
22174	VG
22175	VG
22176	VG
22177	VG
22178	VG
22179	VG
22180	VG
22181	VG
22182	VG
22183	VG
22184	VG
22185	VG
22186	VG
22187	VG
22188	VG
22189	VG
22190	VG
22191	VG
22192	VG
22193	VG
22194	VG
22195	VG
22196	VG
22197	VG
22198	VG
22199	VG
22200	VG
22201	VG
22202	VG
22203	VG
22204	VG
22205	VG
22206	VG
22207	VG
22208	VG
22209	VG
22210	VG
22211	VG
22212	VG
22213	VG
22214	VG
22215	VG
22216	VG
22217	VG
22218	VG
22219	VG
22220	VG
22221	VG
22222	VG
22223	VG
22224	VG
22225	VG
22226	VG
22227	VG
22228	VG
22229	VG
22230	VG
22231	VG
22232	VG
22233	VG
22234	VG
22235	VG
22236	VG
22237	VG
22238	VG
22239	VG
22240	VG
22241	VG
22242	VG
22243	VG
22244	VG
22245	VG
22246	VG
22247	VG
22248	VG
22249	VG
22250	VG
22251	VG
22252	VG
22253	VG
22254	VG
22255	VG
22256	VG
22257	VG
22258	VG
22259	VG
22260	VG
22261	VG
22262	VG
22263	VG
22264	VG
22265	VG
22266	VG
22267	VG
22268	VG
22269	VG
22270	VG
22271	VG
22272	VG
22273	VG
22274	VG
22275	VG
22276	VG
22277	VG
22278	VG
22279	VG
22280	VG
22281	VG
22282	VG
22283	VG
22284	VG
22285	VG
22286	VG
22287	VG
22288	VG
22289	VG
22290	VG
22291	VG
22292	VG
22293	VG
22294	VG
22295	VG
22296	VG
22297	VG
22298	VG
22299	VG
22300	VG
22301	VG
22302	VG
22303	VG
22304	VG
22305	VG
22306	VG
22307	VG
22308	VG
22309	VG
22310	VG
22311	VG
22312	VG
22313	VG
22314	VG
22315	VG
22316	VG
22317	VG
22318	VG
22319	VG
22320	VG
22321	VG
22322	VG
22323	VG
22324	VG
22325	VG
22326	VG
22327	VG
22328	VG
22329	VG
22330	VG
22331	VG
22332	VG
22333	VG
22334	VG
22335	VG
22336	VG
22337	VG
22338	VG
22339	VG
22340	VG
22341	VG
22342	VG
22343	VG
22344	VG
22345	VG
22346	VG
22347	VG
22348	VG
22349	VG
22350	VG
22351	VG
22352	VG
22353	VG
22354	VG
22355	VG
22356	VG
22357	VG
22358	VG
22359	VG
22360	VG
22361	VG
22362	VG
22363	VG
22364	VG
22365	VG
22366	VG
22367	VG
22368	VG
22369	VG
22370	VG
22371	VG
22372	VG
22373	VG
22374	VG
22375	VG
22376	VG
22377	VG
22378	VG
22379	VG
22380	VG
22381	VG
22382	VG
22383	VG
22384	VG
22385	VG
22386	VG
22387	VG
22388	VG
22389	VG
22390	VG
22391	VG
22392	VG
22393	VG
22394	VG
22395	VG
22396	VG
22397	VG
22398	VG
22399	VG
22400	VG
22401	VG
22402	VG
22403	VG
22404	VG
22405	VG
22406	VG
22407	VG
22408	VG
22409	VG
22410	VG
22411	VG
22412	VG
22413	VG
22414	VG
22415	VG
22416	VG
22417	VG
22418	VG
22419	VG
22420	VG
22421	VG
22422	VG
22423	VG
22424	VG
22425	VG
22426	VG
22427	VG
22428	VG
22429	VG
22430	VG
22431	VG
22432	VG
22433	VG
22434	VG
22435	VG
22436	VG
22437	VG
22438	VG
22439	VG
22440	VG
22441	VG
22442	VG
22443	VG
22444	VG
22445	VG
22446	VG
22447	VG
22448	VG
22449	VG
22450	VG
22451	VG
22452	VG
22453	VG
22454	VG
22455	VG
22456	VG
22457	VG
22458	VG
22459	VG
22460	VG
22461	VG
22462	VG
22463	VG
22464	VG
22465	VG
22466	VG
22467	VG
22468	VG
22469	VG
22470	VG
22471	VG
22472	VG
22473	VG
22474	VG
22475	VG
22476	VG
22477	VG
22478	VG
22479	VG
22480	VG
22481	VG
22482	VG
22483	VG
22484	VG
22485	VG
22486	VG
22487	VG
22488	VG
22489	VG
22490	VG
22491	VG
22492	VG
22493	VG
22494	VG
22495	VG
22496	VG
22497	VG
22498	VG
22499	VG
22500	VG
22501	VG
22502	VG
22503	VG
22504	VG
22505	VG
22506	VG
22507	VG
22508	VG
22509	VG
22510	VG
22511	VG
22512	VG
22513	VG
22514	VG
22515	VG
22516	VG
22517	VG
22518	VG
22519	VG
22520	VG
22521	VG
22522	VG
22523	VG
22524	VG
22525	VG
22526	VG
22527	VG
22528	VG
22529	VG
22530	VG
22531	VG
22532	VG
22533	VG
22534	VG
22535	VG
22536	VG
22537	VG
22538	VG
22539	VG
22540	VG
22541	VG
22542	VG
22543	VG
22544	VG
22545	VG
22546	VG
22547	VG
22548	VG
22549	VG
22550	VG
22551	VG
22552	VG
22553	VG
22554	VG
22555	VG
22556	VG
22557	VG
22558	VG
22559	VG
22560	VG
22561	VG
22562	VG
22563	VG
22564	VG
22565	VG
22566	VG
22567	VG
22568	VG
22569	VG
22570	VG
22571	VG
22572	VG
22573	VG
22574	VG
22575	VG
22576	VG
22577	VG
22578	VG
22579	VG
22580	VG
22581	VG
22582	VG
22583	VG
22584	VG
22585	VG
22586	VG
22587	VG
22588	VG
22589	VG
22590	VG
22591	VG
22592	VG
22593	VG
22594	VG
22595	VG
22596	VG
22597	VG
22598	VG
22599	VG
22600	VG
22601	VG
22602	VG
22603	VG
22604	VG
22605	VG
22606	VG
22607	VG
22608	VG
22609	VG
22610	VG
22611	VG
22612	VG
22613	VG
22614	VG
22615	VG
22616	VG
22617	VG
22618	VG
22619	VG
22620	VG
22621	VG
22622	VG
22623	VG
22624	VG
22625	VG
22626	VG
22627	VG
22628	VG
22629	VG
22630	VG
22631	VG
22632	VG
22633	VG
22634	VG
22635	VG
22636	VG
22637	VG
22638	VG
22639	VG
22640	VG
22641	VG
22642	VG
22643	VG
22644	VG
22645	VG
22646	VG
22647	VG
22648	VG
22649	VG
22650	VG
22651	VG
22652	VG
22653	VG
22654	VG
22655	VG
22656	VG
22657	VG
22658	VG
22659	VG
22660	VG
22661	VG
22662	VG
22663	VG
22664	VG
22665	VG
22666	VG
22667	VG
22668	VG
22669	VG
22670	VG
22671	VG
22672	VG
22673	VG
22674	VG
22675	VG
22676	VG
22677	VG
22678	VG
22679	VG
22680	VG
22681	VG
22682	VG
22683	VG
22684	VG
22685	VG
22686	VG
22687	VG
22688	VG
22689	VG
22690	VG
22691	VG
22692	VG
22693	VG
22694	VG
22695	VG
22696	VG
22697	VG
22698	VG
22699	VG
22700	VG
22701	VG
22702	VG
22703	VG
22704	VG
22705	VG
22706	VG
22707	VG
22708	VG
22709	VG
22710	VG
22711	VG
22712	VG
22713	VG
22714	VG
22715	VG
22716	VG
22717	VG
22718	VG
22719	VG
22720	VG
22721	VG
22722	VG
22723	VG
22724	VG
22725	VG
22726	VG
22727	VG
22728	VG
22729	VG
22730	VG
22731	VG
22732	VG
22733	VG
22734	VG
22735	VG
22736	VG
22737	VG
22738	VG
22739	VG
22740	VG
22741	VG
22742	VG
22743	VG
22744	VG
22745	VG
22746	VG
22747	VG
22748	VG
22749	VG
22750	VG
22751	VG
22752	VG
22753	VG
22754	VG
22755	VG
22756	VG
22757	VG
22758	VG
22759	VG
22760	VG
22761	VG
22762	VG
22763	VG
22764	VG
22765	VG
22766	VG
22767	VG
22768	VG
22769	VG
22770	VG
22771	VG
22772	VG
22773	VG
22774	VG
22775	VG
22776	VG
22777	VG
22778	VG
22779	VG
22780	VG
22781	VG
22782	VG
22783	VG
22784	VG
22785	VG
22786	VG
22787	VG
22788	VG
22789	VG
22790	VG
22791	VG
22792	VG
22793	VG
22794	VG
22795	VG
22796	VG
22797	VG
22798	VG
22799	VG
22800	VG
22801	VG
22802	VG
22803	VG
22804	VG
22805	VG
22806	VG
22807	VG
22808	VG
22809	VG
22810	VG
22811	VG
22812	VG
22813	VG
22814	VG
22815	VG
22816	VG
22817	VG
22818	VG
22819	VG
22820	VG
22821	VG
22822	VG
22823	VG
22824	VG
22825	VG
22826	VG
22827	VG
22828	VG
22829	VG
22830	VG
22831	VG
22832	VG
22833	VG
22834	VG
22835	VG
22836	VG
22837	VG
22838	VG
22839	VG
22840	VG
22841	VG
22842	VG
22843	VG
22844	VG
22845	VG
22846	VG
22847	VG
22848	VG
22849	VG
22850	VG
22851	VG
22852	VG
22853	VG
22854	VG
22855	VG
22856	VG
22857	VG
22858	VG
22859	VG
22860	VG
22861	VG
22862	VG
22863	VG
22864	VG
22865	VG
22866	VG
22867	VG
22868	VG
22869	VG
22870	VG
22871	VG
22872	VG
22873	VG
22874	VG
22875	VG
22876	VG
22877	VG
22878	VG
22879	VG
22880	VG
22881	VG
22882	VG
22883	VG
22884	VG
22885	VG
22886	VG
22887	VG
22888	VG
22889	VG
22890	VG
22891	VG
22892	VG
22893	VG
22894	VG
22895	VG
22896	VG
22897	VG
22898	VG
22899	VG
22900	VG
22901	VG
22902	VG
22903	VG
22904	VG
22905	VG
22906	VG
22907	VG
22908	VG
22909	VG
22910	VG
22911	VG
22912	VG
22913	VG
22914	VG
22915	VG
22916	VG
22917	VG
22918	VG
22919	VG
22920	VG
22921	VG
22922	VG
22923	VG
22924	VG
22925	VG
22926	VG
22927	VG
22928	VG
22929	VG
22930	VG
22931	VG
22932	VG
22933	VG
22934	VG
22935	VG
22936	VG
22937	VG
22938	VG
22939	VG
22940	VG
22941	VG
22942	VG
22943	VG
22944	VG
22945	VG
22946	VG
22947	VG
22948	VG
22949	VG
22950	VG
22951	VG
22952	VG
22953	VG
22954	VG
22955	VG
22956	VG
22957	VG
22958	VG
22959	VG
22960	VG
22961	VG
22962	VG
22963	VG
22964	VG
22965	VG
22966	VG
22967	VG
22968	VG
22969	VG
22970	VG
22971	VG
22972	VG
22973	VG
22974	VG
22975	VG
22976	VG
22977	VG
22978	VG
22979	VG
22980	VG
22981	VG
22982	VG
22983	VG
22984	VG
22985	VG
22986	VG
22987	VG
22988	VG
22989	VG
22990	VG
22991	VG
22992	VG
22993	VG
22994	VG
22995	VG
22996	VG
22997	VG
22998	VG
22999	VG
23000	VG
23001	VG
23002	VG
23003	VG
23004	VG
23005	VG
23006	VG
23007	VG
23008	VG
23009	VG
23010	VG
23011	VG
23012	VG
23013	VG
23014	VG
23015	VG
23016	VG
23017	VG
23018	VG
23019	VG
23020	VG
23021	VG
23022	VG
23023	VG
23024	VG
23025	VG
23026	VG
23027	VG
23028	VG
23029	VG
23030	VG
23031	VG
23032	VG
23033	VG
23034	VG
23035	VG
23036	VG
23037	VG
23038	VG
23039	VG
23040	VG
23041	VG
23042	VG
23043	VG
23044	VG
23045	VG
23046	VG
23047	VG
23048	VG
23049	VG
23050	VG
23051	VG
23052	VG
23053	VG
23054	VG
23055	VG
23056	VG
23057	VG
23058	VG
23059	VG
23060	VG
23061	VG
23062	VG
23063	VG
23064	VG
23065	VG
23066	VG
23067	VG
23068	VG
23069	VG
23070	VG
23071	VG
23072	VG
23073	VG
23074	VG
23075	VG
23076	VG
23077	VG
23078	VG
23079	VG
23080	VG
23081	VG
23082	VG
23083	VG
23084	VG
23085	VG
23086	VG
23087	VG
23088	VG
23089	VG
23090	VG
23091	VG
23092	VG
23093	VG
23094	VG
23095	VG
23096	VG
23097	VG
23098	VG
23099	VG
23100	VG
23101	VG
23102	VG
23103	VG
23104	VG
23105	VG
23106	VG
23107	VG
23108	VG
23109	VG
23110	VG
23111	VG
23112	VG
23113	VG
23114	VG
23115	VG
23116	VG
23117	VG
23118	VG
23119	VG
23120	VG
23121	VG
23122	VG
23123	VG
23124	VG
23125	VG
23126	VG
23127	VG
23128	VG
23129	VG
23130	VG
23131	VG
23132	VG
23133	VG
23134	VG
23135	VG
23136	VG
23137	VG
23138	VG
23139	VG
23140	VG
23141	VG
23142	VG
23143	VG
23144	VG
23145	VG
23146	VG
23147	VG
23148	VG
23149	VG
23150	VG
23151	VG
23152	VG
23153	VG
23154	VG
23155	VG
23156	VG
23157	VG
23158	VG
23159	VG
23160	VG
23161	VG
23162	VG
23163	VG
23164	VG
23165	VG
23166	VG
23167	VG
23168	VG
23169	VG
23170	VG
23171	VG
23172	VG
23173	VG
23174	VG
23175	VG
23176	VG
23177	VG
23178	VG
23179	VG
23180	VG
23181	VG
23182	VG
23183	VG
23184	VG
23185	VG
23186	VG
23187	VG
23188	VG
23189	VG
23190	VG
23191	VG
23192	VG
23193	VG
23194	VG
23195	VG
23196	VG
23197	VG
23198	VG
23199	VG
23200	VG
23201	VG
23202	VG
23203	VG
23204	VG
23205	VG
23206	VG
23207	VG
23208	VG
23209	VG
23210	VG
23211	VG
23212	VG
23213	VG
23214	VG
23215	VG
23216	VG
23217	VG
23218	VG
23219	VG
23220	VG
23221	VG
23222	VG
23223	VG
23224	VG
23225	VG
23226	VG
23227	VG
23228	VG
23229	VG
23230	VG
23231	VG
23232	VG
23233	VG
23234	VG
23235	VG
23236	VG
23237	VG
23238	VG
23239	VG
23240	VG
23241	VG
23242	VG
23243	VG
23244	VG
23245	VG
23246	VG
23247	VG
23248	VG
23249	VG
23250	VG
23251	VG
23252	VG
23253	VG
23254	VG
23255	VG
23256	VG
23257	VG
23258	VG
23259	VG
23260	VG
23261	VG
23262	VG
23263	VG
23264	VG
23265	VG
23266	VG
23267	VG
23268	VG
23269	VG
23270	VG
23271	VG
23272	VG
23273	VG
23274	VG
23275	VG
23276	VG
23277	VG
23278	VG
23279	VG
23280	VG
23281	VG
23282	VG
23283	VG
23284	VG
23285	VG
23286	VG
23287	VG
23288	VG
23289	VG
23290	VG
23291	VG
23292	VG
23293	VG
23294	VG
23295	VG
23296	VG
23297	VG
23298	VG
23299	VG
23300	VG
23301	VG
23302	VG
23303	VG
23304	VG
23305	VG
23306	VG
23307	VG
23308	VG
23309	VG
23310	VG
23311	VG
23312	VG
23313	VG
23314	VG
23315	VG
23316	VG
23317	VG
23318	VG
23319	VG
23320	VG
23321	VG
23322	VG
23323	VG
23324	VG
23325	VG
23326	VG
23327	VG
23328	VG
23329	VG
23330	VG
23331	VG
23332	VG
23333	VG
23334	VG
23335	VG
23336	VG
23337	VG
23338	VG
23339	VG
23340	VG
23341	VG
23342	VG
23343	VG
23344	VG
23345	VG
23346	VG
23347	VG
23348	VG
23349	VG
23350	VG
23351	VG
23352	VG
23353	VG
23354	VG
23355	VG
23356	VG
23357	VG
23358	VG
23359	VG
23360	VG
23361	VG
23362	VG
23363	VG
23364	VG
23365	VG
23366	VG
23367	VG
23368	VG
23369	VG
23370	VG
23371	VG
23372	VG
23373	VG
23374	VG
23375	VG
23376	VG
23377	VG
23378	VG
23379	VG
23380	VG
23381	VG
23382	VG
23383	VG
23384	VG
23385	VG
23386	VG
23387	VG
23388	VG
23389	VG
23390	VG
23391	VG
23392	VG
23393	VG
23394	VG
23395	VG
23396	VG
23397	VG
23398	VG
23399	VG
23400	VG
23401	VG
23402	VG
23403	VG
23404	VG
23405	VG
23406	VG
23407	VG
23408	VG
23409	VG
23410	VG
23411	VG
23412	VG
23413	VG
23414	VG
23415	VG
23416	VG
23417	VG
23418	VG
23419	VG
23420	VG
23421	VG
23422	VG
23423	VG
23424	VG
23425	VG
23426	VG
23427	VG
23428	VG
23429	VG
23430	VG
23431	VG
23432	VG
23433	VG
23434	VG
23435	VG
23436	VG
23437	VG
23438	VG
23439	VG
23440	VG
23441	VG
23442	VG
23443	VG
23444	VG
23445	VG
23446	VG
23447	VG
23448	VG
23449	VG
23450	VG
23451	VG
23452	VG
23453	VG
23454	VG
23455	VG
23456	VG
23457	VG
23458	VG
23459	VG
23460	VG
23461	VG
23462	VG
23463	VG
23464	VG
23465	VG
23466	VG
23467	VG
23468	VG
23469	VG
23470	VG
23471	VG
23472	VG
23473	VG
23474	VG
23475	VG
23476	VG
23477	VG
23478	VG
23479	VG
23480	VG
23481	VG
23482	VG
23483	VG
23484	VG
23485	VG
23486	VG
23487	VG
23488	VG
23489	VG
23490	VG
23491	VG
23492	VG
23493	VG
23494	VG
23495	VG
23496	VG
23497	VG
23498	VG
23499	VG
23500	VG
23501	VG
23502	VG
23503	VG
23504	VG
23505	VG
23506	VG
23507	VG
23508	VG
23509	VG
23510	VG
23511	VG
23512	VG
23513	VG
23514	VG
23515	VG
23516	VG
23517	VG
23518	VG
23519	VG
23520	VG
23521	VG
23522	VG
23523	VG
23524	VG
23525	VG
23526	VG
23527	VG
23528	VG
23529	VG
23530	VG
23531	VG
23532	VG
23533	VG
23534	VG
23535	VG
23536	VG
23537	VG
23538	VG
23539	VG
23540	VG
23541	VG
23542	VG
23543	VG
23544	VG
23545	VG
23546	VG
23547	VG
23548	VG
23549	VG
23550	VG
23551	VG
23552	VG
23553	VG
23554	VG
23555	VG
23556	VG
23557	VG
23558	VG
23559	VG
23560	VG
23561	VG
23562	VG
23563	VG
23564	VG
23565	VG
23566	VG
23567	VG
23568	VG
23569	VG
23570	VG
23571	VG
23572	VG
23573	VG
23574	VG
23575	VG
23576	VG
23577	VG
23578	VG
23579	VG
23580	VG
23581	VG
23582	VG
23583	VG
23584	VG
23585	VG
23586	VG
23587	VG
23588	VG
23589	VG
23590	VG
23591	VG
23592	VG
23593	VG
23594	VG
23595	VG
23596	VG
23597	VG
23598	VG
23599	VG
23600	VG
23601	VG
23602	VG
23603	VG
23604	VG
23605	VG
23606	VG
23607	VG
23608	VG
23609	VG
23610	VG
23611	VG
23612	VG
23613	VG
23614	VG
23615	VG
23616	VG
23617	VG
23618	VG
23619	VG
23620	VG
23621	VG
23622	VG
23623	VG
23624	VG
23625	VG
23626	VG
23627	VG
23628	VG
23629	VG
23630	VG
23631	VG
23632	VG
23633	VG
23634	VG
23635	VG
23636	VG
23637	VG
23638	VG
23639	VG
23640	VG
23641	VG
23642	VG
23643	VG
23644	VG
23645	VG
23646	VG
23647	VG
23648	VG
23649	VG
23650	VG
23651	VG
23652	VG
23653	VG
23654	VG
23655	VG
23656	VG
23657	VG
23658	VG
23659	VG
23660	VG
23661	VG
23662	VG
23663	VG
23664	VG
23665	VG
23666	VG
23667	VG
23668	VG
23669	VG
23670	VG
23671	VG
23672	VG
23673	VG
23674	VG
23675	VG
23676	VG
23677	VG
23678	VG
23679	VG
23680	VG
23681	VG
23682	VG
23683	VG
23684	VG
23685	VG
23686	VG
23687	VG
23688	VG
23689	VG
23690	VG
23691	VG
23692	VG
23693	VG
23694	VG
23695	VG
23696	VG
23697	VG
23698	VG
23699	VG
23700	VG
23701	VG
23702	VG
23703	VG
23704	VG
23705	VG
23706	VG
23707	VG
23708	VG
23709	VG
23710	VG
23711	VG
23712	VG
23713	VG
23714	VG
23715	VG
23716	VG
23717	VG
23718	VG
23719	VG
23720	VG
23721	VG
23722	VG
23723	VG
23724	VG
23725	VG
23726	VG
23727	VG
23728	VG
23729	VG
23730	VG
23731	VG
23732	VG
23733	VG
23734	VG
23735	VG
23736	VG
23737	VG
23738	VG
23739	VG
23740	VG
23741	VG
23742	VG
23743	VG
23744	VG
23745	VG
23746	VG
23747	VG
23748	VG
23749	VG
23750	VG
23751	VG
23752	VG
23753	VG
23754	VG
23755	VG
23756	VG
23757	VG
23758	VG
23759	VG
23760	VG
23761	VG
23762	VG
23763	VG
23764	VG
23765	VG
23766	VG
23767	VG
23768	VG
23769	VG
23770	VG
23771	VG
23772	VG
23773	VG
23774	VG
23775	VG
23776	VG
23777	VG
23778	VG
23779	VG
23780	VG
23781	VG
23782	VG
23783	VG
23784	VG
23785	VG
23786	VG
23787	VG
23788	VG
23789	VG
23790	VG
23791	VG
23792	VG
23793	VG
23794	VG
23795	VG
23796	VG
23797	VG
23798	VG
23799	VG
23800	VG
23801	VG
23802	VG
23803	VG
23804	VG
23805	VG
23806	VG
23807	VG
23808	VG
23809	VG
23810	VG
23811	VG
23812	VG
23813	VG
23814	VG
23815	VG
23816	VG
23817	VG
23818	VG
23819	VG
23820	VG
23821	VG
23822	VG
23823	VG
23824	VG
23825	VG
23826	VG
23827	VG
23828	VG
23829	VG
23830	VG
23831	VG
23832	VG
23833	VG
23834	VG
23835	VG
23836	VG
23837	VG
23838	VG
23839	VG
23840	VG
23841	VG
23842	VG
23843	VG
23844	VG
23845	VG
23846	VG
23847	VG
23848	VG
23849	VG
23850	VG
23851	VG
23852	VG
23853	VG
23854	VG
23855	VG
23856	VG
23857	VG
23858	VG
23859	VG
23860	VG
23861	VG
23862	VG
23863	VG
23864	VG
23865	VG
23866	VG
23867	VG
23868	VG
23869	VG
23870	VG
23871	VG
23872	VG
23873	VG
23874	VG
23875	VG
23876	VG
23877	VG
23878	VG
23879	VG
23880	VG
23881	VG
23882	VG
23883	VG
23884	VG
23885	VG
23886	VG
23887	VG
23888	VG
23889	VG
23890	VG
23891	VG
23892	VG
23893	VG
23894	VG
23895	VG
23896	VG
23897	VG
23898	VG
23899	VG
23900	VG
23901	VG
23902	VG
23903	VG
23904	VG
23905	VG
23906	VG
23907	VG
23908	VG
23909	VG
23910	VG
23911	VG
23912	VG
23913	VG
23914	VG
23915	VG
23916	VG
23917	VG
23918	VG
23919	VG
23920	VG
23921	VG
23922	VG
23923	VG
23924	VG
23925	VG
23926	VG
23927	VG
23928	VG
23929	VG
23930	VG
23931	VG
23932	VG
23933	VG
23934	VG
23935	VG
23936	VG
23937	VG
23938	VG
23939	VG
23940	VG
23941	VG
23942	VG
23943	VG
23944	VG
23945	VG
23946	VG
23947	VG
23948	VG
23949	VG
23950	VG
23951	VG
23952	VG
23953	VG
23954	VG
23955	VG
23956	VG
23957	VG
23958	VG
23959	VG
23960	VG
23961	VG
23962	VG
23963	VG
23964	VG
23965	VG
23966	VG
23967	VG
23968	VG
23969	VG
23970	VG
23971	VG
23972	VG
23973	VG
23974	VG
23975	VG
23976	VG
23977	VG
23978	VG
23979	VG
23980	VG
23981	VG
23982	VG
23983	VG
23984	VG
23985	VG
23986	VG
23987	VG
23988	VG
23989	VG
23990	VG
23991	VG
23992	VG
23993	VG
23994	VG
23995	VG
23996	VG
23997	VG
23998	VG
23999	VG
24000	VG
24001	VG
24002	VG
24003	VG
24004	VG
24005	VG
24006	VG
24007	VG
24008	VG
24009	VG
24010	VG
24011	VG
24012	VG
24013	VG
24014	VG
24015	VG
24016	VG
24017	VG
24018	VG
24019	VG
24020	VG
24021	VG
24022	VG
24023	VG
24024	VG
24025	VG
24026	VG
24027	VG
24028	VG
24029	VG
24030	VG
24031	VG
24032	VG
24033	VG
24034	VG
24035	VG
24036	VG
24037	VG
24038	VG
24039	VG
24040	VG
24041	VG
24042	VG
24043	VG
24044	VG
24045	VG
24046	VG
24047	VG
24048	VG
24049	VG
24050	VG
24051	VG
24052	VG
24053	VG
24054	VG
24055	VG
24056	VG
24057	VG
24058	VG
24059	VG
24060	VG
24061	VG
24062	VG
24063	VG
24064	VG
24065	VG
24066	VG
24067	VG
24068	VG
24069	VG
24070	VG
24071	VG
24072	VG
24073	VG
24074	VG
24075	VG
24076	VG
24077	VG
24078	VG
24079	VG
24080	VG
24081	VG
24082	VG
24083	VG
24084	VG
24085	VG
24086	VG
24087	VG
24088	VG
24089	VG
24090	VG
24091	VG
24092	VG
24093	VG
24094	VG
24095	VG
24096	VG
24097	VG
24098	VG
24099	VG
24100	VG
24101	VG
24102	VG
24103	VG
24104	VG
24105	VG
24106	VG
24107	VG
24108	VG
24109	VG
24110	VG
24111	VG
24112	VG
24113	VG
24114	VG
24115	VG
24116	VG
24117	VG
24118	VG
24119	VG
24120	VG
24121	VG
24122	VG
24123	VG
24124	VG
24125	VG
24126	VG
24127	VG
24128	VG
24129	VG
24130	VG
24131	VG
24132	VG
24133	VG
24134	VG
24135	VG
24136	VG
24137	VG
24138	VG
24139	VG
24140	VG
24141	VG
24142	VG
24143	VG
24144	VG
24145	VG
24146	VG
24147	VG
24148	VG
24149	VG
24150	VG
24151	VG
24152	VG
24153	VG
24154	VG
24155	VG
24156	VG
24157	VG
24158	VG
24159	VG
24160	VG
24161	VG
24162	VG
24163	VG
24164	VG
24165	VG
24166	VG
24167	VG
24168	VG
24169	VG
24170	VG
24171	VG
24172	VG
24173	VG
24174	VG
24175	VG
24176	VG
24177	VG
24178	VG
24179	VG
24180	VG
24181	VG
24182	VG
24183	VG
24184	VG
24185	VG
24186	VG
24187	VG
24188	VG
24189	VG
24190	VG
24191	VG
24192	VG
24193	VG
24194	VG
24195	VG
24196	VG
24197	VG
24198	VG
24199	VG
24200	VG
24201	VG
24202	VG
24203	VG
24204	VG
24205	VG
24206	VG
24207	VG
24208	VG
24209	VG
24210	VG
24211	VG
24212	VG
24213	VG
24214	VG
24215	VG
24216	VG
24217	VG
24218	VG
24219	VG
24220	VG
24221	VG
24222	VG
24223	VG
24224	VG
24225	VG
24226	VG
24227	VG
24228	VG
24229	VG
24230	VG
24231	VG
24232	VG
24233	VG
24234	VG
24235	VG
24236	VG
24237	VG
24238	VG
24239	VG
24240	VG
24241	VG
24242	VG
24243	VG
24244	VG
24245	VG
24246	VG
24247	VG
24248	VG
24249	VG
24250	VG
24251	VG
24252	VG
24253	VG
24254	VG
24255	VG
24256	VG
24257	VG
24258	VG
24259	VG
24260	VG
24261	VG
24262	VG
24263	VG
24264	VG
24265	VG
24266	VG
24267	VG
24268	VG
24269	VG
24270	VG
24271	VG
24272	VG
24273	VG
24274	VG
24275	VG
24276	VG
24277	VG
24278	VG
24279	VG
24280	VG
24281	VG
24282	VG
24283	VG
24284	VG
24285	VG
24286	VG
24287	VG
24288	VG
24289	VG
24290	VG
24291	VG
24292	VG
24293	VG
24294	VG
24295	VG
24296	VG
24297	VG
24298	VG
24299	VG
24300	VG
24301	VG
24302	VG
24303	VG
24304	VG
24305	VG
24306	VG
24307	VG
24308	VG
24309	VG
24310	VG
24311	VG
24312	VG
24313	VG
24314	VG
24315	VG
24316	VG
24317	VG
24318	VG
24319	VG
24320	VG
24321	VG
24322	VG
24323	VG
24324	VG
24325	VG
24326	VG
24327	VG
24328	VG
24329	VG
24330	VG
24331	VG
24332	VG
24333	VG
24334	VG
24335	VG
24336	VG
24337	VG
24338	VG
24339	VG
24340	VG
24341	VG
24342	VG
24343	VG
24344	VG
24345	VG
24346	VG
24347	VG
24348	VG
24349	VG
24350	VG
24351	VG
24352	VG
24353	VG
24354	VG
24355	VG
24356	VG
24357	VG
24358	VG
24359	VG
24360	VG
24361	VG
24362	VG
24363	VG
24364	VG
24365	VG
24366	VG
24367	VG
24368	VG
24369	VG
24370	VG
24371	VG
24372	VG
24373	VG
24374	VG
24375	VG
24376	VG
24377	VG
24378	VG
24379	VG
24380	VG
24381	VG
24382	VG
24383	VG
24384	VG
24385	VG
24386	VG
24387	VG
24388	VG
24389	VG
24390	VG
24391	VG
24392	VG
24393	VG
24394	VG
24395	VG
24396	VG
24397	VG
24398	VG
24399	VG
24400	VG
24401	VG
24402	VG
24403	VG
24404	VG
24405	VG
24406	VG
24407	VG
24408	VG
24409	VG
24410	VG
24411	VG
24412	VG
24413	VG
24414	VG
24415	VG
24416	VG
24417	VG
24418	VG
24419	VG
24420	VG
24421	VG
24422	VG
24423	VG
24424	VG
24425	VG
24426	VG
24427	VG
24428	VG
24429	VG
24430	VG
24431	VG
24432	VG
24433	VG
24434	VG
24435	VG
24436	VG
24437	VG
24438	VG
24439	VG
24440	VG
24441	VG
24442	VG
24443	VG
24444	VG
24445	VG
24446	VG
24447	VG
24448	VG
24449	VG
24450	VG
24451	VG
24452	VG
24453	VG
24454	VG
24455	VG
24456	VG
24457	VG
24458	VG
24459	VG
24460	VG
24461	VG
24462	VG
24463	VG
24464	VG
24465	VG
24466	VG
24467	VG
24468	VG
24469	VG
24470	VG
24471	VG
24472	VG
24473	VG
24474	VG
24475	VG
24476	VG
24477	VG
24478	VG
24479	VG
24480	VG
24481	VG
24482	VG
24483	VG
24484	VG
24485	VG
24486	VG
24487	VG
24488	VG
24489	VG
24490	VG
24491	VG
24492	VG
24493	VG
24494	VG
24495	VG
24496	VG
24497	VG
24498	VG
24499	VG
24500	VG
24501	VG
24502	VG
24503	VG
24504	VG
24505	VG
24506	VG
24507	VG
24508	VG
24509	VG
24510	VG
24511	VG
24512	VG
24513	VG
24514	VG
24515	VG
24516	VG
24517	VG
24518	VG
24519	VG
24520	VG
24521	VG
24522	VG
24523	VG
24524	VG
24525	VG
24526	VG
24527	VG
24528	VG
24529	VG
24530	VG
24531	VG
24532	VG
24533	VG
24534	VG
24535	VG
24536	VG
24537	VG
24538	VG
24539	VG
24540	VG
24541	VG
24542	VG
24543	VG
24544	VG
24545	VG
24546	VG
24547	VG
24548	VG
24549	VG
24550	VG
24551	VG
24552	VG
24553	VG
24554	VG
24555	VG
24556	VG
24557	VG
24558	VG
24559	VG
24560	VG
24561	VG
24562	VG
24563	VG
24564	VG
24565	VG
24566	VG
24567	VG
24568	VG
24569	VG
24570	VG
24571	VG
24572	VG
24573	VG
24574	VG
24575	VG
24576	VG
24577	VG
24578	VG
24579	VG
24580	VG
24581	VG
24582	VG
24583	VG
24584	VG
24585	VG
24586	VG
24587	VG
24588	VG
24589	VG
24590	VG
24591	VG
24592	VG
24593	VG
24594	VG
24595	VG
24596	VG
24597	VG
24598	VG
24599	VG
24600	VG
24601	VG
24602	VG
24603	VG
24604	VG
24605	VG
24606	VG
24607	VG
24608	VG
24609	VG
24610	VG
24611	VG
24612	VG
24613	VG
24614	VG
24615	VG
24616	VG
24617	VG
24618	VG
24619	VG
24620	VG
24621	VG
24622	VG
24623	VG
24624	VG
24625	VG
24626	VG
24627	VG
24628	VG
24629	VG
24630	VG
24631	VG
24632	VG
24633	VG
24634	VG
24635	VG
24636	VG
24637	VG
24638	VG
24639	VG
24640	VG
24641	VG
24642	VG
24643	VG
24644	VG
24645	VG
24646	VG
24647	VG
24648	VG
24649	VG
24650	VG
24651	VG
24652	VG
24653	VG
24654	VG
24655	VG
24656	VG
24657	VG
24658	VG
24659	VG
24660	VG
24661	VG
24662	VG
24663	VG
24664	VG
24665	VG
24666	VG
24667	VG
24668	VG
24669	VG
24670	VG
24671	VG
24672	VG
24673	VG
24674	VG
24675	VG
24676	VG
24677	VG
24678	VG
24679	VG
24680	VG
24681	VG
24682	VG
24683	VG
24684	VG
24685	VG
24686	VG
24687	VG
24688	VG
24689	VG
24690	VG
24691	VG
24692	VG
24693	VG
24694	VG
24695	VG
24696	VG
24697	VG
24698	VG
24699	VG
24700	VG
24701	VG
24702	VG
24703	VG
24704	VG
24705	VG
24706	VG
24707	VG
24708	VG
24709	VG
24710	VG
24711	VG
24712	VG
24713	VG
24714	VG
24715	VG
24716	VG
24717	VG
24718	VG
24719	VG
24720	VG
24721	VG
24722	VG
24723	VG
24724	VG
24725	VG
24726	VG
24727	VG
24728	VG
24729	VG
24730	VG
24731	VG
24732	VG
24733	VG
24734	VG
24735	VG
24736	VG
24737	VG
24738	VG
24739	VG
24740	VG
24741	VG
24742	VG
24743	VG
24744	VG
24745	VG
24746	VG
24747	VG
24748	VG
24749	VG
24750	VG
24751	VG
24752	VG
24753	VG
24754	VG
24755	VG
24756	VG
24757	VG
24758	VG
24759	VG
24760	VG
24761	VG
24762	VG
24763	VG
24764	VG
24765	VG
24766	VG
24767	VG
24768	VG
24769	VG
24770	VG
24771	VG
24772	VG
24773	VG
24774	VG
24775	VG
24776	VG
24777	VG
24778	VG
24779	VG
24780	VG
24781	VG
24782	VG
24783	VG
24784	VG
24785	VG
24786	VG
24787	VG
24788	VG
24789	VG
24790	VG
24791	VG
24792	VG
24793	VG
24794	VG
24795	VG
24796	VG
24797	VG
24798	VG
24799	VG
24800	VG
24801	VG
24802	VG
24803	VG
24804	VG
24805	VG
24806	VG
24807	VG
24808	VG
24809	VG
24810	VG
24811	VG
24812	VG
24813	VG
24814	VG
24815	VG
24816	VG
24817	VG
24818	VG
24819	VG
24820	VG
24821	VG
24822	VG
24823	VG
24824	VG
24825	VG
24826	VG
24827	VG
24828	VG
24829	VG
24830	VG
24831	VG
24832	VG
24833	VG
24834	VG
24835	VG
24836	VG
24837	VG
24838	VG
24839	VG
24840	VG
24841	VG
24842	VG
24843	VG
24844	VG
24845	VG
24846	VG
24847	VG
24848	VG
24849	VG
24850	VG
24851	VG
24852	VG
24853	VG
24854	VG
24855	VG
24856	VG
24857	VG
24858	VG
24859	VG
24860	VG
24861	VG
24862	VG
24863	VG
24864	VG
24865	VG
24866	VG
24867	VG
24868	VG
24869	VG
24870	VG
24871	VG
24872	VG
24873	VG
24874	VG
24875	VG
24876	VG
24877	VG
24878	VG
24879	VG
24880	VG
24881	VG
24882	VG
24883	VG
24884	VG
24885	VG
24886	VG
24887	VG
24888	VG
24889	VG
24890	VG
24891	VG
24892	VG
24893	VG
24894	VG
24895	VG
24896	VG
24897	VG
24898	VG
24899	VG
24900	VG
24901	VG
24902	VG
24903	VG
24904	VG
24905	VG
24906	VG
24907	VG
24908	VG
24909	VG
24910	VG
24911	VG
24912	VG
24913	VG
24914	VG
24915	VG
24916	VG
24917	VG
24918	VG
24919	VG
24920	VG
24921	VG
24922	VG
24923	VG
24924	VG
24925	VG
24926	VG
24927	VG
24928	VG
24929	VG
24930	VG
24931	VG
24932	VG
24933	VG
24934	VG
24935	VG
24936	VG
24937	VG
24938	VG
24939	VG
24940	VG
24941	VG
24942	VG
24943	VG
24944	VG
24945	VG
24946	VG
24947	VG
24948	VG
24949	VG
24950	VG
24951	VG
24952	VG
24953	VG
24954	VG
24955	VG
24956	VG
24957	VG
24958	VG
24959	VG
24960	VG
24961	VG
24962	VG
24963	VG
24964	VG
24965	VG
24966	VG
24967	VG
24968	VG
24969	VG
24970	VG
24971	VG
24972	VG
24973	VG
24974	VG
24975	VG
24976	VG
24977	VG
24978	VG
24979	VG
24980	VG
24981	VG
24982	VG
24983	VG
24984	VG
24985	VG
24986	VG
24987	VG
24988	VG
24989	VG
24990	VG
24991	VG
24992	VG
24993	VG
24994	VG
24995	VG
24996	VG
24997	VG
24998	VG
24999	VG
25000	VG
25001	VG
25002	VG
25003	VG
25004	VG
25005	VG
25006	VG
25007	VG
25008	VG
25009	VG
25010	VG
25011	VG
25012	VG
25013	VG
25014	VG
25015	VG
25016	VG
25017	VG
25018	VG
25019	VG
25020	VG
25021	VG
25022	VG
25023	VG
25024	VG
25025	VG
25026	VG
25027	VG
25028	VG
25029	VG
25030	VG
25031	VG
25032	VG
25033	VG
25034	VG
25035	VG
25036	VG
25037	VG
25038	VG
25039	VG
25040	VG
25041	VG
25042	VG
25043	VG
25044	VG
25045	VG
25046	VG
25047	VG
25048	VG
25049	VG
25050	VG
25051	VG
25052	VG
25053	VG
25054	VG
25055	VG
25056	VG
25057	VG
25058	VG
25059	VG
25060	VG
25061	VG
25062	VG
25063	VG
25064	VG
25065	VG
25066	VG
25067	VG
25068	VG
25069	VG
25070	VG
25071	VG
25072	VG
25073	VG
25074	VG
25075	VG
25076	VG
25077	VG
25078	VG
25079	VG
25080	VG
25081	VG
25082	VG
25083	VG
25084	VG
25085	VG
25086	VG
25087	VG
25088	VG
25089	VG
25090	VG
25091	VG
25092	VG
25093	VG
25094	VG
25095	VG
25096	VG
25097	VG
25098	VG
25099	VG
25100	VG
25101	VG
25102	VG
25103	VG
25104	VG
25105	VG
25106	VG
25107	VG
25108	VG
25109	VG
25110	VG
25111	VG
25112	VG
25113	VG
25114	VG
25115	VG
25116	VG
25117	VG
25118	VG
25119	VG
25120	VG
25121	VG
25122	VG
25123	VG
25124	VG
25125	VG
25126	VG
25127	VG
25128	VG
25129	VG
25130	VG
25131	VG
25132	VG
25133	VG
25134	VG
25135	VG
25136	VG
25137	VG
25138	VG
25139	VG
25140	VG
25141	VG
25142	VG
25143	VG
25144	VG
25145	VG
25146	VG
25147	VG
25148	VG
25149	VG
25150	VG
25151	VG
25152	VG
25153	VG
25154	VG
25155	VG
25156	VG
25157	VG
25158	VG
25159	VG
25160	VG
25161	VG
25162	VG
25163	VG
25164	VG
25165	VG
25166	VG
25167	VG
25168	VG
25169	VG
25170	VG
25171	VG
25172	VG
25173	VG
25174	VG
25175	VG
25176	VG
25177	VG
25178	VG
25179	VG
25180	VG
25181	VG
25182	VG
25183	VG
25184	VG
25185	VG
25186	VG
25187	VG
25188	VG
25189	VG
25190	VG
25191	VG
25192	VG
25193	VG
25194	VG
25195	VG
25196	VG
25197	VG
25198	VG
25199	VG
25200	VG
25201	VG
25202	VG
25203	VG
25204	VG
25205	VG
25206	VG
25207	VG
25208	VG
25209	VG
25210	VG
25211	VG
25212	VG
25213	VG
25214	VG
25215	VG
25216	VG
25217	VG
25218	VG
25219	VG
25220	VG
25221	VG
25222	VG
25223	VG
25224	VG
25225	VG
25226	VG
25227	VG
25228	VG
25229	VG
25230	VG
25231	VG
25232	VG
25233	VG
25234	VG
25235	VG
25236	VG
25237	VG
25238	VG
25239	VG
25240	VG
25241	VG
25242	VG
25243	VG
25244	VG
25245	VG
25246	VG
25247	VG
25248	VG
25249	VG
25250	VG
25251	VG
25252	VG
25253	VG
25254	VG
25255	VG
25256	VG
25257	VG
25258	VG
25259	VG
25260	VG
25261	VG
25262	VG
25263	VG
25264	VG
25265	VG
25266	VG
25267	VG
25268	VG
25269	VG
25270	VG
25271	VG
25272	VG
25273	VG
25274	VG
25275	VG
25276	VG
25277	VG
25278	VG
25279	VG
25280	VG
25281	VG
25282	VG
25283	VG
25284	VG
25285	VG
25286	VG
25287	VG
25288	VG
25289	VG
25290	VG
25291	VG
25292	VG
25293	VG
25294	VG
25295	VG
25296	VG
25297	VG
25298	VG
25299	VG
25300	VG
25301	VG
25302	VG
25303	VG
25304	VG
25305	VG
25306	VG
25307	VG
25308	VG
25309	VG
25310	VG
25311	VG
25312	VG
25313	VG
25314	VG
25315	VG
25316	VG
25317	VG
25318	VG
25319	VG
25320	VG
25321	VG
25322	VG
25323	VG
25324	VG
25325	VG
25326	VG
25327	VG
25328	VG
25329	VG
25330	VG
25331	VG
25332	VG
25333	VG
25334	VG
25335	VG
25336	VG
25337	VG
25338	VG
25339	VG
25340	VG
25341	VG
25342	VG
25343	VG
25344	VG
25345	VG
25346	VG
25347	VG
25348	VG
25349	VG
25350	VG
25351	VG
25352	VG
25353	VG
25354	VG
25355	VG
25356	VG
25357	VG
25358	VG
25359	VG
25360	VG
25361	VG
25362	VG
25363	VG
25364	VG
25365	VG
25366	VG
25367	VG
25368	VG
25369	VG
25370	VG
25371	VG
25372	VG
25373	VG
25374	VG
25375	VG
25376	VG
25377	VG
25378	VG
25379	VG
25380	VG
25381	VG
25382	VG
25383	VG
25384	VG
25385	VG
25386	VG
25387	VG
25388	VG
25389	VG
25390	VG
25391	VG
25392	VG
25393	VG
25394	VG
25395	VG
25396	VG
25397	VG
25398	VG
25399	VG
25400	VG
25401	VG
25402	VG
25403	VG
25404	VG
25405	VG
25406	VG
25407	VG
25408	VG
25409	VG
25410	VG
25411	VG
25412	VG
25413	VG
25414	VG
25415	VG
25416	VG
25417	VG
25418	VG
25419	VG
25420	VG
25421	VG
25422	VG
25423	VG
25424	VG
25425	VG
25426	VG
25427	VG
25428	VG
25429	VG
25430	VG
25431	VG
25432	VG
25433	VG
25434	VG
25435	VG
25436	VG
25437	VG
25438	VG
25439	VG
25440	VG
25441	VG
25442	VG
25443	VG
25444	VG
25445	VG
25446	VG
25447	VG
25448	VG
25449	VG
25450	VG
25451	VG
25452	VG
25453	VG
25454	VG
25455	VG
25456	VG
25457	VG
25458	VG
25459	VG
25460	VG
25461	VG
25462	VG
25463	VG
25464	VG
25465	VG
25466	VG
25467	VG
25468	VG
25469	VG
25470	VG
25471	VG
25472	VG
25473	VG
25474	VG
25475	VG
25476	VG
25477	VG
25478	VG
25479	VG
25480	VG
25481	VG
25482	VG
25483	VG
25484	VG
25485	VG
25486	VG
25487	VG
25488	VG
25489	VG
25490	VG
25491	VG
25492	VG
25493	VG
25494	VG
25495	VG
25496	VG
25497	VG
25498	VG
25499	VG
25500	VG
25501	VG
25502	VG
25503	VG
25504	VG
25505	VG
25506	VG
25507	VG
25508	VG
25509	VG
25510	VG
25511	VG
25512	VG
25513	VG
25514	VG
25515	VG
25516	VG
25517	VG
25518	VG
25519	VG
25520	VG
25521	VG
25522	VG
25523	VG
25524	VG
25525	VG
25526	VG
25527	VG
25528	VG
25529	VG
25530	VG
25531	VG
25532	VG
25533	VG
25534	VG
25535	VG
25536	VG
25537	VG
25538	VG
25539	VG
25540	VG
25541	VG
25542	VG
25543	VG
25544	VG
25545	VG
25546	VG
25547	VG
25548	VG
25549	VG
25550	VG
25551	VG
25552	VG
25553	VG
25554	VG
25555	VG
25556	VG
25557	VG
25558	VG
25559	VG
25560	VG
25561	VG
25562	VG
25563	VG
25564	VG
25565	VG
25566	VG
25567	VG
25568	VG
25569	VG
25570	VG
25571	VG
25572	VG
25573	VG
25574	VG
25575	VG
25576	VG
25577	VG
25578	VG
25579	VG
25580	VG
25581	VG
25582	VG
25583	VG
25584	VG
25585	VG
25586	VG
25587	VG
25588	VG
25589	VG
25590	VG
25591	VG
25592	VG
25593	VG
25594	VG
25595	VG
25596	VG
25597	VG
25598	VG
25599	VG
25600	VG
25601	VG
25602	VG
25603	VG
25604	VG
25605	VG
25606	VG
25607	VG
25608	VG
25609	VG
25610	VG
25611	VG
25612	VG
25613	VG
25614	VG
25615	VG
25616	VG
25617	VG
25618	VG
25619	VG
25620	VG
25621	VG
25622	VG
25623	VG
25624	VG
25625	VG
25626	VG
25627	VG
25628	VG
25629	VG
25630	VG
25631	VG
25632	VG
25633	VG
25634	VG
25635	VG
25636	VG
25637	VG
25638	VG
25639	VG
25640	VG
25641	VG
25642	VG
25643	VG
25644	VG
25645	VG
25646	VG
25647	VG
25648	VG
25649	VG
25650	VG
25651	VG
25652	VG
25653	VG
25654	VG
25655	VG
25656	VG
25657	VG
25658	VG
25659	VG
25660	VG
25661	VG
25662	VG
25663	VG
25664	VG
25665	VG
25666	VG
25667	VG
25668	VG
25669	VG
25670	VG
25671	VG
25672	VG
25673	VG
25674	VG
25675	VG
25676	VG
25677	VG
25678	VG
25679	VG
25680	VG
25681	VG
25682	VG
25683	VG
25684	VG
25685	VG
25686	VG
25687	VG
25688	VG
25689	VG
25690	VG
25691	VG
25692	VG
25693	VG
25694	VG
25695	VG
25696	VG
25697	VG
25698	VG
25699	VG
25700	VG
25701	VG
25702	VG
25703	VG
25704	VG
25705	VG
25706	VG
25707	VG
25708	VG
25709	VG
25710	VG
25711	VG
25712	VG
25713	VG
25714	VG
25715	VG
25716	VG
25717	VG
25718	VG
25719	VG
25720	VG
25721	VG
25722	VG
25723	VG
25724	VG
25725	VG
25726	VG
25727	VG
25728	VG
25729	VG
25730	VG
25731	VG
25732	VG
25733	VG
25734	VG
25735	VG
25736	VG
25737	VG
25738	VG
25739	VG
25740	VG
25741	VG
25742	VG
25743	VG
25744	VG
25745	VG
25746	VG
25747	VG
25748	VG
25749	VG
25750	VG
25751	VG
25752	VG
25753	VG
25754	VG
25755	VG
25756	VG
25757	VG
25758	VG
25759	VG
25760	VG
25761	VG
25762	VG
25763	VG
25764	VG
25765	VG
25766	VG
25767	VG
25768	VG
25769	VG
25770	VG
25771	VG
25772	VG
25773	VG
25774	VG
25775	VG
25776	VG
25777	VG
25778	VG
25779	VG
25780	VG
25781	VG
25782	VG
25783	VG
25784	VG
25785	VG
25786	VG
25787	VG
25788	VG
25789	VG
25790	VG
25791	VG
25792	VG
25793	VG
25794	VG
25795	VG
25796	VG
25797	VG
25798	VG
25799	VG
25800	VG
25801	VG
25802	VG
25803	VG
25804	VG
25805	VG
25806	VG
25807	VG
25808	VG
25809	VG
25810	VG
25811	VG
25812	VG
25813	VG
25814	VG
25815	VG
25816	VG
25817	VG
25818	VG
25819	VG
25820	VG
25821	VG
25822	VG
25823	VG
25824	VG
25825	VG
25826	VG
25827	VG
25828	VG
25829	VG
25830	VG
25831	VG
25832	VG
25833	VG
25834	VG
25835	VG
25836	VG
25837	VG
25838	VG
25839	VG
25840	VG
25841	VG
25842	VG
25843	VG
25844	VG
25845	VG
25846	VG
25847	VG
25848	VG
25849	VG
25850	VG
25851	VG
25852	VG
25853	VG
25854	VG
25855	VG
25856	VG
25857	VG
25858	VG
25859	VG
25860	VG
25861	VG
25862	VG
25863	VG
25864	VG
25865	VG
25866	VG
25867	VG
25868	VG
25869	VG
25870	VG
25871	VG
25872	VG
25873	VG
25874	VG
25875	VG
25876	VG
25877	VG
25878	VG
25879	VG
25880	VG
25881	VG
25882	VG
25883	VG
25884	VG
25885	VG
25886	VG
25887	VG
25888	VG
25889	VG
25890	VG
25891	VG
25892	VG
25893	VG
25894	VG
25895	VG
25896	VG
25897	VG
25898	VG
25899	VG
25900	VG
25901	VG
25902	VG
25903	VG
25904	VG
25905	VG
25906	VG
25907	VG
25908	VG
25909	VG
25910	VG
25911	VG
25912	VG
25913	VG
25914	VG
25915	VG
25916	VG
25917	VG
25918	VG
25919	VG
25920	VG
25921	VG
25922	VG
25923	VG
25924	VG
25925	VG
25926	VG
25927	VG
25928	VG
25929	VG
25930	VG
25931	VG
25932	VG
25933	VG
25934	VG
25935	VG
25936	VG
25937	VG
25938	VG
25939	VG
25940	VG
25941	VG
25942	VG
25943	VG
25944	VG
25945	VG
25946	VG
25947	VG
25948	VG
25949	VG
25950	VG
25951	VG
25952	VG
25953	VG
25954	VG
25955	VG
25956	VG
25957	VG
25958	VG
25959	VG
25960	VG
25961	VG
25962	VG
25963	VG
25964	VG
25965	VG
25966	VG
25967	VG
25968	VG
25969	VG
25970	VG
25971	VG
25972	VG
25973	VG
25974	VG
25975	VG
25976	VG
25977	VG
25978	VG
25979	VG
25980	VG
25981	VG
25982	VG
25983	VG
25984	VG
25985	VG
25986	VG
25987	VG
25988	VG
25989	VG
25990	VG
25991	VG
25992	VG
25993	VG
25994	VG
25995	VG
25996	VG
25997	VG
25998	VG
25999	VG
26000	VG
26001	VG
26002	VG
26003	VG
26004	VG
26005	VG
26006	VG
26007	VG
26008	VG
26009	VG
26010	VG
26011	VG
26012	VG
26013	VG
26014	VG
26015	VG
26016	VG
26017	VG
26018	VG
26019	VG
26020	VG
26021	VG
26022	VG
26023	VG
26024	VG
26025	VG
26026	VG
26027	VG
26028	VG
26029	VG
26030	VG
26031	VG
26032	VG
26033	VG
26034	VG
26035	VG
26036	VG
26037	VG
26038	VG
26039	VG
26040	VG
26041	VG
26042	VG
26043	VG
26044	VG
26045	VG
26046	VG
26047	VG
26048	VG
26049	VG
26050	VG
26051	VG
26052	VG
26053	VG
26054	VG
26055	VG
26056	VG
26057	VG
26058	VG
26059	VG
26060	VG
26061	VG
26062	VG
26063	VG
26064	VG
26065	VG
26066	VG
26067	VG
26068	VG
26069	VG
26070	VG
26071	VG
26072	VG
26073	VG
26074	VG
26075	VG
26076	VG
26077	VG
26078	VG
26079	VG
26080	VG
26081	VG
26082	VG
26083	VG
26084	VG
26085	VG
26086	VG
26087	VG
26088	VG
26089	VG
26090	VG
26091	VG
26092	VG
26093	VG
26094	VG
26095	VG
26096	VG
26097	VG
26098	VG
26099	VG
26100	VG
26101	VG
26102	VG
26103	VG
26104	VG
26105	VG
26106	VG
26107	VG
26108	VG
26109	VG
26110	VG
26111	VG
26112	VG
26113	VG
26114	VG
26115	VG
26116	VG
26117	VG
26118	VG
26119	VG
26120	VG
26121	VG
26122	VG
26123	VG
26124	VG
26125	VG
26126	VG
26127	VG
26128	VG
26129	VG
26130	VG
26131	VG
26132	VG
26133	VG
26134	VG
26135	VG
26136	VG
26137	VG
26138	VG
26139	VG
26140	VG
26141	VG
26142	VG
26143	VG
26144	VG
26145	VG
26146	VG
26147	VG
26148	VG
26149	VG
26150	VG
26151	VG
26152	VG
26153	VG
26154	VG
26155	VG
26156	VG
26157	VG
26158	VG
26159	VG
26160	VG
26161	VG
26162	VG
26163	VG
26164	VG
26165	VG
26166	VG
26167	VG
26168	VG
26169	VG
26170	VG
26171	VG
26172	VG
26173	VG
26174	VG
26175	VG
26176	VG
26177	VG
26178	VG
26179	VG
26180	VG
26181	VG
26182	VG
26183	VG
26184	VG
26185	VG
26186	VG
26187	VG
26188	VG
26189	VG
26190	VG
26191	VG
26192	VG
26193	VG
26194	VG
26195	VG
26196	VG
26197	VG
26198	VG
26199	VG
26200	VG
26201	VG
26202	VG
26203	VG
26204	VG
26205	VG
26206	VG
26207	VG
26208	VG
26209	VG
26210	VG
26211	VG
26212	VG
26213	VG
26214	VG
26215	VG
26216	VG
26217	VG
26218	VG
26219	VG
26220	VG
26221	VG
26222	VG
26223	VG
26224	VG
26225	VG
26226	VG
26227	VG
26228	VG
26229	VG
26230	VG
26231	VG
26232	VG
26233	VG
26234	VG
26235	VG
26236	VG
26237	VG
26238	VG
26239	VG
26240	VG
26241	VG
26242	VG
26243	VG
26244	VG
26245	VG
26246	VG
26247	VG
26248	VG
26249	VG
26250	VG
26251	VG
26252	VG
26253	VG
26254	VG
26255	VG
26256	VG
26257	VG
26258	VG
26259	VG
26260	VG
26261	VG
26262	VG
26263	VG
26264	VG
26265	VG
26266	VG
26267	VG
26268	VG
26269	VG
26270	VG
26271	VG
26272	VG
26273	VG
26274	VG
26275	VG
26276	VG
26277	VG
26278	VG
26279	VG
26280	VG
26281	VG
26282	VG
26283	VG
26284	VG
26285	VG
26286	VG
26287	VG
26288	VG
26289	VG
26290	VG
26291	VG
26292	VG
26293	VG
26294	VG
26295	VG
26296	VG
26297	VG
26298	VG
26299	VG
26300	VG
26301	VG
26302	VG
26303	VG
26304	VG
26305	VG
26306	VG
26307	VG
26308	VG
26309	VG
26310	VG
26311	VG
26312	VG
26313	VG
26314	VG
26315	VG
26316	VG
26317	VG
26318	VG
26319	VG
26320	VG
26321	VG
26322	VG
26323	VG
26324	VG
26325	VG
26326	VG
26327	VG
26328	VG
26329	VG
26330	VG
26331	VG
26332	VG
26333	VG
26334	VG
26335	VG
26336	VG
26337	VG
26338	VG
26339	VG
26340	VG
26341	VG
26342	VG
26343	VG
26344	VG
26345	VG
26346	VG
26347	VG
26348	VG
26349	VG
26350	VG
26351	VG
26352	VG
26353	VG
26354	VG
26355	VG
26356	VG
26357	VG
26358	VG
26359	VG
26360	VG
26361	VG
26362	VG
26363	VG
26364	VG
26365	VG
26366	VG
26367	VG
26368	VG
26369	VG
26370	VG
26371	VG
26372	VG
26373	VG
26374	VG
26375	VG
26376	VG
26377	VG
26378	VG
26379	VG
26380	VG
26381	VG
26382	VG
26383	VG
26384	VG
26385	VG
26386	VG
26387	VG
26388	VG
26389	VG
26390	VG
26391	VG
26392	VG
26393	VG
26394	VG
26395	VG
26396	VG
26397	VG
26398	VG
26399	VG
26400	VG
26401	VG
26402	VG
26403	VG
26404	VG
26405	VG
26406	VG
26407	VG
26408	VG
26409	VG
26410	VG
26411	VG
26412	VG
26413	VG
26414	VG
26415	VG
26416	VG
26417	VG
26418	VG
26419	VG
26420	VG
26421	VG
26422	VG
26423	VG
26424	VG
26425	VG
26426	VG
26427	VG
26428	VG
26429	VG
26430	VG
26431	VG
26432	VG
26433	VG
26434	VG
26435	VG
26436	VG
26437	VG
26438	VG
26439	VG
26440	VG
26441	VG
26442	VG
26443	VG
26444	VG
26445	VG
26446	VG
26447	VG
26448	VG
26449	VG
26450	VG
26451	VG
26452	VG
26453	VG
26454	VG
26455	VG
26456	VG
26457	VG
26458	VG
26459	VG
26460	VG
26461	VG
26462	VG
26463	VG
26464	VG
26465	VG
26466	VG
26467	VG
26468	VG
26469	VG
26470	VG
26471	VG
26472	VG
26473	VG
26474	VG
26475	VG
26476	VG
26477	VG
26478	VG
26479	VG
26480	VG
26481	VG
26482	VG
26483	VG
26484	VG
26485	VG
26486	VG
26487	VG
26488	VG
26489	VG
26490	VG
26491	VG
26492	VG
26493	VG
26494	VG
26495	VG
26496	VG
26497	VG
26498	VG
26499	VG
26500	VG
26501	VG
26502	VG
26503	VG
26504	VG
26505	VG
26506	VG
26507	VG
26508	VG
26509	VG
26510	VG
26511	VG
26512	VG
26513	VG
26514	VG
26515	VG
26516	VG
26517	VG
26518	VG
26519	VG
26520	VG
26521	VG
26522	VG
26523	VG
26524	VG
26525	VG
26526	VG
26527	VG
26528	VG
26529	VG
26530	VG
26531	VG
26532	VG
26533	VG
26534	VG
26535	VG
26536	VG
26537	VG
26538	VG
26539	VG
26540	VG
26541	VG
26542	VG
26543	VG
26544	VG
26545	VG
26546	VG
26547	VG
26548	VG
26549	VG
26550	VG
26551	VG
26552	VG
26553	VG
26554	VG
26555	VG
26556	VG
26557	VG
26558	VG
26559	VG
26560	VG
26561	VG
26562	VG
26563	VG
26564	VG
26565	VG
26566	VG
26567	VG
26568	VG
26569	VG
26570	VG
26571	VG
26572	VG
26573	VG
26574	VG
26575	VG
26576	VG
26577	VG
26578	VG
26579	VG
26580	VG
26581	VG
26582	VG
26583	VG
26584	VG
26585	VG
26586	VG
26587	VG
26588	VG
26589	VG
26590	VG
26591	VG
26592	VG
26593	VG
26594	VG
26595	VG
26596	VG
26597	VG
26598	VG
26599	VG
26600	VG
26601	VG
26602	VG
26603	VG
26604	VG
26605	VG
26606	VG
26607	VG
26608	VG
26609	VG
26610	VG
26611	VG
26612	VG
26613	VG
26614	VG
26615	VG
26616	VG
26617	VG
26618	VG
26619	VG
26620	VG
26621	VG
26622	VG
26623	VG
26624	VG
26625	VG
26626	VG
26627	VG
26628	VG
26629	VG
26630	VG
26631	VG
26632	VG
26633	VG
26634	VG
26635	VG
26636	VG
26637	VG
26638	VG
26639	VG
26640	VG
26641	VG
26642	VG
26643	VG
26644	VG
26645	VG
26646	VG
26647	VG
26648	VG
26649	VG
26650	VG
26651	VG
26652	VG
26653	VG
26654	VG
26655	VG
26656	VG
26657	VG
26658	VG
26659	VG
26660	VG
26661	VG
26662	VG
26663	VG
26664	VG
26665	VG
26666	VG
26667	VG
26668	VG
26669	VG
26670	VG
26671	VG
26672	VG
26673	VG
26674	VG
26675	VG
26676	VG
26677	VG
26678	VG
26679	VG
26680	VG
26681	VG
26682	VG
26683	VG
26684	VG
26685	VG
26686	VG
26687	VG
26688	VG
26689	VG
26690	VG
26691	VG
26692	VG
26693	VG
26694	VG
26695	VG
26696	VG
26697	VG
26698	VG
26699	VG
26700	VG
26701	VG
26702	VG
26703	VG
26704	VG
26705	VG
26706	VG
26707	VG
26708	VG
26709	VG
26710	VG
26711	VG
26712	VG
26713	VG
26714	VG
26715	VG
26716	VG
26717	VG
26718	VG
26719	VG
26720	VG
26721	VG
26722	VG
26723	VG
26724	VG
26725	VG
26726	VG
26727	VG
26728	VG
26729	VG
26730	VG
26731	VG
26732	VG
26733	VG
26734	VG
26735	VG
26736	VG
26737	VG
26738	VG
26739	VG
26740	VG
26741	VG
26742	VG
26743	VG
26744	VG
26745	VG
26746	VG
26747	VG
26748	VG
26749	VG
26750	VG
26751	VG
26752	VG
26753	VG
26754	VG
26755	VG
26756	VG
26757	VG
26758	VG
26759	VG
26760	VG
26761	VG
26762	VG
26763	VG
26764	VG
26765	VG
26766	VG
26767	VG
26768	VG
26769	VG
26770	VG
26771	VG
26772	VG
26773	VG
26774	VG
26775	VG
26776	VG
26777	VG
26778	VG
26779	VG
26780	VG
26781	VG
26782	VG
26783	VG
26784	VG
26785	VG
26786	VG
26787	VG
26788	VG
26789	VG
26790	VG
26791	VG
26792	VG
26793	VG
26794	VG
26795	VG
26796	VG
26797	VG
26798	VG
26799	VG
26800	VG
26801	VG
26802	VG
26803	VG
26804	VG
26805	VG
26806	VG
26807	VG
26808	VG
26809	VG
26810	VG
26811	VG
26812	VG
26813	VG
26814	VG
26815	VG
26816	VG
26817	VG
26818	VG
26819	VG
26820	VG
26821	VG
26822	VG
26823	VG
26824	VG
26825	VG
26826	VG
26827	VG
26828	VG
26829	VG
26830	VG
26831	VG
26832	VG
26833	VG
26834	VG
26835	VG
26836	VG
26837	VG
26838	VG
26839	VG
26840	VG
26841	VG
26842	VG
26843	VG
26844	VG
26845	VG
26846	VG
26847	VG
26848	VG
26849	VG
26850	VG
26851	VG
26852	VG
26853	VG
26854	VG
26855	VG
26856	VG
26857	VG
26858	VG
26859	VG
26860	VG
26861	VG
26862	VG
26863	VG
26864	VG
26865	VG
26866	VG
26867	VG
26868	VG
26869	VG
26870	VG
26871	VG
26872	VG
26873	VG
26874	VG
26875	VG
26876	VG
26877	VG
26878	VG
26879	VG
26880	VG
26881	VG
26882	VG
26883	VG
26884	VG
26885	VG
26886	VG
26887	VG
26888	VG
26889	VG
26890	VG
26891	VG
26892	VG
26893	VG
26894	VG
26895	VG
26896	VG
26897	VG
26898	VG
26899	VG
26900	VG
26901	VG
26902	VG
26903	VG
26904	VG
26905	VG
26906	VG
26907	VG
26908	VG
26909	VG
26910	VG
26911	VG
26912	VG
26913	VG
26914	VG
26915	VG
26916	VG
26917	VG
26918	VG
26919	VG
26920	VG
26921	VG
26922	VG
26923	VG
26924	VG
26925	VG
26926	VG
26927	VG
26928	VG
26929	VG
26930	VG
26931	VG
26932	VG
26933	VG
26934	VG
26935	VG
26936	VG
26937	VG
26938	VG
26939	VG
26940	VG
26941	VG
26942	VG
26943	VG
26944	VG
26945	VG
26946	VG
26947	VG
26948	VG
26949	VG
26950	VG
26951	VG
26952	VG
26953	VG
26954	VG
26955	VG
26956	VG
26957	VG
26958	VG
26959	VG
26960	VG
26961	VG
26962	VG
26963	VG
26964	VG
26965	VG
26966	VG
26967	VG
26968	VG
26969	VG
26970	VG
26971	VG
26972	VG
26973	VG
26974	VG
26975	VG
26976	VG
26977	VG
26978	VG
26979	VG
26980	VG
26981	VG
26982	VG
26983	VG
26984	VG
26985	VG
26986	VG
26987	VG
26988	VG
26989	VG
26990	VG
26991	VG
26992	VG
26993	VG
26994	VG
26995	VG
26996	VG
26997	VG
26998	VG
26999	VG
27000	VG
27001	VG
27002	VG
27003	VG
27004	VG
27005	VG
27006	VG
27007	VG
27008	VG
27009	VG
27010	VG
27011	VG
27012	VG
27013	VG
27014	VG
27015	VG
27016	VG
27017	VG
27018	VG
27019	VG
27020	VG
27021	VG
27022	VG
27023	VG
27024	VG
27025	VG
27026	VG
27027	VG
27028	VG
27029	VG
27030	VG
27031	VG
27032	VG
27033	VG
27034	VG
27035	VG
27036	VG
27037	VG
27038	VG
27039	VG
27040	VG
27041	VG
27042	VG
27043	VG
27044	VG
27045	VG
27046	VG
27047	VG
27048	VG
27049	VG
27050	VG
27051	VG
27052	VG
27053	VG
27054	VG
27055	VG
27056	VG
27057	VG
27058	VG
27059	VG
27060	VG
27061	VG
27062	VG
27063	VG
27064	VG
27065	VG
27066	VG
27067	VG
27068	VG
27069	VG
27070	VG
27071	VG
27072	VG
27073	VG
27074	VG
27075	VG
27076	VG
27077	VG
27078	VG
27079	VG
27080	VG
27081	VG
27082	VG
27083	VG
27084	VG
27085	VG
27086	VG
27087	VG
27088	VG
27089	VG
27090	VG
27091	VG
27092	VG
27093	VG
27094	VG
27095	VG
27096	VG
27097	VG
27098	VG
27099	VG
27100	VG
27101	VG
27102	VG
27103	VG
27104	VG
27105	VG
27106	VG
27107	VG
27108	VG
27109	VG
27110	VG
27111	VG
27112	VG
27113	VG
27114	VG
27115	VG
27116	VG
27117	VG
27118	VG
27119	VG
27120	VG
27121	VG
27122	VG
27123	VG
27124	VG
27125	VG
27126	VG
27127	VG
27128	VG
27129	VG
27130	VG
27131	VG
27132	VG
27133	VG
27134	VG
27135	VG
27136	VG
27137	VG
27138	VG
27139	VG
27140	VG
27141	VG
27142	VG
27143	VG
27144	VG
27145	VG
27146	VG
27147	VG
27148	VG
27149	VG
27150	VG
27151	VG
27152	VG
27153	VG
27154	VG
27155	VG
27156	VG
27157	VG
27158	VG
27159	VG
27160	VG
27161	VG
27162	VG
27163	VG
27164	VG
27165	VG
27166	VG
27167	VG
27168	VG
27169	VG
27170	VG
27171	VG
27172	VG
27173	VG
27174	VG
27175	VG
27176	VG
27177	VG
27178	VG
27179	VG
27180	VG
27181	VG
27182	VG
27183	VG
27184	VG
27185	VG
27186	VG
27187	VG
27188	VG
27189	VG
27190	VG
27191	VG
27192	VG
27193	VG
27194	VG
27195	VG
27196	VG
27197	VG
27198	VG
27199	VG
27200	VG
27201	VG
27202	VG
27203	VG
27204	VG
27205	VG
27206	VG
27207	VG
27208	VG
27209	VG
27210	VG
27211	VG
27212	VG
27213	VG
27214	VG
27215	VG
27216	VG
27217	VG
27218	VG
27219	VG
27220	VG
27221	VG
27222	VG
27223	VG
27224	VG
27225	VG
27226	VG
27227	VG
27228	VG
27229	VG
27230	VG
27231	VG
27232	VG
27233	VG
27234	VG
27235	VG
27236	VG
27237	VG
27238	VG
27239	VG
27240	VG
27241	VG
27242	VG
27243	VG
27244	VG
27245	VG
27246	VG
27247	VG
27248	VG
27249	VG
27250	VG
27251	VG
27252	VG
27253	VG
27254	VG
27255	VG
27256	VG
27257	VG
27258	VG
27259	VG
27260	VG
27261	VG
27262	VG
27263	VG
27264	VG
27265	VG
27266	VG
27267	VG
27268	VG
27269	VG
27270	VG
27271	VG
27272	VG
27273	VG
27274	VG
27275	VG
27276	VG
27277	VG
27278	VG
27279	VG
27280	VG
27281	VG
27282	VG
27283	VG
27284	VG
27285	VG
27286	VG
27287	VG
27288	VG
27289	VG
27290	VG
27291	VG
27292	VG
27293	VG
27294	VG
27295	VG
27296	VG
27297	VG
27298	VG
27299	VG
27300	VG
27301	VG
27302	VG
27303	VG
27304	VG
27305	VG
27306	VG
27307	VG
27308	VG
27309	VG
27310	VG
27311	VG
27312	VG
27313	VG
27314	VG
27315	VG
27316	VG
27317	VG
27318	VG
27319	VG
27320	VG
27321	VG
27322	VG
27323	VG
27324	VG
27325	VG
27326	VG
27327	VG
27328	VG
27329	VG
27330	VG
27331	VG
27332	VG
27333	VG
27334	VG
27335	VG
27336	VG
27337	VG
27338	VG
27339	VG
27340	VG
27341	VG
27342	VG
27343	VG
27344	VG
27345	VG
27346	VG
27347	VG
27348	VG
27349	VG
27350	VG
27351	VG
27352	VG
27353	VG
27354	VG
27355	VG
27356	VG
27357	VG
27358	VG
27359	VG
27360	VG
27361	VG
27362	VG
27363	VG
27364	VG
27365	VG
27366	VG
27367	VG
27368	VG
27369	VG
27370	VG
27371	VG
27372	VG
27373	VG
27374	VG
27375	VG
27376	VG
27377	VG
27378	VG
27379	VG
27380	VG
27381	VG
27382	VG
27383	VG
27384	VG
27385	VG
27386	VG
27387	VG
27388	VG
27389	VG
27390	VG
27391	VG
27392	VG
27393	VG
27394	VG
27395	VG
27396	VG
27397	VG
27398	VG
27399	VG
27400	VG
27401	VG
27402	VG
27403	VG
27404	VG
27405	VG
27406	VG
27407	VG
27408	VG
27409	VG
27410	VG
27411	VG
27412	VG
27413	VG
27414	VG
27415	VG
27416	VG
27417	VG
27418	VG
27419	VG
27420	VG
27421	VG
27422	VG
27423	VG
27424	VG
27425	VG
27426	VG
27427	VG
27428	VG
27429	VG
27430	VG
27431	VG
27432	VG
27433	VG
27434	VG
27435	VG
27436	VG
27437	VG
27438	VG
27439	VG
27440	VG
27441	VG
27442	VG
27443	VG
27444	VG
27445	VG
27446	VG
27447	VG
27448	VG
27449	VG
27450	VG
27451	VG
27452	VG
27453	VG
27454	VG
27455	VG
27456	VG
27457	VG
27458	VG
27459	VG
27460	VG
27461	VG
27462	VG
27463	VG
27464	VG
27465	VG
27466	VG
27467	VG
27468	VG
27469	VG
27470	VG
27471	VG
27472	VG
27473	VG
27474	VG
27475	VG
27476	VG
27477	VG
27478	VG
27479	VG
27480	VG
27481	VG
27482	VG
27483	VG
27484	VG
27485	VG
27486	VG
27487	VG
27488	VG
27489	VG
27490	VG
27491	VG
27492	VG
27493	VG
27494	VG
27495	VG
27496	VG
27497	VG
27498	VG
27499	VG
27500	VG
27501	VG
27502	VG
27503	VG
27504	VG
27505	VG
27506	VG
27507	VG
27508	VG
27509	VG
27510	VG
27511	VG
27512	VG
27513	VG
27514	VG
27515	VG
27516	VG
27517	VG
27518	VG
27519	VG
27520	VG
27521	VG
27522	VG
27523	VG
27524	VG
27525	VG
27526	VG
27527	VG
27528	VG
27529	VG
27530	VG
27531	VG
27532	VG
27533	VG
27534	VG
27535	VG
27536	VG
27537	VG
27538	VG
27539	VG
27540	VG
27541	VG
27542	VG
27543	VG
27544	VG
27545	VG
27546	VG
27547	VG
27548	VG
27549	VG
27550	VG
27551	VG
27552	VG
27553	VG
27554	VG
27555	VG
27556	VG
27557	VG
27558	VG
27559	VG
27560	VG
27561	VG
27562	VG
27563	VG
27564	VG
27565	VG
27566	VG
27567	VG
27568	VG
27569	VG
27570	VG
27571	VG
27572	VG
27573	VG
27574	VG
27575	VG
27576	VG
27577	VG
27578	VG
27579	VG
27580	VG
27581	VG
27582	VG
27583	VG
27584	VG
27585	VG
27586	VG
27587	VG
27588	VG
27589	VG
27590	VG
27591	VG
27592	VG
27593	VG
27594	VG
27595	VG
27596	VG
27597	VG
27598	VG
27599	VG
27600	VG
27601	VG
27602	VG
27603	VG
27604	VG
27605	VG
27606	VG
27607	VG
27608	VG
27609	VG
27610	VG
27611	VG
27612	VG
27613	VG
27614	VG
27615	VG
27616	VG
27617	VG
27618	VG
27619	VG
27620	VG
27621	VG
27622	VG
27623	VG
27624	VG
27625	VG
27626	VG
27627	VG
27628	VG
27629	VG
27630	VG
27631	VG
27632	VG
27633	VG
27634	VG
27635	VG
27636	VG
27637	VG
27638	VG
27639	VG
27640	VG
27641	VG
27642	VG
27643	VG
27644	VG
27645	VG
27646	VG
27647	VG
27648	VG
27649	VG
27650	VG
27651	VG
27652	VG
27653	VG
27654	VG
27655	VG
27656	VG
27657	VG
27658	VG
27659	VG
27660	VG
27661	VG
27662	VG
27663	VG
27664	VG
27665	VG
27666	VG
27667	VG
27668	VG
27669	VG
27670	VG
27671	VG
27672	VG
27673	VG
27674	VG
27675	VG
27676	VG
27677	VG
27678	VG
27679	VG
27680	VG
27681	VG
27682	VG
27683	VG
27684	VG
27685	VG
27686	VG
27687	VG
27688	VG
27689	VG
27690	VG
27691	VG
27692	VG
27693	VG
27694	VG
27695	VG
27696	VG
27697	VG
27698	VG
27699	VG
27700	VG
27701	VG
27702	VG
27703	VG
27704	VG
27705	VG
27706	VG
27707	VG
27708	VG
27709	VG
27710	VG
27711	VG
27712	VG
27713	VG
27714	VG
27715	VG
27716	VG
27717	VG
27718	VG
27719	VG
27720	VG
27721	VG
27722	VG
27723	VG
27724	VG
27725	VG
27726	VG
27727	VG
27728	VG
27729	VG
27730	VG
27731	VG
27732	VG
27733	VG
27734	VG
27735	VG
27736	VG
27737	VG
27738	VG
27739	VG
27740	VG
27741	VG
27742	VG
27743	VG
27744	VG
27745	VG
27746	VG
27747	VG
27748	VG
27749	VG
27750	VG
27751	VG
27752	VG
27753	VG
27754	VG
27755	VG
27756	VG
27757	VG
27758	VG
27759	VG
27760	VG
27761	VG
27762	VG
27763	VG
27764	VG
27765	VG
27766	VG
27767	VG
27768	VG
27769	VG
27770	VG
27771	VG
27772	VG
27773	VG
27774	VG
27775	VG
27776	VG
27777	VG
27778	VG
27779	VG
27780	VG
27781	VG
27782	VG
27783	VG
27784	VG
27785	VG
27786	VG
27787	VG
27788	VG
27789	VG
27790	VG
27791	VG
27792	VG
27793	VG
27794	VG
27795	VG
27796	VG
27797	VG
27798	VG
27799	VG
27800	VG
27801	VG
27802	VG
27803	VG
27804	VG
27805	VG
27806	VG
27807	VG
27808	VG
27809	VG
27810	VG
27811	VG
27812	VG
27813	VG
27814	VG
27815	VG
27816	VG
27817	VG
27818	VG
27819	VG
27820	VG
27821	VG
27822	VG
27823	VG
27824	VG
27825	VG
27826	VG
27827	VG
27828	VG
27829	VG
27830	VG
27831	VG
27832	VG
27833	VG
27834	VG
27835	VG
27836	VG
27837	VG
27838	VG
27839	VG
27840	VG
27841	VG
27842	VG
27843	VG
27844	VG
27845	VG
27846	VG
27847	VG
27848	VG
27849	VG
27850	VG
27851	VG
27852	VG
27853	VG
27854	VG
27855	VG
27856	VG
27857	VG
27858	VG
27859	VG
27860	VG
27861	VG
27862	VG
27863	VG
27864	VG
27865	VG
27866	VG
27867	VG
27868	VG
27869	VG
27870	VG
27871	VG
27872	VG
27873	VG
27874	VG
27875	VG
27876	VG
27877	VG
27878	VG
27879	VG
27880	VG
27881	VG
27882	VG
27883	VG
27884	VG
27885	VG
27886	VG
27887	VG
27888	VG
27889	VG
27890	VG
27891	VG
27892	VG
27893	VG
27894	VG
27895	VG
27896	VG
27897	VG
27898	VG
27899	VG
27900	VG
27901	VG
27902	VG
27903	VG
27904	VG
27905	VG
27906	VG
27907	VG
27908	VG
27909	VG
27910	VG
27911	VG
27912	VG
27913	VG
27914	VG
27915	VG
27916	VG
27917	VG
27918	VG
27919	VG
27920	VG
27921	VG
27922	VG
27923	VG
27924	VG
27925	VG
27926	VG
27927	VG
27928	VG
27929	VG
27930	VG
27931	VG
27932	VG
27933	VG
27934	VG
27935	VG
27936	VG
27937	VG
27938	VG
27939	VG
27940	VG
27941	VG
27942	VG
27943	VG
27944	VG
27945	VG
27946	VG
27947	VG
27948	VG
27949	VG
27950	VG
27951	VG
27952	VG
27953	VG
27954	VG
27955	VG
27956	VG
27957	VG
27958	VG
27959	VG
27960	VG
27961	VG
27962	VG
27963	VG
27964	VG
27965	VG
27966	VG
27967	VG
27968	VG
27969	VG
27970	VG
27971	VG
27972	VG
27973	VG
27974	VG
27975	VG
27976	VG
27977	VG
27978	VG
27979	VG
27980	VG
27981	VG
27982	VG
27983	VG
27984	VG
27985	VG
27986	VG
27987	VG
27988	VG
27989	VG
27990	VG
27991	VG
27992	VG
27993	VG
27994	VG
27995	VG
27996	VG
27997	VG
27998	VG
27999	VG
28000	VG
28001	VG
28002	VG
28003	VG
28004	VG
28005	VG
28006	VG
28007	VG
28008	VG
28009	VG
28010	VG
28011	VG
28012	VG
28013	VG
28014	VG
28015	VG
28016	VG
28017	VG
28018	VG
28019	VG
28020	VG
28021	VG
28022	VG
28023	VG
28024	VG
28025	VG
28026	VG
28027	VG
28028	VG
28029	VG
28030	VG
28031	VG
28032	VG
28033	VG
28034	VG
28035	VG
28036	VG
28037	VG
28038	VG
28039	VG
28040	VG
28041	VG
28042	VG
28043	VG
28044	VG
28045	VG
28046	VG
28047	VG
28048	VG
28049	VG
28050	VG
28051	VG
28052	VG
28053	VG
28054	VG
28055	VG
28056	VG
28057	VG
28058	VG
28059	VG
28060	VG
28061	VG
28062	VG
28063	VG
28064	VG
28065	VG
28066	VG
28067	VG
28068	VG
28069	VG
28070	VG
28071	VG
28072	VG
28073	VG
28074	VG
28075	VG
28076	VG
28077	VG
28078	VG
28079	VG
28080	VG
28081	VG
28082	VG
28083	VG
28084	VG
28085	VG
28086	VG
28087	VG
28088	VG
28089	VG
28090	VG
28091	VG
28092	VG
28093	VG
28094	VG
28095	VG
28096	VG
28097	VG
28098	VG
28099	VG
28100	VG
28101	VG
28102	VG
28103	VG
28104	VG
28105	VG
28106	VG
28107	VG
28108	VG
28109	VG
28110	VG
28111	VG
28112	VG
28113	VG
28114	VG
28115	VG
28116	VG
28117	VG
28118	VG
28119	VG
28120	VG
28121	VG
28122	VG
28123	VG
28124	VG
28125	VG
28126	VG
28127	VG
28128	VG
28129	VG
28130	VG
28131	VG
28132	VG
28133	VG
28134	VG
28135	VG
28136	VG
28137	VG
28138	VG
28139	VG
28140	VG
28141	VG
28142	VG
28143	VG
28144	VG
28145	VG
28146	VG
28147	VG
28148	VG
28149	VG
28150	VG
28151	VG
28152	VG
28153	VG
28154	VG
28155	VG
28156	VG
28157	VG
28158	VG
28159	VG
28160	VG
28161	VG
28162	VG
28163	VG
28164	VG
28165	VG
28166	VG
28167	VG
28168	VG
28169	VG
28170	VG
28171	VG
28172	VG
28173	VG
28174	VG
28175	VG
28176	VG
28177	VG
28178	VG
28179	VG
28180	VG
28181	VG
28182	VG
28183	VG
28184	VG
28185	VG
28186	VG
28187	VG
28188	VG
28189	VG
28190	VG
28191	VG
28192	VG
28193	VG
28194	VG
28195	VG
28196	VG
28197	VG
28198	VG
28199	VG
28200	VG
28201	VG
28202	VG
28203	VG
28204	VG
28205	VG
28206	VG
28207	VG
28208	VG
28209	VG
28210	VG
28211	VG
28212	VG
28213	VG
28214	VG
28215	VG
28216	VG
28217	VG
28218	VG
28219	VG
28220	VG
28221	VG
28222	VG
28223	VG
28224	VG
28225	VG
28226	VG
28227	VG
28228	VG
28229	VG
28230	VG
28231	VG
28232	VG
28233	VG
28234	VG
28235	VG
28236	VG
28237	VG
28238	VG
28239	VG
28240	VG
28241	VG
28242	VG
28243	VG
28244	VG
28245	VG
28246	VG
28247	VG
28248	VG
28249	VG
28250	VG
28251	VG
28252	VG
28253	VG
28254	VG
28255	VG
28256	VG
28257	VG
28258	VG
28259	VG
28260	VG
28261	VG
28262	VG
28263	VG
28264	VG
28265	VG
28266	VG
28267	VG
28268	VG
28269	VG
28270	VG
28271	VG
28272	VG
28273	VG
28274	VG
28275	VG
28276	VG
28277	VG
28278	VG
28279	VG
28280	VG
28281	VG
28282	VG
28283	VG
28284	VG
28285	VG
28286	VG
28287	VG
28288	VG
28289	VG
28290	VG
28291	VG
28292	VG
28293	VG
28294	VG
28295	VG
28296	VG
28297	VG
28298	VG
28299	VG
28300	VG
28301	VG
28302	VG
28303	VG
28304	VG
28305	VG
28306	VG
28307	VG
28308	VG
28309	VG
28310	VG
28311	VG
28312	VG
28313	VG
28314	VG
28315	VG
28316	VG
28317	VG
28318	VG
28319	VG
28320	VG
28321	VG
28322	VG
28323	VG
28324	VG
28325	VG
28326	VG
28327	VG
28328	VG
28329	VG
28330	VG
28331	VG
28332	VG
28333	VG
28334	VG
28335	VG
28336	VG
28337	VG
28338	VG
28339	VG
28340	VG
28341	VG
28342	VG
28343	VG
28344	VG
28345	VG
28346	VG
28347	VG
28348	VG
28349	VG
28350	VG
28351	VG
28352	VG
28353	VG
28354	VG
28355	VG
28356	VG
28357	VG
28358	VG
28359	VG
28360	VG
28361	VG
28362	VG
28363	VG
28364	VG
28365	VG
28366	VG
28367	VG
28368	VG
28369	VG
28370	VG
28371	VG
28372	VG
28373	VG
28374	VG
28375	VG
28376	VG
28377	VG
28378	VG
28379	VG
28380	VG
28381	VG
28382	VG
28383	VG
28384	VG
28385	VG
28386	VG
28387	VG
28388	VG
28389	VG
28390	VG
28391	VG
28392	VG
28393	VG
28394	VG
28395	VG
28396	VG
28397	VG
28398	VG
28399	VG
28400	VG
28401	VG
28402	VG
28403	VG
28404	VG
28405	VG
28406	VG
28407	VG
28408	VG
28409	VG
28410	VG
28411	VG
28412	VG
28413	VG
28414	VG
28415	VG
28416	VG
28417	VG
28418	VG
28419	VG
28420	VG
28421	VG
28422	VG
28423	VG
28424	VG
28425	VG
28426	VG
28427	VG
28428	VG
28429	VG
28430	VG
28431	VG
28432	VG
28433	VG
28434	VG
28435	VG
28436	VG
28437	VG
28438	VG
28439	VG
28440	VG
28441	VG
28442	VG
28443	VG
28444	VG
28445	VG
28446	VG
28447	VG
28448	VG
28449	VG
28450	VG
28451	VG
28452	VG
28453	VG
28454	VG
28455	VG
28456	VG
28457	VG
28458	VG
28459	VG
28460	VG
28461	VG
28462	VG
28463	VG
28464	VG
28465	VG
28466	VG
28467	VG
28468	VG
28469	VG
28470	VG
28471	VG
28472	VG
28473	VG
28474	VG
28475	VG
28476	VG
28477	VG
28478	VG
28479	VG
28480	VG
28481	VG
28482	VG
28483	VG
28484	VG
28485	VG
28486	VG
28487	VG
28488	VG
28489	VG
28490	VG
28491	VG
28492	VG
28493	VG
28494	VG
28495	VG
28496	VG
28497	VG
28498	VG
28499	VG
28500	VG
28501	VG
28502	VG
28503	VG
28504	VG
28505	VG
28506	VG
28507	VG
28508	VG
28509	VG
28510	VG
28511	VG
28512	VG
28513	VG
28514	VG
28515	VG
28516	VG
28517	VG
28518	VG
28519	VG
28520	VG
28521	VG
28522	VG
28523	VG
28524	VG
28525	VG
28526	VG
28527	VG
28528	VG
28529	VG
28530	VG
28531	VG
28532	VG
28533	VG
28534	VG
28535	VG
28536	VG
28537	VG
28538	VG
28539	VG
28540	VG
28541	VG
28542	VG
28543	VG
28544	VG
28545	VG
28546	VG
28547	VG
28548	VG
28549	VG
28550	VG
28551	VG
28552	VG
28553	VG
28554	VG
28555	VG
28556	VG
28557	VG
28558	VG
28559	VG
28560	VG
28561	VG
28562	VG
28563	VG
28564	VG
28565	VG
28566	VG
28567	VG
28568	VG
28569	VG
28570	VG
28571	VG
28572	VG
28573	VG
28574	VG
28575	VG
28576	VG
28577	VG
28578	VG
28579	VG
28580	VG
28581	VG
28582	VG
28583	VG
28584	VG
28585	VG
28586	VG
28587	VG
28588	VG
28589	VG
28590	VG
28591	VG
28592	VG
28593	VG
28594	VG
28595	VG
28596	VG
28597	VG
28598	VG
28599	VG
28600	VG
28601	VG
28602	VG
28603	VG
28604	VG
28605	VG
28606	VG
28607	VG
28608	VG
28609	VG
28610	VG
28611	VG
28612	VG
28613	VG
28614	VG
28615	VG
28616	VG
28617	VG
28618	VG
28619	VG
28620	VG
28621	VG
28622	VG
28623	VG
28624	VG
28625	VG
28626	VG
28627	VG
28628	VG
28629	VG
28630	VG
28631	VG
28632	VG
28633	VG
28634	VG
28635	VG
28636	VG
28637	VG
28638	VG
28639	VG
28640	VG
28641	VG
28642	VG
28643	VG
28644	VG
28645	VG
28646	VG
28647	VG
28648	VG
28649	VG
28650	VG
28651	VG
28652	VG
28653	VG
28654	VG
28655	VG
28656	VG
28657	VG
28658	VG
28659	VG
28660	VG
28661	VG
28662	VG
28663	VG
28664	VG
28665	VG
28666	VG
28667	VG
28668	VG
28669	VG
28670	VG
28671	VG
28672	VG
28673	VG
28674	VG
28675	VG
28676	VG
28677	VG
28678	VG
28679	VG
28680	VG
28681	VG
28682	VG
28683	VG
28684	VG
28685	VG
28686	VG
28687	VG
28688	VG
28689	VG
28690	VG
28691	VG
28692	VG
28693	VG
28694	VG
28695	VG
28696	VG
28697	VG
28698	VG
28699	VG
28700	VG
28701	VG
28702	VG
28703	VG
28704	VG
28705	VG
28706	VG
28707	VG
28708	VG
28709	VG
28710	VG
28711	VG
28712	VG
28713	VG
28714	VG
28715	VG
28716	VG
28717	VG
28718	VG
28719	VG
28720	VG
28721	VG
28722	VG
28723	VG
28724	VG
28725	VG
28726	VG
28727	VG
28728	VG
28729	VG
28730	VG
28731	VG
28732	VG
28733	VG
28734	VG
28735	VG
28736	VG
28737	VG
28738	VG
28739	VG
28740	VG
28741	VG
28742	VG
28743	VG
28744	VG
28745	VG
28746	VG
28747	VG
28748	VG
28749	VG
28750	VG
28751	VG
28752	VG
28753	VG
28754	VG
28755	VG
28756	VG
28757	VG
28758	VG
28759	VG
28760	VG
28761	VG
28762	VG
28763	VG
28764	VG
28765	VG
28766	VG
28767	VG
28768	VG
28769	VG
28770	VG
28771	VG
28772	VG
28773	VG
28774	VG
28775	VG
28776	VG
28777	VG
28778	VG
28779	VG
28780	VG
28781	VG
28782	VG
28783	VG
28784	VG
28785	VG
28786	VG
28787	VG
28788	VG
28789	VG
28790	VG
28791	VG
28792	VG
28793	VG
28794	VG
28795	VG
28796	VG
28797	VG
28798	VG
28799	VG
28800	VG
28801	VG
28802	VG
28803	VG
28804	VG
28805	VG
28806	VG
28807	VG
28808	VG
28809	VG
28810	VG
28811	VG
28812	VG
28813	VG
28814	VG
28815	VG
28816	VG
28817	VG
28818	VG
28819	VG
28820	VG
28821	VG
28822	VG
28823	VG
28824	VG
28825	VG
28826	VG
28827	VG
28828	VG
28829	VG
28830	VG
28831	VG
28832	VG
28833	VG
28834	VG
28835	VG
28836	VG
28837	VG
28838	VG
28839	VG
28840	VG
28841	VG
28842	VG
28843	VG
28844	VG
28845	VG
28846	VG
28847	VG
28848	VG
28849	VG
28850	VG
28851	VG
28852	VG
28853	VG
28854	VG
28855	VG
28856	VG
28857	VG
28858	VG
28859	VG
28860	VG
28861	VG
28862	VG
28863	VG
28864	VG
28865	VG
28866	VG
28867	VG
28868	VG
28869	VG
28870	VG
28871	VG
28872	VG
28873	VG
28874	VG
28875	VG
28876	VG
28877	VG
28878	VG
28879	VG
28880	VG
28881	VG
28882	VG
28883	VG
28884	VG
28885	VG
28886	VG
28887	VG
28888	VG
28889	VG
28890	VG
28891	VG
28892	VG
28893	VG
28894	VG
28895	VG
28896	VG
28897	VG
28898	VG
28899	VG
28900	VG
28901	VG
28902	VG
28903	VG
28904	VG
28905	VG
28906	VG
28907	VG
28908	VG
28909	VG
28910	VG
28911	VG
28912	VG
28913	VG
28914	VG
28915	VG
28916	VG
28917	VG
28918	VG
28919	VG
28920	VG
28921	VG
28922	VG
28923	VG
28924	VG
28925	VG
28926	VG
28927	VG
28928	VG
28929	VG
28930	VG
28931	VG
28932	VG
28933	VG
28934	VG
28935	VG
28936	VG
28937	VG
28938	VG
28939	VG
28940	VG
28941	VG
28942	VG
28943	VG
28944	VG
28945	VG
28946	VG
28947	VG
28948	VG
28949	VG
28950	VG
28951	VG
28952	VG
28953	VG
28954	VG
28955	VG
28956	VG
28957	VG
28958	VG
28959	VG
28960	VG
28961	VG
28962	VG
28963	VG
28964	VG
28965	VG
28966	VG
28967	VG
28968	VG
28969	VG
28970	VG
28971	VG
28972	VG
28973	VG
28974	VG
28975	VG
28976	VG
28977	VG
28978	VG
28979	VG
28980	VG
28981	VG
28982	VG
28983	VG
28984	VG
28985	VG
28986	VG
28987	VG
28988	VG
28989	VG
28990	VG
28991	VG
28992	VG
28993	VG
28994	VG
28995	VG
28996	VG
28997	VG
28998	VG
28999	VG
29000	VG
29001	VG
29002	VG
29003	VG
29004	VG
29005	VG
29006	VG
29007	VG
29008	VG
29009	VG
29010	VG
29011	VG
29012	VG
29013	VG
29014	VG
29015	VG
29016	VG
29017	VG
29018	VG
29019	VG
29020	VG
29021	VG
29022	VG
29023	VG
29024	VG
29025	VG
29026	VG
29027	VG
29028	VG
29029	VG
29030	VG
29031	VG
29032	VG
29033	VG
29034	VG
29035	VG
29036	VG
29037	VG
29038	VG
29039	VG
29040	VG
29041	VG
29042	VG
29043	VG
29044	VG
29045	VG
29046	VG
29047	VG
29048	VG
29049	VG
29050	VG
29051	VG
29052	VG
29053	VG
29054	VG
29055	VG
29056	VG
29057	VG
29058	VG
29059	VG
29060	VG
29061	VG
29062	VG
29063	VG
29064	VG
29065	VG
29066	VG
29067	VG
29068	VG
29069	VG
29070	VG
29071	VG
29072	VG
29073	VG
29074	VG
29075	VG
29076	VG
29077	VG
29078	VG
29079	VG
29080	VG
29081	VG
29082	VG
29083	VG
29084	VG
29085	VG
29086	VG
29087	VG
29088	VG
29089	VG
29090	VG
29091	VG
29092	VG
29093	VG
29094	VG
29095	VG
29096	VG
29097	VG
29098	VG
29099	VG
29100	VG
29101	VG
29102	VG
29103	VG
29104	VG
29105	VG
29106	VG
29107	VG
29108	VG
29109	VG
29110	VG
29111	VG
29112	VG
29113	VG
29114	VG
29115	VG
29116	VG
29117	VG
29118	VG
29119	VG
29120	VG
29121	VG
29122	VG
29123	VG
29124	VG
29125	VG
29126	VG
29127	VG
29128	VG
29129	VG
29130	VG
29131	VG
29132	VG
29133	VG
29134	VG
29135	VG
29136	VG
29137	VG
29138	VG
29139	VG
29140	VG
29141	VG
29142	VG
29143	VG
29144	VG
29145	VG
29146	VG
29147	VG
29148	VG
29149	VG
29150	VG
29151	VG
29152	VG
29153	VG
29154	VG
29155	VG
29156	VG
29157	VG
29158	VG
29159	VG
29160	VG
29161	VG
29162	VG
29163	VG
29164	VG
29165	VG
29166	VG
29167	VG
29168	VG
29169	VG
29170	VG
29171	VG
29172	VG
29173	VG
29174	VG
29175	VG
29176	VG
29177	VG
29178	VG
29179	VG
29180	VG
29181	VG
29182	VG
29183	VG
29184	VG
29185	VG
29186	VG
29187	VG
29188	VG
29189	VG
29190	VG
29191	VG
29192	VG
29193	VG
29194	VG
29195	VG
29196	VG
29197	VG
29198	VG
29199	VG
29200	VG
29201	VG
29202	VG
29203	VG
29204	VG
29205	VG
29206	VG
29207	VG
29208	VG
29209	VG
29210	VG
29211	VG
29212	VG
29213	VG
29214	VG
29215	VG
29216	VG
29217	VG
29218	VG
29219	VG
29220	VG
29221	VG
29222	VG
29223	VG
29224	VG
29225	VG
29226	VG
29227	VG
29228	VG
29229	VG
29230	VG
29231	VG
29232	VG
29233	VG
29234	VG
29235	VG
29236	VG
29237	VG
29238	VG
29239	VG
29240	VG
29241	VG
29242	VG
29243	VG
29244	VG
29245	VG
29246	VG
29247	VG
29248	VG
29249	VG
29250	VG
29251	VG
29252	VG
29253	VG
29254	VG
29255	VG
29256	VG
29257	VG
29258	VG
29259	VG
29260	VG
29261	VG
29262	VG
29263	VG
29264	VG
29265	VG
29266	VG
29267	VG
29268	VG
29269	VG
29270	VG
29271	VG
29272	VG
29273	VG
29274	VG
29275	VG
29276	VG
29277	VG
29278	VG
29279	VG
29280	VG
29281	VG
29282	VG
29283	VG
29284	VG
29285	VG
29286	VG
29287	VG
29288	VG
29289	VG
29290	VG
29291	VG
29292	VG
29293	VG
29294	VG
29295	VG
29296	VG
29297	VG
29298	VG
29299	VG
29300	VG
29301	VG
29302	VG
29303	VG
29304	VG
29305	VG
29306	VG
29307	VG
29308	VG
29309	VG
29310	VG
29311	VG
29312	VG
29313	VG
29314	VG
29315	VG
29316	VG
29317	VG
29318	VG
29319	VG
29320	VG
29321	VG
29322	VG
29323	VG
29324	VG
29325	VG
29326	VG
29327	VG
29328	VG
29329	VG
29330	VG
29331	VG
29332	VG
29333	VG
29334	VG
29335	VG
29336	VG
29337	VG
29338	VG
29339	VG
29340	VG
29341	VG
29342	VG
29343	VG
29344	VG
29345	VG
29346	VG
29347	VG
29348	VG
29349	VG
29350	VG
29351	VG
29352	VG
29353	VG
29354	VG
29355	VG
29356	VG
29357	VG
29358	VG
29359	VG
29360	VG
29361	VG
29362	VG
29363	VG
29364	VG
29365	VG
29366	VG
29367	VG
29368	VG
29369	VG
29370	VG
29371	VG
29372	VG
29373	VG
29374	VG
29375	VG
29376	VG
29377	VG
29378	VG
29379	VG
29380	VG
29381	VG
29382	VG
29383	VG
29384	VG
29385	VG
29386	VG
29387	VG
29388	VG
29389	VG
29390	VG
29391	VG
29392	VG
29393	VG
29394	VG
29395	VG
29396	VG
29397	VG
29398	VG
29399	VG
29400	VG
29401	VG
29402	VG
29403	VG
29404	VG
29405	VG
29406	VG
29407	VG
29408	VG
29409	VG
29410	VG
29411	VG
29412	VG
29413	VG
29414	VG
29415	VG
29416	VG
29417	VG
29418	VG
29419	VG
29420	VG
29421	VG
29422	VG
29423	VG
29424	VG
29425	VG
29426	VG
29427	VG
29428	VG
29429	VG
29430	VG
29431	VG
29432	VG
29433	VG
29434	VG
29435	VG
29436	VG
29437	VG
29438	VG
29439	VG
29440	VG
29441	VG
29442	VG
29443	VG
29444	VG
29445	VG
29446	VG
29447	VG
29448	VG
29449	VG
29450	VG
29451	VG
29452	VG
29453	VG
29454	VG
29455	VG
29456	VG
29457	VG
29458	VG
29459	VG
29460	VG
29461	VG
29462	VG
29463	VG
29464	VG
29465	VG
29466	VG
29467	VG
29468	VG
29469	VG
29470	VG
29471	VG
29472	VG
29473	VG
29474	VG
29475	VG
29476	VG
29477	VG
29478	VG
29479	VG
29480	VG
29481	VG
29482	VG
29483	VG
29484	VG
29485	VG
29486	VG
29487	VG
29488	VG
29489	VG
29490	VG
29491	VG
29492	VG
29493	VG
29494	VG
29495	VG
29496	VG
29497	VG
29498	VG
29499	VG
29500	VG
29501	VG
29502	VG
29503	VG
29504	VG
29505	VG
29506	VG
29507	VG
29508	VG
29509	VG
29510	VG
29511	VG
29512	VG
29513	VG
29514	VG
29515	VG
29516	VG
29517	VG
29518	VG
29519	VG
29520	VG
29521	VG
29522	VG
29523	VG
29524	VG
29525	VG
29526	VG
29527	VG
29528	VG
29529	VG
29530	VG
29531	VG
29532	VG
29533	VG
29534	VG
29535	VG
29536	VG
29537	VG
29538	VG
29539	VG
29540	VG
29541	VG
29542	VG
29543	VG
29544	VG
29545	VG
29546	VG
29547	VG
29548	VG
29549	VG
29550	VG
29551	VG
29552	VG
29553	VG
29554	VG
29555	VG
29556	VG
29557	VG
29558	VG
29559	VG
29560	VG
29561	VG
29562	VG
29563	VG
29564	VG
29565	VG
29566	VG
29567	VG
29568	VG
29569	VG
29570	VG
29571	VG
29572	VG
29573	VG
29574	VG
29575	VG
29576	VG
29577	VG
29578	VG
29579	VG
29580	VG
29581	VG
29582	VG
29583	VG
29584	VG
29585	VG
29586	VG
29587	VG
29588	VG
29589	VG
29590	VG
29591	VG
29592	VG
29593	VG
29594	VG
29595	VG
29596	VG
29597	VG
29598	VG
29599	VG
29600	VG
29601	VG
29602	VG
29603	VG
29604	VG
29605	VG
29606	VG
29607	VG
29608	VG
29609	VG
29610	VG
29611	VG
29612	VG
29613	VG
29614	VG
29615	VG
29616	VG
29617	VG
29618	VG
29619	VG
29620	VG
29621	VG
29622	VG
29623	VG
29624	VG
29625	VG
29626	VG
29627	VG
29628	VG
29629	VG
29630	VG
29631	VG
29632	VG
29633	VG
29634	VG
29635	VG
29636	VG
29637	VG
29638	VG
29639	VG
29640	VG
29641	VG
29642	VG
29643	VG
29644	VG
29645	VG
29646	VG
29647	VG
29648	VG
29649	VG
29650	VG
29651	VG
29652	VG
29653	VG
29654	VG
29655	VG
29656	VG
29657	VG
29658	VG
29659	VG
29660	VG
29661	VG
29662	VG
29663	VG
29664	VG
29665	VG
29666	VG
29667	VG
29668	VG
29669	VG
29670	VG
29671	VG
29672	VG
29673	VG
29674	VG
29675	VG
29676	VG
29677	VG
29678	VG
29679	VG
29680	VG
29681	VG
29682	VG
29683	VG
29684	VG
29685	VG
29686	VG
29687	VG
29688	VG
29689	VG
29690	VG
29691	VG
29692	VG
29693	VG
29694	VG
29695	VG
29696	VG
29697	VG
29698	VG
29699	VG
29700	VG
29701	VG
29702	VG
29703	VG
29704	VG
29705	VG
29706	VG
29707	VG
29708	VG
29709	VG
29710	VG
29711	VG
29712	VG
29713	VG
29714	VG
29715	VG
29716	VG
29717	VG
29718	VG
29719	VG
29720	VG
29721	VG
29722	VG
29723	VG
29724	VG
29725	VG
29726	VG
29727	VG
29728	VG
29729	VG
29730	VG
29731	VG
29732	VG
29733	VG
29734	VG
29735	VG
29736	VG
29737	VG
29738	VG
29739	VG
29740	VG
29741	VG
29742	VG
29743	VG
29744	VG
29745	VG
29746	VG
29747	VG
29748	VG
29749	VG
29750	VG
29751	VG
29752	VG
29753	VG
29754	VG
29755	VG
29756	VG
29757	VG
29758	VG
29759	VG
29760	VG
29761	VG
29762	VG
29763	VG
29764	VG
29765	VG
29766	VG
29767	VG
29768	VG
29769	VG
29770	VG
29771	VG
29772	VG
29773	VG
29774	VG
29775	VG
29776	VG
29777	VG
29778	VG
29779	VG
29780	VG
29781	VG
29782	VG
29783	VG
29784	VG
29785	VG
29786	VG
29787	VG
29788	VG
29789	VG
29790	VG
29791	VG
29792	VG
29793	VG
29794	VG
29795	VG
29796	VG
29797	VG
29798	VG
29799	VG
29800	VG
29801	VG
29802	VG
29803	VG
29804	VG
29805	VG
29806	VG
29807	VG
29808	VG
29809	VG
29810	VG
29811	VG
29812	VG
29813	VG
29814	VG
29815	VG
29816	VG
29817	VG
29818	VG
29819	VG
29820	VG
29821	VG
29822	VG
29823	VG
29824	VG
29825	VG
29826	VG
29827	VG
29828	VG
29829	VG
29830	VG
29831	VG
29832	VG
29833	VG
29834	VG
29835	VG
29836	VG
29837	VG
29838	VG
29839	VG
29840	VG
29841	VG
29842	VG
29843	VG
29844	VG
29845	VG
29846	VG
29847	VG
29848	VG
29849	VG
29850	VG
29851	VG
29852	VG
29853	VG
29854	VG
29855	VG
29856	VG
29857	VG
29858	VG
29859	VG
29860	VG
29861	VG
29862	VG
29863	VG
29864	VG
29865	VG
29866	VG
29867	VG
29868	VG
29869	VG
29870	VG
29871	VG
29872	VG
29873	VG
29874	VG
29875	VG
29876	VG
29877	VG
29878	VG
29879	VG
29880	VG
29881	VG
29882	VG
29883	VG
29884	VG
29885	VG
29886	VG
29887	VG
29888	VG
29889	VG
29890	VG
29891	VG
29892	VG
29893	VG
29894	VG
29895	VG
29896	VG
29897	VG
29898	VG
29899	VG
29900	VG
29901	VG
29902	VG
29903	VG
29904	VG
29905	VG
29906	VG
29907	VG
29908	VG
29909	VG
29910	VG
29911	VG
29912	VG
29913	VG
29914	VG
29915	VG
29916	VG
29917	VG
29918	VG
29919	VG
29920	VG
29921	VG
29922	VG
29923	VG
29924	VG
29925	VG
29926	VG
29927	VG
29928	VG
29929	VG
29930	VG
29931	VG
29932	VG
29933	VG
29934	VG
29935	VG
29936	VG
29937	VG
29938	VG
29939	VG
29940	VG
29941	VG
29942	VG
29943	VG
29944	VG
29945	VG
29946	VG
29947	VG
29948	VG
29949	VG
29950	VG
29951	VG
29952	VG
29953	VG
29954	VG
29955	VG
29956	VG
29957	VG
29958	VG
29959	VG
29960	VG
29961	VG
29962	VG
29963	VG
29964	VG
29965	VG
29966	VG
29967	VG
29968	VG
29969	VG
29970	VG
29971	VG
29972	VG
29973	VG
29974	VG
29975	VG
29976	VG
29977	VG
29978	VG
29979	VG
29980	VG
29981	VG
29982	VG
29983	VG
29984	VG
29985	VG
29986	VG
29987	VG
29988	VG
29989	VG
29990	VG
29991	VG
29992	VG
29993	VG
29994	VG
29995	VG
29996	VG
29997	VG
29998	VG
29999	VG
30000	VG
30001	VG
30002	VG
30003	VG
30004	VG
30005	VG
30006	VG
30007	VG
30008	VG
30009	VG
30010	VG
30011	VG
30012	VG
30013	VG
30014	VG
30015	VG
30016	VG
30017	VG
30018	VG
30019	VG
30020	VG
30021	VG
30022	VG
30023	VG
30024	VG
30025	VG
30026	VG
30027	VG
30028	VG
30029	VG
30030	VG
30031	VG
30032	VG
30033	VG
30034	VG
30035	VG
30036	VG
30037	VG
30038	VG
30039	VG
30040	VG
30041	VG
30042	VG
30043	VG
30044	VG
30045	VG
30046	VG
30047	VG
30048	VG
30049	VG
30050	VG
30051	VG
30052	VG
30053	VG
30054	VG
30055	VG
30056	VG
30057	VG
30058	VG
30059	VG
30060	VG
30061	VG
30062	VG
30063	VG
30064	VG
30065	VG
30066	VG
30067	VG
30068	VG
30069	VG
30070	VG
30071	VG
30072	VG
30073	VG
30074	VG
30075	VG
30076	VG
30077	VG
30078	VG
30079	VG
30080	VG
30081	VG
30082	VG
30083	VG
30084	VG
30085	VG
30086	VG
30087	VG
30088	VG
30089	VG
30090	VG
30091	VG
30092	VG
30093	VG
30094	VG
30095	VG
30096	VG
30097	VG
30098	VG
30099	VG
30100	VG
30101	VG
30102	VG
30103	VG
30104	VG
30105	VG
30106	VG
30107	VG
30108	VG
30109	VG
30110	VG
30111	VG
30112	VG
30113	VG
30114	VG
30115	VG
30116	VG
30117	VG
30118	VG
30119	VG
30120	VG
30121	VG
30122	VG
30123	VG
30124	VG
30125	VG
30126	VG
30127	VG
30128	VG
30129	VG
30130	VG
30131	VG
30132	VG
30133	VG
30134	VG
30135	VG
30136	VG
30137	VG
30138	VG
30139	VG
30140	VG
30141	VG
30142	VG
30143	VG
30144	VG
30145	VG
30146	VG
30147	VG
30148	VG
30149	VG
30150	VG
30151	VG
30152	VG
30153	VG
30154	VG
30155	VG
30156	VG
30157	VG
30158	VG
30159	VG
30160	VG
30161	VG
30162	VG
30163	VG
30164	VG
30165	VG
30166	VG
30167	VG
30168	VG
30169	VG
30170	VG
30171	VG
30172	VG
30173	VG
30174	VG
30175	VG
30176	VG
30177	VG
30178	VG
30179	VG
30180	VG
30181	VG
30182	VG
30183	VG
30184	VG
30185	VG
30186	VG
30187	VG
30188	VG
30189	VG
30190	VG
30191	VG
30192	VG
30193	VG
30194	VG
30195	VG
30196	VG
30197	VG
30198	VG
30199	VG
30200	VG
30201	VG
30202	VG
30203	VG
30204	VG
30205	VG
30206	VG
30207	VG
30208	VG
30209	VG
30210	VG
30211	VG
30212	VG
30213	VG
30214	VG
30215	VG
30216	VG
30217	VG
30218	VG
30219	VG
30220	VG
30221	VG
30222	VG
30223	VG
30224	VG
30225	VG
30226	VG
30227	VG
30228	VG
30229	VG
30230	VG
30231	VG
30232	VG
30233	VG
30234	VG
30235	VG
30236	VG
30237	VG
30238	VG
30239	VG
30240	VG
30241	VG
30242	VG
30243	VG
30244	VG
30245	VG
30246	VG
30247	VG
30248	VG
30249	VG
30250	VG
30251	VG
30252	VG
30253	VG
30254	VG
30255	VG
30256	VG
30257	VG
30258	VG
30259	VG
30260	VG
30261	VG
30262	VG
30263	VG
30264	VG
30265	VG
30266	VG
30267	VG
30268	VG
30269	VG
30270	VG
30271	VG
30272	VG
30273	VG
30274	VG
30275	VG
30276	VG
30277	VG
30278	VG
30279	VG
30280	VG
30281	VG
30282	VG
30283	VG
30284	VG
30285	VG
30286	VG
30287	VG
30288	VG
30289	VG
30290	VG
30291	VG
30292	VG
30293	VG
30294	VG
30295	VG
30296	VG
30297	VG
30298	VG
30299	VG
30300	VG
30301	VG
30302	VG
30303	VG
30304	VG
30305	VG
30306	VG
30307	VG
30308	VG
30309	VG
30310	VG
30311	VG
30312	VG
30313	VG
30314	VG
30315	VG
30316	VG
30317	VG
30318	VG
30319	VG
30320	VG
30321	VG
30322	VG
30323	VG
30324	VG
30325	VG
30326	VG
30327	VG
30328	VG
30329	VG
30330	VG
30331	VG
30332	VG
30333	VG
30334	VG
30335	VG
30336	VG
30337	VG
30338	VG
30339	VG
30340	VG
30341	VG
30342	VG
30343	VG
30344	VG
30345	VG
30346	VG
30347	VG
30348	VG
30349	VG
30350	VG
30351	VG
30352	VG
30353	VG
30354	VG
30355	VG
30356	VG
30357	VG
30358	VG
30359	VG
30360	VG
30361	VG
30362	VG
30363	VG
30364	VG
30365	VG
30366	VG
30367	VG
30368	VG
30369	VG
30370	VG
30371	VG
30372	VG
30373	VG
30374	VG
30375	VG
30376	VG
30377	VG
30378	VG
30379	VG
30380	VG
30381	VG
30382	VG
30383	VG
30384	VG
30385	VG
30386	VG
30387	VG
30388	VG
30389	VG
30390	VG
30391	VG
30392	VG
30393	VG
30394	VG
30395	VG
30396	VG
30397	VG
30398	VG
30399	VG
30400	VG
30401	VG
30402	VG
30403	VG
30404	VG
30405	VG
30406	VG
30407	VG
30408	VG
30409	VG
30410	VG
30411	VG
30412	VG
30413	VG
30414	VG
30415	VG
30416	VG
30417	VG
30418	VG
30419	VG
30420	VG
30421	VG
30422	VG
30423	VG
30424	VG
30425	VG
30426	VG
30427	VG
30428	VG
30429	VG
30430	VG
30431	VG
30432	VG
30433	VG
30434	VG
30435	VG
30436	VG
30437	VG
30438	VG
30439	VG
30440	VG
30441	VG
30442	VG
30443	VG
30444	VG
30445	VG
30446	VG
30447	VG
30448	VG
30449	VG
30450	VG
30451	VG
30452	VG
30453	VG
30454	VG
30455	VG
30456	VG
30457	VG
30458	VG
30459	VG
30460	VG
30461	VG
30462	VG
30463	VG
30464	VG
30465	VG
30466	VG
30467	VG
30468	VG
30469	VG
30470	VG
30471	VG
30472	VG
30473	VG
30474	VG
30475	VG
30476	VG
30477	VG
30478	VG
30479	VG
30480	VG
30481	VG
30482	VG
30483	VG
30484	VG
30485	VG
30486	VG
30487	VG
30488	VG
30489	VG
30490	VG
30491	VG
30492	VG
30493	VG
30494	VG
30495	VG
30496	VG
30497	VG
30498	VG
30499	VG
30500	VG
30501	VG
30502	VG
30503	VG
30504	VG
30505	VG
30506	VG
30507	VG
30508	VG
30509	VG
30510	VG
30511	VG
30512	VG
30513	VG
30514	VG
30515	VG
30516	VG
30517	VG
30518	VG
30519	VG
30520	VG
30521	VG
30522	VG
30523	VG
30524	VG
30525	VG
30526	VG
30527	VG
30528	VG
30529	VG
30530	VG
30531	VG
30532	VG
30533	VG
30534	VG
30535	VG
30536	VG
30537	VG
30538	VG
30539	VG
30540	VG
30541	VG
30542	VG
30543	VG
30544	VG
30545	VG
30546	VG
30547	VG
30548	VG
30549	VG
30550	VG
30551	VG
30552	VG
30553	VG
30554	VG
30555	VG
30556	VG
30557	VG
30558	VG
30559	VG
30560	VG
30561	VG
30562	VG
30563	VG
30564	VG
30565	VG
30566	VG
30567	VG
30568	VG
30569	VG
30570	VG
30571	VG
30572	VG
30573	VG
30574	VG
30575	VG
30576	VG
30577	VG
30578	VG
30579	VG
30580	VG
30581	VG
30582	VG
30583	VG
30584	VG
30585	VG
30586	VG
30587	VG
30588	VG
30589	VG
30590	VG
30591	VG
30592	VG
30593	VG
30594	VG
30595	VG
30596	VG
30597	VG
30598	VG
30599	VG
30600	VG
30601	VG
30602	VG
30603	VG
30604	VG
30605	VG
30606	VG
30607	VG
30608	VG
30609	VG
30610	VG
30611	VG
30612	VG
30613	VG
30614	VG
30615	VG
30616	VG
30617	VG
30618	VG
30619	VG
30620	VG
30621	VG
30622	VG
30623	VG
30624	VG
30625	VG
30626	VG
30627	VG
30628	VG
30629	VG
30630	VG
30631	VG
30632	VG
30633	VG
30634	VG
30635	VG
30636	VG
30637	VG
30638	VG
30639	VG
30640	VG
30641	VG
30642	VG
30643	VG
30644	VG
30645	VG
30646	VG
30647	VG
30648	VG
30649	VG
30650	VG
30651	VG
30652	VG
30653	VG
30654	VG
30655	VG
30656	VG
30657	VG
30658	VG
30659	VG
30660	VG
30661	VG
30662	VG
30663	VG
30664	VG
30665	VG
30666	VG
30667	VG
30668	VG
30669	VG
30670	VG
30671	VG
30672	VG
30673	VG
30674	VG
30675	VG
30676	VG
30677	VG
30678	VG
30679	VG
30680	VG
30681	VG
30682	VG
30683	VG
30684	VG
30685	VG
30686	VG
30687	VG
30688	VG
30689	VG
30690	VG
30691	VG
30692	VG
30693	VG
30694	VG
30695	VG
30696	VG
30697	VG
30698	VG
30699	VG
30700	VG
30701	VG
30702	VG
30703	VG
30704	VG
30705	VG
30706	VG
30707	VG
30708	VG
30709	VG
30710	VG
30711	VG
30712	VG
30713	VG
30714	VG
30715	VG
30716	VG
30717	VG
30718	VG
30719	VG
30720	VG
30721	VG
30722	VG
30723	VG
30724	VG
30725	VG
30726	VG
30727	VG
30728	VG
30729	VG
30730	VG
30731	VG
30732	VG
30733	VG
30734	VG
30735	VG
30736	VG
30737	VG
30738	VG
30739	VG
30740	VG
30741	VG
30742	VG
30743	VG
30744	VG
30745	VG
30746	VG
30747	VG
30748	VG
30749	VG
30750	VG
30751	VG
30752	VG
30753	VG
30754	VG
30755	VG
30756	VG
30757	VG
30758	VG
30759	VG
30760	VG
30761	VG
30762	VG
30763	VG
30764	VG
30765	VG
30766	VG
30767	VG
30768	VG
30769	VG
30770	VG
30771	VG
30772	VG
30773	VG
30774	VG
30775	VG
30776	VG
30777	VG
30778	VG
30779	VG
30780	VG
30781	VG
30782	VG
30783	VG
30784	VG
30785	VG
30786	VG
30787	VG
30788	VG
30789	VG
30790	VG
30791	VG
30792	VG
30793	VG
30794	VG
30795	VG
30796	VG
30797	VG
30798	VG
30799	VG
30800	VG
30801	VG
30802	VG
30803	VG
30804	VG
30805	VG
30806	VG
30807	VG
30808	VG
30809	VG
30810	VG
30811	VG
30812	VG
30813	VG
30814	VG
30815	VG
30816	VG
30817	VG
30818	VG
30819	VG
30820	VG
30821	VG
30822	VG
30823	VG
30824	VG
30825	VG
30826	VG
30827	VG
30828	VG
30829	VG
30830	VG
30831	VG
30832	VG
30833	VG
30834	VG
30835	VG
30836	VG
30837	VG
30838	VG
30839	VG
30840	VG
30841	VG
30842	VG
30843	VG
30844	VG
30845	VG
30846	VG
30847	VG
30848	VG
30849	VG
30850	VG
30851	VG
30852	VG
30853	VG
30854	VG
30855	VG
30856	VG
30857	VG
30858	VG
30859	VG
30860	VG
30861	VG
30862	VG
30863	VG
30864	VG
30865	VG
30866	VG
30867	VG
30868	VG
30869	VG
30870	VG
30871	VG
30872	VG
30873	VG
30874	VG
30875	VG
30876	VG
30877	VG
30878	VG
30879	VG
30880	VG
30881	VG
30882	VG
30883	VG
30884	VG
30885	VG
30886	VG
30887	VG
30888	VG
30889	VG
30890	VG
30891	VG
30892	VG
30893	VG
30894	VG
30895	VG
30896	VG
30897	VG
30898	VG
30899	VG
30900	VG
30901	VG
30902	VG
30903	VG
30904	VG
30905	VG
30906	VG
30907	VG
30908	VG
30909	VG
30910	VG
30911	VG
30912	VG
30913	VG
30914	VG
30915	VG
30916	VG
30917	VG
30918	VG
30919	VG
30920	VG
30921	VG
30922	VG
30923	VG
30924	VG
30925	VG
30926	VG
30927	VG
30928	VG
30929	VG
30930	VG
30931	VG
30932	VG
30933	VG
30934	VG
30935	VG
30936	VG
30937	VG
30938	VG
30939	VG
30940	VG
30941	VG
30942	VG
30943	VG
30944	VG
30945	VG
30946	VG
30947	VG
30948	VG
30949	VG
30950	VG
30951	VG
30952	VG
30953	VG
30954	VG
30955	VG
30956	VG
30957	VG
30958	VG
30959	VG
30960	VG
30961	VG
30962	VG
30963	VG
30964	VG
30965	VG
30966	VG
30967	VG
30968	VG
30969	VG
30970	VG
30971	VG
30972	VG
30973	VG
30974	VG
30975	VG
30976	VG
30977	VG
30978	VG
30979	VG
30980	VG
30981	VG
30982	VG
30983	VG
30984	VG
30985	VG
30986	VG
30987	VG
30988	VG
30989	VG
30990	VG
30991	VG
30992	VG
30993	VG
30994	VG
30995	VG
30996	VG
30997	VG
30998	VG
30999	VG
31000	VG
31001	VG
31002	VG
31003	VG
31004	VG
31005	VG
31006	VG
31007	VG
31008	VG
31009	VG
31010	VG
31011	VG
31012	VG
31013	VG
31014	VG
31015	VG
31016	VG
31017	VG
31018	VG
31019	VG
31020	VG
31021	VG
31022	VG
31023	VG
31024	VG
31025	VG
31026	VG
31027	VG
31028	VG
31029	VG
31030	VG
31031	VG
31032	VG
31033	VG
31034	VG
31035	VG
31036	VG
31037	VG
31038	VG
31039	VG
31040	VG
31041	VG
31042	VG
31043	VG
31044	VG
31045	VG
31046	VG
31047	VG
31048	VG
31049	VG
31050	VG
31051	VG
31052	VG
31053	VG
31054	VG
31055	VG
31056	VG
31057	VG
31058	VG
31059	VG
31060	VG
31061	VG
31062	VG
31063	VG
31064	VG
31065	VG
31066	VG
31067	VG
31068	VG
31069	VG
31070	VG
31071	VG
31072	VG
31073	VG
31074	VG
31075	VG
31076	VG
31077	VG
31078	VG
31079	VG
31080	VG
31081	VG
31082	VG
31083	VG
31084	VG
31085	VG
31086	VG
31087	VG
31088	VG
31089	VG
31090	VG
31091	VG
31092	VG
31093	VG
31094	VG
31095	VG
31096	VG
31097	VG
31098	VG
31099	VG
31100	VG
31101	VG
31102	VG
31103	VG
31104	VG
31105	VG
31106	VG
31107	VG
31108	VG
31109	VG
31110	VG
31111	VG
31112	VG
31113	VG
31114	VG
31115	VG
31116	VG
31117	VG
31118	VG
31119	VG
31120	VG
31121	VG
31122	VG
31123	VG
31124	VG
31125	VG
31126	VG
31127	VG
31128	VG
31129	VG
31130	VG
31131	VG
31132	VG
31133	VG
31134	VG
31135	VG
31136	VG
31137	VG
31138	VG
31139	VG
31140	VG
31141	VG
31142	VG
31143	VG
31144	VG
31145	VG
31146	VG
31147	VG
31148	VG
31149	VG
31150	VG
31151	VG
31152	VG
31153	VG
31154	VG
31155	VG
31156	VG
31157	VG
31158	VG
31159	VG
31160	VG
31161	VG
31162	VG
31163	VG
31164	VG
31165	VG
31166	VG
31167	VG
31168	VG
31169	VG
31170	VG
31171	VG
31172	VG
31173	VG
31174	VG
31175	VG
31176	VG
31177	VG
31178	VG
31179	VG
31180	VG
31181	VG
31182	VG
31183	VG
31184	VG
31185	VG
31186	VG
31187	VG
31188	VG
31189	VG
31190	VG
31191	VG
31192	VG
31193	VG
31194	VG
31195	VG
31196	VG
31197	VG
31198	VG
31199	VG
31200	VG
31201	VG
31202	VG
31203	VG
31204	VG
31205	VG
31206	VG
31207	VG
31208	VG
31209	VG
31210	VG
31211	VG
31212	VG
31213	VG
31214	VG
31215	VG
31216	VG
31217	VG
31218	VG
31219	VG
31220	VG
31221	VG
31222	VG
31223	VG
31224	VG
31225	VG
31226	VG
31227	VG
31228	VG
31229	VG
31230	VG
31231	VG
31232	VG
31233	VG
31234	VG
31235	VG
31236	VG
31237	VG
31238	VG
31239	VG
31240	VG
31241	VG
31242	VG
31243	VG
31244	VG
31245	VG
31246	VG
31247	VG
31248	VG
31249	VG
31250	VG
31251	VG
31252	VG
31253	VG
31254	VG
31255	VG
31256	VG
31257	VG
31258	VG
31259	VG
31260	VG
31261	VG
31262	VG
31263	VG
31264	VG
31265	VG
31266	VG
31267	VG
31268	VG
31269	VG
31270	VG
31271	VG
31272	VG
31273	VG
31274	VG
31275	VG
31276	VG
31277	VG
31278	VG
31279	VG
31280	VG
31281	VG
31282	VG
31283	VG
31284	VG
31285	VG
31286	VG
31287	VG
31288	VG
31289	VG
31290	VG
31291	VG
31292	VG
31293	VG
31294	VG
31295	VG
31296	VG
31297	VG
31298	VG
31299	VG
31300	VG
31301	VG
31302	VG
31303	VG
31304	VG
31305	VG
31306	VG
31307	VG
31308	VG
31309	VG
31310	VG
31311	VG
31312	VG
31313	VG
31314	VG
31315	VG
31316	VG
31317	VG
31318	VG
31319	VG
31320	VG
31321	VG
31322	VG
31323	VG
31324	VG
31325	VG
31326	VG
31327	VG
31328	VG
31329	VG
31330	VG
31331	VG
31332	VG
31333	VG
31334	VG
31335	VG
31336	VG
31337	VG
31338	VG
31339	VG
31340	VG
31341	VG
31342	VG
31343	VG
31344	VG
31345	VG
31346	VG
31347	VG
31348	VG
31349	VG
31350	VG
31351	VG
31352	VG
31353	VG
31354	VG
31355	VG
31356	VG
31357	VG
31358	VG
31359	VG
31360	VG
31361	VG
31362	VG
31363	VG
31364	VG
31365	VG
31366	VG
31367	VG
31368	VG
31369	VG
31370	VG
31371	VG
31372	VG
31373	VG
31374	VG
31375	VG
31376	VG
31377	VG
31378	VG
31379	VG
31380	VG
31381	VG
31382	VG
31383	VG
31384	VG
31385	VG
31386	VG
31387	VG
31388	VG
31389	VG
31390	VG
31391	VG
31392	VG
31393	VG
31394	VG
31395	VG
31396	VG
31397	VG
31398	VG
31399	VG
31400	VG
31401	VG
31402	VG
31403	VG
31404	VG
31405	VG
31406	VG
31407	VG
31408	VG
31409	VG
31410	VG
31411	VG
31412	VG
31413	VG
31414	VG
31415	VG
31416	VG
31417	VG
31418	VG
31419	VG
31420	VG
31421	VG
31422	VG
31423	VG
31424	VG
31425	VG
31426	VG
31427	VG
31428	VG
31429	VG
31430	VG
31431	VG
31432	VG
31433	VG
31434	VG
31435	VG
31436	VG
31437	VG
31438	VG
31439	VG
31440	VG
31441	VG
31442	VG
31443	VG
31444	VG
31445	VG
31446	VG
31447	VG
31448	VG
31449	VG
31450	VG
31451	VG
31452	VG
31453	VG
31454	VG
31455	VG
31456	VG
31457	VG
31458	VG
31459	VG
31460	VG
31461	VG
31462	VG
31463	VG
31464	VG
31465	VG
31466	VG
31467	VG
31468	VG
31469	VG
31470	VG
31471	VG
31472	VG
31473	VG
31474	VG
31475	VG
31476	VG
31477	VG
31478	VG
31479	VG
31480	VG
31481	VG
31482	VG
31483	VG
31484	VG
31485	VG
31486	VG
31487	VG
31488	VG
31489	VG
31490	VG
31491	VG
31492	VG
31493	VG
31494	VG
31495	VG
31496	VG
31497	VG
31498	VG
31499	VG
31500	VG
31501	VG
31502	VG
31503	VG
31504	VG
31505	VG
31506	VG
31507	VG
31508	VG
31509	VG
31510	VG
31511	VG
31512	VG
31513	VG
31514	VG
31515	VG
31516	VG
31517	VG
31518	VG
31519	VG
31520	VG
31521	VG
31522	VG
31523	VG
31524	VG
31525	VG
31526	VG
31527	VG
31528	VG
31529	VG
31530	VG
31531	VG
31532	VG
31533	VG
31534	VG
31535	VG
31536	VG
31537	VG
31538	VG
31539	VG
31540	VG
31541	VG
31542	VG
31543	VG
31544	VG
31545	VG
31546	VG
31547	VG
31548	VG
31549	VG
31550	VG
31551	VG
31552	VG
31553	VG
31554	VG
31555	VG
31556	VG
31557	VG
31558	VG
31559	VG
31560	VG
31561	VG
31562	VG
31563	VG
31564	VG
31565	VG
31566	VG
31567	VG
31568	VG
31569	VG
31570	VG
31571	VG
31572	VG
31573	VG
31574	VG
31575	VG
31576	VG
31577	VG
31578	VG
31579	VG
31580	VG
31581	VG
31582	VG
31583	VG
31584	VG
31585	VG
31586	VG
31587	VG
31588	VG
31589	VG
31590	VG
31591	VG
31592	VG
31593	VG
31594	VG
31595	VG
31596	VG
31597	VG
31598	VG
31599	VG
31600	VG
31601	VG
31602	VG
31603	VG
31604	VG
31605	VG
31606	VG
31607	VG
31608	VG
31609	VG
31610	VG
31611	VG
31612	VG
31613	VG
31614	VG
31615	VG
31616	VG
31617	VG
31618	VG
31619	VG
31620	VG
31621	VG
31622	VG
31623	VG
31624	VG
31625	VG
31626	VG
31627	VG
31628	VG
31629	VG
31630	VG
31631	VG
31632	VG
31633	VG
31634	VG
31635	VG
31636	VG
31637	VG
31638	VG
31639	VG
31640	VG
31641	VG
31642	VG
31643	VG
31644	VG
31645	VG
31646	VG
31647	VG
31648	VG
31649	VG
31650	VG
31651	VG
31652	VG
31653	VG
31654	VG
31655	VG
31656	VG
31657	VG
31658	VG
31659	VG
31660	VG
31661	VG
31662	VG
31663	VG
31664	VG
31665	VG
31666	VG
31667	VG
31668	VG
31669	VG
31670	VG
31671	VG
31672	VG
31673	VG
31674	VG
31675	VG
31676	VG
31677	VG
31678	VG
31679	VG
31680	VG
31681	VG
31682	VG
31683	VG
31684	VG
31685	VG
31686	VG
31687	VG
31688	VG
31689	VG
31690	VG
31691	VG
31692	VG
31693	VG
31694	VG
31695	VG
31696	VG
31697	VG
31698	VG
31699	VG
31700	VG
31701	VG
31702	VG
31703	VG
31704	VG
31705	VG
31706	VG
31707	VG
31708	VG
31709	VG
31710	VG
31711	VG
31712	VG
31713	VG
31714	VG
31715	VG
31716	VG
31717	VG
31718	VG
31719	VG
31720	VG
31721	VG
31722	VG
31723	VG
31724	VG
31725	VG
31726	VG
31727	VG
31728	VG
31729	VG
31730	VG
31731	VG
31732	VG
31733	VG
31734	VG
31735	VG
31736	VG
31737	VG
31738	VG
31739	VG
31740	VG
31741	VG
31742	VG
31743	VG
31744	VG
31745	VG
31746	VG
31747	VG
31748	VG
31749	VG
31750	VG
31751	VG
31752	VG
31753	VG
31754	VG
31755	VG
31756	VG
31757	VG
31758	VG
31759	VG
31760	VG
31761	VG
31762	VG
31763	VG
31764	VG
31765	VG
31766	VG
31767	VG
31768	VG
31769	VG
31770	VG
31771	VG
31772	VG
31773	VG
31774	VG
31775	VG
31776	VG
31777	VG
31778	VG
31779	VG
31780	VG
31781	VG
31782	VG
31783	VG
31784	VG
31785	VG
31786	VG
31787	VG
31788	VG
31789	VG
31790	VG
31791	VG
31792	VG
31793	VG
31794	VG
31795	VG
31796	VG
31797	VG
31798	VG
31799	VG
31800	VG
31801	VG
31802	VG
31803	VG
31804	VG
31805	VG
31806	VG
31807	VG
31808	VG
31809	VG
31810	VG
31811	VG
31812	VG
31813	VG
31814	VG
31815	VG
31816	VG
31817	VG
31818	VG
31819	VG
31820	VG
31821	VG
31822	VG
31823	VG
31824	VG
31825	VG
31826	VG
31827	VG
31828	VG
31829	VG
31830	VG
31831	VG
31832	VG
31833	VG
31834	VG
31835	VG
31836	VG
31837	VG
31838	VG
31839	VG
31840	VG
31841	VG
31842	VG
31843	VG
31844	VG
31845	VG
31846	VG
31847	VG
31848	VG
31849	VG
31850	VG
31851	VG
31852	VG
31853	VG
31854	VG
31855	VG
31856	VG
31857	VG
31858	VG
31859	VG
31860	VG
31861	VG
31862	VG
31863	VG
31864	VG
31865	VG
31866	VG
31867	VG
31868	VG
31869	VG
31870	VG
31871	VG
31872	VG
31873	VG
31874	VG
31875	VG
31876	VG
31877	VG
31878	VG
31879	VG
31880	VG
31881	VG
31882	VG
31883	VG
31884	VG
31885	VG
31886	VG
31887	VG
31888	VG
31889	VG
31890	VG
31891	VG
31892	VG
31893	VG
31894	VG
31895	VG
31896	VG
31897	VG
31898	VG
31899	VG
31900	VG
31901	VG
31902	VG
31903	VG
31904	VG
31905	VG
31906	VG
31907	VG
31908	VG
31909	VG
31910	VG
31911	VG
31912	VG
31913	VG
31914	VG
31915	VG
31916	VG
31917	VG
31918	VG
31919	VG
31920	VG
31921	VG
31922	VG
31923	VG
31924	VG
31925	VG
31926	VG
31927	VG
31928	VG
31929	VG
31930	VG
31931	VG
31932	VG
31933	VG
31934	VG
31935	VG
31936	VG
31937	VG
31938	VG
31939	VG
31940	VG
31941	VG
31942	VG
31943	VG
31944	VG
31945	VG
31946	VG
31947	VG
31948	VG
31949	VG
31950	VG
31951	VG
31952	VG
31953	VG
31954	VG
31955	VG
31956	VG
31957	VG
31958	VG
31959	VG
31960	VG
31961	VG
31962	VG
31963	VG
31964	VG
31965	VG
31966	VG
31967	VG
31968	VG
31969	VG
31970	VG
31971	VG
31972	VG
31973	VG
31974	VG
31975	VG
31976	VG
31977	VG
31978	VG
31979	VG
31980	VG
31981	VG
31982	VG
31983	VG
31984	VG
31985	VG
31986	VG
31987	VG
31988	VG
31989	VG
31990	VG
31991	VG
31992	VG
31993	VG
31994	VG
31995	VG
31996	VG
31997	VG
31998	VG
31999	VG
32000	VG
32001	VG
32002	VG
32003	VG
32004	VG
32005	VG
32006	VG
32007	VG
32008	VG
32009	VG
32010	VG
32011	VG
32012	VG
32013	VG
32014	VG
32015	VG
32016	VG
32017	VG
32018	VG
32019	VG
32020	VG
32021	VG
32022	VG
32023	VG
32024	VG
32025	VG
32026	VG
32027	VG
32028	VG
32029	VG
32030	VG
32031	VG
32032	VG
32033	VG
32034	VG
32035	VG
32036	VG
32037	VG
32038	VG
32039	VG
32040	VG
32041	VG
32042	VG
32043	VG
32044	VG
32045	VG
32046	VG
32047	VG
32048	VG
32049	VG
32050	VG
32051	VG
32052	VG
32053	VG
32054	VG
32055	VG
32056	VG
32057	VG
32058	VG
32059	VG
32060	VG
32061	VG
32062	VG
32063	VG
32064	VG
32065	VG
32066	VG
32067	VG
32068	VG
32069	VG
32070	VG
32071	VG
32072	VG
32073	VG
32074	VG
32075	VG
32076	VG
32077	VG
32078	VG
32079	VG
32080	VG
32081	VG
32082	VG
32083	VG
32084	VG
32085	VG
32086	VG
32087	VG
32088	VG
32089	VG
32090	VG
32091	VG
32092	VG
32093	VG
32094	VG
32095	VG
32096	VG
32097	VG
32098	VG
32099	VG
32100	VG
32101	VG
32102	VG
32103	VG
32104	VG
32105	VG
32106	VG
32107	VG
32108	VG
32109	VG
32110	VG
32111	VG
32112	VG
32113	VG
32114	VG
32115	VG
32116	VG
32117	VG
32118	VG
32119	VG
32120	VG
32121	VG
32122	VG
32123	VG
32124	VG
32125	VG
32126	VG
32127	VG
32128	VG
32129	VG
32130	VG
32131	VG
32132	VG
32133	VG
32134	VG
32135	VG
32136	VG
32137	VG
32138	VG
32139	VG
32140	VG
32141	VG
32142	VG
32143	VG
32144	VG
32145	VG
32146	VG
32147	VG
32148	VG
32149	VG
32150	VG
32151	VG
32152	VG
32153	VG
32154	VG
32155	VG
32156	VG
32157	VG
32158	VG
32159	VG
32160	VG
32161	VG
32162	VG
32163	VG
32164	VG
32165	VG
32166	VG
32167	VG
32168	VG
32169	VG
32170	VG
32171	VG
32172	VG
32173	VG
32174	VG
32175	VG
32176	VG
32177	VG
32178	VG
32179	VG
32180	VG
32181	VG
32182	VG
32183	VG
32184	VG
32185	VG
32186	VG
32187	VG
32188	VG
32189	VG
32190	VG
32191	VG
32192	VG
32193	VG
32194	VG
32195	VG
32196	VG
32197	VG
32198	VG
32199	VG
32200	VG
32201	VG
32202	VG
32203	VG
32204	VG
32205	VG
32206	VG
32207	VG
32208	VG
32209	VG
32210	VG
32211	VG
32212	VG
32213	VG
32214	VG
32215	VG
32216	VG
32217	VG
32218	VG
32219	VG
32220	VG
32221	VG
32222	VG
32223	VG
32224	VG
32225	VG
32226	VG
32227	VG
32228	VG
32229	VG
32230	VG
32231	VG
32232	VG
32233	VG
32234	VG
32235	VG
32236	VG
32237	VG
32238	VG
32239	VG
32240	VG
32241	VG
32242	VG
32243	VG
32244	VG
32245	VG
32246	VG
32247	VG
32248	VG
32249	VG
32250	VG
32251	VG
32252	VG
32253	VG
32254	VG
32255	VG
32256	VG
32257	VG
32258	VG
32259	VG
32260	VG
32261	VG
32262	VG
32263	VG
32264	VG
32265	VG
32266	VG
32267	VG
32268	VG
32269	VG
32270	VG
32271	VG
32272	VG
32273	VG
32274	VG
32275	VG
32276	VG
32277	VG
32278	VG
32279	VG
32280	VG
32281	VG
32282	VG
32283	VG
32284	VG
32285	VG
32286	VG
32287	VG
32288	VG
32289	VG
32290	VG
32291	VG
32292	VG
32293	VG
32294	VG
32295	VG
32296	VG
32297	VG
32298	VG
32299	VG
32300	VG
32301	VG
32302	VG
32303	VG
32304	VG
32305	VG
32306	VG
32307	VG
32308	VG
32309	VG
32310	VG
32311	VG
32312	VG
32313	VG
32314	VG
32315	VG
32316	VG
32317	VG
32318	VG
32319	VG
32320	VG
32321	VG
32322	VG
32323	VG
32324	VG
32325	VG
32326	VG
32327	VG
32328	VG
32329	VG
32330	VG
32331	VG
32332	VG
32333	VG
32334	VG
32335	VG
32336	VG
32337	VG
32338	VG
32339	VG
32340	VG
32341	VG
32342	VG
32343	VG
32344	VG
32345	VG
32346	VG
32347	VG
32348	VG
32349	VG
32350	VG
32351	VG
32352	VG
32353	VG
32354	VG
32355	VG
32356	VG
32357	VG
32358	VG
32359	VG
32360	VG
32361	VG
32362	VG
32363	VG
32364	VG
32365	VG
32366	VG
32367	VG
32368	VG
32369	VG
32370	VG
32371	VG
32372	VG
32373	VG
32374	VG
32375	VG
32376	VG
32377	VG
32378	VG
32379	VG
32380	VG
32381	VG
32382	VG
32383	VG
32384	VG
32385	VG
32386	VG
32387	VG
32388	VG
32389	VG
32390	VG
32391	VG
32392	VG
32393	VG
32394	VG
32395	VG
32396	VG
32397	VG
32398	VG
32399	VG
32400	VG
32401	VG
32402	VG
32403	VG
32404	VG
32405	VG
32406	VG
32407	VG
32408	VG
32409	VG
32410	VG
32411	VG
32412	VG
32413	VG
32414	VG
32415	VG
32416	VG
32417	VG
32418	VG
32419	VG
32420	VG
32421	VG
32422	VG
32423	VG
32424	VG
32425	VG
32426	VG
32427	VG
32428	VG
32429	VG
32430	VG
32431	VG
32432	VG
32433	VG
32434	VG
32435	VG
32436	VG
32437	VG
32438	VG
32439	VG
32440	VG
32441	VG
32442	VG
32443	VG
32444	VG
32445	VG
32446	VG
32447	VG
32448	VG
32449	VG
32450	VG
32451	VG
32452	VG
32453	VG
32454	VG
32455	VG
32456	VG
32457	VG
32458	VG
32459	VG
32460	VG
32461	VG
32462	VG
32463	VG
32464	VG
32465	VG
32466	VG
32467	VG
32468	VG
32469	VG
32470	VG
32471	VG
32472	VG
32473	VG
32474	VG
32475	VG
32476	VG
32477	VG
32478	VG
32479	VG
32480	VG
32481	VG
32482	VG
32483	VG
32484	VG
32485	VG
32486	VG
32487	VG
32488	VG
32489	VG
32490	VG
32491	VG
32492	VG
32493	VG
32494	VG
32495	VG
32496	VG
32497	VG
32498	VG
32499	VG
32500	VG
32501	VG
32502	VG
32503	VG
32504	VG
32505	VG
32506	VG
32507	VG
32508	VG
32509	VG
32510	VG
32511	VG
32512	VG
32513	VG
32514	VG
32515	VG
32516	VG
32517	VG
32518	VG
32519	VG
32520	VG
32521	VG
32522	VG
32523	VG
32524	VG
32525	VG
32526	VG
32527	VG
32528	VG
32529	VG
32530	VG
32531	VG
32532	VG
32533	VG
32534	VG
32535	VG
32536	VG
32537	VG
32538	VG
32539	VG
32540	VG
32541	VG
32542	VG
32543	VG
32544	VG
32545	VG
32546	VG
32547	VG
32548	VG
32549	VG
32550	VG
32551	VG
32552	VG
32553	VG
32554	VG
32555	VG
32556	VG
32557	VG
32558	VG
32559	VG
32560	VG
32561	VG
32562	VG
32563	VG
32564	VG
32565	VG
32566	VG
32567	VG
32568	VG
32569	VG
32570	VG
32571	VG
32572	VG
32573	VG
32574	VG
32575	VG
32576	VG
32577	VG
32578	VG
32579	VG
32580	VG
32581	VG
32582	VG
32583	VG
32584	VG
32585	VG
32586	VG
32587	VG
32588	VG
32589	VG
32590	VG
32591	VG
32592	VG
32593	VG
32594	VG
32595	VG
32596	VG
32597	VG
32598	VG
32599	VG
32600	VG
32601	VG
32602	VG
32603	VG
32604	VG
32605	VG
32606	VG
32607	VG
32608	VG
32609	VG
32610	VG
32611	VG
32612	VG
32613	VG
32614	VG
32615	VG
32616	VG
32617	VG
32618	VG
32619	VG
32620	VG
32621	VG
32622	VG
32623	VG
32624	VG
32625	VG
32626	VG
32627	VG
32628	VG
32629	VG
32630	VG
32631	VG
32632	VG
32633	VG
32634	VG
32635	VG
32636	VG
32637	VG
32638	VG
32639	VG
32640	VG
32641	VG
32642	VG
32643	VG
32644	VG
32645	VG
32646	VG
32647	VG
32648	VG
32649	VG
32650	VG
32651	VG
32652	VG
32653	VG
32654	VG
32655	VG
32656	VG
32657	VG
32658	VG
32659	VG
32660	VG
32661	VG
32662	VG
32663	VG
32664	VG
32665	VG
32666	VG
32667	VG
32668	VG
32669	VG
32670	VG
32671	VG
32672	VG
32673	VG
32674	VG
32675	VG
32676	VG
32677	VG
32678	VG
32679	VG
32680	VG
32681	VG
32682	VG
32683	VG
32684	VG
32685	VG
32686	VG
32687	VG
32688	VG
32689	VG
32690	VG
32691	VG
32692	VG
32693	VG
32694	VG
32695	VG
32696	VG
32697	VG
32698	VG
32699	VG
32700	VG
32701	VG
32702	VG
32703	VG
32704	VG
32705	VG
32706	VG
32707	VG
32708	VG
32709	VG
32710	VG
32711	VG
32712	VG
32713	VG
32714	VG
32715	VG
32716	VG
32717	VG
32718	VG
32719	VG
32720	VG
32721	VG
32722	VG
32723	VG
32724	VG
32725	VG
32726	VG
32727	VG
32728	VG
32729	VG
32730	VG
32731	VG
32732	VG
32733	VG
32734	VG
32735	VG
32736	VG
32737	VG
32738	VG
32739	VG
32740	VG
32741	VG
32742	VG
32743	VG
32744	VG
32745	VG
32746	VG
32747	VG
32748	VG
32749	VG
32750	VG
32751	VG
32752	VG
32753	VG
32754	VG
32755	VG
32756	VG
32757	VG
32758	VG
32759	VG
32760	VG
32761	VG
32762	VG
32763	VG
32764	VG
32765	VG
32766	VG
32767	VG
32768	VG
32769	VG
32770	VG
32771	VG
32772	VG
32773	VG
32774	VG
32775	VG
32776	VG
32777	VG
32778	VG
32779	VG
32780	VG
32781	VG
32782	VG
32783	VG
32784	VG
32785	VG
32786	VG
32787	VG
32788	VG
32789	VG
32790	VG
32791	VG
32792	VG
32793	VG
32794	VG
32795	VG
32796	VG
32797	VG
32798	VG
32799	VG
32800	VG
32801	VG
32802	VG
32803	VG
32804	VG
32805	VG
32806	VG
32807	VG
32808	VG
32809	VG
32810	VG
32811	VG
32812	VG
32813	VG
32814	VG
32815	VG
32816	VG
32817	VG
32818	VG
32819	VG
32820	VG
32821	VG
32822	VG
32823	VG
32824	VG
32825	VG
32826	VG
32827	VG
32828	VG
32829	VG
32830	VG
32831	VG
32832	VG
32833	VG
32834	VG
32835	VG
32836	VG
32837	VG
32838	VG
32839	VG
32840	VG
32841	VG
32842	VG
32843	VG
32844	VG
32845	VG
32846	VG
32847	VG
32848	VG
32849	VG
32850	VG
32851	VG
32852	VG
32853	VG
32854	VG
32855	VG
32856	VG
32857	VG
32858	VG
32859	VG
32860	VG
32861	VG
32862	VG
32863	VG
32864	VG
32865	VG
32866	VG
32867	VG
32868	VG
32869	VG
32870	VG
32871	VG
32872	VG
32873	VG
32874	VG
32875	VG
32876	VG
32877	VG
32878	VG
32879	VG
32880	VG
32881	VG
32882	VG
32883	VG
32884	VG
32885	VG
32886	VG
32887	VG
32888	VG
32889	VG
32890	VG
32891	VG
32892	VG
32893	VG
32894	VG
32895	VG
32896	VG
32897	VG
32898	VG
32899	VG
32900	VG
32901	VG
32902	VG
32903	VG
32904	VG
32905	VG
32906	VG
32907	VG
32908	VG
32909	VG
32910	VG
32911	VG
32912	VG
32913	VG
32914	VG
32915	VG
32916	VG
32917	VG
32918	VG
32919	VG
32920	VG
32921	VG
32922	VG
32923	VG
32924	VG
32925	VG
32926	VG
32927	VG
32928	VG
32929	VG
32930	VG
32931	VG
32932	VG
32933	VG
32934	VG
32935	VG
32936	VG
32937	VG
32938	VG
32939	VG
32940	VG
32941	VG
32942	VG
32943	VG
32944	VG
32945	VG
32946	VG
32947	VG
32948	VG
32949	VG
32950	VG
32951	VG
32952	VG
32953	VG
32954	VG
32955	VG
32956	VG
32957	VG
32958	VG
32959	VG
32960	VG
32961	VG
32962	VG
32963	VG
32964	VG
32965	VG
32966	VG
32967	VG
32968	VG
32969	VG
32970	VG
32971	VG
32972	VG
32973	VG
32974	VG
32975	VG
32976	VG
32977	VG
32978	VG
32979	VG
32980	VG
32981	VG
32982	VG
32983	VG
32984	VG
32985	VG
32986	VG
32987	VG
32988	VG
32989	VG
32990	VG
32991	VG
32992	VG
32993	VG
32994	VG
32995	VG
32996	VG
32997	VG
32998	VG
32999	VG
33000	VG
33001	VG
33002	VG
33003	VG
33004	VG
33005	VG
33006	VG
33007	VG
33008	VG
33009	VG
33010	VG
33011	VG
33012	VG
33013	VG
33014	VG
33015	VG
33016	VG
33017	VG
33018	VG
33019	VG
33020	VG
33021	VG
33022	VG
33023	VG
33024	VG
33025	VG
33026	VG
33027	VG
33028	VG
33029	VG
33030	VG
33031	VG
33032	VG
33033	VG
33034	VG
33035	VG
33036	VG
33037	VG
33038	VG
33039	VG
33040	VG
33041	VG
33042	VG
33043	VG
33044	VG
33045	VG
33046	VG
33047	VG
33048	VG
33049	VG
33050	VG
33051	VG
33052	VG
33053	VG
33054	VG
33055	VG
33056	VG
33057	VG
33058	VG
33059	VG
33060	VG
33061	VG
33062	VG
33063	VG
33064	VG
33065	VG
33066	VG
33067	VG
33068	VG
33069	VG
33070	VG
33071	VG
33072	VG
33073	VG
33074	VG
33075	VG
33076	VG
33077	VG
33078	VG
33079	VG
33080	VG
33081	VG
33082	VG
33083	VG
33084	VG
33085	VG
33086	VG
33087	VG
33088	VG
33089	VG
33090	VG
33091	VG
33092	VG
33093	VG
33094	VG
33095	VG
33096	VG
33097	VG
33098	VG
33099	VG
33100	VG
33101	VG
33102	VG
33103	VG
33104	VG
33105	VG
33106	VG
33107	VG
33108	VG
33109	VG
33110	VG
33111	VG
33112	VG
33113	VG
33114	VG
33115	VG
33116	VG
33117	VG
33118	VG
33119	VG
33120	VG
33121	VG
33122	VG
33123	VG
33124	VG
33125	VG
33126	VG
33127	VG
33128	VG
33129	VG
33130	VG
33131	VG
33132	VG
33133	VG
33134	VG
33135	VG
33136	VG
33137	VG
33138	VG
33139	VG
33140	VG
33141	VG
33142	VG
33143	VG
33144	VG
33145	VG
33146	VG
33147	VG
33148	VG
33149	VG
33150	VG
33151	VG
33152	VG
33153	VG
33154	VG
33155	VG
33156	VG
33157	VG
33158	VG
33159	VG
33160	VG
33161	VG
33162	VG
33163	VG
33164	VG
33165	VG
33166	VG
33167	VG
33168	VG
33169	VG
33170	VG
33171	VG
33172	VG
33173	VG
33174	VG
33175	VG
33176	VG
33177	VG
33178	VG
33179	VG
33180	VG
33181	VG
33182	VG
33183	VG
33184	VG
33185	VG
33186	VG
33187	VG
33188	VG
33189	VG
33190	VG
33191	VG
33192	VG
33193	VG
33194	VG
33195	VG
33196	VG
33197	VG
33198	VG
33199	VG
33200	VG
33201	VG
33202	VG
33203	VG
33204	VG
33205	VG
33206	VG
33207	VG
33208	VG
33209	VG
33210	VG
33211	VG
33212	VG
33213	VG
33214	VG
33215	VG
33216	VG
33217	VG
33218	VG
33219	VG
33220	VG
33221	VG
33222	VG
33223	VG
33224	VG
33225	VG
33226	VG
33227	VG
33228	VG
33229	VG
33230	VG
33231	VG
33232	VG
33233	VG
33234	VG
33235	VG
33236	VG
33237	VG
33238	VG
33239	VG
33240	VG
33241	VG
33242	VG
33243	VG
33244	VG
33245	VG
33246	VG
33247	VG
33248	VG
33249	VG
33250	VG
33251	VG
33252	VG
33253	VG
33254	VG
33255	VG
33256	VG
33257	VG
33258	VG
33259	VG
33260	VG
33261	VG
33262	VG
33263	VG
33264	VG
33265	VG
33266	VG
33267	VG
33268	VG
33269	VG
33270	VG
33271	VG
33272	VG
33273	VG
33274	VG
33275	VG
33276	VG
33277	VG
33278	VG
33279	VG
33280	VG
33281	VG
33282	VG
33283	VG
33284	VG
33285	VG
33286	VG
33287	VG
33288	VG
33289	VG
33290	VG
33291	VG
33292	VG
33293	VG
33294	VG
33295	VG
33296	VG
33297	VG
33298	VG
33299	VG
33300	VG
33301	VG
33302	VG
33303	VG
33304	VG
33305	VG
33306	VG
33307	VG
33308	VG
33309	VG
33310	VG
33311	VG
33312	VG
33313	VG
33314	VG
33315	VG
33316	VG
33317	VG
33318	VG
33319	VG
33320	VG
33321	VG
33322	VG
33323	VG
33324	VG
33325	VG
33326	VG
33327	VG
33328	VG
33329	VG
33330	VG
33331	VG
33332	VG
33333	VG
33334	VG
33335	VG
33336	VG
33337	VG
33338	VG
33339	VG
33340	VG
33341	VG
33342	VG
33343	VG
33344	VG
33345	VG
33346	VG
33347	VG
33348	VG
33349	VG
33350	VG
33351	VG
33352	VG
33353	VG
33354	VG
33355	VG
33356	VG
33357	VG
33358	VG
33359	VG
33360	VG
33361	VG
33362	VG
33363	VG
33364	VG
33365	VG
33366	VG
33367	VG
33368	VG
33369	VG
33370	VG
33371	VG
33372	VG
33373	VG
33374	VG
33375	VG
33376	VG
33377	VG
33378	VG
33379	VG
33380	VG
33381	VG
33382	VG
33383	VG
33384	VG
33385	VG
33386	VG
33387	VG
33388	VG
33389	VG
33390	VG
33391	VG
33392	VG
33393	VG
33394	VG
33395	VG
33396	VG
33397	VG
33398	VG
33399	VG
33400	VG
33401	VG
33402	VG
33403	VG
33404	VG
33405	VG
33406	VG
33407	VG
33408	VG
33409	VG
33410	VG
33411	VG
33412	VG
33413	VG
33414	VG
33415	VG
33416	VG
33417	VG
33418	VG
33419	VG
33420	VG
33421	VG
33422	VG
33423	VG
33424	VG
33425	VG
33426	VG
33427	VG
33428	VG
33429	VG
33430	VG
33431	VG
33432	VG
33433	VG
33434	VG
33435	VG
33436	VG
33437	VG
33438	VG
33439	VG
33440	VG
33441	VG
33442	VG
33443	VG
33444	VG
33445	VG
33446	VG
33447	VG
33448	VG
33449	VG
33450	VG
33451	VG
33452	VG
33453	VG
33454	VG
33455	VG
33456	VG
33457	VG
33458	VG
33459	VG
33460	VG
33461	VG
33462	VG
33463	VG
33464	VG
33465	VG
33466	VG
33467	VG
33468	VG
33469	VG
33470	VG
33471	VG
33472	VG
33473	VG
33474	VG
33475	VG
33476	VG
33477	VG
33478	VG
33479	VG
33480	VG
33481	VG
33482	VG
33483	VG
33484	VG
33485	VG
33486	VG
33487	VG
33488	VG
33489	VG
33490	VG
33491	VG
33492	VG
33493	VG
33494	VG
33495	VG
33496	VG
33497	VG
33498	VG
33499	VG
33500	VG
33501	VG
33502	VG
33503	VG
33504	VG
33505	VG
33506	VG
33507	VG
33508	VG
33509	VG
33510	VG
33511	VG
33512	VG
33513	VG
33514	VG
33515	VG
33516	VG
33517	VG
33518	VG
33519	VG
33520	VG
33521	VG
33522	VG
33523	VG
33524	VG
33525	VG
33526	VG
33527	VG
33528	VG
33529	VG
33530	VG
33531	VG
33532	VG
33533	VG
33534	VG
33535	VG
33536	VG
33537	VG
33538	VG
33539	VG
33540	VG
33541	VG
33542	VG
33543	VG
33544	VG
33545	VG
33546	VG
33547	VG
33548	VG
33549	VG
33550	VG
33551	VG
33552	VG
33553	VG
33554	VG
33555	VG
33556	VG
33557	VG
33558	VG
33559	VG
33560	VG
33561	VG
33562	VG
33563	VG
33564	VG
33565	VG
33566	VG
33567	VG
33568	VG
33569	VG
33570	VG
33571	VG
33572	VG
33573	VG
33574	VG
33575	VG
33576	VG
33577	VG
33578	VG
33579	VG
33580	VG
33581	VG
33582	VG
33583	VG
33584	VG
33585	VG
33586	VG
33587	VG
33588	VG
33589	VG
33590	VG
33591	VG
33592	VG
33593	VG
33594	VG
33595	VG
33596	VG
33597	VG
33598	VG
33599	VG
33600	VG
33601	VG
33602	VG
33603	VG
33604	VG
33605	VG
33606	VG
33607	VG
33608	VG
33609	VG
33610	VG
33611	VG
33612	VG
33613	VG
33614	VG
33615	VG
33616	VG
33617	VG
33618	VG
33619	VG
33620	VG
33621	VG
33622	VG
33623	VG
33624	VG
33625	VG
33626	VG
33627	VG
33628	VG
33629	VG
33630	VG
33631	VG
33632	VG
33633	VG
33634	VG
33635	VG
33636	VG
33637	VG
33638	VG
33639	VG
33640	VG
33641	VG
33642	VG
33643	VG
33644	VG
33645	VG
33646	VG
33647	VG
33648	VG
33649	VG
33650	VG
33651	VG
33652	VG
33653	VG
33654	VG
33655	VG
33656	VG
33657	VG
33658	VG
33659	VG
33660	VG
33661	VG
33662	VG
33663	VG
33664	VG
33665	VG
33666	VG
33667	VG
33668	VG
33669	VG
33670	VG
33671	VG
33672	VG
33673	VG
33674	VG
33675	VG
33676	VG
33677	VG
33678	VG
33679	VG
33680	VG
33681	VG
33682	VG
33683	VG
33684	VG
33685	VG
33686	VG
33687	VG
33688	VG
33689	VG
33690	VG
33691	VG
33692	VG
33693	VG
33694	VG
33695	VG
33696	VG
33697	VG
33698	VG
33699	VG
33700	VG
33701	VG
33702	VG
33703	VG
33704	VG
33705	VG
33706	VG
33707	VG
33708	VG
33709	VG
33710	VG
33711	VG
33712	VG
33713	VG
33714	VG
33715	VG
33716	VG
33717	VG
33718	VG
33719	VG
33720	VG
33721	VG
33722	VG
33723	VG
33724	VG
33725	VG
33726	VG
33727	VG
33728	VG
33729	VG
33730	VG
33731	VG
33732	VG
33733	VG
33734	VG
33735	VG
33736	VG
33737	VG
33738	VG
33739	VG
33740	VG
33741	VG
33742	VG
33743	VG
33744	VG
33745	VG
33746	VG
33747	VG
33748	VG
33749	VG
33750	VG
33751	VG
33752	VG
33753	VG
33754	VG
33755	VG
33756	VG
33757	VG
33758	VG
33759	VG
33760	VG
33761	VG
33762	VG
33763	VG
33764	VG
33765	VG
33766	VG
33767	VG
33768	VG
33769	VG
33770	VG
33771	VG
33772	VG
33773	VG
33774	VG
33775	VG
33776	VG
33777	VG
33778	VG
33779	VG
33780	VG
33781	VG
33782	VG
33783	VG
33784	VG
33785	VG
33786	VG
33787	VG
33788	VG
33789	VG
33790	VG
33791	VG
33792	VG
33793	VG
33794	VG
33795	VG
33796	VG
33797	VG
33798	VG
33799	VG
33800	VG
33801	VG
33802	VG
33803	VG
33804	VG
33805	VG
33806	VG
33807	VG
33808	VG
33809	VG
33810	VG
33811	VG
33812	VG
33813	VG
33814	VG
33815	VG
33816	VG
33817	VG
33818	VG
33819	VG
33820	VG
33821	VG
33822	VG
33823	VG
33824	VG
33825	VG
33826	VG
33827	VG
33828	VG
33829	VG
33830	VG
33831	VG
33832	VG
33833	VG
33834	VG
33835	VG
33836	VG
33837	VG
33838	VG
33839	VG
33840	VG
33841	VG
33842	VG
33843	VG
33844	VG
33845	VG
33846	VG
33847	VG
33848	VG
33849	VG
33850	VG
33851	VG
33852	VG
33853	VG
33854	VG
33855	VG
33856	VG
33857	VG
33858	VG
33859	VG
33860	VG
33861	VG
33862	VG
33863	VG
33864	VG
33865	VG
33866	VG
33867	VG
33868	VG
33869	VG
33870	VG
33871	VG
33872	VG
33873	VG
33874	VG
33875	VG
33876	VG
33877	VG
33878	VG
33879	VG
33880	VG
33881	VG
33882	VG
33883	VG
33884	VG
33885	VG
33886	VG
33887	VG
33888	VG
33889	VG
33890	VG
33891	VG
33892	VG
33893	VG
33894	VG
33895	VG
33896	VG
33897	VG
33898	VG
33899	VG
33900	VG
33901	VG
33902	VG
33903	VG
33904	VG
33905	VG
33906	VG
33907	VG
33908	VG
33909	VG
33910	VG
33911	VG
33912	VG
33913	VG
33914	VG
33915	VG
33916	VG
33917	VG
33918	VG
33919	VG
33920	VG
33921	VG
33922	VG
33923	VG
33924	VG
33925	VG
33926	VG
33927	VG
33928	VG
33929	VG
33930	VG
33931	VG
33932	VG
33933	VG
33934	VG
33935	VG
33936	VG
33937	VG
33938	VG
33939	VG
33940	VG
33941	VG
33942	VG
33943	VG
33944	VG
33945	VG
33946	VG
33947	VG
33948	VG
33949	VG
33950	VG
33951	VG
33952	VG
33953	VG
33954	VG
33955	VG
33956	VG
33957	VG
33958	VG
33959	VG
33960	VG
33961	VG
33962	VG
33963	VG
33964	VG
33965	VG
33966	VG
33967	VG
33968	VG
33969	VG
33970	VG
33971	VG
33972	VG
33973	VG
33974	VG
33975	VG
33976	VG
33977	VG
33978	VG
33979	VG
33980	VG
33981	VG
33982	VG
33983	VG
33984	VG
33985	VG
33986	VG
33987	VG
33988	VG
33989	VG
33990	VG
33991	VG
33992	VG
33993	VG
33994	VG
33995	VG
33996	VG
33997	VG
33998	VG
33999	VG
34000	VG
34001	VG
34002	VG
34003	VG
34004	VG
34005	VG
34006	VG
34007	VG
34008	VG
34009	VG
34010	VG
34011	VG
34012	VG
34013	VG
34014	VG
34015	VG
34016	VG
34017	VG
34018	VG
34019	VG
34020	VG
34021	VG
34022	VG
34023	VG
34024	VG
34025	VG
34026	VG
34027	VG
34028	VG
34029	VG
34030	VG
34031	VG
34032	VG
34033	VG
34034	VG
34035	VG
34036	VG
34037	VG
34038	VG
34039	VG
34040	VG
34041	VG
34042	VG
34043	VG
34044	VG
34045	VG
34046	VG
34047	VG
34048	VG
34049	VG
34050	VG
34051	VG
34052	VG
34053	VG
34054	VG
34055	VG
34056	VG
34057	VG
34058	VG
34059	VG
34060	VG
34061	VG
34062	VG
34063	VG
34064	VG
34065	VG
34066	VG
34067	VG
34068	VG
34069	VG
34070	VG
34071	VG
34072	VG
34073	VG
34074	VG
34075	VG
34076	VG
34077	VG
34078	VG
34079	VG
34080	VG
34081	VG
34082	VG
34083	VG
34084	VG
34085	VG
34086	VG
34087	VG
34088	VG
34089	VG
34090	VG
34091	VG
34092	VG
34093	VG
34094	VG
34095	VG
34096	VG
34097	VG
34098	VG
34099	VG
34100	VG
34101	VG
34102	VG
34103	VG
34104	VG
34105	VG
34106	VG
34107	VG
34108	VG
34109	VG
34110	VG
34111	VG
34112	VG
34113	VG
34114	VG
34115	VG
34116	VG
34117	VG
34118	VG
34119	VG
34120	VG
34121	VG
34122	VG
34123	VG
34124	VG
34125	VG
34126	VG
34127	VG
34128	VG
34129	VG
34130	VG
34131	VG
34132	VG
34133	VG
34134	VG
34135	VG
34136	VG
34137	VG
34138	VG
34139	VG
34140	VG
34141	VG
34142	VG
34143	VG
34144	VG
34145	VG
34146	VG
34147	VG
34148	VG
34149	VG
34150	VG
34151	VG
34152	VG
34153	VG
34154	VG
34155	VG
34156	VG
34157	VG
34158	VG
34159	VG
34160	VG
34161	VG
34162	VG
34163	VG
34164	VG
34165	VG
34166	VG
34167	VG
34168	VG
34169	VG
34170	VG
34171	VG
34172	VG
34173	VG
34174	VG
34175	VG
34176	VG
34177	VG
34178	VG
34179	VG
34180	VG
34181	VG
34182	VG
34183	VG
34184	VG
34185	VG
34186	VG
34187	VG
34188	VG
34189	VG
34190	VG
34191	VG
34192	VG
34193	VG
34194	VG
34195	VG
34196	VG
34197	VG
34198	VG
34199	VG
34200	VG
34201	VG
34202	VG
34203	VG
34204	VG
34205	VG
34206	VG
34207	VG
34208	VG
34209	VG
34210	VG
34211	VG
34212	VG
34213	VG
34214	VG
34215	VG
34216	VG
34217	VG
34218	VG
34219	VG
34220	VG
34221	VG
34222	VG
34223	VG
34224	VG
34225	VG
34226	VG
34227	VG
34228	VG
34229	VG
34230	VG
34231	VG
34232	VG
34233	VG
34234	VG
34235	VG
34236	VG
34237	VG
34238	VG
34239	VG
34240	VG
34241	VG
34242	VG
34243	VG
34244	VG
34245	VG
34246	VG
34247	VG
34248	VG
34249	VG
34250	VG
34251	VG
34252	VG
34253	VG
34254	VG
34255	VG
34256	VG
34257	VG
34258	VG
34259	VG
34260	VG
34261	VG
34262	VG
34263	VG
34264	VG
34265	VG
34266	VG
34267	VG
34268	VG
34269	VG
34270	VG
34271	VG
34272	VG
34273	VG
34274	VG
34275	VG
34276	VG
34277	VG
34278	VG
34279	VG
34280	VG
34281	VG
34282	VG
34283	VG
34284	VG
34285	VG
34286	VG
34287	VG
34288	VG
34289	VG
34290	VG
34291	VG
34292	VG
34293	VG
34294	VG
34295	VG
34296	VG
34297	VG
34298	VG
34299	VG
34300	VG
34301	VG
34302	VG
34303	VG
34304	VG
34305	VG
34306	VG
34307	VG
34308	VG
34309	VG
34310	VG
34311	VG
34312	VG
34313	VG
34314	VG
34315	VG
34316	VG
34317	VG
34318	VG
34319	VG
34320	VG
34321	VG
34322	VG
34323	VG
34324	VG
34325	VG
34326	VG
34327	VG
34328	VG
34329	VG
34330	VG
34331	VG
34332	VG
34333	VG
34334	VG
34335	VG
34336	VG
34337	VG
34338	VG
34339	VG
34340	VG
34341	VG
34342	VG
34343	VG
34344	VG
34345	VG
34346	VG
34347	VG
34348	VG
34349	VG
34350	VG
34351	VG
34352	VG
34353	VG
34354	VG
34355	VG
34356	VG
34357	VG
34358	VG
34359	VG
34360	VG
34361	VG
34362	VG
34363	VG
34364	VG
34365	VG
34366	VG
34367	VG
34368	VG
34369	VG
34370	VG
34371	VG
34372	VG
34373	VG
34374	VG
34375	VG
34376	VG
34377	VG
34378	VG
34379	VG
34380	VG
34381	VG
34382	VG
34383	VG
34384	VG
34385	VG
34386	VG
34387	VG
34388	VG
34389	VG
34390	VG
34391	VG
34392	VG
34393	VG
34394	VG
34395	VG
34396	VG
34397	VG
34398	VG
34399	VG
34400	VG
34401	VG
34402	VG
34403	VG
34404	VG
34405	VG
34406	VG
34407	VG
34408	VG
34409	VG
34410	VG
34411	VG
34412	VG
34413	VG
34414	VG
34415	VG
34416	VG
34417	VG
34418	VG
34419	VG
34420	VG
34421	VG
34422	VG
34423	VG
34424	VG
34425	VG
34426	VG
34427	VG
34428	VG
34429	VG
34430	VG
34431	VG
34432	VG
34433	VG
34434	VG
34435	VG
34436	VG
34437	VG
34438	VG
34439	VG
34440	VG
34441	VG
34442	VG
34443	VG
34444	VG
34445	VG
34446	VG
34447	VG
34448	VG
34449	VG
34450	VG
34451	VG
34452	VG
34453	VG
34454	VG
34455	VG
34456	VG
34457	VG
34458	VG
34459	VG
34460	VG
34461	VG
34462	VG
34463	VG
34464	VG
34465	VG
34466	VG
34467	VG
34468	VG
34469	VG
34470	VG
34471	VG
34472	VG
34473	VG
34474	VG
34475	VG
34476	VG
34477	VG
34478	VG
34479	VG
34480	VG
34481	VG
34482	VG
34483	VG
34484	VG
34485	VG
34486	VG
34487	VG
34488	VG
34489	VG
34490	VG
34491	VG
34492	VG
34493	VG
34494	VG
34495	VG
34496	VG
34497	VG
34498	VG
34499	VG
34500	VG
34501	VG
34502	VG
34503	VG
34504	VG
34505	VG
34506	VG
34507	VG
34508	VG
34509	VG
34510	VG
34511	VG
34512	VG
34513	VG
34514	VG
34515	VG
34516	VG
34517	VG
34518	VG
34519	VG
34520	VG
34521	VG
34522	VG
34523	VG
34524	VG
34525	VG
34526	VG
34527	VG
34528	VG
34529	VG
34530	VG
34531	VG
34532	VG
34533	VG
34534	VG
34535	VG
34536	VG
34537	VG
34538	VG
34539	VG
34540	VG
34541	VG
34542	VG
34543	VG
34544	VG
34545	VG
34546	VG
34547	VG
34548	VG
34549	VG
34550	VG
34551	VG
34552	VG
34553	VG
34554	VG
34555	VG
34556	VG
34557	VG
34558	VG
34559	VG
34560	VG
34561	VG
34562	VG
34563	VG
34564	VG
34565	VG
34566	VG
34567	VG
34568	VG
34569	VG
34570	VG
34571	VG
34572	VG
34573	VG
34574	VG
34575	VG
34576	VG
34577	VG
34578	VG
34579	VG
34580	VG
34581	VG
34582	VG
34583	VG
34584	VG
34585	VG
34586	VG
34587	VG
34588	VG
34589	VG
34590	VG
34591	VG
34592	VG
34593	VG
34594	VG
34595	VG
34596	VG
34597	VG
34598	VG
34599	VG
34600	VG
34601	VG
34602	VG
34603	VG
34604	VG
34605	VG
34606	VG
34607	VG
34608	VG
34609	VG
34610	VG
34611	VG
34612	VG
34613	VG
34614	VG
34615	VG
34616	VG
34617	VG
34618	VG
34619	VG
34620	VG
34621	VG
34622	VG
34623	VG
34624	VG
34625	VG
34626	VG
34627	VG
34628	VG
34629	VG
34630	VG
34631	VG
34632	VG
34633	VG
34634	VG
34635	VG
34636	VG
34637	VG
34638	VG
34639	VG
34640	VG
34641	VG
34642	VG
34643	VG
34644	VG
34645	VG
34646	VG
34647	VG
34648	VG
34649	VG
34650	VG
34651	VG
34652	VG
34653	VG
34654	VG
34655	VG
34656	VG
34657	VG
34658	VG
34659	VG
34660	VG
34661	VG
34662	VG
34663	VG
34664	VG
34665	VG
34666	VG
34667	VG
34668	VG
34669	VG
34670	VG
34671	VG
34672	VG
34673	VG
34674	VG
34675	VG
34676	VG
34677	VG
34678	VG
34679	VG
34680	VG
34681	VG
34682	VG
34683	VG
34684	VG
34685	VG
34686	VG
34687	VG
34688	VG
34689	VG
34690	VG
34691	VG
34692	VG
34693	VG
34694	VG
34695	VG
34696	VG
34697	VG
34698	VG
34699	VG
34700	VG
34701	VG
34702	VG
34703	VG
34704	VG
34705	VG
34706	VG
34707	VG
34708	VG
34709	VG
34710	VG
34711	VG
34712	VG
34713	VG
34714	VG
34715	VG
34716	VG
34717	VG
34718	VG
34719	VG
34720	VG
34721	VG
34722	VG
34723	VG
34724	VG
34725	VG
34726	VG
34727	VG
34728	VG
34729	VG
34730	VG
34731	VG
34732	VG
34733	VG
34734	VG
34735	VG
34736	VG
34737	VG
34738	VG
34739	VG
34740	VG
34741	VG
34742	VG
34743	VG
34744	VG
34745	VG
34746	VG
34747	VG
34748	VG
34749	VG
34750	VG
34751	VG
34752	VG
34753	VG
34754	VG
34755	VG
34756	VG
34757	VG
34758	VG
34759	VG
34760	VG
34761	VG
34762	VG
34763	VG
34764	VG
34765	VG
34766	VG
34767	VG
34768	VG
34769	VG
34770	VG
34771	VG
34772	VG
34773	VG
34774	VG
34775	VG
34776	VG
34777	VG
34778	VG
34779	VG
34780	VG
34781	VG
34782	VG
34783	VG
34784	VG
34785	VG
34786	VG
34787	VG
34788	VG
34789	VG
34790	VG
34791	VG
34792	VG
34793	VG
34794	VG
34795	VG
34796	VG
34797	VG
34798	VG
34799	VG
34800	VG
34801	VG
34802	VG
34803	VG
34804	VG
34805	VG
34806	VG
34807	VG
34808	VG
34809	VG
34810	VG
34811	VG
34812	VG
34813	VG
34814	VG
34815	VG
34816	VG
34817	VG
34818	VG
34819	VG
34820	VG
34821	VG
34822	VG
34823	VG
34824	VG
34825	VG
34826	VG
34827	VG
34828	VG
34829	VG
34830	VG
34831	VG
34832	VG
34833	VG
34834	VG
34835	VG
34836	VG
34837	VG
34838	VG
34839	VG
34840	VG
34841	VG
34842	VG
34843	VG
34844	VG
34845	VG
34846	VG
34847	VG
34848	VG
34849	VG
34850	VG
34851	VG
34852	VG
34853	VG
34854	VG
34855	VG
34856	VG
34857	VG
34858	VG
34859	VG
34860	VG
34861	VG
34862	VG
34863	VG
34864	VG
34865	VG
34866	VG
34867	VG
34868	VG
34869	VG
34870	VG
34871	VG
34872	VG
34873	VG
34874	VG
34875	VG
34876	VG
34877	VG
34878	VG
34879	VG
34880	VG
34881	VG
34882	VG
34883	VG
34884	VG
34885	VG
34886	VG
34887	VG
34888	VG
34889	VG
34890	VG
34891	VG
34892	VG
34893	VG
34894	VG
34895	VG
34896	VG
34897	VG
34898	VG
34899	VG
34900	VG
34901	VG
34902	VG
34903	VG
34904	VG
34905	VG
34906	VG
34907	VG
34908	VG
34909	VG
34910	VG
34911	VG
34912	VG
34913	VG
34914	VG
34915	VG
34916	VG
34917	VG
34918	VG
34919	VG
34920	VG
34921	VG
34922	VG
34923	VG
34924	VG
34925	VG
34926	VG
34927	VG
34928	VG
34929	VG
34930	VG
34931	VG
34932	VG
34933	VG
34934	VG
34935	VG
34936	VG
34937	VG
34938	VG
34939	VG
34940	VG
34941	VG
34942	VG
34943	VG
34944	VG
34945	VG
34946	VG
34947	VG
34948	VG
34949	VG
34950	VG
34951	VG
34952	VG
34953	VG
34954	VG
34955	VG
34956	VG
34957	VG
34958	VG
34959	VG
34960	VG
34961	VG
34962	VG
34963	VG
34964	VG
34965	VG
34966	VG
34967	VG
34968	VG
34969	VG
34970	VG
34971	VG
34972	VG
34973	VG
34974	VG
34975	VG
34976	VG
34977	VG
34978	VG
34979	VG
34980	VG
34981	VG
34982	VG
34983	VG
34984	VG
34985	VG
34986	VG
34987	VG
34988	VG
34989	VG
34990	VG
34991	VG
34992	VG
34993	VG
34994	VG
34995	VG
34996	VG
34997	VG
34998	VG
34999	VG
35000	VG
35001	VG
35002	VG
35003	VG
35004	VG
35005	VG
35006	VG
35007	VG
35008	VG
35009	VG
35010	VG
35011	VG
35012	VG
35013	VG
35014	VG
35015	VG
35016	VG
35017	VG
35018	VG
35019	VG
35020	VG
35021	VG
35022	VG
35023	VG
35024	VG
35025	VG
35026	VG
35027	VG
35028	VG
35029	VG
35030	VG
35031	VG
35032	VG
35033	VG
35034	VG
35035	VG
35036	VG
35037	VG
35038	VG
35039	VG
35040	VG
35041	VG
35042	VG
35043	VG
35044	VG
35045	VG
35046	VG
35047	VG
35048	VG
35049	VG
35050	VG
35051	VG
35052	VG
35053	VG
35054	VG
35055	VG
35056	VG
35057	VG
35058	VG
35059	VG
35060	VG
35061	VG
35062	VG
35063	VG
35064	VG
35065	VG
35066	VG
35067	VG
35068	VG
35069	VG
35070	VG
35071	VG
35072	VG
35073	VG
35074	VG
35075	VG
35076	VG
35077	VG
35078	VG
35079	VG
35080	VG
35081	VG
35082	VG
35083	VG
35084	VG
35085	VG
35086	VG
35087	VG
35088	VG
35089	VG
35090	VG
35091	VG
35092	VG
35093	VG
35094	VG
35095	VG
35096	VG
35097	VG
35098	VG
35099	VG
35100	VG
35101	VG
35102	VG
35103	VG
35104	VG
35105	VG
35106	VG
35107	VG
35108	VG
35109	VG
35110	VG
35111	VG
35112	VG
35113	VG
35114	VG
35115	VG
35116	VG
35117	VG
35118	VG
35119	VG
35120	VG
35121	VG
35122	VG
35123	VG
35124	VG
35125	VG
35126	VG
35127	VG
35128	VG
35129	VG
35130	VG
35131	VG
35132	VG
35133	VG
35134	VG
35135	VG
35136	VG
35137	VG
35138	VG
35139	VG
35140	VG
35141	VG
35142	VG
35143	VG
35144	VG
35145	VG
35146	VG
35147	VG
35148	VG
35149	VG
35150	VG
35151	VG
35152	VG
35153	VG
35154	VG
35155	VG
35156	VG
35157	VG
35158	VG
35159	VG
35160	VG
35161	VG
35162	VG
35163	VG
35164	VG
35165	VG
35166	VG
35167	VG
35168	VG
35169	VG
35170	VG
35171	VG
35172	VG
35173	VG
35174	VG
35175	VG
35176	VG
35177	VG
35178	VG
35179	VG
35180	VG
35181	VG
35182	VG
35183	VG
35184	VG
35185	VG
35186	VG
35187	VG
35188	VG
35189	VG
35190	VG
35191	VG
35192	VG
35193	VG
35194	VG
35195	VG
35196	VG
35197	VG
35198	VG
35199	VG
35200	VG
35201	VG
35202	VG
35203	VG
35204	VG
35205	VG
35206	VG
35207	VG
35208	VG
35209	VG
35210	VG
35211	VG
35212	VG
35213	VG
35214	VG
35215	VG
35216	VG
35217	VG
35218	VG
35219	VG
35220	VG
35221	VG
35222	VG
35223	VG
35224	VG
35225	VG
35226	VG
35227	VG
35228	VG
35229	VG
35230	VG
35231	VG
35232	VG
35233	VG
35234	VG
35235	VG
35236	VG
35237	VG
35238	VG
35239	VG
35240	VG
35241	VG
35242	VG
35243	VG
35244	VG
35245	VG
35246	VG
35247	VG
35248	VG
35249	VG
35250	VG
35251	VG
35252	VG
35253	VG
35254	VG
35255	VG
35256	VG
35257	VG
35258	VG
35259	VG
35260	VG
35261	VG
35262	VG
35263	VG
35264	VG
35265	VG
35266	VG
35267	VG
35268	VG
35269	VG
35270	VG
35271	VG
35272	VG
35273	VG
35274	VG
35275	VG
35276	VG
35277	VG
35278	VG
35279	VG
35280	VG
35281	VG
35282	VG
35283	VG
35284	VG
35285	VG
35286	VG
35287	VG
35288	VG
35289	VG
35290	VG
35291	VG
35292	VG
35293	VG
35294	VG
35295	VG
35296	VG
35297	VG
35298	VG
35299	VG
35300	VG
35301	VG
35302	VG
35303	VG
35304	VG
35305	VG
35306	VG
35307	VG
35308	VG
35309	VG
35310	VG
35311	VG
35312	VG
35313	VG
35314	VG
35315	VG
35316	VG
35317	VG
35318	VG
35319	VG
35320	VG
35321	VG
35322	VG
35323	VG
35324	VG
35325	VG
35326	VG
35327	VG
35328	VG
35329	VG
35330	VG
35331	VG
35332	VG
35333	VG
35334	VG
35335	VG
35336	VG
35337	VG
35338	VG
35339	VG
35340	VG
35341	VG
35342	VG
35343	VG
35344	VG
35345	VG
35346	VG
35347	VG
35348	VG
35349	VG
35350	VG
35351	VG
35352	VG
35353	VG
35354	VG
35355	VG
35356	VG
35357	VG
35358	VG
35359	VG
35360	VG
35361	VG
35362	VG
35363	VG
35364	VG
35365	VG
35366	VG
35367	VG
35368	VG
35369	VG
35370	VG
35371	VG
35372	VG
35373	VG
35374	VG
35375	VG
35376	VG
35377	VG
35378	VG
35379	VG
35380	VG
35381	VG
35382	VG
35383	VG
35384	VG
35385	VG
35386	VG
35387	VG
35388	VG
35389	VG
35390	VG
35391	VG
35392	VG
35393	VG
35394	VG
35395	VG
35396	VG
35397	VG
35398	VG
35399	VG
35400	VG
35401	VG
35402	VG
35403	VG
35404	VG
35405	VG
35406	VG
35407	VG
35408	VG
35409	VG
35410	VG
35411	VG
35412	VG
35413	VG
35414	VG
35415	VG
35416	VG
35417	VG
35418	VG
35419	VG
35420	VG
35421	VG
35422	VG
35423	VG
35424	VG
35425	VG
35426	VG
35427	VG
35428	VG
35429	VG
35430	VG
35431	VG
35432	VG
35433	VG
35434	VG
35435	VG
35436	VG
35437	VG
35438	VG
35439	VG
35440	VG
35441	VG
35442	VG
35443	VG
35444	VG
35445	VG
35446	VG
35447	VG
35448	VG
35449	VG
35450	VG
35451	VG
35452	VG
35453	VG
35454	VG
35455	VG
35456	VG
35457	VG
35458	VG
35459	VG
35460	VG
35461	VG
35462	VG
35463	VG
35464	VG
35465	VG
35466	VG
35467	VG
35468	VG
35469	VG
35470	VG
35471	VG
35472	VG
35473	VG
35474	VG
35475	VG
35476	VG
35477	VG
35478	VG
35479	VG
35480	VG
35481	VG
35482	VG
35483	VG
35484	VG
35485	VG
35486	VG
35487	VG
35488	VG
35489	VG
35490	VG
35491	VG
35492	VG
35493	VG
35494	VG
35495	VG
35496	VG
35497	VG
35498	VG
35499	VG
35500	VG
35501	VG
35502	VG
35503	VG
35504	VG
35505	VG
35506	VG
35507	VG
35508	VG
35509	VG
35510	VG
35511	VG
35512	VG
35513	VG
35514	VG
35515	VG
35516	VG
35517	VG
35518	VG
35519	VG
35520	VG
35521	VG
35522	VG
35523	VG
35524	VG
35525	VG
35526	VG
35527	VG
35528	VG
35529	VG
35530	VG
35531	VG
35532	VG
35533	VG
35534	VG
35535	VG
35536	VG
35537	VG
35538	VG
35539	VG
35540	VG
35541	VG
35542	VG
35543	VG
35544	VG
35545	VG
35546	VG
35547	VG
35548	VG
35549	VG
35550	VG
35551	VG
35552	VG
35553	VG
35554	VG
35555	VG
35556	VG
35557	VG
35558	VG
35559	VG
35560	VG
35561	VG
35562	VG
35563	VG
35564	VG
35565	VG
35566	VG
35567	VG
35568	VG
35569	VG
35570	VG
35571	VG
35572	VG
35573	VG
35574	VG
35575	VG
35576	VG
35577	VG
35578	VG
35579	VG
35580	VG
35581	VG
35582	VG
35583	VG
35584	VG
35585	VG
35586	VG
35587	VG
35588	VG
35589	VG
35590	VG
35591	VG
35592	VG
35593	VG
35594	VG
35595	VG
35596	VG
35597	VG
35598	VG
35599	VG
35600	VG
35601	VG
35602	VG
35603	VG
35604	VG
35605	VG
35606	VG
35607	VG
35608	VG
35609	VG
35610	VG
35611	VG
35612	VG
35613	VG
35614	VG
35615	VG
35616	VG
35617	VG
35618	VG
35619	VG
35620	VG
35621	VG
35622	VG
35623	VG
35624	VG
35625	VG
35626	VG
35627	VG
35628	VG
35629	VG
35630	VG
35631	VG
35632	VG
35633	VG
35634	VG
35635	VG
35636	VG
35637	VG
35638	VG
35639	VG
35640	VG
35641	VG
35642	VG
35643	VG
35644	VG
35645	VG
35646	VG
35647	VG
35648	VG
35649	VG
35650	VG
35651	VG
35652	VG
35653	VG
35654	VG
35655	VG
35656	VG
35657	VG
35658	VG
35659	VG
35660	VG
35661	VG
35662	VG
35663	VG
35664	VG
35665	VG
35666	VG
35667	VG
35668	VG
35669	VG
35670	VG
35671	VG
35672	VG
35673	VG
35674	VG
35675	VG
35676	VG
35677	VG
35678	VG
35679	VG
35680	VG
35681	VG
35682	VG
35683	VG
35684	VG
35685	VG
35686	VG
35687	VG
35688	VG
35689	VG
35690	VG
35691	VG
35692	VG
35693	VG
35694	VG
35695	VG
35696	VG
35697	VG
35698	VG
35699	VG
35700	VG
35701	VG
35702	VG
35703	VG
35704	VG
35705	VG
35706	VG
35707	VG
35708	VG
35709	VG
35710	VG
35711	VG
35712	VG
35713	VG
35714	VG
35715	VG
35716	VG
35717	VG
35718	VG
35719	VG
35720	VG
35721	VG
35722	VG
35723	VG
35724	VG
35725	VG
35726	VG
35727	VG
35728	VG
35729	VG
35730	VG
35731	VG
35732	VG
35733	VG
35734	VG
35735	VG
35736	VG
35737	VG
35738	VG
35739	VG
35740	VG
35741	VG
35742	VG
35743	VG
35744	VG
35745	VG
35746	VG
35747	VG
35748	VG
35749	VG
35750	VG
35751	VG
35752	VG
35753	VG
35754	VG
35755	VG
35756	VG
35757	VG
35758	VG
35759	VG
35760	VG
35761	VG
35762	VG
35763	VG
35764	VG
35765	VG
35766	VG
35767	VG
35768	VG
35769	VG
35770	VG
35771	VG
35772	VG
35773	VG
35774	VG
35775	VG
35776	VG
35777	VG
35778	VG
35779	VG
35780	VG
35781	VG
35782	VG
35783	VG
35784	VG
35785	VG
35786	VG
35787	VG
35788	VG
35789	VG
35790	VG
35791	VG
35792	VG
35793	VG
35794	VG
35795	VG
35796	VG
35797	VG
35798	VG
35799	VG
35800	VG
35801	VG
35802	VG
35803	VG
35804	VG
35805	VG
35806	VG
35807	VG
35808	VG
35809	VG
35810	VG
35811	VG
35812	VG
35813	VG
35814	VG
35815	VG
35816	VG
35817	VG
35818	VG
35819	VG
35820	VG
35821	VG
35822	VG
35823	VG
35824	VG
35825	VG
35826	VG
35827	VG
35828	VG
35829	VG
35830	VG
35831	VG
35832	VG
35833	VG
35834	VG
35835	VG
35836	VG
35837	VG
35838	VG
35839	VG
35840	VG
35841	VG
35842	VG
35843	VG
35844	VG
35845	VG
35846	VG
35847	VG
35848	VG
35849	VG
35850	VG
35851	VG
35852	VG
35853	VG
35854	VG
35855	VG
35856	VG
35857	VG
35858	VG
35859	VG
35860	VG
35861	VG
35862	VG
35863	VG
35864	VG
35865	VG
35866	VG
35867	VG
35868	VG
35869	VG
35870	VG
35871	VG
35872	VG
35873	VG
35874	VG
35875	VG
35876	VG
35877	VG
35878	VG
35879	VG
35880	VG
35881	VG
35882	VG
35883	VG
35884	VG
35885	VG
35886	VG
35887	VG
35888	VG
35889	VG
35890	VG
35891	VG
35892	VG
35893	VG
35894	VG
35895	VG
35896	VG
35897	VG
35898	VG
35899	VG
35900	VG
35901	VG
35902	VG
35903	VG
35904	VG
35905	VG
35906	VG
35907	VG
35908	VG
35909	VG
35910	VG
35911	VG
35912	VG
35913	VG
35914	VG
35915	VG
35916	VG
35917	VG
35918	VG
35919	VG
35920	VG
35921	VG
35922	VG
35923	VG
35924	VG
35925	VG
35926	VG
35927	VG
35928	VG
35929	VG
35930	VG
35931	VG
35932	VG
35933	VG
35934	VG
35935	VG
35936	VG
35937	VG
35938	VG
35939	VG
35940	VG
35941	VG
35942	VG
35943	VG
35944	VG
35945	VG
35946	VG
35947	VG
35948	VG
35949	VG
35950	VG
35951	VG
35952	VG
35953	VG
35954	VG
35955	VG
35956	VG
35957	VG
35958	VG
35959	VG
35960	VG
35961	VG
35962	VG
35963	VG
35964	VG
35965	VG
35966	VG
35967	VG
35968	VG
35969	VG
35970	VG
35971	VG
35972	VG
35973	VG
35974	VG
35975	VG
35976	VG
35977	VG
35978	VG
35979	VG
35980	VG
35981	VG
35982	VG
35983	VG
35984	VG
35985	VG
35986	VG
35987	VG
35988	VG
35989	VG
35990	VG
35991	VG
35992	VG
35993	VG
35994	VG
35995	VG
35996	VG
35997	VG
35998	VG
35999	VG
36000	VG
36001	VG
36002	VG
36003	VG
36004	VG
36005	VG
36006	VG
36007	VG
36008	VG
36009	VG
36010	VG
36011	VG
36012	VG
36013	VG
36014	VG
36015	VG
36016	VG
36017	VG
36018	VG
36019	VG
36020	VG
36021	VG
36022	VG
36023	VG
36024	VG
36025	VG
36026	VG
36027	VG
36028	VG
36029	VG
36030	VG
36031	VG
36032	VG
36033	VG
36034	VG
36035	VG
36036	VG
36037	VG
36038	VG
36039	VG
36040	VG
36041	VG
36042	VG
36043	VG
36044	VG
36045	VG
36046	VG
36047	VG
36048	VG
36049	VG
36050	VG
36051	VG
36052	VG
36053	VG
36054	VG
36055	VG
36056	VG
36057	VG
36058	VG
36059	VG
36060	VG
36061	VG
36062	VG
36063	VG
36064	VG
36065	VG
36066	VG
36067	VG
36068	VG
36069	VG
36070	VG
36071	VG
36072	VG
36073	VG
36074	VG
36075	VG
36076	VG
36077	VG
36078	VG
36079	VG
36080	VG
36081	VG
36082	VG
36083	VG
36084	VG
36085	VG
36086	VG
36087	VG
36088	VG
36089	VG
36090	VG
36091	VG
36092	VG
36093	VG
36094	VG
36095	VG
36096	VG
36097	VG
36098	VG
36099	VG
36100	VG
36101	VG
36102	VG
36103	VG
36104	VG
36105	VG
36106	VG
36107	VG
36108	VG
36109	VG
36110	VG
36111	VG
36112	VG
36113	VG
36114	VG
36115	VG
36116	VG
36117	VG
36118	VG
36119	VG
36120	VG
36121	VG
36122	VG
36123	VG
36124	VG
36125	VG
36126	VG
36127	VG
36128	VG
36129	VG
36130	VG
36131	VG
36132	VG
36133	VG
36134	VG
36135	VG
36136	VG
36137	VG
36138	VG
36139	VG
36140	VG
36141	VG
36142	VG
36143	VG
36144	VG
36145	VG
36146	VG
36147	VG
36148	VG
36149	VG
36150	VG
36151	VG
36152	VG
36153	VG
36154	VG
36155	VG
36156	VG
36157	VG
36158	VG
36159	VG
36160	VG
36161	VG
36162	VG
36163	VG
36164	VG
36165	VG
36166	VG
36167	VG
36168	VG
36169	VG
36170	VG
36171	VG
36172	VG
36173	VG
36174	VG
36175	VG
36176	VG
36177	VG
36178	VG
36179	VG
36180	VG
36181	VG
36182	VG
36183	VG
36184	VG
36185	VG
36186	VG
36187	VG
36188	VG
36189	VG
36190	VG
36191	VG
36192	VG
36193	VG
36194	VG
36195	VG
36196	VG
36197	VG
36198	VG
36199	VG
36200	VG
36201	VG
36202	VG
36203	VG
36204	VG
36205	VG
36206	VG
36207	VG
36208	VG
36209	VG
36210	VG
36211	VG
36212	VG
36213	VG
36214	VG
36215	VG
36216	VG
36217	VG
36218	VG
36219	VG
36220	VG
36221	VG
36222	VG
36223	VG
36224	VG
36225	VG
36226	VG
36227	VG
36228	VG
36229	VG
36230	VG
36231	VG
36232	VG
36233	VG
36234	VG
36235	VG
36236	VG
36237	VG
36238	VG
36239	VG
36240	VG
36241	VG
36242	VG
36243	VG
36244	VG
36245	VG
36246	VG
36247	VG
36248	VG
36249	VG
36250	VG
36251	VG
36252	VG
36253	VG
36254	VG
36255	VG
36256	VG
36257	VG
36258	VG
36259	VG
36260	VG
36261	VG
36262	VG
36263	VG
36264	VG
36265	VG
36266	VG
36267	VG
36268	VG
36269	VG
36270	VG
36271	VG
36272	VG
36273	VG
36274	VG
36275	VG
36276	VG
36277	VG
36278	VG
36279	VG
36280	VG
36281	VG
36282	VG
36283	VG
36284	VG
36285	VG
36286	VG
36287	VG
36288	VG
36289	VG
36290	VG
36291	VG
36292	VG
36293	VG
36294	VG
36295	VG
36296	VG
36297	VG
36298	VG
36299	VG
36300	VG
36301	VG
36302	VG
36303	VG
36304	VG
36305	VG
36306	VG
36307	VG
36308	VG
36309	VG
36310	VG
36311	VG
36312	VG
36313	VG
36314	VG
36315	VG
36316	VG
36317	VG
36318	VG
36319	VG
36320	VG
36321	VG
36322	VG
36323	VG
36324	VG
36325	VG
36326	VG
36327	VG
36328	VG
36329	VG
36330	VG
36331	VG
36332	VG
36333	VG
36334	VG
36335	VG
36336	VG
36337	VG
36338	VG
36339	VG
36340	VG
36341	VG
36342	VG
36343	VG
36344	VG
36345	VG
36346	VG
36347	VG
36348	VG
36349	VG
36350	VG
36351	VG
36352	VG
36353	VG
36354	VG
36355	VG
36356	VG
36357	VG
36358	VG
36359	VG
36360	VG
36361	VG
36362	VG
36363	VG
36364	VG
36365	VG
36366	VG
36367	VG
36368	VG
36369	VG
36370	VG
36371	VG
36372	VG
36373	VG
36374	VG
36375	VG
36376	VG
36377	VG
36378	VG
36379	VG
36380	VG
36381	VG
36382	VG
36383	VG
36384	VG
36385	VG
36386	VG
36387	VG
36388	VG
36389	VG
36390	VG
36391	VG
36392	VG
36393	VG
36394	VG
36395	VG
36396	VG
36397	VG
36398	VG
36399	VG
36400	VG
36401	VG
36402	VG
36403	VG
36404	VG
36405	VG
36406	VG
36407	VG
36408	VG
36409	VG
36410	VG
36411	VG
36412	VG
36413	VG
36414	VG
36415	VG
36416	VG
36417	VG
36418	VG
36419	VG
36420	VG
36421	VG
36422	VG
36423	VG
36424	VG
36425	VG
36426	VG
36427	VG
36428	VG
36429	VG
36430	VG
36431	VG
36432	VG
36433	VG
36434	VG
36435	VG
36436	VG
36437	VG
36438	VG
36439	VG
36440	VG
36441	VG
36442	VG
36443	VG
36444	VG
36445	VG
36446	VG
36447	VG
36448	VG
36449	VG
36450	VG
36451	VG
36452	VG
36453	VG
36454	VG
36455	VG
36456	VG
36457	VG
36458	VG
36459	VG
36460	VG
36461	VG
36462	VG
36463	VG
36464	VG
36465	VG
36466	VG
36467	VG
36468	VG
36469	VG
36470	VG
36471	VG
36472	VG
36473	VG
36474	VG
36475	VG
36476	VG
36477	VG
36478	VG
36479	VG
36480	VG
36481	VG
36482	VG
36483	VG
36484	VG
36485	VG
36486	VG
36487	VG
36488	VG
36489	VG
36490	VG
36491	VG
36492	VG
36493	VG
36494	VG
36495	VG
36496	VG
36497	VG
36498	VG
36499	VG
36500	VG
36501	VG
36502	VG
36503	VG
36504	VG
36505	VG
36506	VG
36507	VG
36508	VG
36509	VG
36510	VG
36511	VG
36512	VG
36513	VG
36514	VG
36515	VG
36516	VG
36517	VG
36518	VG
36519	VG
36520	VG
36521	VG
36522	VG
36523	VG
36524	VG
36525	VG
36526	VG
36527	VG
36528	VG
36529	VG
36530	VG
36531	VG
36532	VG
36533	VG
36534	VG
36535	VG
36536	VG
36537	VG
36538	VG
36539	VG
36540	VG
36541	VG
36542	VG
36543	VG
36544	VG
36545	VG
36546	VG
36547	VG
36548	VG
36549	VG
36550	VG
36551	VG
36552	VG
36553	VG
36554	VG
36555	VG
36556	VG
36557	VG
36558	VG
36559	VG
36560	VG
36561	VG
36562	VG
36563	VG
36564	VG
36565	VG
36566	VG
36567	VG
36568	VG
36569	VG
36570	VG
36571	VG
36572	VG
36573	VG
36574	VG
36575	VG
36576	VG
36577	VG
36578	VG
36579	VG
36580	VG
36581	VG
36582	VG
36583	VG
36584	VG
36585	VG
36586	VG
36587	VG
36588	VG
36589	VG
36590	VG
36591	VG
36592	VG
36593	VG
36594	VG
36595	VG
36596	VG
36597	VG
36598	VG
36599	VG
36600	VG
36601	VG
36602	VG
36603	VG
36604	VG
36605	VG
36606	VG
36607	VG
36608	VG
36609	VG
36610	VG
36611	VG
36612	VG
36613	VG
36614	VG
36615	VG
36616	VG
36617	VG
36618	VG
36619	VG
36620	VG
36621	VG
36622	VG
36623	VG
36624	VG
36625	VG
36626	VG
36627	VG
36628	VG
36629	VG
36630	VG
36631	VG
36632	VG
36633	VG
36634	VG
36635	VG
36636	VG
36637	VG
36638	VG
36639	VG
36640	VG
36641	VG
36642	VG
36643	VG
36644	VG
36645	VG
36646	VG
36647	VG
36648	VG
36649	VG
36650	VG
36651	VG
36652	VG
36653	VG
36654	VG
36655	VG
36656	VG
36657	VG
36658	VG
36659	VG
36660	VG
36661	VG
36662	VG
36663	VG
36664	VG
36665	VG
36666	VG
36667	VG
36668	VG
36669	VG
36670	VG
36671	VG
36672	VG
36673	VG
36674	VG
36675	VG
36676	VG
36677	VG
36678	VG
36679	VG
36680	VG
36681	VG
36682	VG
36683	VG
36684	VG
36685	VG
36686	VG
36687	VG
36688	VG
36689	VG
36690	VG
36691	VG
36692	VG
36693	VG
36694	VG
36695	VG
36696	VG
36697	VG
36698	VG
36699	VG
36700	VG
36701	VG
36702	VG
36703	VG
36704	VG
36705	VG
36706	VG
36707	VG
36708	VG
36709	VG
36710	VG
36711	VG
36712	VG
36713	VG
36714	VG
36715	VG
36716	VG
36717	VG
36718	VG
36719	VG
36720	VG
36721	VG
36722	VG
36723	VG
36724	VG
36725	VG
36726	VG
36727	VG
36728	VG
36729	VG
36730	VG
36731	VG
36732	VG
36733	VG
36734	VG
36735	VG
36736	VG
36737	VG
36738	VG
36739	VG
36740	VG
36741	VG
36742	VG
36743	VG
36744	VG
36745	VG
36746	VG
36747	VG
36748	VG
36749	VG
36750	VG
36751	VG
36752	VG
36753	VG
36754	VG
36755	VG
36756	VG
36757	VG
36758	VG
36759	VG
36760	VG
36761	VG
36762	VG
36763	VG
36764	VG
36765	VG
36766	VG
36767	VG
36768	VG
36769	VG
36770	VG
36771	VG
36772	VG
36773	VG
36774	VG
36775	VG
36776	VG
36777	VG
36778	VG
36779	VG
36780	VG
36781	VG
36782	VG
36783	VG
36784	VG
36785	VG
36786	VG
36787	VG
36788	VG
36789	VG
36790	VG
36791	VG
36792	VG
36793	VG
36794	VG
36795	VG
36796	VG
36797	VG
36798	VG
36799	VG
36800	VG
36801	VG
36802	VG
36803	VG
36804	VG
36805	VG
36806	VG
36807	VG
36808	VG
36809	VG
36810	VG
36811	VG
36812	VG
36813	VG
36814	VG
36815	VG
36816	VG
36817	VG
36818	VG
36819	VG
36820	VG
36821	VG
36822	VG
36823	VG
36824	VG
36825	VG
36826	VG
36827	VG
36828	VG
36829	VG
36830	VG
36831	VG
36832	VG
36833	VG
36834	VG
36835	VG
36836	VG
36837	VG
36838	VG
36839	VG
36840	VG
36841	VG
36842	VG
36843	VG
36844	VG
36845	VG
36846	VG
36847	VG
36848	VG
36849	VG
36850	VG
36851	VG
36852	VG
36853	VG
36854	VG
36855	VG
36856	VG
36857	VG
36858	VG
36859	VG
36860	VG
36861	VG
36862	VG
36863	VG
36864	VG
36865	VG
36866	VG
36867	VG
36868	VG
36869	VG
36870	VG
36871	VG
36872	VG
36873	VG
36874	VG
36875	VG
36876	VG
36877	VG
36878	VG
36879	VG
36880	VG
36881	VG
36882	VG
36883	VG
36884	VG
36885	VG
36886	VG
36887	VG
36888	VG
36889	VG
36890	VG
36891	VG
36892	VG
36893	VG
36894	VG
36895	VG
36896	VG
36897	VG
36898	VG
36899	VG
36900	VG
36901	VG
36902	VG
36903	VG
36904	VG
36905	VG
36906	VG
36907	VG
36908	VG
36909	VG
36910	VG
36911	VG
36912	VG
36913	VG
36914	VG
36915	VG
36916	VG
36917	VG
36918	VG
36919	VG
36920	VG
36921	VG
36922	VG
36923	VG
36924	VG
36925	VG
36926	VG
36927	VG
36928	VG
36929	VG
36930	VG
36931	VG
36932	VG
36933	VG
36934	VG
36935	VG
36936	VG
36937	VG
36938	VG
36939	VG
36940	VG
36941	VG
36942	VG
36943	VG
36944	VG
36945	VG
36946	VG
36947	VG
36948	VG
36949	VG
36950	VG
36951	VG
36952	VG
36953	VG
36954	VG
36955	VG
36956	VG
36957	VG
36958	VG
36959	VG
36960	VG
36961	VG
36962	VG
36963	VG
36964	VG
36965	VG
36966	VG
36967	VG
36968	VG
36969	VG
36970	VG
36971	VG
36972	VG
36973	VG
36974	VG
36975	VG
36976	VG
36977	VG
36978	VG
36979	VG
36980	VG
36981	VG
36982	VG
36983	VG
36984	VG
36985	VG
36986	VG
36987	VG
36988	VG
36989	VG
36990	VG
36991	VG
36992	VG
36993	VG
36994	VG
36995	VG
36996	VG
36997	VG
36998	VG
36999	VG
37000	VG
37001	VG
37002	VG
37003	VG
37004	VG
37005	VG
37006	VG
37007	VG
37008	VG
37009	VG
37010	VG
37011	VG
37012	VG
37013	VG
37014	VG
37015	VG
37016	VG
37017	VG
37018	VG
37019	VG
37020	VG
37021	VG
37022	VG
37023	VG
37024	VG
37025	VG
37026	VG
37027	VG
37028	VG
37029	VG
37030	VG
37031	VG
37032	VG
37033	VG
37034	VG
37035	VG
37036	VG
37037	VG
37038	VG
37039	VG
37040	VG
37041	VG
37042	VG
37043	VG
37044	VG
37045	VG
37046	VG
37047	VG
37048	VG
37049	VG
37050	VG
37051	VG
37052	VG
37053	VG
37054	VG
37055	VG
37056	VG
37057	VG
37058	VG
37059	VG
37060	VG
37061	VG
37062	VG
37063	VG
37064	VG
37065	VG
37066	VG
37067	VG
37068	VG
37069	VG
37070	VG
37071	VG
37072	VG
37073	VG
37074	VG
37075	VG
37076	VG
37077	VG
37078	VG
37079	VG
37080	VG
37081	VG
37082	VG
37083	VG
37084	VG
37085	VG
37086	VG
37087	VG
37088	VG
37089	VG
37090	VG
37091	VG
37092	VG
37093	VG
37094	VG
37095	VG
37096	VG
37097	VG
37098	VG
37099	VG
37100	VG
37101	VG
37102	VG
37103	VG
37104	VG
37105	VG
37106	VG
37107	VG
37108	VG
37109	VG
37110	VG
37111	VG
37112	VG
37113	VG
37114	VG
37115	VG
37116	VG
37117	VG
37118	VG
37119	VG
37120	VG
37121	VG
37122	VG
37123	VG
37124	VG
37125	VG
37126	VG
37127	VG
37128	VG
37129	VG
37130	VG
37131	VG
37132	VG
37133	VG
37134	VG
37135	VG
37136	VG
37137	VG
37138	VG
37139	VG
37140	VG
37141	VG
37142	VG
37143	VG
37144	VG
37145	VG
37146	VG
37147	VG
37148	VG
37149	VG
37150	VG
37151	VG
37152	VG
37153	VG
37154	VG
37155	VG
37156	VG
37157	VG
37158	VG
37159	VG
37160	VG
37161	VG
37162	VG
37163	VG
37164	VG
37165	VG
37166	VG
37167	VG
37168	VG
37169	VG
37170	VG
37171	VG
37172	VG
37173	VG
37174	VG
37175	VG
37176	VG
37177	VG
37178	VG
37179	VG
37180	VG
37181	VG
37182	VG
37183	VG
37184	VG
37185	VG
37186	VG
37187	VG
37188	VG
37189	VG
37190	VG
37191	VG
37192	VG
37193	VG
37194	VG
37195	VG
37196	VG
37197	VG
37198	VG
37199	VG
37200	VG
37201	VG
37202	VG
37203	VG
37204	VG
37205	VG
37206	VG
37207	VG
37208	VG
37209	VG
37210	VG
37211	VG
37212	VG
37213	VG
37214	VG
37215	VG
37216	VG
37217	VG
37218	VG
37219	VG
37220	VG
37221	VG
37222	VG
37223	VG
37224	VG
37225	VG
37226	VG
37227	VG
37228	VG
37229	VG
37230	VG
37231	VG
37232	VG
37233	VG
37234	VG
37235	VG
37236	VG
37237	VG
37238	VG
37239	VG
37240	VG
37241	VG
37242	VG
37243	VG
37244	VG
37245	VG
37246	VG
37247	VG
37248	VG
37249	VG
37250	VG
37251	VG
37252	VG
37253	VG
37254	VG
37255	VG
37256	VG
37257	VG
37258	VG
37259	VG
37260	VG
37261	VG
37262	VG
37263	VG
37264	VG
37265	VG
37266	VG
37267	VG
37268	VG
37269	VG
37270	VG
37271	VG
37272	VG
37273	VG
37274	VG
37275	VG
37276	VG
37277	VG
37278	VG
37279	VG
37280	VG
37281	VG
37282	VG
37283	VG
37284	VG
37285	VG
37286	VG
37287	VG
37288	VG
37289	VG
37290	VG
37291	VG
37292	VG
37293	VG
37294	VG
37295	VG
37296	VG
37297	VG
37298	VG
37299	VG
37300	VG
37301	VG
37302	VG
37303	VG
37304	VG
37305	VG
37306	VG
37307	VG
37308	VG
37309	VG
37310	VG
37311	VG
37312	VG
37313	VG
37314	VG
37315	VG
37316	VG
37317	VG
37318	VG
37319	VG
37320	VG
37321	VG
37322	VG
37323	VG
37324	VG
37325	VG
37326	VG
37327	VG
37328	VG
37329	VG
37330	VG
37331	VG
37332	VG
37333	VG
37334	VG
37335	VG
37336	VG
37337	VG
37338	VG
37339	VG
37340	VG
37341	VG
37342	VG
37343	VG
37344	VG
37345	VG
37346	VG
37347	VG
37348	VG
37349	VG
37350	VG
37351	VG
37352	VG
37353	VG
37354	VG
37355	VG
37356	VG
37357	VG
37358	VG
37359	VG
37360	VG
37361	VG
37362	VG
37363	VG
37364	VG
37365	VG
37366	VG
37367	VG
37368	VG
37369	VG
37370	VG
37371	VG
37372	VG
37373	VG
37374	VG
37375	VG
37376	VG
37377	VG
37378	VG
37379	VG
37380	VG
37381	VG
37382	VG
37383	VG
37384	VG
37385	VG
37386	VG
37387	VG
37388	VG
37389	VG
37390	VG
37391	VG
37392	VG
37393	VG
37394	VG
37395	VG
37396	VG
37397	VG
37398	VG
37399	VG
37400	VG
37401	VG
37402	VG
37403	VG
37404	VG
37405	VG
37406	VG
37407	VG
37408	VG
37409	VG
37410	VG
37411	VG
37412	VG
37413	VG
37414	VG
37415	VG
37416	VG
37417	VG
37418	VG
37419	VG
37420	VG
37421	VG
37422	VG
37423	VG
37424	VG
37425	VG
37426	VG
37427	VG
37428	VG
37429	VG
37430	VG
37431	VG
37432	VG
37433	VG
37434	VG
37435	VG
37436	VG
37437	VG
37438	VG
37439	VG
37440	VG
37441	VG
37442	VG
37443	VG
37444	VG
37445	VG
37446	VG
37447	VG
37448	VG
37449	VG
37450	VG
37451	VG
37452	VG
37453	VG
37454	VG
37455	VG
37456	VG
37457	VG
37458	VG
37459	VG
37460	VG
37461	VG
37462	VG
37463	VG
37464	VG
37465	VG
37466	VG
37467	VG
37468	VG
37469	VG
37470	VG
37471	VG
37472	VG
37473	VG
37474	VG
37475	VG
37476	VG
37477	VG
37478	VG
37479	VG
37480	VG
37481	VG
37482	VG
37483	VG
37484	VG
37485	VG
37486	VG
37487	VG
37488	VG
37489	VG
37490	VG
37491	VG
37492	VG
37493	VG
37494	VG
37495	VG
37496	VG
37497	VG
37498	VG
37499	VG
37500	VG
37501	VG
37502	VG
37503	VG
37504	VG
37505	VG
37506	VG
37507	VG
37508	VG
37509	VG
37510	VG
37511	VG
37512	VG
37513	VG
37514	VG
37515	VG
37516	VG
37517	VG
37518	VG
37519	VG
37520	VG
37521	VG
37522	VG
37523	VG
37524	VG
37525	VG
37526	VG
37527	VG
37528	VG
37529	VG
37530	VG
37531	VG
37532	VG
37533	VG
37534	VG
37535	VG
37536	VG
37537	VG
37538	VG
37539	VG
37540	VG
37541	VG
37542	VG
37543	VG
37544	VG
37545	VG
37546	VG
37547	VG
37548	VG
37549	VG
37550	VG
37551	VG
37552	VG
37553	VG
37554	VG
37555	VG
37556	VG
37557	VG
37558	VG
37559	VG
37560	VG
37561	VG
37562	VG
37563	VG
37564	VG
37565	VG
37566	VG
37567	VG
37568	VG
37569	VG
37570	VG
37571	VG
37572	VG
37573	VG
37574	VG
37575	VG
37576	VG
37577	VG
37578	VG
37579	VG
37580	VG
37581	VG
37582	VG
37583	VG
37584	VG
37585	VG
37586	VG
37587	VG
37588	VG
37589	VG
37590	VG
37591	VG
37592	VG
37593	VG
37594	VG
37595	VG
37596	VG
37597	VG
37598	VG
37599	VG
37600	VG
37601	VG
37602	VG
37603	VG
37604	VG
37605	VG
37606	VG
37607	VG
37608	VG
37609	VG
37610	VG
37611	VG
37612	VG
37613	VG
37614	VG
37615	VG
37616	VG
37617	VG
37618	VG
37619	VG
37620	VG
37621	VG
37622	VG
37623	VG
37624	VG
37625	VG
37626	VG
37627	VG
37628	VG
37629	VG
37630	VG
37631	VG
37632	VG
37633	VG
37634	VG
37635	VG
37636	VG
37637	VG
37638	VG
37639	VG
37640	VG
37641	VG
37642	VG
37643	VG
37644	VG
37645	VG
37646	VG
37647	VG
37648	VG
37649	VG
37650	VG
37651	VG
37652	VG
37653	VG
37654	VG
37655	VG
37656	VG
37657	VG
37658	VG
37659	VG
37660	VG
37661	VG
37662	VG
37663	VG
37664	VG
37665	VG
37666	VG
37667	VG
37668	VG
37669	VG
37670	VG
37671	VG
37672	VG
37673	VG
37674	VG
37675	VG
37676	VG
37677	VG
37678	VG
37679	VG
37680	VG
37681	VG
37682	VG
37683	VG
37684	VG
37685	VG
37686	VG
37687	VG
37688	VG
37689	VG
37690	VG
37691	VG
37692	VG
37693	VG
37694	VG
37695	VG
37696	VG
37697	VG
37698	VG
37699	VG
37700	VG
37701	VG
37702	VG
37703	VG
37704	VG
37705	VG
37706	VG
37707	VG
37708	VG
37709	VG
37710	VG
37711	VG
37712	VG
37713	VG
37714	VG
37715	VG
37716	VG
37717	VG
37718	VG
37719	VG
37720	VG
37721	VG
37722	VG
37723	VG
37724	VG
37725	VG
37726	VG
37727	VG
37728	VG
37729	VG
37730	VG
37731	VG
37732	VG
37733	VG
37734	VG
37735	VG
37736	VG
37737	VG
37738	VG
37739	VG
37740	VG
37741	VG
37742	VG
37743	VG
37744	VG
37745	VG
37746	VG
37747	VG
37748	VG
37749	VG
37750	VG
37751	VG
37752	VG
37753	VG
37754	VG
37755	VG
37756	VG
37757	VG
37758	VG
37759	VG
37760	VG
37761	VG
37762	VG
37763	VG
37764	VG
37765	VG
37766	VG
37767	VG
37768	VG
37769	VG
37770	VG
37771	VG
37772	VG
37773	VG
37774	VG
37775	VG
37776	VG
37777	VG
37778	VG
37779	VG
37780	VG
37781	VG
37782	VG
37783	VG
37784	VG
37785	VG
37786	VG
37787	VG
37788	VG
37789	VG
37790	VG
37791	VG
37792	VG
37793	VG
37794	VG
37795	VG
37796	VG
37797	VG
37798	VG
37799	VG
37800	VG
37801	VG
37802	VG
37803	VG
37804	VG
37805	VG
37806	VG
37807	VG
37808	VG
37809	VG
37810	VG
37811	VG
37812	VG
37813	VG
37814	VG
37815	VG
37816	VG
37817	VG
37818	VG
37819	VG
37820	VG
37821	VG
37822	VG
37823	VG
37824	VG
37825	VG
37826	VG
37827	VG
37828	VG
37829	VG
37830	VG
37831	VG
37832	VG
37833	VG
37834	VG
37835	VG
37836	VG
37837	VG
37838	VG
37839	VG
37840	VG
37841	VG
37842	VG
37843	VG
37844	VG
37845	VG
37846	VG
37847	VG
37848	VG
37849	VG
37850	VG
37851	VG
37852	VG
37853	VG
37854	VG
37855	VG
37856	VG
37857	VG
37858	VG
37859	VG
37860	VG
37861	VG
37862	VG
37863	VG
37864	VG
37865	VG
37866	VG
37867	VG
37868	VG
37869	VG
37870	VG
37871	VG
37872	VG
37873	VG
37874	VG
37875	VG
37876	VG
37877	VG
37878	VG
37879	VG
37880	VG
37881	VG
37882	VG
37883	VG
37884	VG
37885	VG
37886	VG
37887	VG
37888	VG
37889	VG
37890	VG
37891	VG
37892	VG
37893	VG
37894	VG
37895	VG
37896	VG
37897	VG
37898	VG
37899	VG
37900	VG
37901	VG
37902	VG
37903	VG
37904	VG
37905	VG
37906	VG
37907	VG
37908	VG
37909	VG
37910	VG
37911	VG
37912	VG
37913	VG
37914	VG
37915	VG
37916	VG
37917	VG
37918	VG
37919	VG
37920	VG
37921	VG
37922	VG
37923	VG
37924	VG
37925	VG
37926	VG
37927	VG
37928	VG
37929	VG
37930	VG
37931	VG
37932	VG
37933	VG
37934	VG
37935	VG
37936	VG
37937	VG
37938	VG
37939	VG
37940	VG
37941	VG
37942	VG
37943	VG
37944	VG
37945	VG
37946	VG
37947	VG
37948	VG
37949	VG
37950	VG
37951	VG
37952	VG
37953	VG
37954	VG
37955	VG
37956	VG
37957	VG
37958	VG
37959	VG
37960	VG
37961	VG
37962	VG
37963	VG
37964	VG
37965	VG
37966	VG
37967	VG
37968	VG
37969	VG
37970	VG
37971	VG
37972	VG
37973	VG
37974	VG
37975	VG
37976	VG
37977	VG
37978	VG
37979	VG
37980	VG
37981	VG
37982	VG
37983	VG
37984	VG
37985	VG
37986	VG
37987	VG
37988	VG
37989	VG
37990	VG
37991	VG
37992	VG
37993	VG
37994	VG
37995	VG
37996	VG
37997	VG
37998	VG
37999	VG
38000	VG
38001	VG
38002	VG
38003	VG
38004	VG
38005	VG
38006	VG
38007	VG
38008	VG
38009	VG
38010	VG
38011	VG
38012	VG
38013	VG
38014	VG
38015	VG
38016	VG
38017	VG
38018	VG
38019	VG
38020	VG
38021	VG
38022	VG
38023	VG
38024	VG
38025	VG
38026	VG
38027	VG
38028	VG
38029	VG
38030	VG
38031	VG
38032	VG
38033	VG
38034	VG
38035	VG
38036	VG
38037	VG
38038	VG
38039	VG
38040	VG
38041	VG
38042	VG
38043	VG
38044	VG
38045	VG
38046	VG
38047	VG
38048	VG
38049	VG
38050	VG
38051	VG
38052	VG
38053	VG
38054	VG
38055	VG
38056	VG
38057	VG
38058	VG
38059	VG
38060	VG
38061	VG
38062	VG
38063	VG
38064	VG
38065	VG
38066	VG
38067	VG
38068	VG
38069	VG
38070	VG
38071	VG
38072	VG
38073	VG
38074	VG
38075	VG
38076	VG
38077	VG
38078	VG
38079	VG
38080	VG
38081	VG
38082	VG
38083	VG
38084	VG
38085	VG
38086	VG
38087	VG
38088	VG
38089	VG
38090	VG
38091	VG
38092	VG
38093	VG
38094	VG
38095	VG
38096	VG
38097	VG
38098	VG
38099	VG
38100	VG
38101	VG
38102	VG
38103	VG
38104	VG
38105	VG
38106	VG
38107	VG
38108	VG
38109	VG
38110	VG
38111	VG
38112	VG
38113	VG
38114	VG
38115	VG
38116	VG
38117	VG
38118	VG
38119	VG
38120	VG
38121	VG
38122	VG
38123	VG
38124	VG
38125	VG
38126	VG
38127	VG
38128	VG
38129	VG
38130	VG
38131	VG
38132	VG
38133	VG
38134	VG
38135	VG
38136	VG
38137	VG
38138	VG
38139	VG
38140	VG
38141	VG
38142	VG
38143	VG
38144	VG
38145	VG
38146	VG
38147	VG
38148	VG
38149	VG
38150	VG
38151	VG
38152	VG
38153	VG
38154	VG
38155	VG
38156	VG
38157	VG
38158	VG
38159	VG
38160	VG
38161	VG
38162	VG
38163	VG
38164	VG
38165	VG
38166	VG
38167	VG
38168	VG
38169	VG
38170	VG
38171	VG
38172	VG
38173	VG
38174	VG
38175	VG
38176	VG
38177	VG
38178	VG
38179	VG
38180	VG
38181	VG
38182	VG
38183	VG
38184	VG
38185	VG
38186	VG
38187	VG
38188	VG
38189	VG
38190	VG
38191	VG
38192	VG
38193	VG
38194	VG
38195	VG
38196	VG
38197	VG
38198	VG
38199	VG
38200	VG
38201	VG
38202	VG
38203	VG
38204	VG
38205	VG
38206	VG
38207	VG
38208	VG
38209	VG
38210	VG
38211	VG
38212	VG
38213	VG
38214	VG
38215	VG
38216	VG
38217	VG
38218	VG
38219	VG
38220	VG
38221	VG
38222	VG
38223	VG
38224	VG
38225	VG
38226	VG
38227	VG
38228	VG
38229	VG
38230	VG
38231	VG
38232	VG
38233	VG
38234	VG
38235	VG
38236	VG
38237	VG
38238	VG
38239	VG
38240	VG
38241	VG
38242	VG
38243	VG
38244	VG
38245	VG
38246	VG
38247	VG
38248	VG
38249	VG
38250	VG
38251	VG
38252	VG
38253	VG
38254	VG
38255	VG
38256	VG
38257	VG
38258	VG
38259	VG
38260	VG
38261	VG
38262	VG
38263	VG
38264	VG
38265	VG
38266	VG
38267	VG
38268	VG
38269	VG
38270	VG
38271	VG
38272	VG
38273	VG
38274	VG
38275	VG
38276	VG
38277	VG
38278	VG
38279	VG
38280	VG
38281	VG
38282	VG
38283	VG
38284	VG
38285	VG
38286	VG
38287	VG
38288	VG
38289	VG
38290	VG
38291	VG
38292	VG
38293	VG
38294	VG
38295	VG
38296	VG
38297	VG
38298	VG
38299	VG
38300	VG
38301	VG
38302	VG
38303	VG
38304	VG
38305	VG
38306	VG
38307	VG
38308	VG
38309	VG
38310	VG
38311	VG
38312	VG
38313	VG
38314	VG
38315	VG
38316	VG
38317	VG
38318	VG
38319	VG
38320	VG
38321	VG
38322	VG
38323	VG
38324	VG
38325	VG
38326	VG
38327	VG
38328	VG
38329	VG
38330	VG
38331	VG
38332	VG
38333	VG
38334	VG
38335	VG
38336	VG
38337	VG
38338	VG
38339	VG
38340	VG
38341	VG
38342	VG
38343	VG
38344	VG
38345	VG
38346	VG
38347	VG
38348	VG
38349	VG
38350	VG
38351	VG
38352	VG
38353	VG
38354	VG
38355	VG
38356	VG
38357	VG
38358	VG
38359	VG
38360	VG
38361	VG
38362	VG
38363	VG
38364	VG
38365	VG
38366	VG
38367	VG
38368	VG
38369	VG
38370	VG
38371	VG
38372	VG
38373	VG
38374	VG
38375	VG
38376	VG
38377	VG
38378	VG
38379	VG
38380	VG
38381	VG
38382	VG
38383	VG
38384	VG
38385	VG
38386	VG
38387	VG
38388	VG
38389	VG
38390	VG
38391	VG
38392	VG
38393	VG
38394	VG
38395	VG
38396	VG
38397	VG
38398	VG
38399	VG
38400	VG
38401	VG
38402	VG
38403	VG
38404	VG
38405	VG
38406	VG
38407	VG
38408	VG
38409	VG
38410	VG
38411	VG
38412	VG
38413	VG
38414	VG
38415	VG
38416	VG
38417	VG
38418	VG
38419	VG
38420	VG
38421	VG
38422	VG
38423	VG
38424	VG
38425	VG
38426	VG
38427	VG
38428	VG
38429	VG
38430	VG
38431	VG
38432	VG
38433	VG
38434	VG
38435	VG
38436	VG
38437	VG
38438	VG
38439	VG
38440	VG
38441	VG
38442	VG
38443	VG
38444	VG
38445	VG
38446	VG
38447	VG
38448	VG
38449	VG
38450	VG
38451	VG
38452	VG
38453	VG
38454	VG
38455	VG
38456	VG
38457	VG
38458	VG
38459	VG
38460	VG
38461	VG
38462	VG
38463	VG
38464	VG
38465	VG
38466	VG
38467	VG
38468	VG
38469	VG
38470	VG
38471	VG
38472	VG
38473	VG
38474	VG
38475	VG
38476	VG
38477	VG
38478	VG
38479	VG
38480	VG
38481	VG
38482	VG
38483	VG
38484	VG
38485	VG
38486	VG
38487	VG
38488	VG
38489	VG
38490	VG
38491	VG
38492	VG
38493	VG
38494	VG
38495	VG
38496	VG
38497	VG
38498	VG
38499	VG
38500	VG
38501	VG
38502	VG
38503	VG
38504	VG
38505	VG
38506	VG
38507	VG
38508	VG
38509	VG
38510	VG
38511	VG
38512	VG
38513	VG
38514	VG
38515	VG
38516	VG
38517	VG
38518	VG
38519	VG
38520	VG
38521	VG
38522	VG
38523	VG
38524	VG
38525	VG
38526	VG
38527	VG
38528	VG
38529	VG
38530	VG
38531	VG
38532	VG
38533	VG
38534	VG
38535	VG
38536	VG
38537	VG
38538	VG
38539	VG
38540	VG
38541	VG
38542	VG
38543	VG
38544	VG
38545	VG
38546	VG
38547	VG
38548	VG
38549	VG
38550	VG
38551	VG
38552	VG
38553	VG
38554	VG
38555	VG
38556	VG
38557	VG
38558	VG
38559	VG
38560	VG
38561	VG
38562	VG
38563	VG
38564	VG
38565	VG
38566	VG
38567	VG
38568	VG
38569	VG
38570	VG
38571	VG
38572	VG
38573	VG
38574	VG
38575	VG
38576	VG
38577	VG
38578	VG
38579	VG
38580	VG
38581	VG
38582	VG
38583	VG
38584	VG
38585	VG
38586	VG
38587	VG
38588	VG
38589	VG
38590	VG
38591	VG
38592	VG
38593	VG
38594	VG
38595	VG
38596	VG
38597	VG
38598	VG
38599	VG
38600	VG
38601	VG
38602	VG
38603	VG
38604	VG
38605	VG
38606	VG
38607	VG
38608	VG
38609	VG
38610	VG
38611	VG
38612	VG
38613	VG
38614	VG
38615	VG
38616	VG
38617	VG
38618	VG
38619	VG
38620	VG
38621	VG
38622	VG
38623	VG
38624	VG
38625	VG
38626	VG
38627	VG
38628	VG
38629	VG
38630	VG
38631	VG
38632	VG
38633	VG
38634	VG
38635	VG
38636	VG
38637	VG
38638	VG
38639	VG
38640	VG
38641	VG
38642	VG
38643	VG
38644	VG
38645	VG
38646	VG
38647	VG
38648	VG
38649	VG
38650	VG
38651	VG
38652	VG
38653	VG
38654	VG
38655	VG
38656	VG
38657	VG
38658	VG
38659	VG
38660	VG
38661	VG
38662	VG
38663	VG
38664	VG
38665	VG
38666	VG
38667	VG
38668	VG
38669	VG
38670	VG
38671	VG
38672	VG
38673	VG
38674	VG
38675	VG
38676	VG
38677	VG
38678	VG
38679	VG
38680	VG
38681	VG
38682	VG
38683	VG
38684	VG
38685	VG
38686	VG
38687	VG
38688	VG
38689	VG
38690	VG
38691	VG
38692	VG
38693	VG
38694	VG
38695	VG
38696	VG
38697	VG
38698	VG
38699	VG
38700	VG
38701	VG
38702	VG
38703	VG
38704	VG
38705	VG
38706	VG
38707	VG
38708	VG
38709	VG
38710	VG
38711	VG
38712	VG
38713	VG
38714	VG
38715	VG
38716	VG
38717	VG
38718	VG
38719	VG
38720	VG
38721	VG
38722	VG
38723	VG
38724	VG
38725	VG
38726	VG
38727	VG
38728	VG
38729	VG
38730	VG
38731	VG
38732	VG
38733	VG
38734	VG
38735	VG
38736	VG
38737	VG
38738	VG
38739	VG
38740	VG
38741	VG
38742	VG
38743	VG
38744	VG
38745	VG
38746	VG
38747	VG
38748	VG
38749	VG
38750	VG
38751	VG
38752	VG
38753	VG
38754	VG
38755	VG
38756	VG
38757	VG
38758	VG
38759	VG
38760	VG
38761	VG
38762	VG
38763	VG
38764	VG
38765	VG
38766	VG
38767	VG
38768	VG
38769	VG
38770	VG
38771	VG
38772	VG
38773	VG
38774	VG
38775	VG
38776	VG
38777	VG
38778	VG
38779	VG
38780	VG
38781	VG
38782	VG
38783	VG
38784	VG
38785	VG
38786	VG
38787	VG
38788	VG
38789	VG
38790	VG
38791	VG
38792	VG
38793	VG
38794	VG
38795	VG
38796	VG
38797	VG
38798	VG
38799	VG
38800	VG
38801	VG
38802	VG
38803	VG
38804	VG
38805	VG
38806	VG
38807	VG
38808	VG
38809	VG
38810	VG
38811	VG
38812	VG
38813	VG
38814	VG
38815	VG
38816	VG
38817	VG
38818	VG
38819	VG
38820	VG
38821	VG
38822	VG
38823	VG
38824	VG
38825	VG
38826	VG
38827	VG
38828	VG
38829	VG
38830	VG
38831	VG
38832	VG
38833	VG
38834	VG
38835	VG
38836	VG
38837	VG
38838	VG
38839	VG
38840	VG
38841	VG
38842	VG
38843	VG
38844	VG
38845	VG
38846	VG
38847	VG
38848	VG
38849	VG
38850	VG
38851	VG
38852	VG
38853	VG
38854	VG
38855	VG
38856	VG
38857	VG
38858	VG
38859	VG
38860	VG
38861	VG
38862	VG
38863	VG
38864	VG
38865	VG
38866	VG
38867	VG
38868	VG
38869	VG
38870	VG
38871	VG
38872	VG
38873	VG
38874	VG
38875	VG
38876	VG
38877	VG
38878	VG
38879	VG
38880	VG
38881	VG
38882	VG
38883	VG
38884	VG
38885	VG
38886	VG
38887	VG
38888	VG
38889	VG
38890	VG
38891	VG
38892	VG
38893	VG
38894	VG
38895	VG
38896	VG
38897	VG
38898	VG
38899	VG
38900	VG
38901	VG
38902	VG
38903	VG
38904	VG
38905	VG
38906	VG
38907	VG
38908	VG
38909	VG
38910	VG
38911	VG
38912	VG
38913	VG
38914	VG
38915	VG
38916	VG
38917	VG
38918	VG
38919	VG
38920	VG
38921	VG
38922	VG
38923	VG
38924	VG
38925	VG
38926	VG
38927	VG
38928	VG
38929	VG
38930	VG
38931	VG
38932	VG
38933	VG
38934	VG
38935	VG
38936	VG
38937	VG
38938	VG
38939	VG
38940	VG
38941	VG
38942	VG
38943	VG
38944	VG
38945	VG
38946	VG
38947	VG
38948	VG
38949	VG
38950	VG
38951	VG
38952	VG
38953	VG
38954	VG
38955	VG
38956	VG
38957	VG
38958	VG
38959	VG
38960	VG
38961	VG
38962	VG
38963	VG
38964	VG
38965	VG
38966	VG
38967	VG
38968	VG
38969	VG
38970	VG
38971	VG
38972	VG
38973	VG
38974	VG
38975	VG
38976	VG
38977	VG
38978	VG
38979	VG
38980	VG
38981	VG
38982	VG
38983	VG
38984	VG
38985	VG
38986	VG
38987	VG
38988	VG
38989	VG
38990	VG
38991	VG
38992	VG
38993	VG
38994	VG
38995	VG
38996	VG
38997	VG
38998	VG
38999	VG
39000	VG
39001	VG
39002	VG
39003	VG
39004	VG
39005	VG
39006	VG
39007	VG
39008	VG
39009	VG
39010	VG
39011	VG
39012	VG
39013	VG
39014	VG
39015	VG
39016	VG
39017	VG
39018	VG
39019	VG
39020	VG
39021	VG
39022	VG
39023	VG
39024	VG
39025	VG
39026	VG
39027	VG
39028	VG
39029	VG
39030	VG
39031	VG
39032	VG
39033	VG
39034	VG
39035	VG
39036	VG
39037	VG
39038	VG
39039	VG
39040	VG
39041	VG
39042	VG
39043	VG
39044	VG
39045	VG
39046	VG
39047	VG
39048	VG
39049	VG
39050	VG
39051	VG
39052	VG
39053	VG
39054	VG
39055	VG
39056	VG
39057	VG
39058	VG
39059	VG
39060	VG
39061	VG
39062	VG
39063	VG
39064	VG
39065	VG
39066	VG
39067	VG
39068	VG
39069	VG
39070	VG
39071	VG
39072	VG
39073	VG
39074	VG
39075	VG
39076	VG
39077	VG
39078	VG
39079	VG
39080	VG
39081	VG
39082	VG
39083	VG
39084	VG
39085	VG
39086	VG
39087	VG
39088	VG
39089	VG
39090	VG
39091	VG
39092	VG
39093	VG
39094	VG
39095	VG
39096	VG
39097	VG
39098	VG
39099	VG
39100	VG
39101	VG
39102	VG
39103	VG
39104	VG
39105	VG
39106	VG
39107	VG
39108	VG
39109	VG
39110	VG
39111	VG
39112	VG
39113	VG
39114	VG
39115	VG
39116	VG
39117	VG
39118	VG
39119	VG
39120	VG
39121	VG
39122	VG
39123	VG
39124	VG
39125	VG
39126	VG
39127	VG
39128	VG
39129	VG
39130	VG
39131	VG
39132	VG
39133	VG
39134	VG
39135	VG
39136	VG
39137	VG
39138	VG
39139	VG
39140	VG
39141	VG
39142	VG
39143	VG
39144	VG
39145	VG
39146	VG
39147	VG
39148	VG
39149	VG
39150	VG
39151	VG
39152	VG
39153	VG
39154	VG
39155	VG
39156	VG
39157	VG
39158	VG
39159	VG
39160	VG
39161	VG
39162	VG
39163	VG
39164	VG
39165	VG
39166	VG
39167	VG
39168	VG
39169	VG
39170	VG
39171	VG
39172	VG
39173	VG
39174	VG
39175	VG
39176	VG
39177	VG
39178	VG
39179	VG
39180	VG
39181	VG
39182	VG
39183	VG
39184	VG
39185	VG
39186	VG
39187	VG
39188	VG
39189	VG
39190	VG
39191	VG
39192	VG
39193	VG
39194	VG
39195	VG
39196	VG
39197	VG
39198	VG
39199	VG
39200	VG
39201	VG
39202	VG
39203	VG
39204	VG
39205	VG
39206	VG
39207	VG
39208	VG
39209	VG
39210	VG
39211	VG
39212	VG
39213	VG
39214	VG
39215	VG
39216	VG
39217	VG
39218	VG
39219	VG
39220	VG
39221	VG
39222	VG
39223	VG
39224	VG
39225	VG
39226	VG
39227	VG
39228	VG
39229	VG
39230	VG
39231	VG
39232	VG
39233	VG
39234	VG
39235	VG
39236	VG
39237	VG
39238	VG
39239	VG
39240	VG
39241	VG
39242	VG
39243	VG
39244	VG
39245	VG
39246	VG
39247	VG
39248	VG
39249	VG
39250	VG
39251	VG
39252	VG
39253	VG
39254	VG
39255	VG
39256	VG
39257	VG
39258	VG
39259	VG
39260	VG
39261	VG
39262	VG
39263	VG
39264	VG
39265	VG
39266	VG
39267	VG
39268	VG
39269	VG
39270	VG
39271	VG
39272	VG
39273	VG
39274	VG
39275	VG
39276	VG
39277	VG
39278	VG
39279	VG
39280	VG
39281	VG
39282	VG
39283	VG
39284	VG
39285	VG
39286	VG
39287	VG
39288	VG
39289	VG
39290	VG
39291	VG
39292	VG
39293	VG
39294	VG
39295	VG
39296	VG
39297	VG
39298	VG
39299	VG
39300	VG
39301	VG
39302	VG
39303	VG
39304	VG
39305	VG
39306	VG
39307	VG
39308	VG
39309	VG
39310	VG
39311	VG
39312	VG
39313	VG
39314	VG
39315	VG
39316	VG
39317	VG
39318	VG
39319	VG
39320	VG
39321	VG
39322	VG
39323	VG
39324	VG
39325	VG
39326	VG
39327	VG
39328	VG
39329	VG
39330	VG
39331	VG
39332	VG
39333	VG
39334	VG
39335	VG
39336	VG
39337	VG
39338	VG
39339	VG
39340	VG
39341	VG
39342	VG
39343	VG
39344	VG
39345	VG
39346	VG
39347	VG
39348	VG
39349	VG
39350	VG
39351	VG
39352	VG
39353	VG
39354	VG
39355	VG
39356	VG
39357	VG
39358	VG
39359	VG
39360	VG
39361	VG
39362	VG
39363	VG
39364	VG
39365	VG
39366	VG
39367	VG
39368	VG
39369	VG
39370	VG
39371	VG
39372	VG
39373	VG
39374	VG
39375	VG
39376	VG
39377	VG
39378	VG
39379	VG
39380	VG
39381	VG
39382	VG
39383	VG
39384	VG
39385	VG
39386	VG
39387	VG
39388	VG
39389	VG
39390	VG
39391	VG
39392	VG
39393	VG
39394	VG
39395	VG
39396	VG
39397	VG
39398	VG
39399	VG
39400	VG
39401	VG
39402	VG
39403	VG
39404	VG
39405	VG
39406	VG
39407	VG
39408	VG
39409	VG
39410	VG
39411	VG
39412	VG
39413	VG
39414	VG
39415	VG
39416	VG
39417	VG
39418	VG
39419	VG
39420	VG
39421	VG
39422	VG
39423	VG
39424	VG
39425	VG
39426	VG
39427	VG
39428	VG
39429	VG
39430	VG
39431	VG
39432	VG
39433	VG
39434	VG
39435	VG
39436	VG
39437	VG
39438	VG
39439	VG
39440	VG
39441	VG
39442	VG
39443	VG
39444	VG
39445	VG
39446	VG
39447	VG
39448	VG
39449	VG
39450	VG
39451	VG
39452	VG
39453	VG
39454	VG
39455	VG
39456	VG
39457	VG
39458	VG
39459	VG
39460	VG
39461	VG
39462	VG
39463	VG
39464	VG
39465	VG
39466	VG
39467	VG
39468	VG
39469	VG
39470	VG
39471	VG
39472	VG
39473	VG
39474	VG
39475	VG
39476	VG
39477	VG
39478	VG
39479	VG
39480	VG
39481	VG
39482	VG
39483	VG
39484	VG
39485	VG
39486	VG
39487	VG
39488	VG
39489	VG
39490	VG
39491	VG
39492	VG
39493	VG
39494	VG
39495	VG
39496	VG
39497	VG
39498	VG
39499	VG
39500	VG
39501	VG
39502	VG
39503	VG
39504	VG
39505	VG
39506	VG
39507	VG
39508	VG
39509	VG
39510	VG
39511	VG
39512	VG
39513	VG
39514	VG
39515	VG
39516	VG
39517	VG
39518	VG
39519	VG
39520	VG
39521	VG
39522	VG
39523	VG
39524	VG
39525	VG
39526	VG
39527	VG
39528	VG
39529	VG
39530	VG
39531	VG
39532	VG
39533	VG
39534	VG
39535	VG
39536	VG
39537	VG
39538	VG
39539	VG
39540	VG
39541	VG
39542	VG
39543	VG
39544	VG
39545	VG
39546	VG
39547	VG
39548	VG
39549	VG
39550	VG
39551	VG
39552	VG
39553	VG
39554	VG
39555	VG
39556	VG
39557	VG
39558	VG
39559	VG
39560	VG
39561	VG
39562	VG
39563	VG
39564	VG
39565	VG
39566	VG
39567	VG
39568	VG
39569	VG
39570	VG
39571	VG
39572	VG
39573	VG
39574	VG
39575	VG
39576	VG
39577	VG
39578	VG
39579	VG
39580	VG
39581	VG
39582	VG
39583	VG
39584	VG
39585	VG
39586	VG
39587	VG
39588	VG
39589	VG
39590	VG
39591	VG
39592	VG
39593	VG
39594	VG
39595	VG
39596	VG
39597	VG
39598	VG
39599	VG
39600	VG
39601	VG
39602	VG
39603	VG
39604	VG
39605	VG
39606	VG
39607	VG
39608	VG
39609	VG
39610	VG
39611	VG
39612	VG
39613	VG
39614	VG
39615	VG
39616	VG
39617	VG
39618	VG
39619	VG
39620	VG
39621	VG
39622	VG
39623	VG
39624	VG
39625	VG
39626	VG
39627	VG
39628	VG
39629	VG
39630	VG
39631	VG
39632	VG
39633	VG
39634	VG
39635	VG
39636	VG
39637	VG
39638	VG
39639	VG
39640	VG
39641	VG
39642	VG
39643	VG
39644	VG
39645	VG
39646	VG
39647	VG
39648	VG
39649	VG
39650	VG
39651	VG
39652	VG
39653	VG
39654	VG
39655	VG
39656	VG
39657	VG
39658	VG
39659	VG
39660	VG
39661	VG
39662	VG
39663	VG
39664	VG
39665	VG
39666	VG
39667	VG
39668	VG
39669	VG
39670	VG
39671	VG
39672	VG
39673	VG
39674	VG
39675	VG
39676	VG
39677	VG
39678	VG
39679	VG
39680	VG
39681	VG
39682	VG
39683	VG
39684	VG
39685	VG
39686	VG
39687	VG
39688	VG
39689	VG
39690	VG
39691	VG
39692	VG
39693	VG
39694	VG
39695	VG
39696	VG
39697	VG
39698	VG
39699	VG
39700	VG
39701	VG
39702	VG
39703	VG
39704	VG
39705	VG
39706	VG
39707	VG
39708	VG
39709	VG
39710	VG
39711	VG
39712	VG
39713	VG
39714	VG
39715	VG
39716	VG
39717	VG
39718	VG
39719	VG
39720	VG
39721	VG
39722	VG
39723	VG
39724	VG
39725	VG
39726	VG
39727	VG
39728	VG
39729	VG
39730	VG
39731	VG
39732	VG
39733	VG
39734	VG
39735	VG
39736	VG
39737	VG
39738	VG
39739	VG
39740	VG
39741	VG
39742	VG
39743	VG
39744	VG
39745	VG
39746	VG
39747	VG
39748	VG
39749	VG
39750	VG
39751	VG
39752	VG
39753	VG
39754	VG
39755	VG
39756	VG
39757	VG
39758	VG
39759	VG
39760	VG
39761	VG
39762	VG
39763	VG
39764	VG
39765	VG
39766	VG
39767	VG
39768	VG
39769	VG
39770	VG
39771	VG
39772	VG
39773	VG
39774	VG
39775	VG
39776	VG
39777	VG
39778	VG
39779	VG
39780	VG
39781	VG
39782	VG
39783	VG
39784	VG
39785	VG
39786	VG
39787	VG
39788	VG
39789	VG
39790	VG
39791	VG
39792	VG
39793	VG
39794	VG
39795	VG
39796	VG
39797	VG
39798	VG
39799	VG
39800	VG
39801	VG
39802	VG
39803	VG
39804	VG
39805	VG
39806	VG
39807	VG
39808	VG
39809	VG
39810	VG
39811	VG
39812	VG
39813	VG
39814	VG
39815	VG
39816	VG
39817	VG
39818	VG
39819	VG
39820	VG
39821	VG
39822	VG
39823	VG
39824	VG
39825	VG
39826	VG
39827	VG
39828	VG
39829	VG
39830	VG
39831	VG
39832	VG
39833	VG
39834	VG
39835	VG
39836	VG
39837	VG
39838	VG
39839	VG
39840	VG
39841	VG
39842	VG
39843	VG
39844	VG
39845	VG
39846	VG
39847	VG
39848	VG
39849	VG
39850	VG
39851	VG
39852	VG
39853	VG
39854	VG
39855	VG
39856	VG
39857	VG
39858	VG
39859	VG
39860	VG
39861	VG
39862	VG
39863	VG
39864	VG
39865	VG
39866	VG
39867	VG
39868	VG
39869	VG
39870	VG
39871	VG
39872	VG
39873	VG
39874	VG
39875	VG
39876	VG
39877	VG
39878	VG
39879	VG
39880	VG
39881	VG
39882	VG
39883	VG
39884	VG
39885	VG
39886	VG
39887	VG
39888	VG
39889	VG
39890	VG
39891	VG
39892	VG
39893	VG
39894	VG
39895	VG
39896	VG
39897	VG
39898	VG
39899	VG
39900	VG
39901	VG
39902	VG
39903	VG
39904	VG
39905	VG
39906	VG
39907	VG
39908	VG
39909	VG
39910	VG
39911	VG
39912	VG
39913	VG
39914	VG
39915	VG
39916	VG
39917	VG
39918	VG
39919	VG
39920	VG
39921	VG
39922	VG
39923	VG
39924	VG
39925	VG
39926	VG
39927	VG
39928	VG
39929	VG
39930	VG
39931	VG
39932	VG
39933	VG
39934	VG
39935	VG
39936	VG
39937	VG
39938	VG
39939	VG
39940	VG
39941	VG
39942	VG
39943	VG
39944	VG
39945	VG
39946	VG
39947	VG
39948	VG
39949	VG
39950	VG
39951	VG
39952	VG
39953	VG
39954	VG
39955	VG
39956	VG
39957	VG
39958	VG
39959	VG
39960	VG
39961	VG
39962	VG
39963	VG
39964	VG
39965	VG
39966	VG
39967	VG
39968	VG
39969	VG
39970	VG
39971	VG
39972	VG
39973	VG
39974	VG
39975	VG
39976	VG
39977	VG
39978	VG
39979	VG
39980	VG
39981	VG
39982	VG
39983	VG
39984	VG
39985	VG
39986	VG
39987	VG
39988	VG
39989	VG
39990	VG
39991	VG
39992	VG
39993	VG
39994	VG
39995	VG
39996	VG
39997	VG
39998	VG
39999	VG
40000	VG
40001	VG
40002	VG
40003	VG
40004	VG
40005	VG
40006	VG
40007	VG
40008	VG
40009	VG
40010	VG
40011	VG
40012	VG
40013	VG
40014	VG
40015	VG
40016	VG
40017	VG
40018	VG
40019	VG
40020	VG
40021	VG
40022	VG
40023	VG
40024	VG
40025	VG
40026	VG
40027	VG
40028	VG
40029	VG
40030	VG
40031	VG
40032	VG
40033	VG
40034	VG
40035	VG
40036	VG
40037	VG
40038	VG
40039	VG
40040	VG
40041	VG
40042	VG
40043	VG
40044	VG
40045	VG
40046	VG
40047	VG
40048	VG
40049	VG
40050	VG
40051	VG
40052	VG
40053	VG
40054	VG
40055	VG
40056	VG
40057	VG
40058	VG
40059	VG
40060	VG
40061	VG
40062	VG
40063	VG
40064	VG
40065	VG
40066	VG
40067	VG
40068	VG
40069	VG
40070	VG
40071	VG
40072	VG
40073	VG
40074	VG
40075	VG
40076	VG
40077	VG
40078	VG
40079	VG
40080	VG
40081	VG
40082	VG
40083	VG
40084	VG
40085	VG
40086	VG
40087	VG
40088	VG
40089	VG
40090	VG
40091	VG
40092	VG
40093	VG
40094	VG
40095	VG
40096	VG
40097	VG
40098	VG
40099	VG
40100	VG
40101	VG
40102	VG
40103	VG
40104	VG
40105	VG
40106	VG
40107	VG
40108	VG
40109	VG
40110	VG
40111	VG
40112	VG
40113	VG
40114	VG
40115	VG
40116	VG
40117	VG
40118	VG
40119	VG
40120	VG
40121	VG
40122	VG
40123	VG
40124	VG
40125	VG
40126	VG
40127	VG
40128	VG
40129	VG
40130	VG
40131	VG
40132	VG
40133	VG
40134	VG
40135	VG
40136	VG
40137	VG
40138	VG
40139	VG
40140	VG
40141	VG
40142	VG
40143	VG
40144	VG
40145	VG
40146	VG
40147	VG
40148	VG
40149	VG
40150	VG
40151	VG
40152	VG
40153	VG
40154	VG
40155	VG
40156	VG
40157	VG
40158	VG
40159	VG
40160	VG
40161	VG
40162	VG
40163	VG
40164	VG
40165	VG
40166	VG
40167	VG
40168	VG
40169	VG
40170	VG
40171	VG
40172	VG
40173	VG
40174	VG
40175	VG
40176	VG
40177	VG
40178	VG
40179	VG
40180	VG
40181	VG
40182	VG
40183	VG
40184	VG
40185	VG
40186	VG
40187	VG
40188	VG
40189	VG
40190	VG
40191	VG
40192	VG
40193	VG
40194	VG
40195	VG
40196	VG
40197	VG
40198	VG
40199	VG
40200	VG
40201	VG
40202	VG
40203	VG
40204	VG
40205	VG
40206	VG
40207	VG
40208	VG
40209	VG
40210	VG
40211	VG
40212	VG
40213	VG
40214	VG
40215	VG
40216	VG
40217	VG
40218	VG
40219	VG
40220	VG
40221	VG
40222	VG
40223	VG
40224	VG
40225	VG
40226	VG
40227	VG
40228	VG
40229	VG
40230	VG
40231	VG
40232	VG
40233	VG
40234	VG
40235	VG
40236	VG
40237	VG
40238	VG
40239	VG
40240	VG
40241	VG
40242	VG
40243	VG
40244	VG
40245	VG
40246	VG
40247	VG
40248	VG
40249	VG
40250	VG
40251	VG
40252	VG
40253	VG
40254	VG
40255	VG
40256	VG
40257	VG
40258	VG
40259	VG
40260	VG
40261	VG
40262	VG
40263	VG
40264	VG
40265	VG
40266	VG
40267	VG
40268	VG
40269	VG
40270	VG
40271	VG
40272	VG
40273	VG
40274	VG
40275	VG
40276	VG
40277	VG
40278	VG
40279	VG
40280	VG
40281	VG
40282	VG
40283	VG
40284	VG
40285	VG
40286	VG
40287	VG
40288	VG
40289	VG
40290	VG
40291	VG
40292	VG
40293	VG
40294	VG
40295	VG
40296	VG
40297	VG
40298	VG
40299	VG
40300	VG
40301	VG
40302	VG
40303	VG
40304	VG
40305	VG
40306	VG
40307	VG
40308	VG
40309	VG
40310	VG
40311	VG
40312	VG
40313	VG
40314	VG
40315	VG
40316	VG
40317	VG
40318	VG
40319	VG
40320	VG
40321	VG
40322	VG
40323	VG
40324	VG
40325	VG
40326	VG
40327	VG
40328	VG
40329	VG
40330	VG
40331	VG
40332	VG
40333	VG
40334	VG
40335	VG
40336	VG
40337	VG
40338	VG
40339	VG
40340	VG
40341	VG
40342	VG
40343	VG
40344	VG
40345	VG
40346	VG
40347	VG
40348	VG
40349	VG
40350	VG
40351	VG
40352	VG
40353	VG
40354	VG
40355	VG
40356	VG
40357	VG
40358	VG
40359	VG
40360	VG
40361	VG
40362	VG
40363	VG
40364	VG
40365	VG
40366	VG
40367	VG
40368	VG
40369	VG
40370	VG
40371	VG
40372	VG
40373	VG
40374	VG
40375	VG
40376	VG
40377	VG
40378	VG
40379	VG
40380	VG
40381	VG
40382	VG
40383	VG
40384	VG
40385	VG
40386	VG
40387	VG
40388	VG
40389	VG
40390	VG
40391	VG
40392	VG
40393	VG
40394	VG
40395	VG
40396	VG
40397	VG
40398	VG
40399	VG
40400	VG
40401	VG
40402	VG
40403	VG
40404	VG
40405	VG
40406	VG
40407	VG
40408	VG
40409	VG
40410	VG
40411	VG
40412	VG
40413	VG
40414	VG
40415	VG
40416	VG
40417	VG
40418	VG
40419	VG
40420	VG
40421	VG
40422	VG
40423	VG
40424	VG
40425	VG
40426	VG
40427	VG
40428	VG
40429	VG
40430	VG
40431	VG
40432	VG
40433	VG
40434	VG
40435	VG
40436	VG
40437	VG
40438	VG
40439	VG
40440	VG
40441	VG
40442	VG
40443	VG
40444	VG
40445	VG
40446	VG
40447	VG
40448	VG
40449	VG
40450	VG
40451	VG
40452	VG
40453	VG
40454	VG
40455	VG
40456	VG
40457	VG
40458	VG
40459	VG
40460	VG
40461	VG
40462	VG
40463	VG
40464	VG
40465	VG
40466	VG
40467	VG
40468	VG
40469	VG
40470	VG
40471	VG
40472	VG
40473	VG
40474	VG
40475	VG
40476	VG
40477	VG
40478	VG
40479	VG
40480	VG
40481	VG
40482	VG
40483	VG
40484	VG
40485	VG
40486	VG
40487	VG
40488	VG
40489	VG
40490	VG
40491	VG
40492	VG
40493	VG
40494	VG
40495	VG
40496	VG
40497	VG
40498	VG
40499	VG
40500	VG
40501	VG
40502	VG
40503	VG
40504	VG
40505	VG
40506	VG
40507	VG
40508	VG
40509	VG
40510	VG
40511	VG
40512	VG
40513	VG
40514	VG
40515	VG
40516	VG
40517	VG
40518	VG
40519	VG
40520	VG
40521	VG
40522	VG
40523	VG
40524	VG
40525	VG
40526	VG
40527	VG
40528	VG
40529	VG
40530	VG
40531	VG
40532	VG
40533	VG
40534	VG
40535	VG
40536	VG
40537	VG
40538	VG
40539	VG
40540	VG
40541	VG
40542	VG
40543	VG
40544	VG
40545	VG
40546	VG
40547	VG
40548	VG
40549	VG
40550	VG
40551	VG
40552	VG
40553	VG
40554	VG
40555	VG
40556	VG
40557	VG
40558	VG
40559	VG
40560	VG
40561	VG
40562	VG
40563	VG
40564	VG
40565	VG
40566	VG
40567	VG
40568	VG
40569	VG
40570	VG
40571	VG
40572	VG
40573	VG
40574	VG
40575	VG
40576	VG
40577	VG
40578	VG
40579	VG
40580	VG
40581	VG
40582	VG
40583	VG
40584	VG
40585	VG
40586	VG
40587	VG
40588	VG
40589	VG
40590	VG
40591	VG
40592	VG
40593	VG
40594	VG
40595	VG
40596	VG
40597	VG
40598	VG
40599	VG
40600	VG
40601	VG
40602	VG
40603	VG
40604	VG
40605	VG
40606	VG
40607	VG
40608	VG
40609	VG
40610	VG
40611	VG
40612	VG
40613	VG
40614	VG
40615	VG
40616	VG
40617	VG
40618	VG
40619	VG
40620	VG
40621	VG
40622	VG
40623	VG
40624	VG
40625	VG
40626	VG
40627	VG
40628	VG
40629	VG
40630	VG
40631	VG
40632	VG
40633	VG
40634	VG
40635	VG
40636	VG
40637	VG
40638	VG
40639	VG
40640	VG
40641	VG
40642	VG
40643	VG
40644	VG
40645	VG
40646	VG
40647	VG
40648	VG
40649	VG
40650	VG
40651	VG
40652	VG
40653	VG
40654	VG
40655	VG
40656	VG
40657	VG
40658	VG
40659	VG
40660	VG
40661	VG
40662	VG
40663	VG
40664	VG
40665	VG
40666	VG
40667	VG
40668	VG
40669	VG
40670	VG
40671	VG
40672	VG
40673	VG
40674	VG
40675	VG
40676	VG
40677	VG
40678	VG
40679	VG
40680	VG
40681	VG
40682	VG
40683	VG
40684	VG
40685	VG
40686	VG
40687	VG
40688	VG
40689	VG
40690	VG
40691	VG
40692	VG
40693	VG
40694	VG
40695	VG
40696	VG
40697	VG
40698	VG
40699	VG
40700	VG
40701	VG
40702	VG
40703	VG
40704	VG
40705	VG
40706	VG
40707	VG
40708	VG
40709	VG
40710	VG
40711	VG
40712	VG
40713	VG
40714	VG
40715	VG
40716	VG
40717	VG
40718	VG
40719	VG
40720	VG
40721	VG
40722	VG
40723	VG
40724	VG
40725	VG
40726	VG
40727	VG
40728	VG
40729	VG
40730	VG
40731	VG
40732	VG
40733	VG
40734	VG
40735	VG
40736	VG
40737	VG
40738	VG
40739	VG
40740	VG
40741	VG
40742	VG
40743	VG
40744	VG
40745	VG
40746	VG
40747	VG
40748	VG
40749	VG
40750	VG
40751	VG
40752	VG
40753	VG
40754	VG
40755	VG
40756	VG
40757	VG
40758	VG
40759	VG
40760	VG
40761	VG
40762	VG
40763	VG
40764	VG
40765	VG
40766	VG
40767	VG
40768	VG
40769	VG
40770	VG
40771	VG
40772	VG
40773	VG
40774	VG
40775	VG
40776	VG
40777	VG
40778	VG
40779	VG
40780	VG
40781	VG
40782	VG
40783	VG
40784	VG
40785	VG
40786	VG
40787	VG
40788	VG
40789	VG
40790	VG
40791	VG
40792	VG
40793	VG
40794	VG
40795	VG
40796	VG
40797	VG
40798	VG
40799	VG
40800	VG
40801	VG
40802	VG
40803	VG
40804	VG
40805	VG
40806	VG
40807	VG
40808	VG
40809	VG
40810	VG
40811	VG
40812	VG
40813	VG
40814	VG
40815	VG
40816	VG
40817	VG
40818	VG
40819	VG
40820	VG
40821	VG
40822	VG
40823	VG
40824	VG
40825	VG
40826	VG
40827	VG
40828	VG
40829	VG
40830	VG
40831	VG
40832	VG
40833	VG
40834	VG
40835	VG
40836	VG
40837	VG
40838	VG
40839	VG
40840	VG
40841	VG
40842	VG
40843	VG
40844	VG
40845	VG
40846	VG
40847	VG
40848	VG
40849	VG
40850	VG
40851	VG
40852	VG
40853	VG
40854	VG
40855	VG
40856	VG
40857	VG
40858	VG
40859	VG
40860	VG
40861	VG
40862	VG
40863	VG
40864	VG
40865	VG
40866	VG
40867	VG
40868	VG
40869	VG
40870	VG
40871	VG
40872	VG
40873	VG
40874	VG
40875	VG
40876	VG
40877	VG
40878	VG
40879	VG
40880	VG
40881	VG
40882	VG
40883	VG
40884	VG
40885	VG
40886	VG
40887	VG
40888	VG
40889	VG
40890	VG
40891	VG
40892	VG
40893	VG
40894	VG
40895	VG
40896	VG
40897	VG
40898	VG
40899	VG
40900	VG
40901	VG
40902	VG
40903	VG
40904	VG
40905	VG
40906	VG
40907	VG
40908	VG
40909	VG
40910	VG
40911	VG
40912	VG
40913	VG
40914	VG
40915	VG
40916	VG
40917	VG
40918	VG
40919	VG
40920	VG
40921	VG
40922	VG
40923	VG
40924	VG
40925	VG
40926	VG
40927	VG
40928	VG
40929	VG
40930	VG
40931	VG
40932	VG
40933	VG
40934	VG
40935	VG
40936	VG
40937	VG
40938	VG
40939	VG
40940	VG
40941	VG
40942	VG
40943	VG
40944	VG
40945	VG
40946	VG
40947	VG
40948	VG
40949	VG
40950	VG
40951	VG
40952	VG
40953	VG
40954	VG
40955	VG
40956	VG
40957	VG
40958	VG
40959	VG
40960	VG
40961	VG
40962	VG
40963	VG
40964	VG
40965	VG
40966	VG
40967	VG
40968	VG
40969	VG
40970	VG
40971	VG
40972	VG
40973	VG
40974	VG
40975	VG
40976	VG
40977	VG
40978	VG
40979	VG
40980	VG
40981	VG
40982	VG
40983	VG
40984	VG
40985	VG
40986	VG
40987	VG
40988	VG
40989	VG
40990	VG
40991	VG
40992	VG
40993	VG
40994	VG
40995	VG
40996	VG
40997	VG
40998	VG
40999	VG
41000	VG
41001	VG
41002	VG
41003	VG
41004	VG
41005	VG
41006	VG
41007	VG
41008	VG
41009	VG
41010	VG
41011	VG
41012	VG
41013	VG
41014	VG
41015	VG
41016	VG
41017	VG
41018	VG
41019	VG
41020	VG
41021	VG
41022	VG
41023	VG
41024	VG
41025	VG
41026	VG
41027	VG
41028	VG
41029	VG
41030	VG
41031	VG
41032	VG
41033	VG
41034	VG
41035	VG
41036	VG
41037	VG
41038	VG
41039	VG
41040	VG
41041	VG
41042	VG
41043	VG
41044	VG
41045	VG
41046	VG
41047	VG
41048	VG
41049	VG
41050	VG
41051	VG
41052	VG
41053	VG
41054	VG
41055	VG
41056	VG
41057	VG
41058	VG
41059	VG
41060	VG
41061	VG
41062	VG
41063	VG
41064	VG
41065	VG
41066	VG
41067	VG
41068	VG
41069	VG
41070	VG
41071	VG
41072	VG
41073	VG
41074	VG
41075	VG
41076	VG
41077	VG
41078	VG
41079	VG
41080	VG
41081	VG
41082	VG
41083	VG
41084	VG
41085	VG
41086	VG
41087	VG
41088	VG
41089	VG
41090	VG
41091	VG
41092	VG
41093	VG
41094	VG
41095	VG
41096	VG
41097	VG
41098	VG
41099	VG
41100	VG
41101	VG
41102	VG
41103	VG
41104	VG
41105	VG
41106	VG
41107	VG
41108	VG
41109	VG
41110	VG
41111	VG
41112	VG
41113	VG
41114	VG
41115	VG
41116	VG
41117	VG
41118	VG
41119	VG
41120	VG
41121	VG
41122	VG
41123	VG
41124	VG
41125	VG
41126	VG
41127	VG
41128	VG
41129	VG
41130	VG
41131	VG
41132	VG
41133	VG
41134	VG
41135	VG
41136	VG
41137	VG
41138	VG
41139	VG
41140	VG
41141	VG
41142	VG
41143	VG
41144	VG
41145	VG
41146	VG
41147	VG
41148	VG
41149	VG
41150	VG
41151	VG
41152	VG
41153	VG
41154	VG
41155	VG
41156	VG
41157	VG
41158	VG
41159	VG
41160	VG
41161	VG
41162	VG
41163	VG
41164	VG
41165	VG
41166	VG
41167	VG
41168	VG
41169	VG
41170	VG
41171	VG
41172	VG
41173	VG
41174	VG
41175	VG
41176	VG
41177	VG
41178	VG
41179	VG
41180	VG
41181	VG
41182	VG
41183	VG
41184	VG
41185	VG
41186	VG
41187	VG
41188	VG
41189	VG
41190	VG
41191	VG
41192	VG
41193	VG
41194	VG
41195	VG
41196	VG
41197	VG
41198	VG
41199	VG
41200	VG
41201	VG
41202	VG
41203	VG
41204	VG
41205	VG
41206	VG
41207	VG
41208	VG
41209	VG
41210	VG
41211	VG
41212	VG
41213	VG
41214	VG
41215	VG
41216	VG
41217	VG
41218	VG
41219	VG
41220	VG
41221	VG
41222	VG
41223	VG
41224	VG
41225	VG
41226	VG
41227	VG
41228	VG
41229	VG
41230	VG
41231	VG
41232	VG
41233	VG
41234	VG
41235	VG
41236	VG
41237	VG
41238	VG
41239	VG
41240	VG
41241	VG
41242	VG
41243	VG
41244	VG
41245	VG
41246	VG
41247	VG
41248	VG
41249	VG
41250	VG
41251	VG
41252	VG
41253	VG
41254	VG
41255	VG
41256	VG
41257	VG
41258	VG
41259	VG
41260	VG
41261	VG
41262	VG
41263	VG
41264	VG
41265	VG
41266	VG
41267	VG
41268	VG
41269	VG
41270	VG
41271	VG
41272	VG
41273	VG
41274	VG
41275	VG
41276	VG
41277	VG
41278	VG
41279	VG
41280	VG
41281	VG
41282	VG
41283	VG
41284	VG
41285	VG
41286	VG
41287	VG
41288	VG
41289	VG
41290	VG
41291	VG
41292	VG
41293	VG
41294	VG
41295	VG
41296	VG
41297	VG
41298	VG
41299	VG
41300	VG
41301	VG
41302	VG
41303	VG
41304	VG
41305	VG
41306	VG
41307	VG
41308	VG
41309	VG
41310	VG
41311	VG
41312	VG
41313	VG
41314	VG
41315	VG
41316	VG
41317	VG
41318	VG
41319	VG
41320	VG
41321	VG
41322	VG
41323	VG
41324	VG
41325	VG
41326	VG
41327	VG
41328	VG
41329	VG
41330	VG
41331	VG
41332	VG
41333	VG
41334	VG
41335	VG
41336	VG
41337	VG
41338	VG
41339	VG
41340	VG
41341	VG
41342	VG
41343	VG
41344	VG
41345	VG
41346	VG
41347	VG
41348	VG
41349	VG
41350	VG
41351	VG
41352	VG
41353	VG
41354	VG
41355	VG
41356	VG
41357	VG
41358	VG
41359	VG
41360	VG
41361	VG
41362	VG
41363	VG
41364	VG
41365	VG
41366	VG
41367	VG
41368	VG
41369	VG
41370	VG
41371	VG
41372	VG
41373	VG
41374	VG
41375	VG
41376	VG
41377	VG
41378	VG
41379	VG
41380	VG
41381	VG
41382	VG
41383	VG
41384	VG
41385	VG
41386	VG
41387	VG
41388	VG
41389	VG
41390	VG
41391	VG
41392	VG
41393	VG
41394	VG
41395	VG
41396	VG
41397	VG
41398	VG
41399	VG
41400	VG
41401	VG
41402	VG
41403	VG
41404	VG
41405	VG
41406	VG
41407	VG
41408	VG
41409	VG
41410	VG
41411	VG
41412	VG
41413	VG
41414	VG
41415	VG
41416	VG
41417	VG
41418	VG
41419	VG
41420	VG
41421	VG
41422	VG
41423	VG
41424	VG
41425	VG
41426	VG
41427	VG
41428	VG
41429	VG
41430	VG
41431	VG
41432	VG
41433	VG
41434	VG
41435	VG
41436	VG
41437	VG
41438	VG
41439	VG
41440	VG
41441	VG
41442	VG
41443	VG
41444	VG
41445	VG
41446	VG
41447	VG
41448	VG
41449	VG
41450	VG
41451	VG
41452	VG
41453	VG
41454	VG
41455	VG
41456	VG
41457	VG
41458	VG
41459	VG
41460	VG
41461	VG
41462	VG
41463	VG
41464	VG
41465	VG
41466	VG
41467	VG
41468	VG
41469	VG
41470	VG
41471	VG
41472	VG
41473	VG
41474	VG
41475	VG
41476	VG
41477	VG
41478	VG
41479	VG
41480	VG
41481	VG
41482	VG
41483	VG
41484	VG
41485	VG
41486	VG
41487	VG
41488	VG
41489	VG
41490	VG
41491	VG
41492	VG
41493	VG
41494	VG
41495	VG
41496	VG
41497	VG
41498	VG
41499	VG
41500	VG
41501	VG
41502	VG
41503	VG
41504	VG
41505	VG
41506	VG
41507	VG
41508	VG
41509	VG
41510	VG
41511	VG
41512	VG
41513	VG
41514	VG
41515	VG
41516	VG
41517	VG
41518	VG
41519	VG
41520	VG
41521	VG
41522	VG
41523	VG
41524	VG
41525	VG
41526	VG
41527	VG
41528	VG
41529	VG
41530	VG
41531	VG
41532	VG
41533	VG
41534	VG
41535	VG
41536	VG
41537	VG
41538	VG
41539	VG
41540	VG
41541	VG
41542	VG
41543	VG
41544	VG
41545	VG
41546	VG
41547	VG
41548	VG
41549	VG
41550	VG
41551	VG
41552	VG
41553	VG
41554	VG
41555	VG
41556	VG
41557	VG
41558	VG
41559	VG
41560	VG
41561	VG
41562	VG
41563	VG
41564	VG
41565	VG
41566	VG
41567	VG
41568	VG
41569	VG
41570	VG
41571	VG
41572	VG
41573	VG
41574	VG
41575	VG
41576	VG
41577	VG
41578	VG
41579	VG
41580	VG
41581	VG
41582	VG
41583	VG
41584	VG
41585	VG
41586	VG
41587	VG
41588	VG
41589	VG
41590	VG
41591	VG
41592	VG
41593	VG
41594	VG
41595	VG
41596	VG
41597	VG
41598	VG
41599	VG
41600	VG
41601	VG
41602	VG
41603	VG
41604	VG
41605	VG
41606	VG
41607	VG
41608	VG
41609	VG
41610	VG
41611	VG
41612	VG
41613	VG
41614	VG
41615	VG
41616	VG
41617	VG
41618	VG
41619	VG
41620	VG
41621	VG
41622	VG
41623	VG
41624	VG
41625	VG
41626	VG
41627	VG
41628	VG
41629	VG
41630	VG
41631	VG
41632	VG
41633	VG
41634	VG
41635	VG
41636	VG
41637	VG
41638	VG
41639	VG
41640	VG
41641	VG
41642	VG
41643	VG
41644	VG
41645	VG
41646	VG
41647	VG
41648	VG
41649	VG
41650	VG
41651	VG
41652	VG
41653	VG
41654	VG
41655	VG
41656	VG
41657	VG
41658	VG
41659	VG
41660	VG
41661	VG
41662	VG
41663	VG
41664	VG
41665	VG
41666	VG
41667	VG
41668	VG
41669	VG
41670	VG
41671	VG
41672	VG
41673	VG
41674	VG
41675	VG
41676	VG
41677	VG
41678	VG
41679	VG
41680	VG
41681	VG
41682	VG
41683	VG
41684	VG
41685	VG
41686	VG
41687	VG
41688	VG
41689	VG
41690	VG
41691	VG
41692	VG
41693	VG
41694	VG
41695	VG
41696	VG
41697	VG
41698	VG
41699	VG
41700	VG
41701	VG
41702	VG
41703	VG
41704	VG
41705	VG
41706	VG
41707	VG
41708	VG
41709	VG
41710	VG
41711	VG
41712	VG
41713	VG
41714	VG
41715	VG
41716	VG
41717	VG
41718	VG
41719	VG
41720	VG
41721	VG
41722	VG
41723	VG
41724	VG
41725	VG
41726	VG
41727	VG
41728	VG
41729	VG
41730	VG
41731	VG
41732	VG
41733	VG
41734	VG
41735	VG
41736	VG
41737	VG
41738	VG
41739	VG
41740	VG
41741	VG
41742	VG
41743	VG
41744	VG
41745	VG
41746	VG
41747	VG
41748	VG
41749	VG
41750	VG
41751	VG
41752	VG
41753	VG
41754	VG
41755	VG
41756	VG
41757	VG
41758	VG
41759	VG
41760	VG
41761	VG
41762	VG
41763	VG
41764	VG
41765	VG
41766	VG
41767	VG
41768	VG
41769	VG
41770	VG
41771	VG
41772	VG
41773	VG
41774	VG
41775	VG
41776	VG
41777	VG
41778	VG
41779	VG
41780	VG
41781	VG
41782	VG
41783	VG
41784	VG
41785	VG
41786	VG
41787	VG
41788	VG
41789	VG
41790	VG
41791	VG
41792	VG
41793	VG
41794	VG
41795	VG
41796	VG
41797	VG
41798	VG
41799	VG
41800	VG
41801	VG
41802	VG
41803	VG
41804	VG
41805	VG
41806	VG
41807	VG
41808	VG
41809	VG
41810	VG
41811	VG
41812	VG
41813	VG
41814	VG
41815	VG
41816	VG
41817	VG
41818	VG
41819	VG
41820	VG
41821	VG
41822	VG
41823	VG
41824	VG
41825	VG
41826	VG
41827	VG
41828	VG
41829	VG
41830	VG
41831	VG
41832	VG
41833	VG
41834	VG
41835	VG
41836	VG
41837	VG
41838	VG
41839	VG
41840	VG
41841	VG
41842	VG
41843	VG
41844	VG
41845	VG
41846	VG
41847	VG
41848	VG
41849	VG
41850	VG
41851	VG
41852	VG
41853	VG
41854	VG
41855	VG
41856	VG
41857	VG
41858	VG
41859	VG
41860	VG
41861	VG
41862	VG
41863	VG
41864	VG
41865	VG
41866	VG
41867	VG
41868	VG
41869	VG
41870	VG
41871	VG
41872	VG
41873	VG
41874	VG
41875	VG
41876	VG
41877	VG
41878	VG
41879	VG
41880	VG
41881	VG
41882	VG
41883	VG
41884	VG
41885	VG
41886	VG
41887	VG
41888	VG
41889	VG
41890	VG
41891	VG
41892	VG
41893	VG
41894	VG
41895	VG
41896	VG
41897	VG
41898	VG
41899	VG
41900	VG
41901	VG
41902	VG
41903	VG
41904	VG
41905	VG
41906	VG
41907	VG
41908	VG
41909	VG
41910	VG
41911	VG
41912	VG
41913	VG
41914	VG
41915	VG
41916	VG
41917	VG
41918	VG
41919	VG
41920	VG
41921	VG
41922	VG
41923	VG
41924	VG
41925	VG
41926	VG
41927	VG
41928	VG
41929	VG
41930	VG
41931	VG
41932	VG
41933	VG
41934	VG
41935	VG
41936	VG
41937	VG
41938	VG
41939	VG
41940	VG
41941	VG
41942	VG
41943	VG
41944	VG
41945	VG
41946	VG
41947	VG
41948	VG
41949	VG
41950	VG
41951	VG
41952	VG
41953	VG
41954	VG
41955	VG
41956	VG
41957	VG
41958	VG
41959	VG
41960	VG
41961	VG
41962	VG
41963	VG
41964	VG
41965	VG
41966	VG
41967	VG
41968	VG
41969	VG
41970	VG
41971	VG
41972	VG
41973	VG
41974	VG
41975	VG
41976	VG
41977	VG
41978	VG
41979	VG
41980	VG
41981	VG
41982	VG
41983	VG
41984	VG
41985	VG
41986	VG
41987	VG
41988	VG
41989	VG
41990	VG
41991	VG
41992	VG
41993	VG
41994	VG
41995	VG
41996	VG
41997	VG
41998	VG
41999	VG
42000	VG
42001	VG
42002	VG
42003	VG
42004	VG
42005	VG
42006	VG
42007	VG
42008	VG
42009	VG
42010	VG
42011	VG
42012	VG
42013	VG
42014	VG
42015	VG
42016	VG
42017	VG
42018	VG
42019	VG
42020	VG
42021	VG
42022	VG
42023	VG
42024	VG
42025	VG
42026	VG
42027	VG
42028	VG
42029	VG
42030	VG
42031	VG
42032	VG
42033	VG
42034	VG
42035	VG
42036	VG
42037	VG
42038	VG
42039	VG
42040	VG
42041	VG
42042	VG
42043	VG
42044	VG
42045	VG
42046	VG
42047	VG
42048	VG
42049	VG
42050	VG
42051	VG
42052	VG
42053	VG
42054	VG
42055	VG
42056	VG
42057	VG
42058	VG
42059	VG
42060	VG
42061	VG
42062	VG
42063	VG
42064	VG
42065	VG
42066	VG
42067	VG
42068	VG
42069	VG
42070	VG
42071	VG
42072	VG
42073	VG
42074	VG
42075	VG
42076	VG
42077	VG
42078	VG
42079	VG
42080	VG
42081	VG
42082	VG
42083	VG
42084	VG
42085	VG
42086	VG
42087	VG
42088	VG
42089	VG
42090	VG
42091	VG
42092	VG
42093	VG
42094	VG
42095	VG
42096	VG
42097	VG
42098	VG
42099	VG
42100	VG
42101	VG
42102	VG
42103	VG
42104	VG
42105	VG
42106	VG
42107	VG
42108	VG
42109	VG
42110	VG
42111	VG
42112	VG
42113	VG
42114	VG
42115	VG
42116	VG
42117	VG
42118	VG
42119	VG
42120	VG
42121	VG
42122	VG
42123	VG
42124	VG
42125	VG
42126	VG
42127	VG
42128	VG
42129	VG
42130	VG
42131	VG
42132	VG
42133	VG
42134	VG
42135	VG
42136	VG
42137	VG
42138	VG
42139	VG
42140	VG
42141	VG
42142	VG
42143	VG
42144	VG
42145	VG
42146	VG
42147	VG
42148	VG
42149	VG
42150	VG
42151	VG
42152	VG
42153	VG
42154	VG
42155	VG
42156	VG
42157	VG
42158	VG
42159	VG
42160	VG
42161	VG
42162	VG
42163	VG
42164	VG
42165	VG
42166	VG
42167	VG
42168	VG
42169	VG
42170	VG
42171	VG
42172	VG
42173	VG
42174	VG
42175	VG
42176	VG
42177	VG
42178	VG
42179	VG
42180	VG
42181	VG
42182	VG
42183	VG
42184	VG
42185	VG
42186	VG
42187	VG
42188	VG
42189	VG
42190	VG
42191	VG
42192	VG
42193	VG
42194	VG
42195	VG
42196	VG
42197	VG
42198	VG
42199	VG
42200	VG
42201	VG
42202	VG
42203	VG
42204	VG
42205	VG
42206	VG
42207	VG
42208	VG
42209	VG
42210	VG
42211	VG
42212	VG
42213	VG
42214	VG
42215	VG
42216	VG
42217	VG
42218	VG
42219	VG
42220	VG
42221	VG
42222	VG
42223	VG
42224	VG
42225	VG
42226	VG
42227	VG
42228	VG
42229	VG
42230	VG
42231	VG
42232	VG
42233	VG
42234	VG
42235	VG
42236	VG
42237	VG
42238	VG
42239	VG
42240	VG
42241	VG
42242	VG
42243	VG
42244	VG
42245	VG
42246	VG
42247	VG
42248	VG
42249	VG
42250	VG
42251	VG
42252	VG
42253	VG
42254	VG
42255	VG
42256	VG
42257	VG
42258	VG
42259	VG
42260	VG
42261	VG
42262	VG
42263	VG
42264	VG
42265	VG
42266	VG
42267	VG
42268	VG
42269	VG
42270	VG
42271	VG
42272	VG
42273	VG
42274	VG
42275	VG
42276	VG
42277	VG
42278	VG
42279	VG
42280	VG
42281	VG
42282	VG
42283	VG
42284	VG
42285	VG
42286	VG
42287	VG
42288	VG
42289	VG
42290	VG
42291	VG
42292	VG
42293	VG
42294	VG
42295	VG
42296	VG
42297	VG
42298	VG
42299	VG
42300	VG
42301	VG
42302	VG
42303	VG
42304	VG
42305	VG
42306	VG
42307	VG
42308	VG
42309	VG
42310	VG
42311	VG
42312	VG
42313	VG
42314	VG
42315	VG
42316	VG
42317	VG
42318	VG
42319	VG
42320	VG
42321	VG
42322	VG
42323	VG
42324	VG
42325	VG
42326	VG
42327	VG
42328	VG
42329	VG
42330	VG
42331	VG
42332	VG
42333	VG
42334	VG
42335	VG
42336	VG
42337	VG
42338	VG
42339	VG
42340	VG
42341	VG
42342	VG
42343	VG
42344	VG
42345	VG
42346	VG
42347	VG
42348	VG
42349	VG
42350	VG
42351	VG
42352	VG
42353	VG
42354	VG
42355	VG
42356	VG
42357	VG
42358	VG
42359	VG
42360	VG
42361	VG
42362	VG
42363	VG
42364	VG
42365	VG
42366	VG
42367	VG
42368	VG
42369	VG
42370	VG
42371	VG
42372	VG
42373	VG
42374	VG
42375	VG
42376	VG
42377	VG
42378	VG
42379	VG
42380	VG
42381	VG
42382	VG
42383	VG
42384	VG
42385	VG
42386	VG
42387	VG
42388	VG
42389	VG
42390	VG
42391	VG
42392	VG
42393	VG
42394	VG
42395	VG
42396	VG
42397	VG
42398	VG
42399	VG
42400	VG
42401	VG
42402	VG
42403	VG
42404	VG
42405	VG
42406	VG
42407	VG
42408	VG
42409	VG
42410	VG
42411	VG
42412	VG
42413	VG
42414	VG
42415	VG
42416	VG
42417	VG
42418	VG
42419	VG
42420	VG
42421	VG
42422	VG
42423	VG
42424	VG
42425	VG
42426	VG
42427	VG
42428	VG
42429	VG
42430	VG
42431	VG
42432	VG
42433	VG
42434	VG
42435	VG
42436	VG
42437	VG
42438	VG
42439	VG
42440	VG
42441	VG
42442	VG
42443	VG
42444	VG
42445	VG
42446	VG
42447	VG
42448	VG
42449	VG
42450	VG
42451	VG
42452	VG
42453	VG
42454	VG
42455	VG
42456	VG
42457	VG
42458	VG
42459	VG
42460	VG
42461	VG
42462	VG
42463	VG
42464	VG
42465	VG
42466	VG
42467	VG
42468	VG
42469	VG
42470	VG
42471	VG
42472	VG
42473	VG
42474	VG
42475	VG
42476	VG
42477	VG
42478	VG
42479	VG
42480	VG
42481	VG
42482	VG
42483	VG
42484	VG
42485	VG
42486	VG
42487	VG
42488	VG
42489	VG
42490	VG
42491	VG
42492	VG
42493	VG
42494	VG
42495	VG
42496	VG
42497	VG
42498	VG
42499	VG
42500	VG
42501	VG
42502	VG
42503	VG
42504	VG
42505	VG
42506	VG
42507	VG
42508	VG
42509	VG
42510	VG
42511	VG
42512	VG
42513	VG
42514	VG
42515	VG
42516	VG
42517	VG
42518	VG
42519	VG
42520	VG
42521	VG
42522	VG
42523	VG
42524	VG
42525	VG
42526	VG
42527	VG
42528	VG
42529	VG
42530	VG
42531	VG
42532	VG
42533	VG
42534	VG
42535	VG
42536	VG
42537	VG
42538	VG
42539	VG
42540	VG
42541	VG
42542	VG
42543	VG
42544	VG
42545	VG
42546	VG
42547	VG
42548	VG
42549	VG
42550	VG
42551	VG
42552	VG
42553	VG
42554	VG
42555	VG
42556	VG
42557	VG
42558	VG
42559	VG
42560	VG
42561	VG
42562	VG
42563	VG
42564	VG
42565	VG
42566	VG
42567	VG
42568	VG
42569	VG
42570	VG
42571	VG
42572	VG
42573	VG
42574	VG
42575	VG
42576	VG
42577	VG
42578	VG
42579	VG
42580	VG
42581	VG
42582	VG
42583	VG
42584	VG
42585	VG
42586	VG
42587	VG
42588	VG
42589	VG
42590	VG
42591	VG
42592	VG
42593	VG
42594	VG
42595	VG
42596	VG
42597	VG
42598	VG
42599	VG
42600	VG
42601	VG
42602	VG
42603	VG
42604	VG
42605	VG
42606	VG
42607	VG
42608	VG
42609	VG
42610	VG
42611	VG
42612	VG
42613	VG
42614	VG
42615	VG
42616	VG
42617	VG
42618	VG
42619	VG
42620	VG
42621	VG
42622	VG
42623	VG
42624	VG
42625	VG
42626	VG
42627	VG
42628	VG
42629	VG
42630	VG
42631	VG
42632	VG
42633	VG
42634	VG
42635	VG
42636	VG
42637	VG
42638	VG
42639	VG
42640	VG
42641	VG
42642	VG
42643	VG
42644	VG
42645	VG
42646	VG
42647	VG
42648	VG
42649	VG
42650	VG
42651	VG
42652	VG
42653	VG
42654	VG
42655	VG
42656	VG
42657	VG
42658	VG
42659	VG
42660	VG
42661	VG
42662	VG
42663	VG
42664	VG
42665	VG
42666	VG
42667	VG
42668	VG
42669	VG
42670	VG
42671	VG
42672	VG
42673	VG
42674	VG
42675	VG
42676	VG
42677	VG
42678	VG
42679	VG
42680	VG
42681	VG
42682	VG
42683	VG
42684	VG
42685	VG
42686	VG
42687	VG
42688	VG
42689	VG
42690	VG
42691	VG
42692	VG
42693	VG
42694	VG
42695	VG
42696	VG
42697	VG
42698	VG
42699	VG
42700	VG
42701	VG
42702	VG
42703	VG
42704	VG
42705	VG
42706	VG
42707	VG
42708	VG
42709	VG
42710	VG
42711	VG
42712	VG
42713	VG
42714	VG
42715	VG
42716	VG
42717	VG
42718	VG
42719	VG
42720	VG
42721	VG
42722	VG
42723	VG
42724	VG
42725	VG
42726	VG
42727	VG
42728	VG
42729	VG
42730	VG
42731	VG
42732	VG
42733	VG
42734	VG
42735	VG
42736	VG
42737	VG
42738	VG
42739	VG
42740	VG
42741	VG
42742	VG
42743	VG
42744	VG
42745	VG
42746	VG
42747	VG
42748	VG
42749	VG
42750	VG
42751	VG
42752	VG
42753	VG
42754	VG
42755	VG
42756	VG
42757	VG
42758	VG
42759	VG
42760	VG
42761	VG
42762	VG
42763	VG
42764	VG
42765	VG
42766	VG
42767	VG
42768	VG
42769	VG
42770	VG
42771	VG
42772	VG
42773	VG
42774	VG
42775	VG
42776	VG
42777	VG
42778	VG
42779	VG
42780	VG
42781	VG
42782	VG
42783	VG
42784	VG
42785	VG
42786	VG
42787	VG
42788	VG
42789	VG
42790	VG
42791	VG
42792	VG
42793	VG
42794	VG
42795	VG
42796	VG
42797	VG
42798	VG
42799	VG
42800	VG
42801	VG
42802	VG
42803	VG
42804	VG
42805	VG
42806	VG
42807	VG
42808	VG
42809	VG
42810	VG
42811	VG
42812	VG
42813	VG
42814	VG
42815	VG
42816	VG
42817	VG
42818	VG
42819	VG
42820	VG
42821	VG
42822	VG
42823	VG
42824	VG
42825	VG
42826	VG
42827	VG
42828	VG
42829	VG
42830	VG
42831	VG
42832	VG
42833	VG
42834	VG
42835	VG
42836	VG
42837	VG
42838	VG
42839	VG
42840	VG
42841	VG
42842	VG
42843	VG
42844	VG
42845	VG
42846	VG
42847	VG
42848	VG
42849	VG
42850	VG
42851	VG
42852	VG
42853	VG
42854	VG
42855	VG
42856	VG
42857	VG
42858	VG
42859	VG
42860	VG
42861	VG
42862	VG
42863	VG
42864	VG
42865	VG
42866	VG
42867	VG
42868	VG
42869	VG
42870	VG
42871	VG
42872	VG
42873	VG
42874	VG
42875	VG
42876	VG
42877	VG
42878	VG
42879	VG
42880	VG
42881	VG
42882	VG
42883	VG
42884	VG
42885	VG
42886	VG
42887	VG
42888	VG
42889	VG
42890	VG
42891	VG
42892	VG
42893	VG
42894	VG
42895	VG
42896	VG
42897	VG
42898	VG
42899	VG
42900	VG
42901	VG
42902	VG
42903	VG
42904	VG
42905	VG
42906	VG
42907	VG
42908	VG
42909	VG
42910	VG
42911	VG
42912	VG
42913	VG
42914	VG
42915	VG
42916	VG
42917	VG
42918	VG
42919	VG
42920	VG
42921	VG
42922	VG
42923	VG
42924	VG
42925	VG
42926	VG
42927	VG
42928	VG
42929	VG
42930	VG
42931	VG
42932	VG
42933	VG
42934	VG
42935	VG
42936	VG
42937	VG
42938	VG
42939	VG
42940	VG
42941	VG
42942	VG
42943	VG
42944	VG
42945	VG
42946	VG
42947	VG
42948	VG
42949	VG
42950	VG
42951	VG
42952	VG
42953	VG
42954	VG
42955	VG
42956	VG
42957	VG
42958	VG
42959	VG
42960	VG
42961	VG
42962	VG
42963	VG
42964	VG
42965	VG
42966	VG
42967	VG
42968	VG
42969	VG
42970	VG
42971	VG
42972	VG
42973	VG
42974	VG
42975	VG
42976	VG
42977	VG
42978	VG
42979	VG
42980	VG
42981	VG
42982	VG
42983	VG
42984	VG
42985	VG
42986	VG
42987	VG
42988	VG
42989	VG
42990	VG
42991	VG
42992	VG
42993	VG
42994	VG
42995	VG
42996	VG
42997	VG
42998	VG
42999	VG
43000	VG
43001	VG
43002	VG
43003	VG
43004	VG
43005	VG
43006	VG
43007	VG
43008	VG
43009	VG
43010	VG
43011	VG
43012	VG
43013	VG
43014	VG
43015	VG
43016	VG
43017	VG
43018	VG
43019	VG
43020	VG
43021	VG
43022	VG
43023	VG
43024	VG
43025	VG
43026	VG
43027	VG
43028	VG
43029	VG
43030	VG
43031	VG
43032	VG
43033	VG
43034	VG
43035	VG
43036	VG
43037	VG
43038	VG
43039	VG
43040	VG
43041	VG
43042	VG
43043	VG
43044	VG
43045	VG
43046	VG
43047	VG
43048	VG
43049	VG
43050	VG
43051	VG
43052	VG
43053	VG
43054	VG
43055	VG
43056	VG
43057	VG
43058	VG
43059	VG
43060	VG
43061	VG
43062	VG
43063	VG
43064	VG
43065	VG
43066	VG
43067	VG
43068	VG
43069	VG
43070	VG
43071	VG
43072	VG
43073	VG
43074	VG
43075	VG
43076	VG
43077	VG
43078	VG
43079	VG
43080	VG
43081	VG
43082	VG
43083	VG
43084	VG
43085	VG
43086	VG
43087	VG
43088	VG
43089	VG
43090	VG
43091	VG
43092	VG
43093	VG
43094	VG
43095	VG
43096	VG
43097	VG
43098	VG
43099	VG
43100	VG
43101	VG
43102	VG
43103	VG
43104	VG
43105	VG
43106	VG
43107	VG
43108	VG
43109	VG
43110	VG
43111	VG
43112	VG
43113	VG
43114	VG
43115	VG
43116	VG
43117	VG
43118	VG
43119	VG
43120	VG
43121	VG
43122	VG
43123	VG
43124	VG
43125	VG
43126	VG
43127	VG
43128	VG
43129	VG
43130	VG
43131	VG
43132	VG
43133	VG
43134	VG
43135	VG
43136	VG
43137	VG
43138	VG
43139	VG
43140	VG
43141	VG
43142	VG
43143	VG
43144	VG
43145	VG
43146	VG
43147	VG
43148	VG
43149	VG
43150	VG
43151	VG
43152	VG
43153	VG
43154	VG
43155	VG
43156	VG
43157	VG
43158	VG
43159	VG
43160	VG
43161	VG
43162	VG
43163	VG
43164	VG
43165	VG
43166	VG
43167	VG
43168	VG
43169	VG
43170	VG
43171	VG
43172	VG
43173	VG
43174	VG
43175	VG
43176	VG
43177	VG
43178	VG
43179	VG
43180	VG
43181	VG
43182	VG
43183	VG
43184	VG
43185	VG
43186	VG
43187	VG
43188	VG
43189	VG
43190	VG
43191	VG
43192	VG
43193	VG
43194	VG
43195	VG
43196	VG
43197	VG
43198	VG
43199	VG
43200	VG
43201	VG
43202	VG
43203	VG
43204	VG
43205	VG
43206	VG
43207	VG
43208	VG
43209	VG
43210	VG
43211	VG
43212	VG
43213	VG
43214	VG
43215	VG
43216	VG
43217	VG
43218	VG
43219	VG
43220	VG
43221	VG
43222	VG
43223	VG
43224	VG
43225	VG
43226	VG
43227	VG
43228	VG
43229	VG
43230	VG
43231	VG
43232	VG
43233	VG
43234	VG
43235	VG
43236	VG
43237	VG
43238	VG
43239	VG
43240	VG
43241	VG
43242	VG
43243	VG
43244	VG
43245	VG
43246	VG
43247	VG
43248	VG
43249	VG
43250	VG
43251	VG
43252	VG
43253	VG
43254	VG
43255	VG
43256	VG
43257	VG
43258	VG
43259	VG
43260	VG
43261	VG
43262	VG
43263	VG
43264	VG
43265	VG
43266	VG
43267	VG
43268	VG
43269	VG
43270	VG
43271	VG
43272	VG
43273	VG
43274	VG
43275	VG
43276	VG
43277	VG
43278	VG
43279	VG
43280	VG
43281	VG
43282	VG
43283	VG
43284	VG
43285	VG
43286	VG
43287	VG
43288	VG
43289	VG
43290	VG
43291	VG
43292	VG
43293	VG
43294	VG
43295	VG
43296	VG
43297	VG
43298	VG
43299	VG
43300	VG
43301	VG
43302	VG
43303	VG
43304	VG
43305	VG
43306	VG
43307	VG
43308	VG
43309	VG
43310	VG
43311	VG
43312	VG
43313	VG
43314	VG
43315	VG
43316	VG
43317	VG
43318	VG
43319	VG
43320	VG
43321	VG
43322	VG
43323	VG
43324	VG
43325	VG
43326	VG
43327	VG
43328	VG
43329	VG
43330	VG
43331	VG
43332	VG
43333	VG
43334	VG
43335	VG
43336	VG
43337	VG
43338	VG
43339	VG
43340	VG
43341	VG
43342	VG
43343	VG
43344	VG
43345	VG
43346	VG
43347	VG
43348	VG
43349	VG
43350	VG
43351	VG
43352	VG
43353	VG
43354	VG
43355	VG
43356	VG
43357	VG
43358	VG
43359	VG
43360	VG
43361	VG
43362	VG
43363	VG
43364	VG
43365	VG
43366	VG
43367	VG
43368	VG
43369	VG
43370	VG
43371	VG
43372	VG
43373	VG
43374	VG
43375	VG
43376	VG
43377	VG
43378	VG
43379	VG
43380	VG
43381	VG
43382	VG
43383	VG
43384	VG
43385	VG
43386	VG
43387	VG
43388	VG
43389	VG
43390	VG
43391	VG
43392	VG
43393	VG
43394	VG
43395	VG
43396	VG
43397	VG
43398	VG
43399	VG
43400	VG
43401	VG
43402	VG
43403	VG
43404	VG
43405	VG
43406	VG
43407	VG
43408	VG
43409	VG
43410	VG
43411	VG
43412	VG
43413	VG
43414	VG
43415	VG
43416	VG
43417	VG
43418	VG
43419	VG
43420	VG
43421	VG
43422	VG
43423	VG
43424	VG
43425	VG
43426	VG
43427	VG
43428	VG
43429	VG
43430	VG
43431	VG
43432	VG
43433	VG
43434	VG
43435	VG
43436	VG
43437	VG
43438	VG
43439	VG
43440	VG
43441	VG
43442	VG
43443	VG
43444	VG
43445	VG
43446	VG
43447	VG
43448	VG
43449	VG
43450	VG
43451	VG
43452	VG
43453	VG
43454	VG
43455	VG
43456	VG
43457	VG
43458	VG
43459	VG
43460	VG
43461	VG
43462	VG
43463	VG
43464	VG
43465	VG
43466	VG
43467	VG
43468	VG
43469	VG
43470	VG
43471	VG
43472	VG
43473	VG
43474	VG
43475	VG
43476	VG
43477	VG
43478	VG
43479	VG
43480	VG
43481	VG
43482	VG
43483	VG
43484	VG
43485	VG
43486	VG
43487	VG
43488	VG
43489	VG
43490	VG
43491	VG
43492	VG
43493	VG
43494	VG
43495	VG
43496	VG
43497	VG
43498	VG
43499	VG
43500	VG
43501	VG
43502	VG
43503	VG
43504	VG
43505	VG
43506	VG
43507	VG
43508	VG
43509	VG
43510	VG
43511	VG
43512	VG
43513	VG
43514	VG
43515	VG
43516	VG
43517	VG
43518	VG
43519	VG
43520	VG
43521	VG
43522	VG
43523	VG
43524	VG
43525	VG
43526	VG
43527	VG
43528	VG
43529	VG
43530	VG
43531	VG
43532	VG
43533	VG
43534	VG
43535	VG
43536	VG
43537	VG
43538	VG
43539	VG
43540	VG
43541	VG
43542	VG
43543	VG
43544	VG
43545	VG
43546	VG
43547	VG
43548	VG
43549	VG
43550	VG
43551	VG
43552	VG
43553	VG
43554	VG
43555	VG
43556	VG
43557	VG
43558	VG
43559	VG
43560	VG
43561	VG
43562	VG
43563	VG
43564	VG
43565	VG
43566	VG
43567	VG
43568	VG
43569	VG
43570	VG
43571	VG
43572	VG
43573	VG
43574	VG
43575	VG
43576	VG
43577	VG
43578	VG
43579	VG
43580	VG
43581	VG
43582	VG
43583	VG
43584	VG
43585	VG
43586	VG
43587	VG
43588	VG
43589	VG
43590	VG
43591	VG
43592	VG
43593	VG
43594	VG
43595	VG
43596	VG
43597	VG
43598	VG
43599	VG
43600	VG
43601	VG
43602	VG
43603	VG
43604	VG
43605	VG
43606	VG
43607	VG
43608	VG
43609	VG
43610	VG
43611	VG
43612	VG
43613	VG
43614	VG
43615	VG
43616	VG
43617	VG
43618	VG
43619	VG
43620	VG
43621	VG
43622	VG
43623	VG
43624	VG
43625	VG
43626	VG
43627	VG
43628	VG
43629	VG
43630	VG
43631	VG
43632	VG
43633	VG
43634	VG
43635	VG
43636	VG
43637	VG
43638	VG
43639	VG
43640	VG
43641	VG
43642	VG
43643	VG
43644	VG
43645	VG
43646	VG
43647	VG
43648	VG
43649	VG
43650	VG
43651	VG
43652	VG
43653	VG
43654	VG
43655	VG
43656	VG
43657	VG
43658	VG
43659	VG
43660	VG
43661	VG
43662	VG
43663	VG
43664	VG
43665	VG
43666	VG
43667	VG
43668	VG
43669	VG
43670	VG
43671	VG
43672	VG
43673	VG
43674	VG
43675	VG
43676	VG
43677	VG
43678	VG
43679	VG
43680	VG
43681	VG
43682	VG
43683	VG
43684	VG
43685	VG
43686	VG
43687	VG
43688	VG
43689	VG
43690	VG
43691	VG
43692	VG
43693	VG
43694	VG
43695	VG
43696	VG
43697	VG
43698	VG
43699	VG
43700	VG
43701	VG
43702	VG
43703	VG
43704	VG
43705	VG
43706	VG
43707	VG
43708	VG
43709	VG
43710	VG
43711	VG
43712	VG
43713	VG
43714	VG
43715	VG
43716	VG
43717	VG
43718	VG
43719	VG
43720	VG
43721	VG
43722	VG
43723	VG
43724	VG
43725	VG
43726	VG
43727	VG
43728	VG
43729	VG
43730	VG
43731	VG
43732	VG
43733	VG
43734	VG
43735	VG
43736	VG
43737	VG
43738	VG
43739	VG
43740	VG
43741	VG
43742	VG
43743	VG
43744	VG
43745	VG
43746	VG
43747	VG
43748	VG
43749	VG
43750	VG
43751	VG
43752	VG
43753	VG
43754	VG
43755	VG
43756	VG
43757	VG
43758	VG
43759	VG
43760	VG
43761	VG
43762	VG
43763	VG
43764	VG
43765	VG
43766	VG
43767	VG
43768	VG
43769	VG
43770	VG
43771	VG
43772	VG
43773	VG
43774	VG
43775	VG
43776	VG
43777	VG
43778	VG
43779	VG
43780	VG
43781	VG
43782	VG
43783	VG
43784	VG
43785	VG
43786	VG
43787	VG
43788	VG
43789	VG
43790	VG
43791	VG
43792	VG
43793	VG
43794	VG
43795	VG
43796	VG
43797	VG
43798	VG
43799	VG
43800	VG
43801	VG
43802	VG
43803	VG
43804	VG
43805	VG
43806	VG
43807	VG
43808	VG
43809	VG
43810	VG
43811	VG
43812	VG
43813	VG
43814	VG
43815	VG
43816	VG
43817	VG
43818	VG
43819	VG
43820	VG
43821	VG
43822	VG
43823	VG
43824	VG
43825	VG
43826	VG
43827	VG
43828	VG
43829	VG
43830	VG
43831	VG
43832	VG
43833	VG
43834	VG
43835	VG
43836	VG
43837	VG
43838	VG
43839	VG
43840	VG
43841	VG
43842	VG
43843	VG
43844	VG
43845	VG
43846	VG
43847	VG
43848	VG
43849	VG
43850	VG
43851	VG
43852	VG
43853	VG
43854	VG
43855	VG
43856	VG
43857	VG
43858	VG
43859	VG
43860	VG
43861	VG
43862	VG
43863	VG
43864	VG
43865	VG
43866	VG
43867	VG
43868	VG
43869	VG
43870	VG
43871	VG
43872	VG
43873	VG
43874	VG
43875	VG
43876	VG
43877	VG
43878	VG
43879	VG
43880	VG
43881	VG
43882	VG
43883	VG
43884	VG
43885	VG
43886	VG
43887	VG
43888	VG
43889	VG
43890	VG
43891	VG
43892	VG
43893	VG
43894	VG
43895	VG
43896	VG
43897	VG
43898	VG
43899	VG
43900	VG
43901	VG
43902	VG
43903	VG
43904	VG
43905	VG
43906	VG
43907	VG
43908	VG
43909	VG
43910	VG
43911	VG
43912	VG
43913	VG
43914	VG
43915	VG
43916	VG
43917	VG
43918	VG
43919	VG
43920	VG
43921	VG
43922	VG
43923	VG
43924	VG
43925	VG
43926	VG
43927	VG
43928	VG
43929	VG
43930	VG
43931	VG
43932	VG
43933	VG
43934	VG
43935	VG
43936	VG
43937	VG
43938	VG
43939	VG
43940	VG
43941	VG
43942	VG
43943	VG
43944	VG
43945	VG
43946	VG
43947	VG
43948	VG
43949	VG
43950	VG
43951	VG
43952	VG
43953	VG
43954	VG
43955	VG
43956	VG
43957	VG
43958	VG
43959	VG
43960	VG
43961	VG
43962	VG
43963	VG
43964	VG
43965	VG
43966	VG
43967	VG
43968	VG
43969	VG
43970	VG
43971	VG
43972	VG
43973	VG
43974	VG
43975	VG
43976	VG
43977	VG
43978	VG
43979	VG
43980	VG
43981	VG
43982	VG
43983	VG
43984	VG
43985	VG
43986	VG
43987	VG
43988	VG
43989	VG
43990	VG
43991	VG
43992	VG
43993	VG
43994	VG
43995	VG
43996	VG
43997	VG
43998	VG
43999	VG
44000	VG
44001	VG
44002	VG
44003	VG
44004	VG
44005	VG
44006	VG
44007	VG
44008	VG
44009	VG
44010	VG
44011	VG
44012	VG
44013	VG
44014	VG
44015	VG
44016	VG
44017	VG
44018	VG
44019	VG
44020	VG
44021	VG
44022	VG
44023	VG
44024	VG
44025	VG
44026	VG
44027	VG
44028	VG
44029	VG
44030	VG
44031	VG
44032	VG
44033	VG
44034	VG
44035	VG
44036	VG
44037	VG
44038	VG
44039	VG
44040	VG
44041	VG
44042	VG
44043	VG
44044	VG
44045	VG
44046	VG
44047	VG
44048	VG
44049	VG
44050	VG
44051	VG
44052	VG
44053	VG
44054	VG
44055	VG
44056	VG
44057	VG
44058	VG
44059	VG
44060	VG
44061	VG
44062	VG
44063	VG
44064	VG
44065	VG
44066	VG
44067	VG
44068	VG
44069	VG
44070	VG
44071	VG
44072	VG
44073	VG
44074	VG
44075	VG
44076	VG
44077	VG
44078	VG
44079	VG
44080	VG
44081	VG
44082	VG
44083	VG
44084	VG
44085	VG
44086	VG
44087	VG
44088	VG
44089	VG
44090	VG
44091	VG
44092	VG
44093	VG
44094	VG
44095	VG
44096	VG
44097	VG
44098	VG
44099	VG
44100	VG
44101	VG
44102	VG
44103	VG
44104	VG
44105	VG
44106	VG
44107	VG
44108	VG
44109	VG
44110	VG
44111	VG
44112	VG
44113	VG
44114	VG
44115	VG
44116	VG
44117	VG
44118	VG
44119	VG
44120	VG
44121	VG
44122	VG
44123	VG
44124	VG
44125	VG
44126	VG
44127	VG
44128	VG
44129	VG
44130	VG
44131	VG
44132	VG
44133	VG
44134	VG
44135	VG
44136	VG
44137	VG
44138	VG
44139	VG
44140	VG
44141	VG
44142	VG
44143	VG
44144	VG
44145	VG
44146	VG
44147	VG
44148	VG
44149	VG
44150	VG
44151	VG
44152	VG
44153	VG
44154	VG
44155	VG
44156	VG
44157	VG
44158	VG
44159	VG
44160	VG
44161	VG
44162	VG
44163	VG
44164	VG
44165	VG
44166	VG
44167	VG
44168	VG
44169	VG
44170	VG
44171	VG
44172	VG
44173	VG
44174	VG
44175	VG
44176	VG
44177	VG
44178	VG
44179	VG
44180	VG
44181	VG
44182	VG
44183	VG
44184	VG
44185	VG
44186	VG
44187	VG
44188	VG
44189	VG
44190	VG
44191	VG
44192	VG
44193	VG
44194	VG
44195	VG
44196	VG
44197	VG
44198	VG
44199	VG
44200	VG
44201	VG
44202	VG
44203	VG
44204	VG
44205	VG
44206	VG
44207	VG
44208	VG
44209	VG
44210	VG
44211	VG
44212	VG
44213	VG
44214	VG
44215	VG
44216	VG
44217	VG
44218	VG
44219	VG
44220	VG
44221	VG
44222	VG
44223	VG
44224	VG
44225	VG
44226	VG
44227	VG
44228	VG
44229	VG
44230	VG
44231	VG
44232	VG
44233	VG
44234	VG
44235	VG
44236	VG
44237	VG
44238	VG
44239	VG
44240	VG
44241	VG
44242	VG
44243	VG
44244	VG
44245	VG
44246	VG
44247	VG
44248	VG
44249	VG
44250	VG
44251	VG
44252	VG
44253	VG
44254	VG
44255	VG
44256	VG
44257	VG
44258	VG
44259	VG
44260	VG
44261	VG
44262	VG
44263	VG
44264	VG
44265	VG
44266	VG
44267	VG
44268	VG
44269	VG
44270	VG
44271	VG
44272	VG
44273	VG
44274	VG
44275	VG
44276	VG
44277	VG
44278	VG
44279	VG
44280	VG
44281	VG
44282	VG
44283	VG
44284	VG
44285	VG
44286	VG
44287	VG
44288	VG
44289	VG
44290	VG
44291	VG
44292	VG
44293	VG
44294	VG
44295	VG
44296	VG
44297	VG
44298	VG
44299	VG
44300	VG
44301	VG
44302	VG
44303	VG
44304	VG
44305	VG
44306	VG
44307	VG
44308	VG
44309	VG
44310	VG
44311	VG
44312	VG
44313	VG
44314	VG
44315	VG
44316	VG
44317	VG
44318	VG
44319	VG
44320	VG
44321	VG
44322	VG
44323	VG
44324	VG
44325	VG
44326	VG
44327	VG
44328	VG
44329	VG
44330	VG
44331	VG
44332	VG
44333	VG
44334	VG
44335	VG
44336	VG
44337	VG
44338	VG
44339	VG
44340	VG
44341	VG
44342	VG
44343	VG
44344	VG
44345	VG
44346	VG
44347	VG
44348	VG
44349	VG
44350	VG
44351	VG
44352	VG
44353	VG
44354	VG
44355	VG
44356	VG
44357	VG
44358	VG
44359	VG
44360	VG
44361	VG
44362	VG
44363	VG
44364	VG
44365	VG
44366	VG
44367	VG
44368	VG
44369	VG
44370	VG
44371	VG
44372	VG
44373	VG
44374	VG
44375	VG
44376	VG
44377	VG
44378	VG
44379	VG
44380	VG
44381	VG
44382	VG
44383	VG
44384	VG
44385	VG
44386	VG
44387	VG
44388	VG
44389	VG
44390	VG
44391	VG
44392	VG
44393	VG
44394	VG
44395	VG
44396	VG
44397	VG
44398	VG
44399	VG
44400	VG
44401	VG
44402	VG
44403	VG
44404	VG
44405	VG
44406	VG
44407	VG
44408	VG
44409	VG
44410	VG
44411	VG
44412	VG
44413	VG
44414	VG
44415	VG
44416	VG
44417	VG
44418	VG
44419	VG
44420	VG
44421	VG
44422	VG
44423	VG
44424	VG
44425	VG
44426	VG
44427	VG
44428	VG
44429	VG
44430	VG
44431	VG
44432	VG
44433	VG
44434	VG
44435	VG
44436	VG
44437	VG
44438	VG
44439	VG
44440	VG
44441	VG
44442	VG
44443	VG
44444	VG
44445	VG
44446	VG
44447	VG
44448	VG
44449	VG
44450	VG
44451	VG
44452	VG
44453	VG
44454	VG
44455	VG
44456	VG
44457	VG
44458	VG
44459	VG
44460	VG
44461	VG
44462	VG
44463	VG
44464	VG
44465	VG
44466	VG
44467	VG
44468	VG
44469	VG
44470	VG
44471	VG
44472	VG
44473	VG
44474	VG
44475	VG
44476	VG
44477	VG
44478	VG
44479	VG
44480	VG
44481	VG
44482	VG
44483	VG
44484	VG
44485	VG
44486	VG
44487	VG
44488	VG
44489	VG
44490	VG
44491	VG
44492	VG
44493	VG
44494	VG
44495	VG
44496	VG
44497	VG
44498	VG
44499	VG
44500	VG
44501	VG
44502	VG
44503	VG
44504	VG
44505	VG
44506	VG
44507	VG
44508	VG
44509	VG
44510	VG
44511	VG
44512	VG
44513	VG
44514	VG
44515	VG
44516	VG
44517	VG
44518	VG
44519	VG
44520	VG
44521	VG
44522	VG
44523	VG
44524	VG
44525	VG
44526	VG
44527	VG
44528	VG
44529	VG
44530	VG
44531	VG
44532	VG
44533	VG
44534	VG
44535	VG
44536	VG
44537	VG
44538	VG
44539	VG
44540	VG
44541	VG
44542	VG
44543	VG
44544	VG
44545	VG
44546	VG
44547	VG
44548	VG
44549	VG
44550	VG
44551	VG
44552	VG
44553	VG
44554	VG
44555	VG
44556	VG
44557	VG
44558	VG
44559	VG
44560	VG
44561	VG
44562	VG
44563	VG
44564	VG
44565	VG
44566	VG
44567	VG
44568	VG
44569	VG
44570	VG
44571	VG
44572	VG
44573	VG
44574	VG
44575	VG
44576	VG
44577	VG
44578	VG
44579	VG
44580	VG
44581	VG
44582	VG
44583	VG
44584	VG
44585	VG
44586	VG
44587	VG
44588	VG
44589	VG
44590	VG
44591	VG
44592	VG
44593	VG
44594	VG
44595	VG
44596	VG
44597	VG
44598	VG
44599	VG
44600	VG
44601	VG
44602	VG
44603	VG
44604	VG
44605	VG
44606	VG
44607	VG
44608	VG
44609	VG
44610	VG
44611	VG
44612	VG
44613	VG
44614	VG
44615	VG
44616	VG
44617	VG
44618	VG
44619	VG
44620	VG
44621	VG
44622	VG
44623	VG
44624	VG
44625	VG
44626	VG
44627	VG
44628	VG
44629	VG
44630	VG
44631	VG
44632	VG
44633	VG
44634	VG
44635	VG
44636	VG
44637	VG
44638	VG
44639	VG
44640	VG
44641	VG
44642	VG
44643	VG
44644	VG
44645	VG
44646	VG
44647	VG
44648	VG
44649	VG
44650	VG
44651	VG
44652	VG
44653	VG
44654	VG
44655	VG
44656	VG
44657	VG
44658	VG
44659	VG
44660	VG
44661	VG
44662	VG
44663	VG
44664	VG
44665	VG
44666	VG
44667	VG
44668	VG
44669	VG
44670	VG
44671	VG
44672	VG
44673	VG
44674	VG
44675	VG
44676	VG
44677	VG
44678	VG
44679	VG
44680	VG
44681	VG
44682	VG
44683	VG
44684	VG
44685	VG
44686	VG
44687	VG
44688	VG
44689	VG
44690	VG
44691	VG
44692	VG
44693	VG
44694	VG
44695	VG
44696	VG
44697	VG
44698	VG
44699	VG
44700	VG
44701	VG
44702	VG
44703	VG
44704	VG
44705	VG
44706	VG
44707	VG
44708	VG
44709	VG
44710	VG
44711	VG
44712	VG
44713	VG
44714	VG
44715	VG
44716	VG
44717	VG
44718	VG
44719	VG
44720	VG
44721	VG
44722	VG
44723	VG
44724	VG
44725	VG
44726	VG
44727	VG
44728	VG
44729	VG
44730	VG
44731	VG
44732	VG
44733	VG
44734	VG
44735	VG
44736	VG
44737	VG
44738	VG
44739	VG
44740	VG
44741	VG
44742	VG
44743	VG
44744	VG
44745	VG
44746	VG
44747	VG
44748	VG
44749	VG
44750	VG
44751	VG
44752	VG
44753	VG
44754	VG
44755	VG
44756	VG
44757	VG
44758	VG
44759	VG
44760	VG
44761	VG
44762	VG
44763	VG
44764	VG
44765	VG
44766	VG
44767	VG
44768	VG
44769	VG
44770	VG
44771	VG
44772	VG
44773	VG
44774	VG
44775	VG
44776	VG
44777	VG
44778	VG
44779	VG
44780	VG
44781	VG
44782	VG
44783	VG
44784	VG
44785	VG
44786	VG
44787	VG
44788	VG
44789	VG
44790	VG
44791	VG
44792	VG
44793	VG
44794	VG
44795	VG
44796	VG
44797	VG
44798	VG
44799	VG
44800	VG
44801	VG
44802	VG
44803	VG
44804	VG
44805	VG
44806	VG
44807	VG
44808	VG
44809	VG
44810	VG
44811	VG
44812	VG
44813	VG
44814	VG
44815	VG
44816	VG
44817	VG
44818	VG
44819	VG
44820	VG
44821	VG
44822	VG
44823	VG
44824	VG
44825	VG
44826	VG
44827	VG
44828	VG
44829	VG
44830	VG
44831	VG
44832	VG
44833	VG
44834	VG
44835	VG
44836	VG
44837	VG
44838	VG
44839	VG
44840	VG
44841	VG
44842	VG
44843	VG
44844	VG
44845	VG
44846	VG
44847	VG
44848	VG
44849	VG
44850	VG
44851	VG
44852	VG
44853	VG
44854	VG
44855	VG
44856	VG
44857	VG
44858	VG
44859	VG
44860	VG
44861	VG
44862	VG
44863	VG
44864	VG
44865	VG
44866	VG
44867	VG
44868	VG
44869	VG
44870	VG
44871	VG
44872	VG
44873	VG
44874	VG
44875	VG
44876	VG
44877	VG
44878	VG
44879	VG
44880	VG
44881	VG
44882	VG
44883	VG
44884	VG
44885	VG
44886	VG
44887	VG
44888	VG
44889	VG
44890	VG
44891	VG
44892	VG
44893	VG
44894	VG
44895	VG
44896	VG
44897	VG
44898	VG
44899	VG
44900	VG
44901	VG
44902	VG
44903	VG
44904	VG
44905	VG
44906	VG
44907	VG
44908	VG
44909	VG
44910	VG
44911	VG
44912	VG
44913	VG
44914	VG
44915	VG
44916	VG
44917	VG
44918	VG
44919	VG
44920	VG
44921	VG
44922	VG
44923	VG
44924	VG
44925	VG
44926	VG
44927	VG
44928	VG
44929	VG
44930	VG
44931	VG
44932	VG
44933	VG
44934	VG
44935	VG
44936	VG
44937	VG
44938	VG
44939	VG
44940	VG
44941	VG
44942	VG
44943	VG
44944	VG
44945	VG
44946	VG
44947	VG
44948	VG
44949	VG
44950	VG
44951	VG
44952	VG
44953	VG
44954	VG
44955	VG
44956	VG
44957	VG
44958	VG
44959	VG
44960	VG
44961	VG
44962	VG
44963	VG
44964	VG
44965	VG
44966	VG
44967	VG
44968	VG
44969	VG
44970	VG
44971	VG
44972	VG
44973	VG
44974	VG
44975	VG
44976	VG
44977	VG
44978	VG
44979	VG
44980	VG
44981	VG
44982	VG
44983	VG
44984	VG
44985	VG
44986	VG
44987	VG
44988	VG
44989	VG
44990	VG
44991	VG
44992	VG
44993	VG
44994	VG
44995	VG
44996	VG
44997	VG
44998	VG
44999	VG
45000	VG
45001	VG
45002	VG
45003	VG
45004	VG
45005	VG
45006	VG
45007	VG
45008	VG
45009	VG
45010	VG
45011	VG
45012	VG
45013	VG
45014	VG
45015	VG
45016	VG
45017	VG
45018	VG
45019	VG
45020	VG
45021	VG
45022	VG
45023	VG
45024	VG
45025	VG
45026	VG
45027	VG
45028	VG
45029	VG
45030	VG
45031	VG
45032	VG
45033	VG
45034	VG
45035	VG
45036	VG
45037	VG
45038	VG
45039	VG
45040	VG
45041	VG
45042	VG
45043	VG
45044	VG
45045	VG
45046	VG
45047	VG
45048	VG
45049	VG
45050	VG
45051	VG
45052	VG
45053	VG
45054	VG
45055	VG
45056	VG
45057	VG
45058	VG
45059	VG
45060	VG
45061	VG
45062	VG
45063	VG
45064	VG
45065	VG
45066	VG
45067	VG
45068	VG
45069	VG
45070	VG
45071	VG
45072	VG
45073	VG
45074	VG
45075	VG
45076	VG
45077	VG
45078	VG
45079	VG
45080	VG
45081	VG
45082	VG
45083	VG
45084	VG
45085	VG
45086	VG
45087	VG
45088	VG
45089	VG
45090	VG
45091	VG
45092	VG
45093	VG
45094	VG
45095	VG
45096	VG
45097	VG
45098	VG
45099	VG
45100	VG
45101	VG
45102	VG
45103	VG
45104	VG
45105	VG
45106	VG
45107	VG
45108	VG
45109	VG
45110	VG
45111	VG
45112	VG
45113	VG
45114	VG
45115	VG
45116	VG
45117	VG
45118	VG
45119	VG
45120	VG
45121	VG
45122	VG
45123	VG
45124	VG
45125	VG
45126	VG
45127	VG
45128	VG
45129	VG
45130	VG
45131	VG
45132	VG
45133	VG
45134	VG
45135	VG
45136	VG
45137	VG
45138	VG
45139	VG
45140	VG
45141	VG
45142	VG
45143	VG
45144	VG
45145	VG
45146	VG
45147	VG
45148	VG
45149	VG
45150	VG
45151	VG
45152	VG
45153	VG
45154	VG
45155	VG
45156	VG
45157	VG
45158	VG
45159	VG
45160	VG
45161	VG
45162	VG
45163	VG
45164	VG
45165	VG
45166	VG
45167	VG
45168	VG
45169	VG
45170	VG
45171	VG
45172	VG
45173	VG
45174	VG
45175	VG
45176	VG
45177	VG
45178	VG
45179	VG
45180	VG
45181	VG
45182	VG
45183	VG
45184	VG
45185	VG
45186	VG
45187	VG
45188	VG
45189	VG
45190	VG
45191	VG
45192	VG
45193	VG
45194	VG
45195	VG
45196	VG
45197	VG
45198	VG
45199	VG
45200	VG
45201	VG
45202	VG
45203	VG
45204	VG
45205	VG
45206	VG
45207	VG
45208	VG
45209	VG
45210	VG
45211	VG
45212	VG
45213	VG
45214	VG
45215	VG
45216	VG
45217	VG
45218	VG
45219	VG
45220	VG
45221	VG
45222	VG
45223	VG
45224	VG
45225	VG
45226	VG
45227	VG
45228	VG
45229	VG
45230	VG
45231	VG
45232	VG
45233	VG
45234	VG
45235	VG
45236	VG
45237	VG
45238	VG
45239	VG
45240	VG
45241	VG
45242	VG
45243	VG
45244	VG
45245	VG
45246	VG
45247	VG
45248	VG
45249	VG
45250	VG
45251	VG
45252	VG
45253	VG
45254	VG
45255	VG
45256	VG
45257	VG
45258	VG
45259	VG
45260	VG
45261	VG
45262	VG
45263	VG
45264	VG
45265	VG
45266	VG
45267	VG
45268	VG
45269	VG
45270	VG
45271	VG
45272	VG
45273	VG
45274	VG
45275	VG
45276	VG
45277	VG
45278	VG
45279	VG
45280	VG
45281	VG
45282	VG
45283	VG
45284	VG
45285	VG
45286	VG
45287	VG
45288	VG
45289	VG
45290	VG
45291	VG
45292	VG
45293	VG
45294	VG
45295	VG
45296	VG
45297	VG
45298	VG
45299	VG
45300	VG
45301	VG
45302	VG
45303	VG
45304	VG
45305	VG
45306	VG
45307	VG
45308	VG
45309	VG
45310	VG
45311	VG
45312	VG
45313	VG
45314	VG
45315	VG
45316	VG
45317	VG
45318	VG
45319	VG
45320	VG
45321	VG
45322	VG
45323	VG
45324	VG
45325	VG
45326	VG
45327	VG
45328	VG
45329	VG
45330	VG
45331	VG
45332	VG
45333	VG
45334	VG
45335	VG
45336	VG
45337	VG
45338	VG
45339	VG
45340	VG
45341	VG
45342	VG
45343	VG
45344	VG
45345	VG
45346	VG
45347	VG
45348	VG
45349	VG
45350	VG
45351	VG
45352	VG
45353	VG
45354	VG
45355	VG
45356	VG
45357	VG
45358	VG
45359	VG
45360	VG
45361	VG
45362	VG
45363	VG
45364	VG
45365	VG
45366	VG
45367	VG
45368	VG
45369	VG
45370	VG
45371	VG
45372	VG
45373	VG
45374	VG
45375	VG
45376	VG
45377	VG
45378	VG
45379	VG
45380	VG
45381	VG
45382	VG
45383	VG
45384	VG
45385	VG
45386	VG
45387	VG
45388	VG
45389	VG
45390	VG
45391	VG
45392	VG
45393	VG
45394	VG
45395	VG
45396	VG
45397	VG
45398	VG
45399	VG
45400	VG
45401	VG
45402	VG
45403	VG
45404	VG
45405	VG
45406	VG
45407	VG
45408	VG
45409	VG
45410	VG
45411	VG
45412	VG
45413	VG
45414	VG
45415	VG
45416	VG
45417	VG
45418	VG
45419	VG
45420	VG
45421	VG
45422	VG
45423	VG
45424	VG
45425	VG
45426	VG
45427	VG
45428	VG
45429	VG
45430	VG
45431	VG
45432	VG
45433	VG
45434	VG
45435	VG
45436	VG
45437	VG
45438	VG
45439	VG
45440	VG
45441	VG
45442	VG
45443	VG
45444	VG
45445	VG
45446	VG
45447	VG
45448	VG
45449	VG
45450	VG
45451	VG
45452	VG
45453	VG
45454	VG
45455	VG
45456	VG
45457	VG
45458	VG
45459	VG
45460	VG
45461	VG
45462	VG
45463	VG
45464	VG
45465	VG
45466	VG
45467	VG
45468	VG
45469	VG
45470	VG
45471	VG
45472	VG
45473	VG
45474	VG
45475	VG
45476	VG
45477	VG
45478	VG
45479	VG
45480	VG
45481	VG
45482	VG
45483	VG
45484	VG
45485	VG
45486	VG
45487	VG
45488	VG
45489	VG
45490	VG
45491	VG
45492	VG
45493	VG
45494	VG
45495	VG
45496	VG
45497	VG
45498	VG
45499	VG
45500	VG
45501	VG
45502	VG
45503	VG
45504	VG
45505	VG
45506	VG
45507	VG
45508	VG
45509	VG
45510	VG
45511	VG
45512	VG
45513	VG
45514	VG
45515	VG
45516	VG
45517	VG
45518	VG
45519	VG
45520	VG
45521	VG
45522	VG
45523	VG
45524	VG
45525	VG
45526	VG
45527	VG
45528	VG
45529	VG
45530	VG
45531	VG
45532	VG
45533	VG
45534	VG
45535	VG
45536	VG
45537	VG
45538	VG
45539	VG
45540	VG
45541	VG
45542	VG
45543	VG
45544	VG
45545	VG
45546	VG
45547	VG
45548	VG
45549	VG
45550	VG
45551	VG
45552	VG
45553	VG
45554	VG
45555	VG
45556	VG
45557	VG
45558	VG
45559	VG
45560	VG
45561	VG
45562	VG
45563	VG
45564	VG
45565	VG
45566	VG
45567	VG
45568	VG
45569	VG
45570	VG
45571	VG
45572	VG
45573	VG
45574	VG
45575	VG
45576	VG
45577	VG
45578	VG
45579	VG
45580	VG
45581	VG
45582	VG
45583	VG
45584	VG
45585	VG
45586	VG
45587	VG
45588	VG
45589	VG
45590	VG
45591	VG
45592	VG
45593	VG
45594	VG
45595	VG
45596	VG
45597	VG
45598	VG
45599	VG
45600	VG
45601	VG
45602	VG
45603	VG
45604	VG
45605	VG
45606	VG
45607	VG
45608	VG
45609	VG
45610	VG
45611	VG
45612	VG
45613	VG
45614	VG
45615	VG
45616	VG
45617	VG
45618	VG
45619	VG
45620	VG
45621	VG
45622	VG
45623	VG
45624	VG
45625	VG
45626	VG
45627	VG
45628	VG
45629	VG
45630	VG
45631	VG
45632	VG
45633	VG
45634	VG
45635	VG
45636	VG
45637	VG
45638	VG
45639	VG
45640	VG
45641	VG
45642	VG
45643	VG
45644	VG
45645	VG
45646	VG
45647	VG
45648	VG
45649	VG
45650	VG
45651	VG
45652	VG
45653	VG
45654	VG
45655	VG
45656	VG
45657	VG
45658	VG
45659	VG
45660	VG
45661	VG
45662	VG
45663	VG
45664	VG
45665	VG
45666	VG
45667	VG
45668	VG
45669	VG
45670	VG
45671	VG
45672	VG
45673	VG
45674	VG
45675	VG
45676	VG
45677	VG
45678	VG
45679	VG
45680	VG
45681	VG
45682	VG
45683	VG
45684	VG
45685	VG
45686	VG
45687	VG
45688	VG
45689	VG
45690	VG
45691	VG
45692	VG
45693	VG
45694	VG
45695	VG
45696	VG
45697	VG
45698	VG
45699	VG
45700	VG
45701	VG
45702	VG
45703	VG
45704	VG
45705	VG
45706	VG
45707	VG
45708	VG
45709	VG
45710	VG
45711	VG
45712	VG
45713	VG
45714	VG
45715	VG
45716	VG
45717	VG
45718	VG
45719	VG
45720	VG
45721	VG
45722	VG
45723	VG
45724	VG
45725	VG
45726	VG
45727	VG
45728	VG
45729	VG
45730	VG
45731	VG
45732	VG
45733	VG
45734	VG
45735	VG
45736	VG
45737	VG
45738	VG
45739	VG
45740	VG
45741	VG
45742	VG
45743	VG
45744	VG
45745	VG
45746	VG
45747	VG
45748	VG
45749	VG
45750	VG
45751	VG
45752	VG
45753	VG
45754	VG
45755	VG
45756	VG
45757	VG
45758	VG
45759	VG
45760	VG
45761	VG
45762	VG
45763	VG
45764	VG
45765	VG
45766	VG
45767	VG
45768	VG
45769	VG
45770	VG
45771	VG
45772	VG
45773	VG
45774	VG
45775	VG
45776	VG
45777	VG
45778	VG
45779	VG
45780	VG
45781	VG
45782	VG
45783	VG
45784	VG
45785	VG
45786	VG
45787	VG
45788	VG
45789	VG
45790	VG
45791	VG
45792	VG
45793	VG
45794	VG
45795	VG
45796	VG
45797	VG
45798	VG
45799	VG
45800	VG
45801	VG
45802	VG
45803	VG
45804	VG
45805	VG
45806	VG
45807	VG
45808	VG
45809	VG
45810	VG
45811	VG
45812	VG
45813	VG
45814	VG
45815	VG
45816	VG
45817	VG
45818	VG
45819	VG
45820	VG
45821	VG
45822	VG
45823	VG
45824	VG
45825	VG
45826	VG
45827	VG
45828	VG
45829	VG
45830	VG
45831	VG
45832	VG
45833	VG
45834	VG
45835	VG
45836	VG
45837	VG
45838	VG
45839	VG
45840	VG
45841	VG
45842	VG
45843	VG
45844	VG
45845	VG
45846	VG
45847	VG
45848	VG
45849	VG
45850	VG
45851	VG
45852	VG
45853	VG
45854	VG
45855	VG
45856	VG
45857	VG
45858	VG
45859	VG
45860	VG
45861	VG
45862	VG
45863	VG
45864	VG
45865	VG
45866	VG
45867	VG
45868	VG
45869	VG
45870	VG
45871	VG
45872	VG
45873	VG
45874	VG
45875	VG
45876	VG
45877	VG
45878	VG
45879	VG
45880	VG
45881	VG
45882	VG
45883	VG
45884	VG
45885	VG
45886	VG
45887	VG
45888	VG
45889	VG
45890	VG
45891	VG
45892	VG
45893	VG
45894	VG
45895	VG
45896	VG
45897	VG
45898	VG
45899	VG
45900	VG
45901	VG
45902	VG
45903	VG
45904	VG
45905	VG
45906	VG
45907	VG
45908	VG
45909	VG
45910	VG
45911	VG
45912	VG
45913	VG
45914	VG
45915	VG
45916	VG
45917	VG
45918	VG
45919	VG
45920	VG
45921	VG
45922	VG
45923	VG
45924	VG
45925	VG
45926	VG
45927	VG
45928	VG
45929	VG
45930	VG
45931	VG
45932	VG
45933	VG
45934	VG
45935	VG
45936	VG
45937	VG
45938	VG
45939	VG
45940	VG
45941	VG
45942	VG
45943	VG
45944	VG
45945	VG
45946	VG
45947	VG
45948	VG
45949	VG
45950	VG
45951	VG
45952	VG
45953	VG
45954	VG
45955	VG
45956	VG
45957	VG
45958	VG
45959	VG
45960	VG
45961	VG
45962	VG
45963	VG
45964	VG
45965	VG
45966	VG
45967	VG
45968	VG
45969	VG
45970	VG
45971	VG
45972	VG
45973	VG
45974	VG
45975	VG
45976	VG
45977	VG
45978	VG
45979	VG
45980	VG
45981	VG
45982	VG
45983	VG
45984	VG
45985	VG
45986	VG
45987	VG
45988	VG
45989	VG
45990	VG
45991	VG
45992	VG
45993	VG
45994	VG
45995	VG
45996	VG
45997	VG
45998	VG
45999	VG
46000	VG
46001	VG
46002	VG
46003	VG
46004	VG
46005	VG
46006	VG
46007	VG
46008	VG
46009	VG
46010	VG
46011	VG
46012	VG
46013	VG
46014	VG
46015	VG
46016	VG
46017	VG
46018	VG
46019	VG
46020	VG
46021	VG
46022	VG
46023	VG
46024	VG
46025	VG
46026	VG
46027	VG
46028	VG
46029	VG
46030	VG
46031	VG
46032	VG
46033	VG
46034	VG
46035	VG
46036	VG
46037	VG
46038	VG
46039	VG
46040	VG
46041	VG
46042	VG
46043	VG
46044	VG
46045	VG
46046	VG
46047	VG
46048	VG
46049	VG
46050	VG
46051	VG
46052	VG
46053	VG
46054	VG
46055	VG
46056	VG
46057	VG
46058	VG
46059	VG
46060	VG
46061	VG
46062	VG
46063	VG
46064	VG
46065	VG
46066	VG
46067	VG
46068	VG
46069	VG
46070	VG
46071	VG
46072	VG
46073	VG
46074	VG
46075	VG
46076	VG
46077	VG
46078	VG
46079	VG
46080	VG
46081	VG
46082	VG
46083	VG
46084	VG
46085	VG
46086	VG
46087	VG
46088	VG
46089	VG
46090	VG
46091	VG
46092	VG
46093	VG
46094	VG
46095	VG
46096	VG
46097	VG
46098	VG
46099	VG
46100	VG
46101	VG
46102	VG
46103	VG
46104	VG
46105	VG
46106	VG
46107	VG
46108	VG
46109	VG
46110	VG
46111	VG
46112	VG
46113	VG
46114	VG
46115	VG
46116	VG
46117	VG
46118	VG
46119	VG
46120	VG
46121	VG
46122	VG
46123	VG
46124	VG
46125	VG
46126	VG
46127	VG
46128	VG
46129	VG
46130	VG
46131	VG
46132	VG
46133	VG
46134	VG
46135	VG
46136	VG
46137	VG
46138	VG
46139	VG
46140	VG
46141	VG
46142	VG
46143	VG
46144	VG
46145	VG
46146	VG
46147	VG
46148	VG
46149	VG
46150	VG
46151	VG
46152	VG
46153	VG
46154	VG
46155	VG
46156	VG
46157	VG
46158	VG
46159	VG
46160	VG
46161	VG
46162	VG
46163	VG
46164	VG
46165	VG
46166	VG
46167	VG
46168	VG
46169	VG
46170	VG
46171	VG
46172	VG
46173	VG
46174	VG
46175	VG
46176	VG
46177	VG
46178	VG
46179	VG
46180	VG
46181	VG
46182	VG
46183	VG
46184	VG
46185	VG
46186	VG
46187	VG
46188	VG
46189	VG
46190	VG
46191	VG
46192	VG
46193	VG
46194	VG
46195	VG
46196	VG
46197	VG
46198	VG
46199	VG
46200	VG
46201	VG
46202	VG
46203	VG
46204	VG
46205	VG
46206	VG
46207	VG
46208	VG
46209	VG
46210	VG
46211	VG
46212	VG
46213	VG
46214	VG
46215	VG
46216	VG
46217	VG
46218	VG
46219	VG
46220	VG
46221	VG
46222	VG
46223	VG
46224	VG
46225	VG
46226	VG
46227	VG
46228	VG
46229	VG
46230	VG
46231	VG
46232	VG
46233	VG
46234	VG
46235	VG
46236	VG
46237	VG
46238	VG
46239	VG
46240	VG
46241	VG
46242	VG
46243	VG
46244	VG
46245	VG
46246	VG
46247	VG
46248	VG
46249	VG
46250	VG
46251	VG
46252	VG
46253	VG
46254	VG
46255	VG
46256	VG
46257	VG
46258	VG
46259	VG
46260	VG
46261	VG
46262	VG
46263	VG
46264	VG
46265	VG
46266	VG
46267	VG
46268	VG
46269	VG
46270	VG
46271	VG
46272	VG
46273	VG
46274	VG
46275	VG
46276	VG
46277	VG
46278	VG
46279	VG
46280	VG
46281	VG
46282	VG
46283	VG
46284	VG
46285	VG
46286	VG
46287	VG
46288	VG
46289	VG
46290	VG
46291	VG
46292	VG
46293	VG
46294	VG
46295	VG
46296	VG
46297	VG
46298	VG
46299	VG
46300	VG
46301	VG
46302	VG
46303	VG
46304	VG
46305	VG
46306	VG
46307	VG
46308	VG
46309	VG
46310	VG
46311	VG
46312	VG
46313	VG
46314	VG
46315	VG
46316	VG
46317	VG
46318	VG
46319	VG
46320	VG
46321	VG
46322	VG
46323	VG
46324	VG
46325	VG
46326	VG
46327	VG
46328	VG
46329	VG
46330	VG
46331	VG
46332	VG
46333	VG
46334	VG
46335	VG
46336	VG
46337	VG
46338	VG
46339	VG
46340	VG
46341	VG
46342	VG
46343	VG
46344	VG
46345	VG
46346	VG
46347	VG
46348	VG
46349	VG
46350	VG
46351	VG
46352	VG
46353	VG
46354	VG
46355	VG
46356	VG
46357	VG
46358	VG
46359	VG
46360	VG
46361	VG
46362	VG
46363	VG
46364	VG
46365	VG
46366	VG
46367	VG
46368	VG
46369	VG
46370	VG
46371	VG
46372	VG
46373	VG
46374	VG
46375	VG
46376	VG
46377	VG
46378	VG
46379	VG
46380	VG
46381	VG
46382	VG
46383	VG
46384	VG
46385	VG
46386	VG
46387	VG
46388	VG
46389	VG
46390	VG
46391	VG
46392	VG
46393	VG
46394	VG
46395	VG
46396	VG
46397	VG
46398	VG
46399	VG
46400	VG
46401	VG
46402	VG
46403	VG
46404	VG
46405	VG
46406	VG
46407	VG
46408	VG
46409	VG
46410	VG
46411	VG
46412	VG
46413	VG
46414	VG
46415	VG
46416	VG
46417	VG
46418	VG
46419	VG
46420	VG
46421	VG
46422	VG
46423	VG
46424	VG
46425	VG
46426	VG
46427	VG
46428	VG
46429	VG
46430	VG
46431	VG
46432	VG
46433	VG
46434	VG
46435	VG
46436	VG
46437	VG
46438	VG
46439	VG
46440	VG
46441	VG
46442	VG
46443	VG
46444	VG
46445	VG
46446	VG
46447	VG
46448	VG
46449	VG
46450	VG
46451	VG
46452	VG
46453	VG
46454	VG
46455	VG
46456	VG
46457	VG
46458	VG
46459	VG
46460	VG
46461	VG
46462	VG
46463	VG
46464	VG
46465	VG
46466	VG
46467	VG
46468	VG
46469	VG
46470	VG
46471	VG
46472	VG
46473	VG
46474	VG
46475	VG
46476	VG
46477	VG
46478	VG
46479	VG
46480	VG
46481	VG
46482	VG
46483	VG
46484	VG
46485	VG
46486	VG
46487	VG
46488	VG
46489	VG
46490	VG
46491	VG
46492	VG
46493	VG
46494	VG
46495	VG
46496	VG
46497	VG
46498	VG
46499	VG
46500	VG
46501	VG
46502	VG
46503	VG
46504	VG
46505	VG
46506	VG
46507	VG
46508	VG
46509	VG
46510	VG
46511	VG
46512	VG
46513	VG
46514	VG
46515	VG
46516	VG
46517	VG
46518	VG
46519	VG
46520	VG
46521	VG
46522	VG
46523	VG
46524	VG
46525	VG
46526	VG
46527	VG
46528	VG
46529	VG
46530	VG
46531	VG
46532	VG
46533	VG
46534	VG
46535	VG
46536	VG
46537	VG
46538	VG
46539	VG
46540	VG
46541	VG
46542	VG
46543	VG
46544	VG
46545	VG
46546	VG
46547	VG
46548	VG
46549	VG
46550	VG
46551	VG
46552	VG
46553	VG
46554	VG
46555	VG
46556	VG
46557	VG
46558	VG
46559	VG
46560	VG
46561	VG
46562	VG
46563	VG
46564	VG
46565	VG
46566	VG
46567	VG
46568	VG
46569	VG
46570	VG
46571	VG
46572	VG
46573	VG
46574	VG
46575	VG
46576	VG
46577	VG
46578	VG
46579	VG
46580	VG
46581	VG
46582	VG
46583	VG
46584	VG
46585	VG
46586	VG
46587	VG
46588	VG
46589	VG
46590	VG
46591	VG
46592	VG
46593	VG
46594	VG
46595	VG
46596	VG
46597	VG
46598	VG
46599	VG
46600	VG
46601	VG
46602	VG
46603	VG
46604	VG
46605	VG
46606	VG
46607	VG
46608	VG
46609	VG
46610	VG
46611	VG
46612	VG
46613	VG
46614	VG
46615	VG
46616	VG
46617	VG
46618	VG
46619	VG
46620	VG
46621	VG
46622	VG
46623	VG
46624	VG
46625	VG
46626	VG
46627	VG
46628	VG
46629	VG
46630	VG
46631	VG
46632	VG
46633	VG
46634	VG
46635	VG
46636	VG
46637	VG
46638	VG
46639	VG
46640	VG
46641	VG
46642	VG
46643	VG
46644	VG
46645	VG
46646	VG
46647	VG
46648	VG
46649	VG
46650	VG
46651	VG
46652	VG
46653	VG
46654	VG
46655	VG
46656	VG
46657	VG
46658	VG
46659	VG
46660	VG
46661	VG
46662	VG
46663	VG
46664	VG
46665	VG
46666	VG
46667	VG
46668	VG
46669	VG
46670	VG
46671	VG
46672	VG
46673	VG
46674	VG
46675	VG
46676	VG
46677	VG
46678	VG
46679	VG
46680	VG
46681	VG
46682	VG
46683	VG
46684	VG
46685	VG
46686	VG
46687	VG
46688	VG
46689	VG
46690	VG
46691	VG
46692	VG
46693	VG
46694	VG
46695	VG
46696	VG
46697	VG
46698	VG
46699	VG
46700	VG
46701	VG
46702	VG
46703	VG
46704	VG
46705	VG
46706	VG
46707	VG
46708	VG
46709	VG
46710	VG
46711	VG
46712	VG
46713	VG
46714	VG
46715	VG
46716	VG
46717	VG
46718	VG
46719	VG
46720	VG
46721	VG
46722	VG
46723	VG
46724	VG
46725	VG
46726	VG
46727	VG
46728	VG
46729	VG
46730	VG
46731	VG
46732	VG
46733	VG
46734	VG
46735	VG
46736	VG
46737	VG
46738	VG
46739	VG
46740	VG
46741	VG
46742	VG
46743	VG
46744	VG
46745	VG
46746	VG
46747	VG
46748	VG
46749	VG
46750	VG
46751	VG
46752	VG
46753	VG
46754	VG
46755	VG
46756	VG
46757	VG
46758	VG
46759	VG
46760	VG
46761	VG
46762	VG
46763	VG
46764	VG
46765	VG
46766	VG
46767	VG
46768	VG
46769	VG
46770	VG
46771	VG
46772	VG
46773	VG
46774	VG
46775	VG
46776	VG
46777	VG
46778	VG
46779	VG
46780	VG
46781	VG
46782	VG
46783	VG
46784	VG
46785	VG
46786	VG
46787	VG
46788	VG
46789	VG
46790	VG
46791	VG
46792	VG
46793	VG
46794	VG
46795	VG
46796	VG
46797	VG
46798	VG
46799	VG
46800	VG
46801	VG
46802	VG
46803	VG
46804	VG
46805	VG
46806	VG
46807	VG
46808	VG
46809	VG
46810	VG
46811	VG
46812	VG
46813	VG
46814	VG
46815	VG
46816	VG
46817	VG
46818	VG
46819	VG
46820	VG
46821	VG
46822	VG
46823	VG
46824	VG
46825	VG
46826	VG
46827	VG
46828	VG
46829	VG
46830	VG
46831	VG
46832	VG
46833	VG
46834	VG
46835	VG
46836	VG
46837	VG
46838	VG
46839	VG
46840	VG
46841	VG
46842	VG
46843	VG
46844	VG
46845	VG
46846	VG
46847	VG
46848	VG
46849	VG
46850	VG
46851	VG
46852	VG
46853	VG
46854	VG
46855	VG
46856	VG
46857	VG
46858	VG
46859	VG
46860	VG
46861	VG
46862	VG
46863	VG
46864	VG
46865	VG
46866	VG
46867	VG
46868	VG
46869	VG
46870	VG
46871	VG
46872	VG
46873	VG
46874	VG
46875	VG
46876	VG
46877	VG
46878	VG
46879	VG
46880	VG
46881	VG
46882	VG
46883	VG
46884	VG
46885	VG
46886	VG
46887	VG
46888	VG
46889	VG
46890	VG
46891	VG
46892	VG
46893	VG
46894	VG
46895	VG
46896	VG
46897	VG
46898	VG
46899	VG
46900	VG
46901	VG
46902	VG
46903	VG
46904	VG
46905	VG
46906	VG
46907	VG
46908	VG
46909	VG
46910	VG
46911	VG
46912	VG
46913	VG
46914	VG
46915	VG
46916	VG
46917	VG
46918	VG
46919	VG
46920	VG
46921	VG
46922	VG
46923	VG
46924	VG
46925	VG
46926	VG
46927	VG
46928	VG
46929	VG
46930	VG
46931	VG
46932	VG
46933	VG
46934	VG
46935	VG
46936	VG
46937	VG
46938	VG
46939	VG
46940	VG
46941	VG
46942	VG
46943	VG
46944	VG
46945	VG
46946	VG
46947	VG
46948	VG
46949	VG
46950	VG
46951	VG
46952	VG
46953	VG
46954	VG
46955	VG
46956	VG
46957	VG
46958	VG
46959	VG
46960	VG
46961	VG
46962	VG
46963	VG
46964	VG
46965	VG
46966	VG
46967	VG
46968	VG
46969	VG
46970	VG
46971	VG
46972	VG
46973	VG
46974	VG
46975	VG
46976	VG
46977	VG
46978	VG
46979	VG
46980	VG
46981	VG
46982	VG
46983	VG
46984	VG
46985	VG
46986	VG
46987	VG
46988	VG
46989	VG
46990	VG
46991	VG
46992	VG
46993	VG
46994	VG
46995	VG
46996	VG
46997	VG
46998	VG
46999	VG
47000	VG
47001	VG
47002	VG
47003	VG
47004	VG
47005	VG
47006	VG
47007	VG
47008	VG
47009	VG
47010	VG
47011	VG
47012	VG
47013	VG
47014	VG
47015	VG
47016	VG
47017	VG
47018	VG
47019	VG
47020	VG
47021	VG
47022	VG
47023	VG
47024	VG
47025	VG
47026	VG
47027	VG
47028	VG
47029	VG
47030	VG
47031	VG
47032	VG
47033	VG
47034	VG
47035	VG
47036	VG
47037	VG
47038	VG
47039	VG
47040	VG
47041	VG
47042	VG
47043	VG
47044	VG
47045	VG
47046	VG
47047	VG
47048	VG
47049	VG
47050	VG
47051	VG
47052	VG
47053	VG
47054	VG
47055	VG
47056	VG
47057	VG
47058	VG
47059	VG
47060	VG
47061	VG
47062	VG
47063	VG
47064	VG
47065	VG
47066	VG
47067	VG
47068	VG
47069	VG
47070	VG
47071	VG
47072	VG
47073	VG
47074	VG
47075	VG
47076	VG
47077	VG
47078	VG
47079	VG
47080	VG
47081	VG
47082	VG
47083	VG
47084	VG
47085	VG
47086	VG
47087	VG
47088	VG
47089	VG
47090	VG
47091	VG
47092	VG
47093	VG
47094	VG
47095	VG
47096	VG
47097	VG
47098	VG
47099	VG
47100	VG
47101	VG
47102	VG
47103	VG
47104	VG
47105	VG
47106	VG
47107	VG
47108	VG
47109	VG
47110	VG
47111	VG
47112	VG
47113	VG
47114	VG
47115	VG
47116	VG
47117	VG
47118	VG
47119	VG
47120	VG
47121	VG
47122	VG
47123	VG
47124	VG
47125	VG
47126	VG
47127	VG
47128	VG
47129	VG
47130	VG
47131	VG
47132	VG
47133	VG
47134	VG
47135	VG
47136	VG
47137	VG
47138	VG
47139	VG
47140	VG
47141	VG
47142	VG
47143	VG
47144	VG
47145	VG
47146	VG
47147	VG
47148	VG
47149	VG
47150	VG
47151	VG
47152	VG
47153	VG
47154	VG
47155	VG
47156	VG
47157	VG
47158	VG
47159	VG
47160	VG
47161	VG
47162	VG
47163	VG
47164	VG
47165	VG
47166	VG
47167	VG
47168	VG
47169	VG
47170	VG
47171	VG
47172	VG
47173	VG
47174	VG
47175	VG
47176	VG
47177	VG
47178	VG
47179	VG
47180	VG
47181	VG
47182	VG
47183	VG
47184	VG
47185	VG
47186	VG
47187	VG
47188	VG
47189	VG
47190	VG
47191	VG
47192	VG
47193	VG
47194	VG
47195	VG
47196	VG
47197	VG
47198	VG
47199	VG
47200	VG
47201	VG
47202	VG
47203	VG
47204	VG
47205	VG
47206	VG
47207	VG
47208	VG
47209	VG
47210	VG
47211	VG
47212	VG
47213	VG
47214	VG
47215	VG
47216	VG
47217	VG
47218	VG
47219	VG
47220	VG
47221	VG
47222	VG
47223	VG
47224	VG
47225	VG
47226	VG
47227	VG
47228	VG
47229	VG
47230	VG
47231	VG
47232	VG
47233	VG
47234	VG
47235	VG
47236	VG
47237	VG
47238	VG
47239	VG
47240	VG
47241	VG
47242	VG
47243	VG
47244	VG
47245	VG
47246	VG
47247	VG
47248	VG
47249	VG
47250	VG
47251	VG
47252	VG
47253	VG
47254	VG
47255	VG
47256	VG
47257	VG
47258	VG
47259	VG
47260	VG
47261	VG
47262	VG
47263	VG
47264	VG
47265	VG
47266	VG
47267	VG
47268	VG
47269	VG
47270	VG
47271	VG
47272	VG
47273	VG
47274	VG
47275	VG
47276	VG
47277	VG
47278	VG
47279	VG
47280	VG
47281	VG
47282	VG
47283	VG
47284	VG
47285	VG
47286	VG
47287	VG
47288	VG
47289	VG
47290	VG
47291	VG
47292	VG
47293	VG
47294	VG
47295	VG
47296	VG
47297	VG
47298	VG
47299	VG
47300	VG
47301	VG
47302	VG
47303	VG
47304	VG
47305	VG
47306	VG
47307	VG
47308	VG
47309	VG
47310	VG
47311	VG
47312	VG
47313	VG
47314	VG
47315	VG
47316	VG
47317	VG
47318	VG
47319	VG
47320	VG
47321	VG
47322	VG
47323	VG
47324	VG
47325	VG
47326	VG
47327	VG
47328	VG
47329	VG
47330	VG
47331	VG
47332	VG
47333	VG
47334	VG
47335	VG
47336	VG
47337	VG
47338	VG
47339	VG
47340	VG
47341	VG
47342	VG
47343	VG
47344	VG
47345	VG
47346	VG
47347	VG
47348	VG
47349	VG
47350	VG
47351	VG
47352	VG
47353	VG
47354	VG
47355	VG
47356	VG
47357	VG
47358	VG
47359	VG
47360	VG
47361	VG
47362	VG
47363	VG
47364	VG
47365	VG
47366	VG
47367	VG
47368	VG
47369	VG
47370	VG
47371	VG
47372	VG
47373	VG
47374	VG
47375	VG
47376	VG
47377	VG
47378	VG
47379	VG
47380	VG
47381	VG
47382	VG
47383	VG
47384	VG
47385	VG
47386	VG
47387	VG
47388	VG
47389	VG
47390	VG
47391	VG
47392	VG
47393	VG
47394	VG
47395	VG
47396	VG
47397	VG
47398	VG
47399	VG
47400	VG
47401	VG
47402	VG
47403	VG
47404	VG
47405	VG
47406	VG
47407	VG
47408	VG
47409	VG
47410	VG
47411	VG
47412	VG
47413	VG
47414	VG
47415	VG
47416	VG
47417	VG
47418	VG
47419	VG
47420	VG
47421	VG
47422	VG
47423	VG
47424	VG
47425	VG
47426	VG
47427	VG
47428	VG
47429	VG
47430	VG
47431	VG
47432	VG
47433	VG
47434	VG
47435	VG
47436	VG
47437	VG
47438	VG
47439	VG
47440	VG
47441	VG
47442	VG
47443	VG
47444	VG
47445	VG
47446	VG
47447	VG
47448	VG
47449	VG
47450	VG
47451	VG
47452	VG
47453	VG
47454	VG
47455	VG
47456	VG
47457	VG
47458	VG
47459	VG
47460	VG
47461	VG
47462	VG
47463	VG
47464	VG
47465	VG
47466	VG
47467	VG
47468	VG
47469	VG
47470	VG
47471	VG
47472	VG
47473	VG
47474	VG
47475	VG
47476	VG
47477	VG
47478	VG
47479	VG
47480	VG
47481	VG
47482	VG
47483	VG
47484	VG
47485	VG
47486	VG
47487	VG
47488	VG
47489	VG
47490	VG
47491	VG
47492	VG
47493	VG
47494	VG
47495	VG
47496	VG
47497	VG
47498	VG
47499	VG
47500	VG
47501	VG
47502	VG
47503	VG
47504	VG
47505	VG
47506	VG
47507	VG
47508	VG
47509	VG
47510	VG
47511	VG
47512	VG
47513	VG
47514	VG
47515	VG
47516	VG
47517	VG
47518	VG
47519	VG
47520	VG
47521	VG
47522	VG
47523	VG
47524	VG
47525	VG
47526	VG
47527	VG
47528	VG
47529	VG
47530	VG
47531	VG
47532	VG
47533	VG
47534	VG
47535	VG
47536	VG
47537	VG
47538	VG
47539	VG
47540	VG
47541	VG
47542	VG
47543	VG
47544	VG
47545	VG
47546	VG
47547	VG
47548	VG
47549	VG
47550	VG
47551	VG
47552	VG
47553	VG
47554	VG
47555	VG
47556	VG
47557	VG
47558	VG
47559	VG
47560	VG
47561	VG
47562	VG
47563	VG
47564	VG
47565	VG
47566	VG
47567	VG
47568	VG
47569	VG
47570	VG
47571	VG
47572	VG
47573	VG
47574	VG
47575	VG
47576	VG
47577	VG
47578	VG
47579	VG
47580	VG
47581	VG
47582	VG
47583	VG
47584	VG
47585	VG
47586	VG
47587	VG
47588	VG
47589	VG
47590	VG
47591	VG
47592	VG
47593	VG
47594	VG
47595	VG
47596	VG
47597	VG
47598	VG
47599	VG
47600	VG
47601	VG
47602	VG
47603	VG
47604	VG
47605	VG
47606	VG
47607	VG
47608	VG
47609	VG
47610	VG
47611	VG
47612	VG
47613	VG
47614	VG
47615	VG
47616	VG
47617	VG
47618	VG
47619	VG
47620	VG
47621	VG
47622	VG
47623	VG
47624	VG
47625	VG
47626	VG
47627	VG
47628	VG
47629	VG
47630	VG
47631	VG
47632	VG
47633	VG
47634	VG
47635	VG
47636	VG
47637	VG
47638	VG
47639	VG
47640	VG
47641	VG
47642	VG
47643	VG
47644	VG
47645	VG
47646	VG
47647	VG
47648	VG
47649	VG
47650	VG
47651	VG
47652	VG
47653	VG
47654	VG
47655	VG
47656	VG
47657	VG
47658	VG
47659	VG
47660	VG
47661	VG
47662	VG
47663	VG
47664	VG
47665	VG
47666	VG
47667	VG
47668	VG
47669	VG
47670	VG
47671	VG
47672	VG
47673	VG
47674	VG
47675	VG
47676	VG
47677	VG
47678	VG
47679	VG
47680	VG
47681	VG
47682	VG
47683	VG
47684	VG
47685	VG
47686	VG
47687	VG
47688	VG
47689	VG
47690	VG
47691	VG
47692	VG
47693	VG
47694	VG
47695	VG
47696	VG
47697	VG
47698	VG
47699	VG
47700	VG
47701	VG
47702	VG
47703	VG
47704	VG
47705	VG
47706	VG
47707	VG
47708	VG
47709	VG
47710	VG
47711	VG
47712	VG
47713	VG
47714	VG
47715	VG
47716	VG
47717	VG
47718	VG
47719	VG
47720	VG
47721	VG
47722	VG
47723	VG
47724	VG
47725	VG
47726	VG
47727	VG
47728	VG
47729	VG
47730	VG
47731	VG
47732	VG
47733	VG
47734	VG
47735	VG
47736	VG
47737	VG
47738	VG
47739	VG
47740	VG
47741	VG
47742	VG
47743	VG
47744	VG
47745	VG
47746	VG
47747	VG
47748	VG
47749	VG
47750	VG
47751	VG
47752	VG
47753	VG
47754	VG
47755	VG
47756	VG
47757	VG
47758	VG
47759	VG
47760	VG
47761	VG
47762	VG
47763	VG
47764	VG
47765	VG
47766	VG
47767	VG
47768	VG
47769	VG
47770	VG
47771	VG
47772	VG
47773	VG
47774	VG
47775	VG
47776	VG
47777	VG
47778	VG
47779	VG
47780	VG
47781	VG
47782	VG
47783	VG
47784	VG
47785	VG
47786	VG
47787	VG
47788	VG
47789	VG
47790	VG
47791	VG
47792	VG
47793	VG
47794	VG
47795	VG
47796	VG
47797	VG
47798	VG
47799	VG
47800	VG
47801	VG
47802	VG
47803	VG
47804	VG
47805	VG
47806	VG
47807	VG
47808	VG
47809	VG
47810	VG
47811	VG
47812	VG
47813	VG
47814	VG
47815	VG
47816	VG
47817	VG
47818	VG
47819	VG
47820	VG
47821	VG
47822	VG
47823	VG
47824	VG
47825	VG
47826	VG
47827	VG
47828	VG
47829	VG
47830	VG
47831	VG
47832	VG
47833	VG
47834	VG
47835	VG
47836	VG
47837	VG
47838	VG
47839	VG
47840	VG
47841	VG
47842	VG
47843	VG
47844	VG
47845	VG
47846	VG
47847	VG
47848	VG
47849	VG
47850	VG
47851	VG
47852	VG
47853	VG
47854	VG
47855	VG
47856	VG
47857	VG
47858	VG
47859	VG
47860	VG
47861	VG
47862	VG
47863	VG
47864	VG
47865	VG
47866	VG
47867	VG
47868	VG
47869	VG
47870	VG
47871	VG
47872	VG
47873	VG
47874	VG
47875	VG
47876	VG
47877	VG
47878	VG
47879	VG
47880	VG
47881	VG
47882	VG
47883	VG
47884	VG
47885	VG
47886	VG
47887	VG
47888	VG
47889	VG
47890	VG
47891	VG
47892	VG
47893	VG
47894	VG
47895	VG
47896	VG
47897	VG
47898	VG
47899	VG
47900	VG
47901	VG
47902	VG
47903	VG
47904	VG
47905	VG
47906	VG
47907	VG
47908	VG
47909	VG
47910	VG
47911	VG
47912	VG
47913	VG
47914	VG
47915	VG
47916	VG
47917	VG
47918	VG
47919	VG
47920	VG
47921	VG
47922	VG
47923	VG
47924	VG
47925	VG
47926	VG
47927	VG
47928	VG
47929	VG
47930	VG
47931	VG
47932	VG
47933	VG
47934	VG
47935	VG
47936	VG
47937	VG
47938	VG
47939	VG
47940	VG
47941	VG
47942	VG
47943	VG
47944	VG
47945	VG
47946	VG
47947	VG
47948	VG
47949	VG
47950	VG
47951	VG
47952	VG
47953	VG
47954	VG
47955	VG
47956	VG
47957	VG
47958	VG
47959	VG
47960	VG
47961	VG
47962	VG
47963	VG
47964	VG
47965	VG
47966	VG
47967	VG
47968	VG
47969	VG
47970	VG
47971	VG
47972	VG
47973	VG
47974	VG
47975	VG
47976	VG
47977	VG
47978	VG
47979	VG
47980	VG
47981	VG
47982	VG
47983	VG
47984	VG
47985	VG
47986	VG
47987	VG
47988	VG
47989	VG
47990	VG
47991	VG
47992	VG
47993	VG
47994	VG
47995	VG
47996	VG
47997	VG
47998	VG
47999	VG
48000	VG
48001	VG
48002	VG
48003	VG
48004	VG
48005	VG
48006	VG
48007	VG
48008	VG
48009	VG
48010	VG
48011	VG
48012	VG
48013	VG
48014	VG
48015	VG
48016	VG
48017	VG
48018	VG
48019	VG
48020	VG
48021	VG
48022	VG
48023	VG
48024	VG
48025	VG
48026	VG
48027	VG
48028	VG
48029	VG
48030	VG
48031	VG
48032	VG
48033	VG
48034	VG
48035	VG
48036	VG
48037	VG
48038	VG
48039	VG
48040	VG
48041	VG
48042	VG
48043	VG
48044	VG
48045	VG
48046	VG
48047	VG
48048	VG
48049	VG
48050	VG
48051	VG
48052	VG
48053	VG
48054	VG
48055	VG
48056	VG
48057	VG
48058	VG
48059	VG
48060	VG
48061	VG
48062	VG
48063	VG
48064	VG
48065	VG
48066	VG
48067	VG
48068	VG
48069	VG
48070	VG
48071	VG
48072	VG
48073	VG
48074	VG
48075	VG
48076	VG
48077	VG
48078	VG
48079	VG
48080	VG
48081	VG
48082	VG
48083	VG
48084	VG
48085	VG
48086	VG
48087	VG
48088	VG
48089	VG
48090	VG
48091	VG
48092	VG
48093	VG
48094	VG
48095	VG
48096	VG
48097	VG
48098	VG
48099	VG
48100	VG
48101	VG
48102	VG
48103	VG
48104	VG
48105	VG
48106	VG
48107	VG
48108	VG
48109	VG
48110	VG
48111	VG
48112	VG
48113	VG
48114	VG
48115	VG
48116	VG
48117	VG
48118	VG
48119	VG
48120	VG
48121	VG
48122	VG
48123	VG
48124	VG
48125	VG
48126	VG
48127	VG
48128	VG
48129	VG
48130	VG
48131	VG
48132	VG
48133	VG
48134	VG
48135	VG
48136	VG
48137	VG
48138	VG
48139	VG
48140	VG
48141	VG
48142	VG
48143	VG
48144	VG
48145	VG
48146	VG
48147	VG
48148	VG
48149	VG
48150	VG
48151	VG
48152	VG
48153	VG
48154	VG
48155	VG
48156	VG
48157	VG
48158	VG
48159	VG
48160	VG
48161	VG
48162	VG
48163	VG
48164	VG
48165	VG
48166	VG
48167	VG
48168	VG
48169	VG
48170	VG
48171	VG
48172	VG
48173	VG
48174	VG
48175	VG
48176	VG
48177	VG
48178	VG
48179	VG
48180	VG
48181	VG
48182	VG
48183	VG
48184	VG
48185	VG
48186	VG
48187	VG
48188	VG
48189	VG
48190	VG
48191	VG
48192	VG
48193	VG
48194	VG
48195	VG
48196	VG
48197	VG
48198	VG
48199	VG
48200	VG
48201	VG
48202	VG
48203	VG
48204	VG
48205	VG
48206	VG
48207	VG
48208	VG
48209	VG
48210	VG
48211	VG
48212	VG
48213	VG
48214	VG
48215	VG
48216	VG
48217	VG
48218	VG
48219	VG
48220	VG
48221	VG
48222	VG
48223	VG
48224	VG
48225	VG
48226	VG
48227	VG
48228	VG
48229	VG
48230	VG
48231	VG
48232	VG
48233	VG
48234	VG
48235	VG
48236	VG
48237	VG
48238	VG
48239	VG
48240	VG
48241	VG
48242	VG
48243	VG
48244	VG
48245	VG
48246	VG
48247	VG
48248	VG
48249	VG
48250	VG
48251	VG
48252	VG
48253	VG
48254	VG
48255	VG
48256	VG
48257	VG
48258	VG
48259	VG
48260	VG
48261	VG
48262	VG
48263	VG
48264	VG
48265	VG
48266	VG
48267	VG
48268	VG
48269	VG
48270	VG
48271	VG
48272	VG
48273	VG
48274	VG
48275	VG
48276	VG
48277	VG
48278	VG
48279	VG
48280	VG
48281	VG
48282	VG
48283	VG
48284	VG
48285	VG
48286	VG
48287	VG
48288	VG
48289	VG
48290	VG
48291	VG
48292	VG
48293	VG
48294	VG
48295	VG
48296	VG
48297	VG
48298	VG
48299	VG
48300	VG
48301	VG
48302	VG
48303	VG
48304	VG
48305	VG
48306	VG
48307	VG
48308	VG
48309	VG
48310	VG
48311	VG
48312	VG
48313	VG
48314	VG
48315	VG
48316	VG
48317	VG
48318	VG
48319	VG
48320	VG
48321	VG
48322	VG
48323	VG
48324	VG
48325	VG
48326	VG
48327	VG
48328	VG
48329	VG
48330	VG
48331	VG
48332	VG
48333	VG
48334	VG
48335	VG
48336	VG
48337	VG
48338	VG
48339	VG
48340	VG
48341	VG
48342	VG
48343	VG
48344	VG
48345	VG
48346	VG
48347	VG
48348	VG
48349	VG
48350	VG
48351	VG
48352	VG
48353	VG
48354	VG
48355	VG
48356	VG
48357	VG
48358	VG
48359	VG
48360	VG
48361	VG
48362	VG
48363	VG
48364	VG
48365	VG
48366	VG
48367	VG
48368	VG
48369	VG
48370	VG
48371	VG
48372	VG
48373	VG
48374	VG
48375	VG
48376	VG
48377	VG
48378	VG
48379	VG
48380	VG
48381	VG
48382	VG
48383	VG
48384	VG
48385	VG
48386	VG
48387	VG
48388	VG
48389	VG
48390	VG
48391	VG
48392	VG
48393	VG
48394	VG
48395	VG
48396	VG
48397	VG
48398	VG
48399	VG
48400	VG
48401	VG
48402	VG
48403	VG
48404	VG
48405	VG
48406	VG
48407	VG
48408	VG
48409	VG
48410	VG
48411	VG
48412	VG
48413	VG
48414	VG
48415	VG
48416	VG
48417	VG
48418	VG
48419	VG
48420	VG
48421	VG
48422	VG
48423	VG
48424	VG
48425	VG
48426	VG
48427	VG
48428	VG
48429	VG
48430	VG
48431	VG
48432	VG
48433	VG
48434	VG
48435	VG
48436	VG
48437	VG
48438	VG
48439	VG
48440	VG
48441	VG
48442	VG
48443	VG
48444	VG
48445	VG
48446	VG
48447	VG
48448	VG
48449	VG
48450	VG
48451	VG
48452	VG
48453	VG
48454	VG
48455	VG
48456	VG
48457	VG
48458	VG
48459	VG
48460	VG
48461	VG
48462	VG
48463	VG
48464	VG
48465	VG
48466	VG
48467	VG
48468	VG
48469	VG
48470	VG
48471	VG
48472	VG
48473	VG
48474	VG
48475	VG
48476	VG
48477	VG
48478	VG
48479	VG
48480	VG
48481	VG
48482	VG
48483	VG
48484	VG
48485	VG
48486	VG
48487	VG
48488	VG
48489	VG
48490	VG
48491	VG
48492	VG
48493	VG
48494	VG
48495	VG
48496	VG
48497	VG
48498	VG
48499	VG
48500	VG
48501	VG
48502	VG
48503	VG
48504	VG
48505	VG
48506	VG
48507	VG
48508	VG
48509	VG
48510	VG
48511	VG
48512	VG
48513	VG
48514	VG
48515	VG
48516	VG
48517	VG
48518	VG
48519	VG
48520	VG
48521	VG
48522	VG
48523	VG
48524	VG
48525	VG
48526	VG
48527	VG
48528	VG
48529	VG
48530	VG
48531	VG
48532	VG
48533	VG
48534	VG
48535	VG
48536	VG
48537	VG
48538	VG
48539	VG
48540	VG
48541	VG
48542	VG
48543	VG
48544	VG
48545	VG
48546	VG
48547	VG
48548	VG
48549	VG
48550	VG
48551	VG
48552	VG
48553	VG
48554	VG
48555	VG
48556	VG
48557	VG
48558	VG
48559	VG
48560	VG
48561	VG
48562	VG
48563	VG
48564	VG
48565	VG
48566	VG
48567	VG
48568	VG
48569	VG
48570	VG
48571	VG
48572	VG
48573	VG
48574	VG
48575	VG
48576	VG
48577	VG
48578	VG
48579	VG
48580	VG
48581	VG
48582	VG
48583	VG
48584	VG
48585	VG
48586	VG
48587	VG
48588	VG
48589	VG
48590	VG
48591	VG
48592	VG
48593	VG
48594	VG
48595	VG
48596	VG
48597	VG
48598	VG
48599	VG
48600	VG
48601	VG
48602	VG
48603	VG
48604	VG
48605	VG
48606	VG
48607	VG
48608	VG
48609	VG
48610	VG
48611	VG
48612	VG
48613	VG
48614	VG
48615	VG
48616	VG
48617	VG
48618	VG
48619	VG
48620	VG
48621	VG
48622	VG
48623	VG
48624	VG
48625	VG
48626	VG
48627	VG
48628	VG
48629	VG
48630	VG
48631	VG
48632	VG
48633	VG
48634	VG
48635	VG
48636	VG
48637	VG
48638	VG
48639	VG
48640	VG
48641	VG
48642	VG
48643	VG
48644	VG
48645	VG
48646	VG
48647	VG
48648	VG
48649	VG
48650	VG
48651	VG
48652	VG
48653	VG
48654	VG
48655	VG
48656	VG
48657	VG
48658	VG
48659	VG
48660	VG
48661	VG
48662	VG
48663	VG
48664	VG
48665	VG
48666	VG
48667	VG
48668	VG
48669	VG
48670	VG
48671	VG
48672	VG
48673	VG
48674	VG
48675	VG
48676	VG
48677	VG
48678	VG
48679	VG
48680	VG
48681	VG
48682	VG
48683	VG
48684	VG
48685	VG
48686	VG
48687	VG
48688	VG
48689	VG
48690	VG
48691	VG
48692	VG
48693	VG
48694	VG
48695	VG
48696	VG
48697	VG
48698	VG
48699	VG
48700	VG
48701	VG
48702	VG
48703	VG
48704	VG
48705	VG
48706	VG
48707	VG
48708	VG
48709	VG
48710	VG
48711	VG
48712	VG
48713	VG
48714	VG
48715	VG
48716	VG
48717	VG
48718	VG
48719	VG
48720	VG
48721	VG
48722	VG
48723	VG
48724	VG
48725	VG
48726	VG
48727	VG
48728	VG
48729	VG
48730	VG
48731	VG
48732	VG
48733	VG
48734	VG
48735	VG
48736	VG
48737	VG
48738	VG
48739	VG
48740	VG
48741	VG
48742	VG
48743	VG
48744	VG
48745	VG
48746	VG
48747	VG
48748	VG
48749	VG
48750	VG
48751	VG
48752	VG
48753	VG
48754	VG
48755	VG
48756	VG
48757	VG
48758	VG
48759	VG
48760	VG
48761	VG
48762	VG
48763	VG
48764	VG
48765	VG
48766	VG
48767	VG
48768	VG
48769	VG
48770	VG
48771	VG
48772	VG
48773	VG
48774	VG
48775	VG
48776	VG
48777	VG
48778	VG
48779	VG
48780	VG
48781	VG
48782	VG
48783	VG
48784	VG
48785	VG
48786	VG
48787	VG
48788	VG
48789	VG
48790	VG
48791	VG
48792	VG
48793	VG
48794	VG
48795	VG
48796	VG
48797	VG
48798	VG
48799	VG
48800	VG
48801	VG
48802	VG
48803	VG
48804	VG
48805	VG
48806	VG
48807	VG
48808	VG
48809	VG
48810	VG
48811	VG
48812	VG
48813	VG
48814	VG
48815	VG
48816	VG
48817	VG
48818	VG
48819	VG
48820	VG
48821	VG
48822	VG
48823	VG
48824	VG
48825	VG
48826	VG
48827	VG
48828	VG
48829	VG
48830	VG
48831	VG
48832	VG
48833	VG
48834	VG
48835	VG
48836	VG
48837	VG
48838	VG
48839	VG
48840	VG
48841	VG
48842	VG
48843	VG
48844	VG
48845	VG
48846	VG
48847	VG
48848	VG
48849	VG
48850	VG
48851	VG
48852	VG
48853	VG
48854	VG
48855	VG
48856	VG
48857	VG
48858	VG
48859	VG
48860	VG
48861	VG
48862	VG
48863	VG
48864	VG
48865	VG
48866	VG
48867	VG
48868	VG
48869	VG
48870	VG
48871	VG
48872	VG
48873	VG
48874	VG
48875	VG
48876	VG
48877	VG
48878	VG
48879	VG
48880	VG
48881	VG
48882	VG
48883	VG
48884	VG
48885	VG
48886	VG
48887	VG
48888	VG
48889	VG
48890	VG
48891	VG
48892	VG
48893	VG
48894	VG
48895	VG
48896	VG
48897	VG
48898	VG
48899	VG
48900	VG
48901	VG
48902	VG
48903	VG
48904	VG
48905	VG
48906	VG
48907	VG
48908	VG
48909	VG
48910	VG
48911	VG
48912	VG
48913	VG
48914	VG
48915	VG
48916	VG
48917	VG
48918	VG
48919	VG
48920	VG
48921	VG
48922	VG
48923	VG
48924	VG
48925	VG
48926	VG
48927	VG
48928	VG
48929	VG
48930	VG
48931	VG
48932	VG
48933	VG
48934	VG
48935	VG
48936	VG
48937	VG
48938	VG
48939	VG
48940	VG
48941	VG
48942	VG
48943	VG
48944	VG
48945	VG
48946	VG
48947	VG
48948	VG
48949	VG
48950	VG
48951	VG
48952	VG
48953	VG
48954	VG
48955	VG
48956	VG
48957	VG
48958	VG
48959	VG
48960	VG
48961	VG
48962	VG
48963	VG
48964	VG
48965	VG
48966	VG
48967	VG
48968	VG
48969	VG
48970	VG
48971	VG
48972	VG
48973	VG
48974	VG
48975	VG
48976	VG
48977	VG
48978	VG
48979	VG
48980	VG
48981	VG
48982	VG
48983	VG
48984	VG
48985	VG
48986	VG
48987	VG
48988	VG
48989	VG
48990	VG
48991	VG
48992	VG
48993	VG
48994	VG
48995	VG
48996	VG
48997	VG
48998	VG
48999	VG
49000	VG
49001	VG
49002	VG
49003	VG
49004	VG
49005	VG
49006	VG
49007	VG
49008	VG
49009	VG
49010	VG
49011	VG
49012	VG
49013	VG
49014	VG
49015	VG
49016	VG
49017	VG
49018	VG
49019	VG
49020	VG
49021	VG
49022	VG
49023	VG
49024	VG
49025	VG
49026	VG
49027	VG
49028	VG
49029	VG
49030	VG
49031	VG
49032	VG
49033	VG
49034	VG
49035	VG
49036	VG
49037	VG
49038	VG
49039	VG
49040	VG
49041	VG
49042	VG
49043	VG
49044	VG
49045	VG
49046	VG
49047	VG
49048	VG
49049	VG
49050	VG
49051	VG
49052	VG
49053	VG
49054	VG
49055	VG
49056	VG
49057	VG
49058	VG
49059	VG
49060	VG
49061	VG
49062	VG
49063	VG
49064	VG
49065	VG
49066	VG
49067	VG
49068	VG
49069	VG
49070	VG
49071	VG
49072	VG
49073	VG
49074	VG
49075	VG
49076	VG
49077	VG
49078	VG
49079	VG
49080	VG
49081	VG
49082	VG
49083	VG
49084	VG
49085	VG
49086	VG
49087	VG
49088	VG
49089	VG
49090	VG
49091	VG
49092	VG
49093	VG
49094	VG
49095	VG
49096	VG
49097	VG
49098	VG
49099	VG
49100	VG
49101	VG
49102	VG
49103	VG
49104	VG
49105	VG
49106	VG
49107	VG
49108	VG
49109	VG
49110	VG
49111	VG
49112	VG
49113	VG
49114	VG
49115	VG
49116	VG
49117	VG
49118	VG
49119	VG
49120	VG
49121	VG
49122	VG
49123	VG
49124	VG
49125	VG
49126	VG
49127	VG
49128	VG
49129	VG
49130	VG
49131	VG
49132	VG
49133	VG
49134	VG
49135	VG
49136	VG
49137	VG
49138	VG
49139	VG
49140	VG
49141	VG
49142	VG
49143	VG
49144	VG
49145	VG
49146	VG
49147	VG
49148	VG
49149	VG
49150	VG
49151	VG
49152	VG
49153	VG
49154	VG
49155	VG
49156	VG
49157	VG
49158	VG
49159	VG
49160	VG
49161	VG
49162	VG
49163	VG
49164	VG
49165	VG
49166	VG
49167	VG
49168	VG
49169	VG
49170	VG
49171	VG
49172	VG
49173	VG
49174	VG
49175	VG
49176	VG
49177	VG
49178	VG
49179	VG
49180	VG
49181	VG
49182	VG
49183	VG
49184	VG
49185	VG
49186	VG
49187	VG
49188	VG
49189	VG
49190	VG
49191	VG
49192	VG
49193	VG
49194	VG
49195	VG
49196	VG
49197	VG
49198	VG
49199	VG
49200	VG
49201	VG
49202	VG
49203	VG
49204	VG
49205	VG
49206	VG
49207	VG
49208	VG
49209	VG
49210	VG
49211	VG
49212	VG
49213	VG
49214	VG
49215	VG
49216	VG
49217	VG
49218	VG
49219	VG
49220	VG
49221	VG
49222	VG
49223	VG
49224	VG
49225	VG
49226	VG
49227	VG
49228	VG
49229	VG
49230	VG
49231	VG
49232	VG
49233	VG
49234	VG
49235	VG
49236	VG
49237	VG
49238	VG
49239	VG
49240	VG
49241	VG
49242	VG
49243	VG
49244	VG
49245	VG
49246	VG
49247	VG
49248	VG
49249	VG
49250	VG
49251	VG
49252	VG
49253	VG
49254	VG
49255	VG
49256	VG
49257	VG
49258	VG
49259	VG
49260	VG
49261	VG
49262	VG
49263	VG
49264	VG
49265	VG
49266	VG
49267	VG
49268	VG
49269	VG
49270	VG
49271	VG
49272	VG
49273	VG
49274	VG
49275	VG
49276	VG
49277	VG
49278	VG
49279	VG
49280	VG
49281	VG
49282	VG
49283	VG
49284	VG
49285	VG
49286	VG
49287	VG
49288	VG
49289	VG
49290	VG
49291	VG
49292	VG
49293	VG
49294	VG
49295	VG
49296	VG
49297	VG
49298	VG
49299	VG
49300	VG
49301	VG
49302	VG
49303	VG
49304	VG
49305	VG
49306	VG
49307	VG
49308	VG
49309	VG
49310	VG
49311	VG
49312	VG
49313	VG
49314	VG
49315	VG
49316	VG
49317	VG
49318	VG
49319	VG
49320	VG
49321	VG
49322	VG
49323	VG
49324	VG
49325	VG
49326	VG
49327	VG
49328	VG
49329	VG
49330	VG
49331	VG
49332	VG
49333	VG
49334	VG
49335	VG
49336	VG
49337	VG
49338	VG
49339	VG
49340	VG
49341	VG
49342	VG
49343	VG
49344	VG
49345	VG
49346	VG
49347	VG
49348	VG
49349	VG
49350	VG
49351	VG
49352	VG
49353	VG
49354	VG
49355	VG
49356	VG
49357	VG
49358	VG
49359	VG
49360	VG
49361	VG
49362	VG
49363	VG
49364	VG
49365	VG
49366	VG
49367	VG
49368	VG
49369	VG
49370	VG
49371	VG
49372	VG
49373	VG
49374	VG
49375	VG
49376	VG
49377	VG
49378	VG
49379	VG
49380	VG
49381	VG
49382	VG
49383	VG
49384	VG
49385	VG
49386	VG
49387	VG
49388	VG
49389	VG
49390	VG
49391	VG
49392	VG
49393	VG
49394	VG
49395	VG
49396	VG
49397	VG
49398	VG
49399	VG
49400	VG
49401	VG
49402	VG
49403	VG
49404	VG
49405	VG
49406	VG
49407	VG
49408	VG
49409	VG
49410	VG
49411	VG
49412	VG
49413	VG
49414	VG
49415	VG
49416	VG
49417	VG
49418	VG
49419	VG
49420	VG
49421	VG
49422	VG
49423	VG
49424	VG
49425	VG
49426	VG
49427	VG
49428	VG
49429	VG
49430	VG
49431	VG
49432	VG
49433	VG
49434	VG
49435	VG
49436	VG
49437	VG
49438	VG
49439	VG
49440	VG
49441	VG
49442	VG
49443	VG
49444	VG
49445	VG
49446	VG
49447	VG
49448	VG
49449	VG
49450	VG
49451	VG
49452	VG
49453	VG
49454	VG
49455	VG
49456	VG
49457	VG
49458	VG
49459	VG
49460	VG
49461	VG
49462	VG
49463	VG
49464	VG
49465	VG
49466	VG
49467	VG
49468	VG
49469	VG
49470	VG
49471	VG
49472	VG
49473	VG
49474	VG
49475	VG
49476	VG
49477	VG
49478	VG
49479	VG
49480	VG
49481	VG
49482	VG
49483	VG
49484	VG
49485	VG
49486	VG
49487	VG
49488	VG
49489	VG
49490	VG
49491	VG
49492	VG
49493	VG
49494	VG
49495	VG
49496	VG
49497	VG
49498	VG
49499	VG
49500	VG
49501	VG
49502	VG
49503	VG
49504	VG
49505	VG
49506	VG
49507	VG
49508	VG
49509	VG
49510	VG
49511	VG
49512	VG
49513	VG
49514	VG
49515	VG
49516	VG
49517	VG
49518	VG
49519	VG
49520	VG
49521	VG
49522	VG
49523	VG
49524	VG
49525	VG
49526	VG
49527	VG
49528	VG
49529	VG
49530	VG
49531	VG
49532	VG
49533	VG
49534	VG
49535	VG
49536	VG
49537	VG
49538	VG
49539	VG
49540	VG
49541	VG
49542	VG
49543	VG
49544	VG
49545	VG
49546	VG
49547	VG
49548	VG
49549	VG
49550	VG
49551	VG
49552	VG
49553	VG
49554	VG
49555	VG
49556	VG
49557	VG
49558	VG
49559	VG
49560	VG
49561	VG
49562	VG
49563	VG
49564	VG
49565	VG
49566	VG
49567	VG
49568	VG
49569	VG
49570	VG
49571	VG
49572	VG
49573	VG
49574	VG
49575	VG
49576	VG
49577	VG
49578	VG
49579	VG
49580	VG
49581	VG
49582	VG
49583	VG
49584	VG
49585	VG
49586	VG
49587	VG
49588	VG
49589	VG
49590	VG
49591	VG
49592	VG
49593	VG
49594	VG
49595	VG
49596	VG
49597	VG
49598	VG
49599	VG
49600	VG
49601	VG
49602	VG
49603	VG
49604	VG
49605	VG
49606	VG
49607	VG
49608	VG
49609	VG
49610	VG
49611	VG
49612	VG
49613	VG
49614	VG
49615	VG
49616	VG
49617	VG
49618	VG
49619	VG
49620	VG
49621	VG
49622	VG
49623	VG
49624	VG
49625	VG
49626	VG
49627	VG
49628	VG
49629	VG
49630	VG
49631	VG
49632	VG
49633	VG
49634	VG
49635	VG
49636	VG
49637	VG
49638	VG
49639	VG
49640	VG
49641	VG
49642	VG
49643	VG
49644	VG
49645	VG
49646	VG
49647	VG
49648	VG
49649	VG
49650	VG
49651	VG
49652	VG
49653	VG
49654	VG
49655	VG
49656	VG
49657	VG
49658	VG
49659	VG
49660	VG
49661	VG
49662	VG
49663	VG
49664	VG
49665	VG
49666	VG
49667	VG
49668	VG
49669	VG
49670	VG
49671	VG
49672	VG
49673	VG
49674	VG
49675	VG
49676	VG
49677	VG
49678	VG
49679	VG
49680	VG
49681	VG
49682	VG
49683	VG
49684	VG
49685	VG
49686	VG
49687	VG
49688	VG
49689	VG
49690	VG
49691	VG
49692	VG
49693	VG
49694	VG
49695	VG
49696	VG
49697	VG
49698	VG
49699	VG
49700	VG
49701	VG
49702	VG
49703	VG
49704	VG
49705	VG
49706	VG
49707	VG
49708	VG
49709	VG
49710	VG
49711	VG
49712	VG
49713	VG
49714	VG
49715	VG
49716	VG
49717	VG
49718	VG
49719	VG
49720	VG
49721	VG
49722	VG
49723	VG
49724	VG
49725	VG
49726	VG
49727	VG
49728	VG
49729	VG
49730	VG
49731	VG
49732	VG
49733	VG
49734	VG
49735	VG
49736	VG
49737	VG
49738	VG
49739	VG
49740	VG
49741	VG
49742	VG
49743	VG
49744	VG
49745	VG
49746	VG
49747	VG
49748	VG
49749	VG
49750	VG
49751	VG
49752	VG
49753	VG
49754	VG
49755	VG
49756	VG
49757	VG
49758	VG
49759	VG
49760	VG
49761	VG
49762	VG
49763	VG
49764	VG
49765	VG
49766	VG
49767	VG
49768	VG
49769	VG
49770	VG
49771	VG
49772	VG
49773	VG
49774	VG
49775	VG
49776	VG
49777	VG
49778	VG
49779	VG
49780	VG
49781	VG
49782	VG
49783	VG
49784	VG
49785	VG
49786	VG
49787	VG
49788	VG
49789	VG
49790	VG
49791	VG
49792	VG
49793	VG
49794	VG
49795	VG
49796	VG
49797	VG
49798	VG
49799	VG
49800	VG
49801	VG
49802	VG
49803	VG
49804	VG
49805	VG
49806	VG
49807	VG
49808	VG
49809	VG
49810	VG
49811	VG
49812	VG
49813	VG
49814	VG
49815	VG
49816	VG
49817	VG
49818	VG
49819	VG
49820	VG
49821	VG
49822	VG
49823	VG
49824	VG
49825	VG
49826	VG
49827	VG
49828	VG
49829	VG
49830	VG
49831	VG
49832	VG
49833	VG
49834	VG
49835	VG
49836	VG
49837	VG
49838	VG
49839	VG
49840	VG
49841	VG
49842	VG
49843	VG
49844	VG
49845	VG
49846	VG
49847	VG
49848	VG
49849	VG
49850	VG
49851	VG
49852	VG
49853	VG
49854	VG
49855	VG
49856	VG
49857	VG
49858	VG
49859	VG
49860	VG
49861	VG
49862	VG
49863	VG
49864	VG
49865	VG
49866	VG
49867	VG
49868	VG
49869	VG
49870	VG
49871	VG
49872	VG
49873	VG
49874	VG
49875	VG
49876	VG
49877	VG
49878	VG
49879	VG
49880	VG
49881	VG
49882	VG
49883	VG
49884	VG
49885	VG
49886	VG
49887	VG
49888	VG
49889	VG
49890	VG
49891	VG
49892	VG
49893	VG
49894	VG
49895	VG
49896	VG
49897	VG
49898	VG
49899	VG
49900	VG
49901	VG
49902	VG
49903	VG
49904	VG
49905	VG
49906	VG
49907	VG
49908	VG
49909	VG
49910	VG
49911	VG
49912	VG
49913	VG
49914	VG
49915	VG
49916	VG
49917	VG
49918	VG
49919	VG
49920	VG
49921	VG
49922	VG
49923	VG
49924	VG
49925	VG
49926	VG
49927	VG
49928	VG
49929	VG
49930	VG
49931	VG
49932	VG
49933	VG
49934	VG
49935	VG
49936	VG
49937	VG
49938	VG
49939	VG
49940	VG
49941	VG
49942	VG
49943	VG
49944	VG
49945	VG
49946	VG
49947	VG
49948	VG
49949	VG
49950	VG
49951	VG
49952	VG
49953	VG
49954	VG
49955	VG
49956	VG
49957	VG
49958	VG
49959	VG
49960	VG
49961	VG
49962	VG
49963	VG
49964	VG
49965	VG
49966	VG
49967	VG
49968	VG
49969	VG
49970	VG
49971	VG
49972	VG
49973	VG
49974	VG
49975	VG
49976	VG
49977	VG
49978	VG
49979	VG
49980	VG
49981	VG
49982	VG
49983	VG
49984	VG
49985	VG
49986	VG
49987	VG
49988	VG
49989	VG
49990	VG
49991	VG
49992	VG
49993	VG
49994	VG
49995	VG
49996	VG
49997	VG
49998	VG
49999	VG
50000	VG
50001	VG
50002	VG
50003	VG
50004	VG
50005	VG
50006	VG
50007	VG
50008	VG
50009	VG
50010	VG
50011	VG
50012	VG
50013	VG
50014	VG
50015	VG
50016	VG
50017	VG
50018	VG
50019	VG
50020	VG
50021	VG
50022	VG
50023	VG
50024	VG
50025	VG
50026	VG
50027	VG
50028	VG
50029	VG
50030	VG
50031	VG
50032	VG
50033	VG
50034	VG
50035	VG
50036	VG
50037	VG
50038	VG
50039	VG
50040	VG
50041	VG
50042	VG
50043	VG
50044	VG
50045	VG
50046	VG
50047	VG
50048	VG
50049	VG
50050	VG
50051	VG
50052	VG
50053	VG
50054	VG
50055	VG
50056	VG
50057	VG
50058	VG
50059	VG
50060	VG
50061	VG
50062	VG
50063	VG
50064	VG
50065	VG
50066	VG
50067	VG
50068	VG
50069	VG
50070	VG
50071	VG
50072	VG
50073	VG
50074	VG
50075	VG
50076	VG
50077	VG
50078	VG
50079	VG
50080	VG
50081	VG
50082	VG
50083	VG
50084	VG
50085	VG
50086	VG
50087	VG
50088	VG
50089	VG
50090	VG
50091	VG
50092	VG
50093	VG
50094	VG
50095	VG
50096	VG
50097	VG
50098	VG
50099	VG
50100	VG
50101	VG
50102	VG
50103	VG
50104	VG
50105	VG
50106	VG
50107	VG
50108	VG
50109	VG
50110	VG
50111	VG
50112	VG
50113	VG
50114	VG
50115	VG
50116	VG
50117	VG
50118	VG
50119	VG
50120	VG
50121	VG
50122	VG
50123	VG
50124	VG
50125	VG
50126	VG
50127	VG
50128	VG
50129	VG
50130	VG
50131	VG
50132	VG
50133	VG
50134	VG
50135	VG
50136	VG
50137	VG
50138	VG
50139	VG
50140	VG
50141	VG
50142	VG
50143	VG
50144	VG
50145	VG
50146	VG
50147	VG
50148	VG
50149	VG
50150	VG
50151	VG
50152	VG
50153	VG
50154	VG
50155	VG
50156	VG
50157	VG
50158	VG
50159	VG
50160	VG
50161	VG
50162	VG
50163	VG
50164	VG
50165	VG
50166	VG
50167	VG
50168	VG
50169	VG
50170	VG
50171	VG
50172	VG
50173	VG
50174	VG
50175	VG
50176	VG
50177	VG
50178	VG
50179	VG
50180	VG
50181	VG
50182	VG
50183	VG
50184	VG
50185	VG
50186	VG
50187	VG
50188	VG
50189	VG
50190	VG
50191	VG
50192	VG
50193	VG
50194	VG
50195	VG
50196	VG
50197	VG
50198	VG
50199	VG
50200	VG
50201	VG
50202	VG
50203	VG
50204	VG
50205	VG
50206	VG
50207	VG
50208	VG
50209	VG
50210	VG
50211	VG
50212	VG
50213	VG
50214	VG
50215	VG
50216	VG
50217	VG
50218	VG
50219	VG
50220	VG
50221	VG
50222	VG
50223	VG
50224	VG
50225	VG
50226	VG
50227	VG
50228	VG
50229	VG
50230	VG
50231	VG
50232	VG
50233	VG
50234	VG
50235	VG
50236	VG
50237	VG
50238	VG
50239	VG
50240	VG
50241	VG
50242	VG
50243	VG
50244	VG
50245	VG
50246	VG
50247	VG
50248	VG
50249	VG
50250	VG
50251	VG
50252	VG
50253	VG
50254	VG
50255	VG
50256	VG
50257	VG
50258	VG
50259	VG
50260	VG
50261	VG
50262	VG
50263	VG
50264	VG
50265	VG
50266	VG
50267	VG
50268	VG
50269	VG
50270	VG
50271	VG
50272	VG
50273	VG
50274	VG
50275	VG
50276	VG
50277	VG
50278	VG
50279	VG
50280	VG
50281	VG
50282	VG
50283	VG
50284	VG
50285	VG
50286	VG
50287	VG
50288	VG
50289	VG
50290	VG
50291	VG
50292	VG
50293	VG
50294	VG
50295	VG
50296	VG
50297	VG
50298	VG
50299	VG
50300	VG
50301	VG
50302	VG
50303	VG
50304	VG
50305	VG
50306	VG
50307	VG
50308	VG
50309	VG
50310	VG
50311	VG
50312	VG
50313	VG
50314	VG
50315	VG
50316	VG
50317	VG
50318	VG
50319	VG
50320	VG
50321	VG
50322	VG
50323	VG
50324	VG
50325	VG
50326	VG
50327	VG
50328	VG
50329	VG
50330	VG
50331	VG
50332	VG
50333	VG
50334	VG
50335	VG
50336	VG
50337	VG
50338	VG
50339	VG
50340	VG
50341	VG
50342	VG
50343	VG
50344	VG
50345	VG
50346	VG
50347	VG
50348	VG
50349	VG
50350	VG
50351	VG
50352	VG
50353	VG
50354	VG
50355	VG
50356	VG
50357	VG
50358	VG
50359	VG
50360	VG
50361	VG
50362	VG
50363	VG
50364	VG
50365	VG
50366	VG
50367	VG
50368	VG
50369	VG
50370	VG
50371	VG
50372	VG
50373	VG
50374	VG
50375	VG
50376	VG
50377	VG
50378	VG
50379	VG
50380	VG
50381	VG
50382	VG
50383	VG
50384	VG
50385	VG
50386	VG
50387	VG
50388	VG
50389	VG
50390	VG
50391	VG
50392	VG
50393	VG
50394	VG
50395	VG
50396	VG
50397	VG
50398	VG
50399	VG
50400	VG
50401	VG
50402	VG
50403	VG
50404	VG
50405	VG
50406	VG
50407	VG
50408	VG
50409	VG
50410	VG
50411	VG
50412	VG
50413	VG
50414	VG
50415	VG
50416	VG
50417	VG
50418	VG
50419	VG
50420	VG
50421	VG
50422	VG
50423	VG
50424	VG
50425	VG
50426	VG
50427	VG
50428	VG
50429	VG
50430	VG
50431	VG
50432	VG
50433	VG
50434	VG
50435	VG
50436	VG
50437	VG
50438	VG
50439	VG
50440	VG
50441	VG
50442	VG
50443	VG
50444	VG
50445	VG
50446	VG
50447	VG
50448	VG
50449	VG
50450	VG
50451	VG
50452	VG
50453	VG
50454	VG
50455	VG
50456	VG
50457	VG
50458	VG
50459	VG
50460	VG
50461	VG
50462	VG
50463	VG
50464	VG
50465	VG
50466	VG
50467	VG
50468	VG
50469	VG
50470	VG
50471	VG
50472	VG
50473	VG
50474	VG
50475	VG
50476	VG
50477	VG
50478	VG
50479	VG
50480	VG
50481	VG
50482	VG
50483	VG
50484	VG
50485	VG
50486	VG
50487	VG
50488	VG
50489	VG
50490	VG
50491	VG
50492	VG
50493	VG
50494	VG
50495	VG
50496	VG
50497	VG
50498	VG
50499	VG
50500	VG
50501	VG
50502	VG
50503	VG
50504	VG
50505	VG
50506	VG
50507	VG
50508	VG
50509	VG
50510	VG
50511	VG
50512	VG
50513	VG
50514	VG
50515	VG
50516	VG
50517	VG
50518	VG
50519	VG
50520	VG
50521	VG
50522	VG
50523	VG
50524	VG
50525	VG
50526	VG
50527	VG
50528	VG
50529	VG
50530	VG
50531	VG
50532	VG
50533	VG
50534	VG
50535	VG
50536	VG
50537	VG
50538	VG
50539	VG
50540	VG
50541	VG
50542	VG
50543	VG
50544	VG
50545	VG
50546	VG
50547	VG
50548	VG
50549	VG
50550	VG
50551	VG
50552	VG
50553	VG
50554	VG
50555	VG
50556	VG
50557	VG
50558	VG
50559	VG
50560	VG
50561	VG
50562	VG
50563	VG
50564	VG
50565	VG
50566	VG
50567	VG
50568	VG
50569	VG
50570	VG
50571	VG
50572	VG
50573	VG
50574	VG
50575	VG
50576	VG
50577	VG
50578	VG
50579	VG
50580	VG
50581	VG
50582	VG
50583	VG
50584	VG
50585	VG
50586	VG
50587	VG
50588	VG
50589	VG
50590	VG
50591	VG
50592	VG
50593	VG
50594	VG
50595	VG
50596	VG
50597	VG
50598	VG
50599	VG
50600	VG
50601	VG
50602	VG
50603	VG
50604	VG
50605	VG
50606	VG
50607	VG
50608	VG
50609	VG
50610	VG
50611	VG
50612	VG
50613	VG
50614	VG
50615	VG
50616	VG
50617	VG
50618	VG
50619	VG
50620	VG
50621	VG
50622	VG
50623	VG
50624	VG
50625	VG
50626	VG
50627	VG
50628	VG
50629	VG
50630	VG
50631	VG
50632	VG
50633	VG
50634	VG
50635	VG
50636	VG
50637	VG
50638	VG
50639	VG
50640	VG
50641	VG
50642	VG
50643	VG
50644	VG
50645	VG
50646	VG
50647	VG
50648	VG
50649	VG
50650	VG
50651	VG
50652	VG
50653	VG
50654	VG
50655	VG
50656	VG
50657	VG
50658	VG
50659	VG
50660	VG
50661	VG
50662	VG
50663	VG
50664	VG
50665	VG
50666	VG
50667	VG
50668	VG
50669	VG
50670	VG
50671	VG
50672	VG
50673	VG
50674	VG
50675	VG
50676	VG
50677	VG
50678	VG
50679	VG
50680	VG
50681	VG
50682	VG
50683	VG
50684	VG
50685	VG
50686	VG
50687	VG
50688	VG
50689	VG
50690	VG
50691	VG
50692	VG
50693	VG
50694	VG
50695	VG
50696	VG
50697	VG
50698	VG
50699	VG
50700	VG
50701	VG
50702	VG
50703	VG
50704	VG
50705	VG
50706	VG
50707	VG
50708	VG
50709	VG
50710	VG
50711	VG
50712	VG
50713	VG
50714	VG
50715	VG
50716	VG
50717	VG
50718	VG
50719	VG
50720	VG
50721	VG
50722	VG
50723	VG
50724	VG
50725	VG
50726	VG
50727	VG
50728	VG
50729	VG
50730	VG
50731	VG
50732	VG
50733	VG
50734	VG
50735	VG
50736	VG
50737	VG
50738	VG
50739	VG
50740	VG
50741	VG
50742	VG
50743	VG
50744	VG
50745	VG
50746	VG
50747	VG
50748	VG
50749	VG
50750	VG
50751	VG
50752	VG
50753	VG
50754	VG
50755	VG
50756	VG
50757	VG
50758	VG
50759	VG
50760	VG
50761	VG
50762	VG
50763	VG
50764	VG
50765	VG
50766	VG
50767	VG
50768	VG
50769	VG
50770	VG
50771	VG
50772	VG
50773	VG
50774	VG
50775	VG
50776	VG
50777	VG
50778	VG
50779	VG
50780	VG
50781	VG
50782	VG
50783	VG
50784	VG
50785	VG
50786	VG
50787	VG
50788	VG
50789	VG
50790	VG
50791	VG
50792	VG
50793	VG
50794	VG
50795	VG
50796	VG
50797	VG
50798	VG
50799	VG
50800	VG
50801	VG
50802	VG
50803	VG
50804	VG
50805	VG
50806	VG
50807	VG
50808	VG
50809	VG
50810	VG
50811	VG
50812	VG
50813	VG
50814	VG
50815	VG
50816	VG
50817	VG
50818	VG
50819	VG
50820	VG
50821	VG
50822	VG
50823	VG
50824	VG
50825	VG
50826	VG
50827	VG
50828	VG
50829	VG
50830	VG
50831	VG
50832	VG
50833	VG
50834	VG
50835	VG
50836	VG
50837	VG
50838	VG
50839	VG
50840	VG
50841	VG
50842	VG
50843	VG
50844	VG
50845	VG
50846	VG
50847	VG
50848	VG
50849	VG
50850	VG
50851	VG
50852	VG
50853	VG
50854	VG
50855	VG
50856	VG
50857	VG
50858	VG
50859	VG
50860	VG
50861	VG
50862	VG
50863	VG
50864	VG
50865	VG
50866	VG
50867	VG
50868	VG
50869	VG
50870	VG
50871	VG
50872	VG
50873	VG
50874	VG
50875	VG
50876	VG
50877	VG
50878	VG
50879	VG
50880	VG
50881	VG
50882	VG
50883	VG
50884	VG
50885	VG
50886	VG
50887	VG
50888	VG
50889	VG
50890	VG
50891	VG
50892	VG
50893	VG
50894	VG
50895	VG
50896	VG
50897	VG
50898	VG
50899	VG
50900	VG
50901	VG
50902	VG
50903	VG
50904	VG
50905	VG
50906	VG
50907	VG
50908	VG
50909	VG
50910	VG
50911	VG
50912	VG
50913	VG
50914	VG
50915	VG
50916	VG
50917	VG
50918	VG
50919	VG
50920	VG
50921	VG
50922	VG
50923	VG
50924	VG
50925	VG
50926	VG
50927	VG
50928	VG
50929	VG
50930	VG
50931	VG
50932	VG
50933	VG
50934	VG
50935	VG
50936	VG
50937	VG
50938	VG
50939	VG
50940	VG
50941	VG
50942	VG
50943	VG
50944	VG
50945	VG
50946	VG
50947	VG
50948	VG
50949	VG
50950	VG
50951	VG
50952	VG
50953	VG
50954	VG
50955	VG
50956	VG
50957	VG
50958	VG
50959	VG
50960	VG
50961	VG
50962	VG
50963	VG
50964	VG
50965	VG
50966	VG
50967	VG
50968	VG
50969	VG
50970	VG
50971	VG
50972	VG
50973	VG
50974	VG
50975	VG
50976	VG
50977	VG
50978	VG
50979	VG
50980	VG
50981	VG
50982	VG
50983	VG
50984	VG
50985	VG
50986	VG
50987	VG
50988	VG
50989	VG
50990	VG
50991	VG
50992	VG
50993	VG
50994	VG
50995	VG
50996	VG
50997	VG
50998	VG
50999	VG
51000	VG
51001	VG
51002	VG
51003	VG
51004	VG
51005	VG
51006	VG
51007	VG
51008	VG
51009	VG
51010	VG
51011	VG
51012	VG
51013	VG
51014	VG
51015	VG
51016	VG
51017	VG
51018	VG
51019	VG
51020	VG
51021	VG
51022	VG
51023	VG
51024	VG
51025	VG
51026	VG
51027	VG
51028	VG
51029	VG
51030	VG
51031	VG
51032	VG
51033	VG
51034	VG
51035	VG
51036	VG
51037	VG
51038	VG
51039	VG
51040	VG
51041	VG
51042	VG
51043	VG
51044	VG
51045	VG
51046	VG
51047	VG
51048	VG
51049	VG
51050	VG
51051	VG
51052	VG
51053	VG
51054	VG
51055	VG
51056	VG
51057	VG
51058	VG
51059	VG
51060	VG
51061	VG
51062	VG
51063	VG
51064	VG
51065	VG
51066	VG
51067	VG
51068	VG
51069	VG
51070	VG
51071	VG
51072	VG
51073	VG
51074	VG
51075	VG
51076	VG
51077	VG
51078	VG
51079	VG
51080	VG
51081	VG
51082	VG
51083	VG
51084	VG
51085	VG
51086	VG
51087	VG
51088	VG
51089	VG
51090	VG
51091	VG
51092	VG
51093	VG
51094	VG
51095	VG
51096	VG
51097	VG
51098	VG
51099	VG
51100	VG
51101	VG
51102	VG
51103	VG
51104	VG
51105	VG
51106	VG
51107	VG
51108	VG
51109	VG
51110	VG
51111	VG
51112	VG
51113	VG
51114	VG
51115	VG
51116	VG
51117	VG
51118	VG
51119	VG
51120	VG
51121	VG
51122	VG
51123	VG
51124	VG
51125	VG
51126	VG
51127	VG
51128	VG
51129	VG
51130	VG
51131	VG
51132	VG
51133	VG
51134	VG
51135	VG
51136	VG
51137	VG
51138	VG
51139	VG
51140	VG
51141	VG
51142	VG
51143	VG
51144	VG
51145	VG
51146	VG
51147	VG
51148	VG
51149	VG
51150	VG
51151	VG
51152	VG
51153	VG
51154	VG
51155	VG
51156	VG
51157	VG
51158	VG
51159	VG
51160	VG
51161	VG
51162	VG
51163	VG
51164	VG
51165	VG
51166	VG
51167	VG
51168	VG
51169	VG
51170	VG
51171	VG
51172	VG
51173	VG
51174	VG
51175	VG
51176	VG
51177	VG
51178	VG
51179	VG
51180	VG
51181	VG
51182	VG
51183	VG
51184	VG
51185	VG
51186	VG
51187	VG
51188	VG
51189	VG
51190	VG
51191	VG
51192	VG
51193	VG
51194	VG
51195	VG
51196	VG
51197	VG
51198	VG
51199	VG
51200	VG
51201	VG
51202	VG
51203	VG
51204	VG
51205	VG
51206	VG
51207	VG
51208	VG
51209	VG
51210	VG
51211	VG
51212	VG
51213	VG
51214	VG
51215	VG
51216	VG
51217	VG
51218	VG
51219	VG
51220	VG
51221	VG
51222	VG
51223	VG
51224	VG
51225	VG
51226	VG
51227	VG
51228	VG
51229	VG
51230	VG
51231	VG
51232	VG
51233	VG
51234	VG
51235	VG
51236	VG
51237	VG
51238	VG
51239	VG
51240	VG
51241	VG
51242	VG
51243	VG
51244	VG
51245	VG
51246	VG
51247	VG
51248	VG
51249	VG
51250	VG
51251	VG
51252	VG
51253	VG
51254	VG
51255	VG
51256	VG
51257	VG
51258	VG
51259	VG
51260	VG
51261	VG
51262	VG
51263	VG
51264	VG
51265	VG
51266	VG
51267	VG
51268	VG
51269	VG
51270	VG
51271	VG
51272	VG
51273	VG
51274	VG
51275	VG
51276	VG
51277	VG
51278	VG
51279	VG
51280	VG
51281	VG
51282	VG
51283	VG
51284	VG
51285	VG
51286	VG
51287	VG
51288	VG
51289	VG
51290	VG
51291	VG
51292	VG
51293	VG
51294	VG
51295	VG
51296	VG
51297	VG
51298	VG
51299	VG
51300	VG
51301	VG
51302	VG
51303	VG
51304	VG
51305	VG
51306	VG
51307	VG
51308	VG
51309	VG
51310	VG
51311	VG
51312	VG
51313	VG
51314	VG
51315	VG
51316	VG
51317	VG
51318	VG
51319	VG
51320	VG
51321	VG
51322	VG
51323	VG
51324	VG
51325	VG
51326	VG
51327	VG
51328	VG
51329	VG
51330	VG
51331	VG
51332	VG
51333	VG
51334	VG
51335	VG
51336	VG
51337	VG
51338	VG
51339	VG
51340	VG
51341	VG
51342	VG
51343	VG
51344	VG
51345	VG
51346	VG
51347	VG
51348	VG
51349	VG
51350	VG
51351	VG
51352	VG
51353	VG
51354	VG
51355	VG
51356	VG
51357	VG
51358	VG
51359	VG
51360	VG
51361	VG
51362	VG
51363	VG
51364	VG
51365	VG
51366	VG
51367	VG
51368	VG
51369	VG
51370	VG
51371	VG
51372	VG
51373	VG
51374	VG
51375	VG
51376	VG
51377	VG
51378	VG
51379	VG
51380	VG
51381	VG
51382	VG
51383	VG
51384	VG
51385	VG
51386	VG
51387	VG
51388	VG
51389	VG
51390	VG
51391	VG
51392	VG
51393	VG
51394	VG
51395	VG
51396	VG
51397	VG
51398	VG
51399	VG
51400	VG
51401	VG
51402	VG
51403	VG
51404	VG
51405	VG
51406	VG
51407	VG
51408	VG
51409	VG
51410	VG
51411	VG
51412	VG
51413	VG
51414	VG
51415	VG
51416	VG
51417	VG
51418	VG
51419	VG
51420	VG
51421	VG
51422	VG
51423	VG
51424	VG
51425	VG
51426	VG
51427	VG
51428	VG
51429	VG
51430	VG
51431	VG
51432	VG
51433	VG
51434	VG
51435	VG
51436	VG
51437	VG
51438	VG
51439	VG
51440	VG
51441	VG
51442	VG
51443	VG
51444	VG
51445	VG
51446	VG
51447	VG
51448	VG
51449	VG
51450	VG
51451	VG
51452	VG
51453	VG
51454	VG
51455	VG
51456	VG
51457	VG
51458	VG
51459	VG
51460	VG
51461	VG
51462	VG
51463	VG
51464	VG
51465	VG
51466	VG
51467	VG
51468	VG
51469	VG
51470	VG
51471	VG
51472	VG
51473	VG
51474	VG
51475	VG
51476	VG
51477	VG
51478	VG
51479	VG
51480	VG
51481	VG
51482	VG
51483	VG
51484	VG
51485	VG
51486	VG
51487	VG
51488	VG
51489	VG
51490	VG
51491	VG
51492	VG
51493	VG
51494	VG
51495	VG
51496	VG
51497	VG
51498	VG
51499	VG
51500	VG
51501	VG
51502	VG
51503	VG
51504	VG
51505	VG
51506	VG
51507	VG
51508	VG
51509	VG
51510	VG
51511	VG
51512	VG
51513	VG
51514	VG
51515	VG
51516	VG
51517	VG
51518	VG
51519	VG
51520	VG
51521	VG
51522	VG
51523	VG
51524	VG
51525	VG
51526	VG
51527	VG
51528	VG
51529	VG
51530	VG
51531	VG
51532	VG
51533	VG
51534	VG
51535	VG
51536	VG
51537	VG
51538	VG
51539	VG
51540	VG
51541	VG
51542	VG
51543	VG
51544	VG
51545	VG
51546	VG
51547	VG
51548	VG
51549	VG
51550	VG
51551	VG
51552	VG
51553	VG
51554	VG
51555	VG
51556	VG
51557	VG
51558	VG
51559	VG
51560	VG
51561	VG
51562	VG
51563	VG
51564	VG
51565	VG
51566	VG
51567	VG
51568	VG
51569	VG
51570	VG
51571	VG
51572	VG
51573	VG
51574	VG
51575	VG
51576	VG
51577	VG
51578	VG
51579	VG
51580	VG
51581	VG
51582	VG
51583	VG
51584	VG
51585	VG
51586	VG
51587	VG
51588	VG
51589	VG
51590	VG
51591	VG
51592	VG
51593	VG
51594	VG
51595	VG
51596	VG
51597	VG
51598	VG
51599	VG
51600	VG
51601	VG
51602	VG
51603	VG
51604	VG
51605	VG
51606	VG
51607	VG
51608	VG
51609	VG
51610	VG
51611	VG
51612	VG
51613	VG
51614	VG
51615	VG
51616	VG
51617	VG
51618	VG
51619	VG
51620	VG
51621	VG
51622	VG
51623	VG
51624	VG
51625	VG
51626	VG
51627	VG
51628	VG
51629	VG
51630	VG
51631	VG
51632	VG
51633	VG
51634	VG
51635	VG
51636	VG
51637	VG
51638	VG
51639	VG
51640	VG
51641	VG
51642	VG
51643	VG
51644	VG
51645	VG
51646	VG
51647	VG
51648	VG
51649	VG
51650	VG
51651	VG
51652	VG
51653	VG
51654	VG
51655	VG
51656	VG
51657	VG
51658	VG
51659	VG
51660	VG
51661	VG
51662	VG
51663	VG
51664	VG
51665	VG
51666	VG
51667	VG
51668	VG
51669	VG
51670	VG
51671	VG
51672	VG
51673	VG
51674	VG
51675	VG
51676	VG
51677	VG
51678	VG
51679	VG
51680	VG
51681	VG
51682	VG
51683	VG
51684	VG
51685	VG
51686	VG
51687	VG
51688	VG
51689	VG
51690	VG
51691	VG
51692	VG
51693	VG
51694	VG
51695	VG
51696	VG
51697	VG
51698	VG
51699	VG
51700	VG
51701	VG
51702	VG
51703	VG
51704	VG
51705	VG
51706	VG
51707	VG
51708	VG
51709	VG
51710	VG
51711	VG
51712	VG
51713	VG
51714	VG
51715	VG
51716	VG
51717	VG
51718	VG
51719	VG
51720	VG
51721	VG
51722	VG
51723	VG
51724	VG
51725	VG
51726	VG
51727	VG
51728	VG
51729	VG
51730	VG
51731	VG
51732	VG
51733	VG
51734	VG
51735	VG
51736	VG
51737	VG
51738	VG
51739	VG
51740	VG
51741	VG
51742	VG
51743	VG
51744	VG
51745	VG
51746	VG
51747	VG
51748	VG
51749	VG
51750	VG
51751	VG
51752	VG
51753	VG
51754	VG
51755	VG
51756	VG
51757	VG
51758	VG
51759	VG
51760	VG
51761	VG
51762	VG
51763	VG
51764	VG
51765	VG
51766	VG
51767	VG
51768	VG
51769	VG
51770	VG
51771	VG
51772	VG
51773	VG
51774	VG
51775	VG
51776	VG
51777	VG
51778	VG
51779	VG
51780	VG
51781	VG
51782	VG
51783	VG
51784	VG
51785	VG
51786	VG
51787	VG
51788	VG
51789	VG
51790	VG
51791	VG
51792	VG
51793	VG
51794	VG
51795	VG
51796	VG
51797	VG
51798	VG
51799	VG
51800	VG
51801	VG
51802	VG
51803	VG
51804	VG
51805	VG
51806	VG
51807	VG
51808	VG
51809	VG
51810	VG
51811	VG
51812	VG
51813	VG
51814	VG
51815	VG
51816	VG
51817	VG
51818	VG
51819	VG
51820	VG
51821	VG
51822	VG
51823	VG
51824	VG
51825	VG
51826	VG
51827	VG
51828	VG
51829	VG
51830	VG
51831	VG
51832	VG
51833	VG
51834	VG
51835	VG
51836	VG
51837	VG
51838	VG
51839	VG
51840	VG
51841	VG
51842	VG
51843	VG
51844	VG
51845	VG
51846	VG
51847	VG
51848	VG
51849	VG
51850	VG
51851	VG
51852	VG
51853	VG
51854	VG
51855	VG
51856	VG
51857	VG
51858	VG
51859	VG
51860	VG
51861	VG
51862	VG
51863	VG
51864	VG
51865	VG
51866	VG
51867	VG
51868	VG
51869	VG
51870	VG
51871	VG
51872	VG
51873	VG
51874	VG
51875	VG
51876	VG
51877	VG
51878	VG
51879	VG
51880	VG
51881	VG
51882	VG
51883	VG
51884	VG
51885	VG
51886	VG
51887	VG
51888	VG
51889	VG
51890	VG
51891	VG
51892	VG
51893	VG
51894	VG
51895	VG
51896	VG
51897	VG
51898	VG
51899	VG
51900	VG
51901	VG
51902	VG
51903	VG
51904	VG
51905	VG
51906	VG
51907	VG
51908	VG
51909	VG
51910	VG
51911	VG
51912	VG
51913	VG
51914	VG
51915	VG
51916	VG
51917	VG
51918	VG
51919	VG
51920	VG
51921	VG
51922	VG
51923	VG
51924	VG
51925	VG
51926	VG
51927	VG
51928	VG
51929	VG
51930	VG
51931	VG
51932	VG
51933	VG
51934	VG
51935	VG
51936	VG
51937	VG
51938	VG
51939	VG
51940	VG
51941	VG
51942	VG
51943	VG
51944	VG
51945	VG
51946	VG
51947	VG
51948	VG
51949	VG
51950	VG
51951	VG
51952	VG
51953	VG
51954	VG
51955	VG
51956	VG
51957	VG
51958	VG
51959	VG
51960	VG
51961	VG
51962	VG
51963	VG
51964	VG
51965	VG
51966	VG
51967	VG
51968	VG
51969	VG
51970	VG
51971	VG
51972	VG
51973	VG
51974	VG
51975	VG
51976	VG
51977	VG
51978	VG
51979	VG
51980	VG
51981	VG
51982	VG
51983	VG
51984	VG
51985	VG
51986	VG
51987	VG
51988	VG
51989	VG
51990	VG
51991	VG
51992	VG
51993	VG
51994	VG
51995	VG
51996	VG
51997	VG
51998	VG
51999	VG
52000	VG
52001	VG
52002	VG
52003	VG
52004	VG
52005	VG
52006	VG
52007	VG
52008	VG
52009	VG
52010	VG
52011	VG
52012	VG
52013	VG
52014	VG
52015	VG
52016	VG
52017	VG
52018	VG
52019	VG
52020	VG
52021	VG
52022	VG
52023	VG
52024	VG
52025	VG
52026	VG
52027	VG
52028	VG
52029	VG
52030	VG
52031	VG
52032	VG
52033	VG
52034	VG
52035	VG
52036	VG
52037	VG
52038	VG
52039	VG
52040	VG
52041	VG
52042	VG
52043	VG
52044	VG
52045	VG
52046	VG
52047	VG
52048	VG
52049	VG
52050	VG
52051	VG
52052	VG
52053	VG
52054	VG
52055	VG
52056	VG
52057	VG
52058	VG
52059	VG
52060	VG
52061	VG
52062	VG
52063	VG
52064	VG
52065	VG
52066	VG
52067	VG
52068	VG
52069	VG
52070	VG
52071	VG
52072	VG
52073	VG
52074	VG
52075	VG
52076	VG
52077	VG
52078	VG
52079	VG
52080	VG
52081	VG
52082	VG
52083	VG
52084	VG
52085	VG
52086	VG
52087	VG
52088	VG
52089	VG
52090	VG
52091	VG
52092	VG
52093	VG
52094	VG
52095	VG
52096	VG
52097	VG
52098	VG
52099	VG
52100	VG
52101	VG
52102	VG
52103	VG
52104	VG
52105	VG
52106	VG
52107	VG
52108	VG
52109	VG
52110	VG
52111	VG
52112	VG
52113	VG
52114	VG
52115	VG
52116	VG
52117	VG
52118	VG
52119	VG
52120	VG
52121	VG
52122	VG
52123	VG
52124	VG
52125	VG
52126	VG
52127	VG
52128	VG
52129	VG
52130	VG
52131	VG
52132	VG
52133	VG
52134	VG
52135	VG
52136	VG
52137	VG
52138	VG
52139	VG
52140	VG
52141	VG
52142	VG
52143	VG
52144	VG
52145	VG
52146	VG
52147	VG
52148	VG
52149	VG
52150	VG
52151	VG
52152	VG
52153	VG
52154	VG
52155	VG
52156	VG
52157	VG
52158	VG
52159	VG
52160	VG
52161	VG
52162	VG
52163	VG
52164	VG
52165	VG
52166	VG
52167	VG
52168	VG
52169	VG
52170	VG
52171	VG
52172	VG
52173	VG
52174	VG
52175	VG
52176	VG
52177	VG
52178	VG
52179	VG
52180	VG
52181	VG
52182	VG
52183	VG
52184	VG
52185	VG
52186	VG
52187	VG
52188	VG
52189	VG
52190	VG
52191	VG
52192	VG
52193	VG
52194	VG
52195	VG
52196	VG
52197	VG
52198	VG
52199	VG
52200	VG
52201	VG
52202	VG
52203	VG
52204	VG
52205	VG
52206	VG
52207	VG
52208	VG
52209	VG
52210	VG
52211	VG
52212	VG
52213	VG
52214	VG
52215	VG
52216	VG
52217	VG
52218	VG
52219	VG
52220	VG
52221	VG
52222	VG
52223	VG
52224	VG
52225	VG
52226	VG
52227	VG
52228	VG
52229	VG
52230	VG
52231	VG
52232	VG
52233	VG
52234	VG
52235	VG
52236	VG
52237	VG
52238	VG
52239	VG
52240	VG
52241	VG
52242	VG
52243	VG
52244	VG
52245	VG
52246	VG
52247	VG
52248	VG
52249	VG
52250	VG
52251	VG
52252	VG
52253	VG
52254	VG
52255	VG
52256	VG
52257	VG
52258	VG
52259	VG
52260	VG
52261	VG
52262	VG
52263	VG
52264	VG
52265	VG
52266	VG
52267	VG
52268	VG
52269	VG
52270	VG
52271	VG
52272	VG
52273	VG
52274	VG
52275	VG
52276	VG
52277	VG
52278	VG
52279	VG
52280	VG
52281	VG
52282	VG
52283	VG
52284	VG
52285	VG
52286	VG
52287	VG
52288	VG
52289	VG
52290	VG
52291	VG
52292	VG
52293	VG
52294	VG
52295	VG
52296	VG
52297	VG
52298	VG
52299	VG
52300	VG
52301	VG
52302	VG
52303	VG
52304	VG
52305	VG
52306	VG
52307	VG
52308	VG
52309	VG
52310	VG
52311	VG
52312	VG
52313	VG
52314	VG
52315	VG
52316	VG
52317	VG
52318	VG
52319	VG
52320	VG
52321	VG
52322	VG
52323	VG
52324	VG
52325	VG
52326	VG
52327	VG
52328	VG
52329	VG
52330	VG
52331	VG
52332	VG
52333	VG
52334	VG
52335	VG
52336	VG
52337	VG
52338	VG
52339	VG
52340	VG
52341	VG
52342	VG
52343	VG
52344	VG
52345	VG
52346	VG
52347	VG
52348	VG
52349	VG
52350	VG
52351	VG
52352	VG
52353	VG
52354	VG
52355	VG
52356	VG
52357	VG
52358	VG
52359	VG
52360	VG
52361	VG
52362	VG
52363	VG
52364	VG
52365	VG
52366	VG
52367	VG
52368	VG
52369	VG
52370	VG
52371	VG
52372	VG
52373	VG
52374	VG
52375	VG
52376	VG
52377	VG
52378	VG
52379	VG
52380	VG
52381	VG
52382	VG
52383	VG
52384	VG
52385	VG
52386	VG
52387	VG
52388	VG
52389	VG
52390	VG
52391	VG
52392	VG
52393	VG
52394	VG
52395	VG
52396	VG
52397	VG
52398	VG
52399	VG
52400	VG
52401	VG
52402	VG
52403	VG
52404	VG
52405	VG
52406	VG
52407	VG
52408	VG
52409	VG
52410	VG
52411	VG
52412	VG
52413	VG
52414	VG
52415	VG
52416	VG
52417	VG
52418	VG
52419	VG
52420	VG
52421	VG
52422	VG
52423	VG
52424	VG
52425	VG
52426	VG
52427	VG
52428	VG
52429	VG
52430	VG
52431	VG
52432	VG
52433	VG
52434	VG
52435	VG
52436	VG
52437	VG
52438	VG
52439	VG
52440	VG
52441	VG
52442	VG
52443	VG
52444	VG
52445	VG
52446	VG
52447	VG
52448	VG
52449	VG
52450	VG
52451	VG
52452	VG
52453	VG
52454	VG
52455	VG
52456	VG
52457	VG
52458	VG
52459	VG
52460	VG
52461	VG
52462	VG
52463	VG
52464	VG
52465	VG
52466	VG
52467	VG
52468	VG
52469	VG
52470	VG
52471	VG
52472	VG
52473	VG
52474	VG
52475	VG
52476	VG
52477	VG
52478	VG
52479	VG
52480	VG
52481	VG
52482	VG
52483	VG
52484	VG
52485	VG
52486	VG
52487	VG
52488	VG
52489	VG
52490	VG
52491	VG
52492	VG
52493	VG
52494	VG
52495	VG
52496	VG
52497	VG
52498	VG
52499	VG
52500	VG
52501	VG
52502	VG
52503	VG
52504	VG
52505	VG
52506	VG
52507	VG
52508	VG
52509	VG
52510	VG
52511	VG
52512	VG
52513	VG
52514	VG
52515	VG
52516	VG
52517	VG
52518	VG
52519	VG
52520	VG
52521	VG
52522	VG
52523	VG
52524	VG
52525	VG
52526	VG
52527	VG
52528	VG
52529	VG
52530	VG
52531	VG
52532	VG
52533	VG
52534	VG
52535	VG
52536	VG
52537	VG
52538	VG
52539	VG
52540	VG
52541	VG
52542	VG
52543	VG
52544	VG
52545	VG
52546	VG
52547	VG
52548	VG
52549	VG
52550	VG
52551	VG
52552	VG
52553	VG
52554	VG
52555	VG
52556	VG
52557	VG
52558	VG
52559	VG
52560	VG
52561	VG
52562	VG
52563	VG
52564	VG
52565	VG
52566	VG
52567	VG
52568	VG
52569	VG
52570	VG
52571	VG
52572	VG
52573	VG
52574	VG
52575	VG
52576	VG
52577	VG
52578	VG
52579	VG
52580	VG
52581	VG
52582	VG
52583	VG
52584	VG
52585	VG
52586	VG
52587	VG
52588	VG
52589	VG
52590	VG
52591	VG
52592	VG
52593	VG
52594	VG
52595	VG
52596	VG
52597	VG
52598	VG
52599	VG
52600	VG
52601	VG
52602	VG
52603	VG
52604	VG
52605	VG
52606	VG
52607	VG
52608	VG
52609	VG
52610	VG
52611	VG
52612	VG
52613	VG
52614	VG
52615	VG
52616	VG
52617	VG
52618	VG
52619	VG
52620	VG
52621	VG
52622	VG
52623	VG
52624	VG
52625	VG
52626	VG
52627	VG
52628	VG
52629	VG
52630	VG
52631	VG
52632	VG
52633	VG
52634	VG
52635	VG
52636	VG
52637	VG
52638	VG
52639	VG
52640	VG
52641	VG
52642	VG
52643	VG
52644	VG
52645	VG
52646	VG
52647	VG
52648	VG
52649	VG
52650	VG
52651	VG
52652	VG
52653	VG
52654	VG
52655	VG
52656	VG
52657	VG
52658	VG
52659	VG
52660	VG
52661	VG
52662	VG
52663	VG
52664	VG
52665	VG
52666	VG
52667	VG
52668	VG
52669	VG
52670	VG
52671	VG
52672	VG
52673	VG
52674	VG
52675	VG
52676	VG
52677	VG
52678	VG
52679	VG
52680	VG
52681	VG
52682	VG
52683	VG
52684	VG
52685	VG
52686	VG
52687	VG
52688	VG
52689	VG
52690	VG
52691	VG
52692	VG
52693	VG
52694	VG
52695	VG
52696	VG
52697	VG
52698	VG
52699	VG
52700	VG
52701	VG
52702	VG
52703	VG
52704	VG
52705	VG
52706	VG
52707	VG
52708	VG
52709	VG
52710	VG
52711	VG
52712	VG
52713	VG
52714	VG
52715	VG
52716	VG
52717	VG
52718	VG
52719	VG
52720	VG
52721	VG
52722	VG
52723	VG
52724	VG
52725	VG
52726	VG
52727	VG
52728	VG
52729	VG
52730	VG
52731	VG
52732	VG
52733	VG
52734	VG
52735	VG
52736	VG
52737	VG
52738	VG
52739	VG
52740	VG
52741	VG
52742	VG
52743	VG
52744	VG
52745	VG
52746	VG
52747	VG
52748	VG
52749	VG
52750	VG
52751	VG
52752	VG
52753	VG
52754	VG
52755	VG
52756	VG
52757	VG
52758	VG
52759	VG
52760	VG
52761	VG
52762	VG
52763	VG
52764	VG
52765	VG
52766	VG
52767	VG
52768	VG
52769	VG
52770	VG
52771	VG
52772	VG
52773	VG
52774	VG
52775	VG
52776	VG
52777	VG
52778	VG
52779	VG
52780	VG
52781	VG
52782	VG
52783	VG
52784	VG
52785	VG
52786	VG
52787	VG
52788	VG
52789	VG
52790	VG
52791	VG
52792	VG
52793	VG
52794	VG
52795	VG
52796	VG
52797	VG
52798	VG
52799	VG
52800	VG
52801	VG
52802	VG
52803	VG
52804	VG
52805	VG
52806	VG
52807	VG
52808	VG
52809	VG
52810	VG
52811	VG
52812	VG
52813	VG
52814	VG
52815	VG
52816	VG
52817	VG
52818	VG
52819	VG
52820	VG
52821	VG
52822	VG
52823	VG
52824	VG
52825	VG
52826	VG
52827	VG
52828	VG
52829	VG
52830	VG
52831	VG
52832	VG
52833	VG
52834	VG
52835	VG
52836	VG
52837	VG
52838	VG
52839	VG
52840	VG
52841	VG
52842	VG
52843	VG
52844	VG
52845	VG
52846	VG
52847	VG
52848	VG
52849	VG
52850	VG
52851	VG
52852	VG
52853	VG
52854	VG
52855	VG
52856	VG
52857	VG
52858	VG
52859	VG
52860	VG
52861	VG
52862	VG
52863	VG
52864	VG
52865	VG
52866	VG
52867	VG
52868	VG
52869	VG
52870	VG
52871	VG
52872	VG
52873	VG
52874	VG
52875	VG
52876	VG
52877	VG
52878	VG
52879	VG
52880	VG
52881	VG
52882	VG
52883	VG
52884	VG
52885	VG
52886	VG
52887	VG
52888	VG
52889	VG
52890	VG
52891	VG
52892	VG
52893	VG
52894	VG
52895	VG
52896	VG
52897	VG
52898	VG
52899	VG
52900	VG
52901	VG
52902	VG
52903	VG
52904	VG
52905	VG
52906	VG
52907	VG
52908	VG
52909	VG
52910	VG
52911	VG
52912	VG
52913	VG
52914	VG
52915	VG
52916	VG
52917	VG
52918	VG
52919	VG
52920	VG
52921	VG
52922	VG
52923	VG
52924	VG
52925	VG
52926	VG
52927	VG
52928	VG
52929	VG
52930	VG
52931	VG
52932	VG
52933	VG
52934	VG
52935	VG
52936	VG
52937	VG
52938	VG
52939	VG
52940	VG
52941	VG
52942	VG
52943	VG
52944	VG
52945	VG
52946	VG
52947	VG
52948	VG
52949	VG
52950	VG
52951	VG
52952	VG
52953	VG
52954	VG
52955	VG
52956	VG
52957	VG
52958	VG
52959	VG
52960	VG
52961	VG
52962	VG
52963	VG
52964	VG
52965	VG
52966	VG
52967	VG
52968	VG
52969	VG
52970	VG
52971	VG
52972	VG
52973	VG
52974	VG
52975	VG
52976	VG
52977	VG
52978	VG
52979	VG
52980	VG
52981	VG
52982	VG
52983	VG
52984	VG
52985	VG
52986	VG
52987	VG
52988	VG
52989	VG
52990	VG
52991	VG
52992	VG
52993	VG
52994	VG
52995	VG
52996	VG
52997	VG
52998	VG
52999	VG
53000	VG
53001	VG
53002	VG
53003	VG
53004	VG
53005	VG
53006	VG
53007	VG
53008	VG
53009	VG
53010	VG
53011	VG
53012	VG
53013	VG
53014	VG
53015	VG
53016	VG
53017	VG
53018	VG
53019	VG
53020	VG
53021	VG
53022	VG
53023	VG
53024	VG
53025	VG
53026	VG
53027	VG
53028	VG
53029	VG
53030	VG
53031	VG
53032	VG
53033	VG
53034	VG
53035	VG
53036	VG
53037	VG
53038	VG
53039	VG
53040	VG
53041	VG
53042	VG
53043	VG
53044	VG
53045	VG
53046	VG
53047	VG
53048	VG
53049	VG
53050	VG
53051	VG
53052	VG
53053	VG
53054	VG
53055	VG
53056	VG
53057	VG
53058	VG
53059	VG
53060	VG
53061	VG
53062	VG
53063	VG
53064	VG
53065	VG
53066	VG
53067	VG
53068	VG
53069	VG
53070	VG
53071	VG
53072	VG
53073	VG
53074	VG
53075	VG
53076	VG
53077	VG
53078	VG
53079	VG
53080	VG
53081	VG
53082	VG
53083	VG
53084	VG
53085	VG
53086	VG
53087	VG
53088	VG
53089	VG
53090	VG
53091	VG
53092	VG
53093	VG
53094	VG
53095	VG
53096	VG
53097	VG
53098	VG
53099	VG
53100	VG
53101	VG
53102	VG
53103	VG
53104	VG
53105	VG
53106	VG
53107	VG
53108	VG
53109	VG
53110	VG
53111	VG
53112	VG
53113	VG
53114	VG
53115	VG
53116	VG
53117	VG
53118	VG
53119	VG
53120	VG
53121	VG
53122	VG
53123	VG
53124	VG
53125	VG
53126	VG
53127	VG
53128	VG
53129	VG
53130	VG
53131	VG
53132	VG
53133	VG
53134	VG
53135	VG
53136	VG
53137	VG
53138	VG
53139	VG
53140	VG
53141	VG
53142	VG
53143	VG
53144	VG
53145	VG
53146	VG
53147	VG
53148	VG
53149	VG
53150	VG
53151	VG
53152	VG
53153	VG
53154	VG
53155	VG
53156	VG
53157	VG
53158	VG
53159	VG
53160	VG
53161	VG
53162	VG
53163	VG
53164	VG
53165	VG
53166	VG
53167	VG
53168	VG
53169	VG
53170	VG
53171	VG
53172	VG
53173	VG
53174	VG
53175	VG
53176	VG
53177	VG
53178	VG
53179	VG
53180	VG
53181	VG
53182	VG
53183	VG
53184	VG
53185	VG
53186	VG
53187	VG
53188	VG
53189	VG
53190	VG
53191	VG
53192	VG
53193	VG
53194	VG
53195	VG
53196	VG
53197	VG
53198	VG
53199	VG
53200	VG
53201	VG
53202	VG
53203	VG
53204	VG
53205	VG
53206	VG
53207	VG
53208	VG
53209	VG
53210	VG
53211	VG
53212	VG
53213	VG
53214	VG
53215	VG
53216	VG
53217	VG
53218	VG
53219	VG
53220	VG
53221	VG
53222	VG
53223	VG
53224	VG
53225	VG
53226	VG
53227	VG
53228	VG
53229	VG
53230	VG
53231	VG
53232	VG
53233	VG
53234	VG
53235	VG
53236	VG
53237	VG
53238	VG
53239	VG
53240	VG
53241	VG
53242	VG
53243	VG
53244	VG
53245	VG
53246	VG
53247	VG
53248	VG
53249	VG
53250	VG
53251	VG
53252	VG
53253	VG
53254	VG
53255	VG
53256	VG
53257	VG
53258	VG
53259	VG
53260	VG
53261	VG
53262	VG
53263	VG
53264	VG
53265	VG
53266	VG
53267	VG
53268	VG
53269	VG
53270	VG
53271	VG
53272	VG
53273	VG
53274	VG
53275	VG
53276	VG
53277	VG
53278	VG
53279	VG
53280	VG
53281	VG
53282	VG
53283	VG
53284	VG
53285	VG
53286	VG
53287	VG
53288	VG
53289	VG
53290	VG
53291	VG
53292	VG
53293	VG
53294	VG
53295	VG
53296	VG
53297	VG
53298	VG
53299	VG
53300	VG
53301	VG
53302	VG
53303	VG
53304	VG
53305	VG
53306	VG
53307	VG
53308	VG
53309	VG
53310	VG
53311	VG
53312	VG
53313	VG
53314	VG
53315	VG
53316	VG
53317	VG
53318	VG
53319	VG
53320	VG
53321	VG
53322	VG
53323	VG
53324	VG
53325	VG
53326	VG
53327	VG
53328	VG
53329	VG
53330	VG
53331	VG
53332	VG
53333	VG
53334	VG
53335	VG
53336	VG
53337	VG
53338	VG
53339	VG
53340	VG
53341	VG
53342	VG
53343	VG
53344	VG
53345	VG
53346	VG
53347	VG
53348	VG
53349	VG
53350	VG
53351	VG
53352	VG
53353	VG
53354	VG
53355	VG
53356	VG
53357	VG
53358	VG
53359	VG
53360	VG
53361	VG
53362	VG
53363	VG
53364	VG
53365	VG
53366	VG
53367	VG
53368	VG
53369	VG
53370	VG
53371	VG
53372	VG
53373	VG
53374	VG
53375	VG
53376	VG
53377	VG
53378	VG
53379	VG
53380	VG
53381	VG
53382	VG
53383	VG
53384	VG
53385	VG
53386	VG
53387	VG
53388	VG
53389	VG
53390	VG
53391	VG
53392	VG
53393	VG
53394	VG
53395	VG
53396	VG
53397	VG
53398	VG
53399	VG
53400	VG
53401	VG
53402	VG
53403	VG
53404	VG
53405	VG
53406	VG
53407	VG
53408	VG
53409	VG
53410	VG
53411	VG
53412	VG
53413	VG
53414	VG
53415	VG
53416	VG
53417	VG
53418	VG
53419	VG
53420	VG
53421	VG
53422	VG
53423	VG
53424	VG
53425	VG
53426	VG
53427	VG
53428	VG
53429	VG
53430	VG
53431	VG
53432	VG
53433	VG
53434	VG
53435	VG
53436	VG
53437	VG
53438	VG
53439	VG
53440	VG
53441	VG
53442	VG
53443	VG
53444	VG
53445	VG
53446	VG
53447	VG
53448	VG
53449	VG
53450	VG
53451	VG
53452	VG
53453	VG
53454	VG
53455	VG
53456	VG
53457	VG
53458	VG
53459	VG
53460	VG
53461	VG
53462	VG
53463	VG
53464	VG
53465	VG
53466	VG
53467	VG
53468	VG
53469	VG
53470	VG
53471	VG
53472	VG
53473	VG
53474	VG
53475	VG
53476	VG
53477	VG
53478	VG
53479	VG
53480	VG
53481	VG
53482	VG
53483	VG
53484	VG
53485	VG
53486	VG
53487	VG
53488	VG
53489	VG
53490	VG
53491	VG
53492	VG
53493	VG
53494	VG
53495	VG
53496	VG
53497	VG
53498	VG
53499	VG
53500	VG
53501	VG
53502	VG
53503	VG
53504	VG
53505	VG
53506	VG
53507	VG
53508	VG
53509	VG
53510	VG
53511	VG
53512	VG
53513	VG
53514	VG
53515	VG
53516	VG
53517	VG
53518	VG
53519	VG
53520	VG
53521	VG
53522	VG
53523	VG
53524	VG
53525	VG
53526	VG
53527	VG
53528	VG
53529	VG
53530	VG
53531	VG
53532	VG
53533	VG
53534	VG
53535	VG
53536	VG
53537	VG
53538	VG
53539	VG
53540	VG
53541	VG
53542	VG
53543	VG
53544	VG
53545	VG
53546	VG
53547	VG
53548	VG
53549	VG
53550	VG
53551	VG
53552	VG
53553	VG
53554	VG
53555	VG
53556	VG
53557	VG
53558	VG
53559	VG
53560	VG
53561	VG
53562	VG
53563	VG
53564	VG
53565	VG
53566	VG
53567	VG
53568	VG
53569	VG
53570	VG
53571	VG
53572	VG
53573	VG
53574	VG
53575	VG
53576	VG
53577	VG
53578	VG
53579	VG
53580	VG
53581	VG
53582	VG
53583	VG
53584	VG
53585	VG
53586	VG
53587	VG
53588	VG
53589	VG
53590	VG
53591	VG
53592	VG
53593	VG
53594	VG
53595	VG
53596	VG
53597	VG
53598	VG
53599	VG
53600	VG
53601	VG
53602	VG
53603	VG
53604	VG
53605	VG
53606	VG
53607	VG
53608	VG
53609	VG
53610	VG
53611	VG
53612	VG
53613	VG
53614	VG
53615	VG
53616	VG
53617	VG
53618	VG
53619	VG
53620	VG
53621	VG
53622	VG
53623	VG
53624	VG
53625	VG
53626	VG
53627	VG
53628	VG
53629	VG
53630	VG
53631	VG
53632	VG
53633	VG
53634	VG
53635	VG
53636	VG
53637	VG
53638	VG
53639	VG
53640	VG
53641	VG
53642	VG
53643	VG
53644	VG
53645	VG
53646	VG
53647	VG
53648	VG
53649	VG
53650	VG
53651	VG
53652	VG
53653	VG
53654	VG
53655	VG
53656	VG
53657	VG
53658	VG
53659	VG
53660	VG
53661	VG
53662	VG
53663	VG
53664	VG
53665	VG
53666	VG
53667	VG
53668	VG
53669	VG
53670	VG
53671	VG
53672	VG
53673	VG
53674	VG
53675	VG
53676	VG
53677	VG
53678	VG
53679	VG
53680	VG
53681	VG
53682	VG
53683	VG
53684	VG
53685	VG
53686	VG
53687	VG
53688	VG
53689	VG
53690	VG
53691	VG
53692	VG
53693	VG
53694	VG
53695	VG
53696	VG
53697	VG
53698	VG
53699	VG
53700	VG
53701	VG
53702	VG
53703	VG
53704	VG
53705	VG
53706	VG
53707	VG
53708	VG
53709	VG
53710	VG
53711	VG
53712	VG
53713	VG
53714	VG
53715	VG
53716	VG
53717	VG
53718	VG
53719	VG
53720	VG
53721	VG
53722	VG
53723	VG
53724	VG
53725	VG
53726	VG
53727	VG
53728	VG
53729	VG
53730	VG
53731	VG
53732	VG
53733	VG
53734	VG
53735	VG
53736	VG
53737	VG
53738	VG
53739	VG
53740	VG
53741	VG
53742	VG
53743	VG
53744	VG
53745	VG
53746	VG
53747	VG
53748	VG
53749	VG
53750	VG
53751	VG
53752	VG
53753	VG
53754	VG
53755	VG
53756	VG
53757	VG
53758	VG
53759	VG
53760	VG
53761	VG
53762	VG
53763	VG
53764	VG
53765	VG
53766	VG
53767	VG
53768	VG
53769	VG
53770	VG
53771	VG
53772	VG
53773	VG
53774	VG
53775	VG
53776	VG
53777	VG
53778	VG
53779	VG
53780	VG
53781	VG
53782	VG
53783	VG
53784	VG
53785	VG
53786	VG
53787	VG
53788	VG
53789	VG
53790	VG
53791	VG
53792	VG
53793	VG
53794	VG
53795	VG
53796	VG
53797	VG
53798	VG
53799	VG
53800	VG
53801	VG
53802	VG
53803	VG
53804	VG
53805	VG
53806	VG
53807	VG
53808	VG
53809	VG
53810	VG
53811	VG
53812	VG
53813	VG
53814	VG
53815	VG
53816	VG
53817	VG
53818	VG
53819	VG
53820	VG
53821	VG
53822	VG
53823	VG
53824	VG
53825	VG
53826	VG
53827	VG
53828	VG
53829	VG
53830	VG
53831	VG
53832	VG
53833	VG
53834	VG
53835	VG
53836	VG
53837	VG
53838	VG
53839	VG
53840	VG
53841	VG
53842	VG
53843	VG
53844	VG
53845	VG
53846	VG
53847	VG
53848	VG
53849	VG
53850	VG
53851	VG
53852	VG
53853	VG
53854	VG
53855	VG
53856	VG
53857	VG
53858	VG
53859	VG
53860	VG
53861	VG
53862	VG
53863	VG
53864	VG
53865	VG
53866	VG
53867	VG
53868	VG
53869	VG
53870	VG
53871	VG
53872	VG
53873	VG
53874	VG
53875	VG
53876	VG
53877	VG
53878	VG
53879	VG
53880	VG
53881	VG
53882	VG
53883	VG
53884	VG
53885	VG
53886	VG
53887	VG
53888	VG
53889	VG
53890	VG
53891	VG
53892	VG
53893	VG
53894	VG
53895	VG
53896	VG
53897	VG
53898	VG
53899	VG
53900	VG
53901	VG
53902	VG
53903	VG
53904	VG
53905	VG
53906	VG
53907	VG
53908	VG
53909	VG
53910	VG
53911	VG
53912	VG
53913	VG
53914	VG
53915	VG
53916	VG
53917	VG
53918	VG
53919	VG
53920	VG
53921	VG
53922	VG
53923	VG
53924	VG
53925	VG
53926	VG
53927	VG
53928	VG
53929	VG
53930	VG
53931	VG
53932	VG
53933	VG
53934	VG
53935	VG
53936	VG
53937	VG
53938	VG
53939	VG
53940	VG
53941	VG
53942	VG
53943	VG
53944	VG
53945	VG
53946	VG
53947	VG
53948	VG
53949	VG
53950	VG
53951	VG
53952	VG
53953	VG
53954	VG
53955	VG
53956	VG
53957	VG
53958	VG
53959	VG
53960	VG
53961	VG
53962	VG
53963	VG
53964	VG
53965	VG
53966	VG
53967	VG
53968	VG
53969	VG
53970	VG
53971	VG
53972	VG
53973	VG
53974	VG
53975	VG
53976	VG
53977	VG
53978	VG
53979	VG
53980	VG
53981	VG
53982	VG
53983	VG
53984	VG
53985	VG
53986	VG
53987	VG
53988	VG
53989	VG
53990	VG
53991	VG
53992	VG
53993	VG
53994	VG
53995	VG
53996	VG
53997	VG
53998	VG
53999	VG
54000	VG
54001	VG
54002	VG
54003	VG
54004	VG
54005	VG
54006	VG
54007	VG
54008	VG
54009	VG
54010	VG
54011	VG
54012	VG
54013	VG
54014	VG
54015	VG
54016	VG
54017	VG
54018	VG
54019	VG
54020	VG
54021	VG
54022	VG
54023	VG
54024	VG
54025	VG
54026	VG
54027	VG
54028	VG
54029	VG
54030	VG
54031	VG
54032	VG
54033	VG
54034	VG
54035	VG
54036	VG
54037	VG
54038	VG
54039	VG
54040	VG
54041	VG
54042	VG
54043	VG
54044	VG
54045	VG
54046	VG
54047	VG
54048	VG
54049	VG
54050	VG
54051	VG
54052	VG
54053	VG
54054	VG
54055	VG
54056	VG
54057	VG
54058	VG
54059	VG
54060	VG
54061	VG
54062	VG
54063	VG
54064	VG
54065	VG
54066	VG
54067	VG
54068	VG
54069	VG
54070	VG
54071	VG
54072	VG
54073	VG
54074	VG
54075	VG
54076	VG
54077	VG
54078	VG
54079	VG
54080	VG
54081	VG
54082	VG
54083	VG
54084	VG
54085	VG
54086	VG
54087	VG
54088	VG
54089	VG
54090	VG
54091	VG
54092	VG
54093	VG
54094	VG
54095	VG
54096	VG
54097	VG
54098	VG
54099	VG
54100	VG
54101	VG
54102	VG
54103	VG
54104	VG
54105	VG
54106	VG
54107	VG
54108	VG
54109	VG
54110	VG
54111	VG
54112	VG
54113	VG
54114	VG
54115	VG
54116	VG
54117	VG
54118	VG
54119	VG
54120	VG
54121	VG
54122	VG
54123	VG
54124	VG
54125	VG
54126	VG
54127	VG
54128	VG
54129	VG
54130	VG
54131	VG
54132	VG
54133	VG
54134	VG
54135	VG
54136	VG
54137	VG
54138	VG
54139	VG
54140	VG
54141	VG
54142	VG
54143	VG
54144	VG
54145	VG
54146	VG
54147	VG
54148	VG
54149	VG
54150	VG
54151	VG
54152	VG
54153	VG
54154	VG
54155	VG
54156	VG
54157	VG
54158	VG
54159	VG
54160	VG
54161	VG
54162	VG
54163	VG
54164	VG
54165	VG
54166	VG
54167	VG
54168	VG
54169	VG
54170	VG
54171	VG
54172	VG
54173	VG
54174	VG
54175	VG
54176	VG
54177	VG
54178	VG
54179	VG
54180	VG
54181	VG
54182	VG
54183	VG
54184	VG
54185	VG
54186	VG
54187	VG
54188	VG
54189	VG
54190	VG
54191	VG
54192	VG
54193	VG
54194	VG
54195	VG
54196	VG
54197	VG
54198	VG
54199	VG
54200	VG
54201	VG
54202	VG
54203	VG
54204	VG
54205	VG
54206	VG
54207	VG
54208	VG
54209	VG
54210	VG
54211	VG
54212	VG
54213	VG
54214	VG
54215	VG
54216	VG
54217	VG
54218	VG
54219	VG
54220	VG
54221	VG
54222	VG
54223	VG
54224	VG
54225	VG
54226	VG
54227	VG
54228	VG
54229	VG
54230	VG
54231	VG
54232	VG
54233	VG
54234	VG
54235	VG
54236	VG
54237	VG
54238	VG
54239	VG
54240	VG
54241	VG
54242	VG
54243	VG
54244	VG
54245	VG
54246	VG
54247	VG
54248	VG
54249	VG
54250	VG
54251	VG
54252	VG
54253	VG
54254	VG
54255	VG
54256	VG
54257	VG
54258	VG
54259	VG
54260	VG
54261	VG
54262	VG
54263	VG
54264	VG
54265	VG
54266	VG
54267	VG
54268	VG
54269	VG
54270	VG
54271	VG
54272	VG
54273	VG
54274	VG
54275	VG
54276	VG
54277	VG
54278	VG
54279	VG
54280	VG
54281	VG
54282	VG
54283	VG
54284	VG
54285	VG
54286	VG
54287	VG
54288	VG
54289	VG
54290	VG
54291	VG
54292	VG
54293	VG
54294	VG
54295	VG
54296	VG
54297	VG
54298	VG
54299	VG
54300	VG
54301	VG
54302	VG
54303	VG
54304	VG
54305	VG
54306	VG
54307	VG
54308	VG
54309	VG
54310	VG
54311	VG
54312	VG
54313	VG
54314	VG
54315	VG
54316	VG
54317	VG
54318	VG
54319	VG
54320	VG
54321	VG
54322	VG
54323	VG
54324	VG
54325	VG
54326	VG
54327	VG
54328	VG
54329	VG
54330	VG
54331	VG
54332	VG
54333	VG
54334	VG
54335	VG
54336	VG
54337	VG
54338	VG
54339	VG
54340	VG
54341	VG
54342	VG
54343	VG
54344	VG
54345	VG
54346	VG
54347	VG
54348	VG
54349	VG
54350	VG
54351	VG
54352	VG
54353	VG
54354	VG
54355	VG
54356	VG
54357	VG
54358	VG
54359	VG
54360	VG
54361	VG
54362	VG
54363	VG
54364	VG
54365	VG
54366	VG
54367	VG
54368	VG
54369	VG
54370	VG
54371	VG
54372	VG
54373	VG
54374	VG
54375	VG
54376	VG
54377	VG
54378	VG
54379	VG
54380	VG
54381	VG
54382	VG
54383	VG
54384	VG
54385	VG
54386	VG
54387	VG
54388	VG
54389	VG
54390	VG
54391	VG
54392	VG
54393	VG
54394	VG
54395	VG
54396	VG
54397	VG
54398	VG
54399	VG
54400	VG
54401	VG
54402	VG
54403	VG
54404	VG
54405	VG
54406	VG
54407	VG
54408	VG
54409	VG
54410	VG
54411	VG
54412	VG
54413	VG
54414	VG
54415	VG
54416	VG
54417	VG
54418	VG
54419	VG
54420	VG
54421	VG
54422	VG
54423	VG
54424	VG
54425	VG
54426	VG
54427	VG
54428	VG
54429	VG
54430	VG
54431	VG
54432	VG
54433	VG
54434	VG
54435	VG
54436	VG
54437	VG
54438	VG
54439	VG
54440	VG
54441	VG
54442	VG
54443	VG
54444	VG
54445	VG
54446	VG
54447	VG
54448	VG
54449	VG
54450	VG
54451	VG
54452	VG
54453	VG
54454	VG
54455	VG
54456	VG
54457	VG
54458	VG
54459	VG
54460	VG
54461	VG
54462	VG
54463	VG
54464	VG
54465	VG
54466	VG
54467	VG
54468	VG
54469	VG
54470	VG
54471	VG
54472	VG
54473	VG
54474	VG
54475	VG
54476	VG
54477	VG
54478	VG
54479	VG
54480	VG
54481	VG
54482	VG
54483	VG
54484	VG
54485	VG
54486	VG
54487	VG
54488	VG
54489	VG
54490	VG
54491	VG
54492	VG
54493	VG
54494	VG
54495	VG
54496	VG
54497	VG
54498	VG
54499	VG
54500	VG
54501	VG
54502	VG
54503	VG
54504	VG
54505	VG
54506	VG
54507	VG
54508	VG
54509	VG
54510	VG
54511	VG
54512	VG
54513	VG
54514	VG
54515	VG
54516	VG
54517	VG
54518	VG
54519	VG
54520	VG
54521	VG
54522	VG
54523	VG
54524	VG
54525	VG
54526	VG
54527	VG
54528	VG
54529	VG
54530	VG
54531	VG
54532	VG
54533	VG
54534	VG
54535	VG
54536	VG
54537	VG
54538	VG
54539	VG
54540	VG
54541	VG
54542	VG
54543	VG
54544	VG
54545	VG
54546	VG
54547	VG
54548	VG
54549	VG
54550	VG
54551	VG
54552	VG
54553	VG
54554	VG
54555	VG
54556	VG
54557	VG
54558	VG
54559	VG
54560	VG
54561	VG
54562	VG
54563	VG
54564	VG
54565	VG
54566	VG
54567	VG
54568	VG
54569	VG
54570	VG
54571	VG
54572	VG
54573	VG
54574	VG
54575	VG
54576	VG
54577	VG
54578	VG
54579	VG
54580	VG
54581	VG
54582	VG
54583	VG
54584	VG
54585	VG
54586	VG
54587	VG
54588	VG
54589	VG
54590	VG
54591	VG
54592	VG
54593	VG
54594	VG
54595	VG
54596	VG
54597	VG
54598	VG
54599	VG
54600	VG
54601	VG
54602	VG
54603	VG
54604	VG
54605	VG
54606	VG
54607	VG
54608	VG
54609	VG
54610	VG
54611	VG
54612	VG
54613	VG
54614	VG
54615	VG
54616	VG
54617	VG
54618	VG
54619	VG
54620	VG
54621	VG
54622	VG
54623	VG
54624	VG
54625	VG
54626	VG
54627	VG
54628	VG
54629	VG
54630	VG
54631	VG
54632	VG
54633	VG
54634	VG
54635	VG
54636	VG
54637	VG
54638	VG
54639	VG
54640	VG
54641	VG
54642	VG
54643	VG
54644	VG
54645	VG
54646	VG
54647	VG
54648	VG
54649	VG
54650	VG
54651	VG
54652	VG
54653	VG
54654	VG
54655	VG
54656	VG
54657	VG
54658	VG
54659	VG
54660	VG
54661	VG
54662	VG
54663	VG
54664	VG
54665	VG
54666	VG
54667	VG
54668	VG
54669	VG
54670	VG
54671	VG
54672	VG
54673	VG
54674	VG
54675	VG
54676	VG
54677	VG
54678	VG
54679	VG
54680	VG
54681	VG
54682	VG
54683	VG
54684	VG
54685	VG
54686	VG
54687	VG
54688	VG
54689	VG
54690	VG
54691	VG
54692	VG
54693	VG
54694	VG
54695	VG
54696	VG
54697	VG
54698	VG
54699	VG
54700	VG
54701	VG
54702	VG
54703	VG
54704	VG
54705	VG
54706	VG
54707	VG
54708	VG
54709	VG
54710	VG
54711	VG
54712	VG
54713	VG
54714	VG
54715	VG
54716	VG
54717	VG
54718	VG
54719	VG
54720	VG
54721	VG
54722	VG
54723	VG
54724	VG
54725	VG
54726	VG
54727	VG
54728	VG
54729	VG
54730	VG
54731	VG
54732	VG
54733	VG
54734	VG
54735	VG
54736	VG
54737	VG
54738	VG
54739	VG
54740	VG
54741	VG
54742	VG
54743	VG
54744	VG
54745	VG
54746	VG
54747	VG
54748	VG
54749	VG
54750	VG
54751	VG
54752	VG
54753	VG
54754	VG
54755	VG
54756	VG
54757	VG
54758	VG
54759	VG
54760	VG
54761	VG
54762	VG
54763	VG
54764	VG
54765	VG
54766	VG
54767	VG
54768	VG
54769	VG
54770	VG
54771	VG
54772	VG
54773	VG
54774	VG
54775	VG
54776	VG
54777	VG
54778	VG
54779	VG
54780	VG
54781	VG
54782	VG
54783	VG
54784	VG
54785	VG
54786	VG
54787	VG
54788	VG
54789	VG
54790	VG
54791	VG
54792	VG
54793	VG
54794	VG
54795	VG
54796	VG
54797	VG
54798	VG
54799	VG
54800	VG
54801	VG
54802	VG
54803	VG
54804	VG
54805	VG
54806	VG
54807	VG
54808	VG
54809	VG
54810	VG
54811	VG
54812	VG
54813	VG
54814	VG
54815	VG
54816	VG
54817	VG
54818	VG
54819	VG
54820	VG
54821	VG
54822	VG
54823	VG
54824	VG
54825	VG
54826	VG
54827	VG
54828	VG
54829	VG
54830	VG
54831	VG
54832	VG
54833	VG
54834	VG
54835	VG
54836	VG
54837	VG
54838	VG
54839	VG
54840	VG
54841	VG
54842	VG
54843	VG
54844	VG
54845	VG
54846	VG
54847	VG
54848	VG
54849	VG
54850	VG
54851	VG
54852	VG
54853	VG
54854	VG
54855	VG
54856	VG
54857	VG
54858	VG
54859	VG
54860	VG
54861	VG
54862	VG
54863	VG
54864	VG
54865	VG
54866	VG
54867	VG
54868	VG
54869	VG
54870	VG
54871	VG
54872	VG
54873	VG
54874	VG
54875	VG
54876	VG
54877	VG
54878	VG
54879	VG
54880	VG
54881	VG
54882	VG
54883	VG
54884	VG
54885	VG
54886	VG
54887	VG
54888	VG
54889	VG
54890	VG
54891	VG
54892	VG
54893	VG
54894	VG
54895	VG
54896	VG
54897	VG
54898	VG
54899	VG
54900	VG
54901	VG
54902	VG
54903	VG
54904	VG
54905	VG
54906	VG
54907	VG
54908	VG
54909	VG
54910	VG
54911	VG
54912	VG
54913	VG
54914	VG
54915	VG
54916	VG
54917	VG
54918	VG
54919	VG
54920	VG
54921	VG
54922	VG
54923	VG
54924	VG
54925	VG
54926	VG
54927	VG
54928	VG
54929	VG
54930	VG
54931	VG
54932	VG
54933	VG
54934	VG
54935	VG
54936	VG
54937	VG
54938	VG
54939	VG
54940	VG
54941	VG
54942	VG
54943	VG
54944	VG
54945	VG
54946	VG
54947	VG
54948	VG
54949	VG
54950	VG
54951	VG
54952	VG
54953	VG
54954	VG
54955	VG
54956	VG
54957	VG
54958	VG
54959	VG
54960	VG
54961	VG
54962	VG
54963	VG
54964	VG
54965	VG
54966	VG
54967	VG
54968	VG
54969	VG
54970	VG
54971	VG
54972	VG
54973	VG
54974	VG
54975	VG
54976	VG
54977	VG
54978	VG
54979	VG
54980	VG
54981	VG
54982	VG
54983	VG
54984	VG
54985	VG
54986	VG
54987	VG
54988	VG
54989	VG
54990	VG
54991	VG
54992	VG
54993	VG
54994	VG
54995	VG
54996	VG
54997	VG
54998	VG
54999	VG
55000	VG
55001	VG
55002	VG
55003	VG
55004	VG
55005	VG
55006	VG
55007	VG
55008	VG
55009	VG
55010	VG
55011	VG
55012	VG
55013	VG
55014	VG
55015	VG
55016	VG
55017	VG
55018	VG
55019	VG
55020	VG
55021	VG
55022	VG
55023	VG
55024	VG
55025	VG
55026	VG
55027	VG
55028	VG
55029	VG
55030	VG
55031	VG
55032	VG
55033	VG
55034	VG
55035	VG
55036	VG
55037	VG
55038	VG
55039	VG
55040	VG
55041	VG
55042	VG
55043	VG
55044	VG
55045	VG
55046	VG
55047	VG
55048	VG
55049	VG
55050	VG
55051	VG
55052	VG
55053	VG
55054	VG
55055	VG
55056	VG
55057	VG
55058	VG
55059	VG
55060	VG
55061	VG
55062	VG
55063	VG
55064	VG
55065	VG
55066	VG
55067	VG
55068	VG
55069	VG
55070	VG
55071	VG
55072	VG
55073	VG
55074	VG
55075	VG
55076	VG
55077	VG
55078	VG
55079	VG
55080	VG
55081	VG
55082	VG
55083	VG
55084	VG
55085	VG
55086	VG
55087	VG
55088	VG
55089	VG
55090	VG
55091	VG
55092	VG
55093	VG
55094	VG
55095	VG
55096	VG
55097	VG
55098	VG
55099	VG
55100	VG
55101	VG
55102	VG
55103	VG
55104	VG
55105	VG
55106	VG
55107	VG
55108	VG
55109	VG
55110	VG
55111	VG
55112	VG
55113	VG
55114	VG
55115	VG
55116	VG
55117	VG
55118	VG
55119	VG
55120	VG
55121	VG
55122	VG
55123	VG
55124	VG
55125	VG
55126	VG
55127	VG
55128	VG
55129	VG
55130	VG
55131	VG
55132	VG
55133	VG
55134	VG
55135	VG
55136	VG
55137	VG
55138	VG
55139	VG
55140	VG
55141	VG
55142	VG
55143	VG
55144	VG
55145	VG
55146	VG
55147	VG
55148	VG
55149	VG
55150	VG
55151	VG
55152	VG
55153	VG
55154	VG
55155	VG
55156	VG
55157	VG
55158	VG
55159	VG
55160	VG
55161	VG
55162	VG
55163	VG
55164	VG
55165	VG
55166	VG
55167	VG
55168	VG
55169	VG
55170	VG
55171	VG
55172	VG
55173	VG
55174	VG
55175	VG
55176	VG
55177	VG
55178	VG
55179	VG
55180	VG
55181	VG
55182	VG
55183	VG
55184	VG
55185	VG
55186	VG
55187	VG
55188	VG
55189	VG
55190	VG
55191	VG
55192	VG
55193	VG
55194	VG
55195	VG
55196	VG
55197	VG
55198	VG
55199	VG
55200	VG
55201	VG
55202	VG
55203	VG
55204	VG
55205	VG
55206	VG
55207	VG
55208	VG
55209	VG
55210	VG
55211	VG
55212	VG
55213	VG
55214	VG
55215	VG
55216	VG
55217	VG
55218	VG
55219	VG
55220	VG
55221	VG
55222	VG
55223	VG
55224	VG
55225	VG
55226	VG
55227	VG
55228	VG
55229	VG
55230	VG
55231	VG
55232	VG
55233	VG
55234	VG
55235	VG
55236	VG
55237	VG
55238	VG
55239	VG
55240	VG
55241	VG
55242	VG
55243	VG
55244	VG
55245	VG
55246	VG
55247	VG
55248	VG
55249	VG
55250	VG
55251	VG
55252	VG
55253	VG
55254	VG
55255	VG
55256	VG
55257	VG
55258	VG
55259	VG
55260	VG
55261	VG
55262	VG
55263	VG
55264	VG
55265	VG
55266	VG
55267	VG
55268	VG
55269	VG
55270	VG
55271	VG
55272	VG
55273	VG
55274	VG
55275	VG
55276	VG
55277	VG
55278	VG
55279	VG
55280	VG
55281	VG
55282	VG
55283	VG
55284	VG
55285	VG
55286	VG
55287	VG
55288	VG
55289	VG
55290	VG
55291	VG
55292	VG
55293	VG
55294	VG
55295	VG
55296	VG
55297	VG
55298	VG
55299	VG
55300	VG
55301	VG
55302	VG
55303	VG
55304	VG
55305	VG
55306	VG
55307	VG
55308	VG
55309	VG
55310	VG
55311	VG
55312	VG
55313	VG
55314	VG
55315	VG
55316	VG
55317	VG
55318	VG
55319	VG
55320	VG
55321	VG
55322	VG
55323	VG
55324	VG
55325	VG
55326	VG
55327	VG
55328	VG
55329	VG
55330	VG
55331	VG
55332	VG
55333	VG
55334	VG
55335	VG
55336	VG
55337	VG
55338	VG
55339	VG
55340	VG
55341	VG
55342	VG
55343	VG
55344	VG
55345	VG
55346	VG
55347	VG
55348	VG
55349	VG
55350	VG
55351	VG
55352	VG
55353	VG
55354	VG
55355	VG
55356	VG
55357	VG
55358	VG
55359	VG
55360	VG
55361	VG
55362	VG
55363	VG
55364	VG
55365	VG
55366	VG
55367	VG
55368	VG
55369	VG
55370	VG
55371	VG
55372	VG
55373	VG
55374	VG
55375	VG
55376	VG
55377	VG
55378	VG
55379	VG
55380	VG
55381	VG
55382	VG
55383	VG
55384	VG
55385	VG
55386	VG
55387	VG
55388	VG
55389	VG
55390	VG
55391	VG
55392	VG
55393	VG
55394	VG
55395	VG
55396	VG
55397	VG
55398	VG
55399	VG
55400	VG
55401	VG
55402	VG
55403	VG
55404	VG
55405	VG
55406	VG
55407	VG
55408	VG
55409	VG
55410	VG
55411	VG
55412	VG
55413	VG
55414	VG
55415	VG
55416	VG
55417	VG
55418	VG
55419	VG
55420	VG
55421	VG
55422	VG
55423	VG
55424	VG
55425	VG
55426	VG
55427	VG
55428	VG
55429	VG
55430	VG
55431	VG
55432	VG
55433	VG
55434	VG
55435	VG
55436	VG
55437	VG
55438	VG
55439	VG
55440	VG
55441	VG
55442	VG
55443	VG
55444	VG
55445	VG
55446	VG
55447	VG
55448	VG
55449	VG
55450	VG
55451	VG
55452	VG
55453	VG
55454	VG
55455	VG
55456	VG
55457	VG
55458	VG
55459	VG
55460	VG
55461	VG
55462	VG
55463	VG
55464	VG
55465	VG
55466	VG
55467	VG
55468	VG
55469	VG
55470	VG
55471	VG
55472	VG
55473	VG
55474	VG
55475	VG
55476	VG
55477	VG
55478	VG
55479	VG
55480	VG
55481	VG
55482	VG
55483	VG
55484	VG
55485	VG
55486	VG
55487	VG
55488	VG
55489	VG
55490	VG
55491	VG
55492	VG
55493	VG
55494	VG
55495	VG
55496	VG
55497	VG
55498	VG
55499	VG
55500	VG
55501	VG
55502	VG
55503	VG
55504	VG
55505	VG
55506	VG
55507	VG
55508	VG
55509	VG
55510	VG
55511	VG
55512	VG
55513	VG
55514	VG
55515	VG
55516	VG
55517	VG
55518	VG
55519	VG
55520	VG
55521	VG
55522	VG
55523	VG
55524	VG
55525	VG
55526	VG
55527	VG
55528	VG
55529	VG
55530	VG
55531	VG
55532	VG
55533	VG
55534	VG
55535	VG
55536	VG
55537	VG
55538	VG
55539	VG
55540	VG
55541	VG
55542	VG
55543	VG
55544	VG
55545	VG
55546	VG
55547	VG
55548	VG
55549	VG
55550	VG
55551	VG
55552	VG
55553	VG
55554	VG
55555	VG
55556	VG
55557	VG
55558	VG
55559	VG
55560	VG
55561	VG
55562	VG
55563	VG
55564	VG
55565	VG
55566	VG
55567	VG
55568	VG
55569	VG
55570	VG
55571	VG
55572	VG
55573	VG
55574	VG
55575	VG
55576	VG
55577	VG
55578	VG
55579	VG
55580	VG
55581	VG
55582	VG
55583	VG
55584	VG
55585	VG
55586	VG
55587	VG
55588	VG
55589	VG
55590	VG
55591	VG
55592	VG
55593	VG
55594	VG
55595	VG
55596	VG
55597	VG
55598	VG
55599	VG
55600	VG
55601	VG
55602	VG
55603	VG
55604	VG
55605	VG
55606	VG
55607	VG
55608	VG
55609	VG
55610	VG
55611	VG
55612	VG
55613	VG
55614	VG
55615	VG
55616	VG
55617	VG
55618	VG
55619	VG
55620	VG
55621	VG
55622	VG
55623	VG
55624	VG
55625	VG
55626	VG
55627	VG
55628	VG
55629	VG
55630	VG
55631	VG
55632	VG
55633	VG
55634	VG
55635	VG
55636	VG
55637	VG
55638	VG
55639	VG
55640	VG
55641	VG
55642	VG
55643	VG
55644	VG
55645	VG
55646	VG
55647	VG
55648	VG
55649	VG
55650	VG
55651	VG
55652	VG
55653	VG
55654	VG
55655	VG
55656	VG
55657	VG
55658	VG
55659	VG
55660	VG
55661	VG
55662	VG
55663	VG
55664	VG
55665	VG
55666	VG
55667	VG
55668	VG
55669	VG
55670	VG
55671	VG
55672	VG
55673	VG
55674	VG
55675	VG
55676	VG
55677	VG
55678	VG
55679	VG
55680	VG
55681	VG
55682	VG
55683	VG
55684	VG
55685	VG
55686	VG
55687	VG
55688	VG
55689	VG
55690	VG
55691	VG
55692	VG
55693	VG
55694	VG
55695	VG
55696	VG
55697	VG
55698	VG
55699	VG
55700	VG
55701	VG
55702	VG
55703	VG
55704	VG
55705	VG
55706	VG
55707	VG
55708	VG
55709	VG
55710	VG
55711	VG
55712	VG
55713	VG
55714	VG
55715	VG
55716	VG
55717	VG
55718	VG
55719	VG
55720	VG
55721	VG
55722	VG
55723	VG
55724	VG
55725	VG
55726	VG
55727	VG
55728	VG
55729	VG
55730	VG
55731	VG
55732	VG
55733	VG
55734	VG
55735	VG
55736	VG
55737	VG
55738	VG
55739	VG
55740	VG
55741	VG
55742	VG
55743	VG
55744	VG
55745	VG
55746	VG
55747	VG
55748	VG
55749	VG
55750	VG
55751	VG
55752	VG
55753	VG
55754	VG
55755	VG
55756	VG
55757	VG
55758	VG
55759	VG
55760	VG
55761	VG
55762	VG
55763	VG
55764	VG
55765	VG
55766	VG
55767	VG
55768	VG
55769	VG
55770	VG
55771	VG
55772	VG
55773	VG
55774	VG
55775	VG
55776	VG
55777	VG
55778	VG
55779	VG
55780	VG
55781	VG
55782	VG
55783	VG
55784	VG
55785	VG
55786	VG
55787	VG
55788	VG
55789	VG
55790	VG
55791	VG
55792	VG
55793	VG
55794	VG
55795	VG
55796	VG
55797	VG
55798	VG
55799	VG
55800	VG
55801	VG
55802	VG
55803	VG
55804	VG
55805	VG
55806	VG
55807	VG
55808	VG
55809	VG
55810	VG
55811	VG
55812	VG
55813	VG
55814	VG
55815	VG
55816	VG
55817	VG
55818	VG
55819	VG
55820	VG
55821	VG
55822	VG
55823	VG
55824	VG
55825	VG
55826	VG
55827	VG
55828	VG
55829	VG
55830	VG
55831	VG
55832	VG
55833	VG
55834	VG
55835	VG
55836	VG
55837	VG
55838	VG
55839	VG
55840	VG
55841	VG
55842	VG
55843	VG
55844	VG
55845	VG
55846	VG
55847	VG
55848	VG
55849	VG
55850	VG
55851	VG
55852	VG
55853	VG
55854	VG
55855	VG
55856	VG
55857	VG
55858	VG
55859	VG
55860	VG
55861	VG
55862	VG
55863	VG
55864	VG
55865	VG
55866	VG
55867	VG
55868	VG
55869	VG
55870	VG
55871	VG
55872	VG
55873	VG
55874	VG
55875	VG
55876	VG
55877	VG
55878	VG
55879	VG
55880	VG
55881	VG
55882	VG
55883	VG
55884	VG
55885	VG
55886	VG
55887	VG
55888	VG
55889	VG
55890	VG
55891	VG
55892	VG
55893	VG
55894	VG
55895	VG
55896	VG
55897	VG
55898	VG
55899	VG
55900	VG
55901	VG
55902	VG
55903	VG
55904	VG
55905	VG
55906	VG
55907	VG
55908	VG
55909	VG
55910	VG
55911	VG
55912	VG
55913	VG
55914	VG
55915	VG
55916	VG
55917	VG
55918	VG
55919	VG
55920	VG
55921	VG
55922	VG
55923	VG
55924	VG
55925	VG
55926	VG
55927	VG
55928	VG
55929	VG
55930	VG
55931	VG
55932	VG
55933	VG
55934	VG
55935	VG
55936	VG
55937	VG
55938	VG
55939	VG
55940	VG
55941	VG
55942	VG
55943	VG
55944	VG
55945	VG
55946	VG
55947	VG
55948	VG
55949	VG
55950	VG
55951	VG
55952	VG
55953	VG
55954	VG
55955	VG
55956	VG
55957	VG
55958	VG
55959	VG
55960	VG
55961	VG
55962	VG
55963	VG
55964	VG
55965	VG
55966	VG
55967	VG
55968	VG
55969	VG
55970	VG
55971	VG
55972	VG
55973	VG
55974	VG
55975	VG
55976	VG
55977	VG
55978	VG
55979	VG
55980	VG
55981	VG
55982	VG
55983	VG
55984	VG
55985	VG
55986	VG
55987	VG
55988	VG
55989	VG
55990	VG
55991	VG
55992	VG
55993	VG
55994	VG
55995	VG
55996	VG
55997	VG
55998	VG
55999	VG
56000	VG
56001	VG
56002	VG
56003	VG
56004	VG
56005	VG
56006	VG
56007	VG
56008	VG
56009	VG
56010	VG
56011	VG
56012	VG
56013	VG
56014	VG
56015	VG
56016	VG
56017	VG
56018	VG
56019	VG
56020	VG
56021	VG
56022	VG
56023	VG
56024	VG
56025	VG
56026	VG
56027	VG
56028	VG
56029	VG
56030	VG
56031	VG
56032	VG
56033	VG
56034	VG
56035	VG
56036	VG
56037	VG
56038	VG
56039	VG
56040	VG
56041	VG
56042	VG
56043	VG
56044	VG
56045	VG
56046	VG
56047	VG
56048	VG
56049	VG
56050	VG
56051	VG
56052	VG
56053	VG
56054	VG
56055	VG
56056	VG
56057	VG
56058	VG
56059	VG
56060	VG
56061	VG
56062	VG
56063	VG
56064	VG
56065	VG
56066	VG
56067	VG
56068	VG
56069	VG
56070	VG
56071	VG
56072	VG
56073	VG
56074	VG
56075	VG
56076	VG
56077	VG
56078	VG
56079	VG
56080	VG
56081	VG
56082	VG
56083	VG
56084	VG
56085	VG
56086	VG
56087	VG
56088	VG
56089	VG
56090	VG
56091	VG
56092	VG
56093	VG
56094	VG
56095	VG
56096	VG
56097	VG
56098	VG
56099	VG
56100	VG
56101	VG
56102	VG
56103	VG
56104	VG
56105	VG
56106	VG
56107	VG
56108	VG
56109	VG
56110	VG
56111	VG
56112	VG
56113	VG
56114	VG
56115	VG
56116	VG
56117	VG
56118	VG
56119	VG
56120	VG
56121	VG
56122	VG
56123	VG
56124	VG
56125	VG
56126	VG
56127	VG
56128	VG
56129	VG
56130	VG
56131	VG
56132	VG
56133	VG
56134	VG
56135	VG
56136	VG
56137	VG
56138	VG
56139	VG
56140	VG
56141	VG
56142	VG
56143	VG
56144	VG
56145	VG
56146	VG
56147	VG
56148	VG
56149	VG
56150	VG
56151	VG
56152	VG
56153	VG
56154	VG
56155	VG
56156	VG
56157	VG
56158	VG
56159	VG
56160	VG
56161	VG
56162	VG
56163	VG
56164	VG
56165	VG
56166	VG
56167	VG
56168	VG
56169	VG
56170	VG
56171	VG
56172	VG
56173	VG
56174	VG
56175	VG
56176	VG
56177	VG
56178	VG
56179	VG
56180	VG
56181	VG
56182	VG
56183	VG
56184	VG
56185	VG
56186	VG
56187	VG
56188	VG
56189	VG
56190	VG
56191	VG
56192	VG
56193	VG
56194	VG
56195	VG
56196	VG
56197	VG
56198	VG
56199	VG
56200	VG
56201	VG
56202	VG
56203	VG
56204	VG
56205	VG
56206	VG
56207	VG
56208	VG
56209	VG
56210	VG
56211	VG
56212	VG
56213	VG
56214	VG
56215	VG
56216	VG
56217	VG
56218	VG
56219	VG
56220	VG
56221	VG
56222	VG
56223	VG
56224	VG
56225	VG
56226	VG
56227	VG
56228	VG
56229	VG
56230	VG
56231	VG
56232	VG
56233	VG
56234	VG
56235	VG
56236	VG
56237	VG
56238	VG
56239	VG
56240	VG
56241	VG
56242	VG
56243	VG
56244	VG
56245	VG
56246	VG
56247	VG
56248	VG
56249	VG
56250	VG
56251	VG
56252	VG
56253	VG
56254	VG
56255	VG
56256	VG
56257	VG
56258	VG
56259	VG
56260	VG
56261	VG
56262	VG
56263	VG
56264	VG
56265	VG
56266	VG
56267	VG
56268	VG
56269	VG
56270	VG
56271	VG
56272	VG
56273	VG
56274	VG
56275	VG
56276	VG
56277	VG
56278	VG
56279	VG
56280	VG
56281	VG
56282	VG
56283	VG
56284	VG
56285	VG
56286	VG
56287	VG
56288	VG
56289	VG
56290	VG
56291	VG
56292	VG
56293	VG
56294	VG
56295	VG
56296	VG
56297	VG
56298	VG
56299	VG
56300	VG
56301	VG
56302	VG
56303	VG
56304	VG
56305	VG
56306	VG
56307	VG
56308	VG
56309	VG
56310	VG
56311	VG
56312	VG
56313	VG
56314	VG
56315	VG
56316	VG
56317	VG
56318	VG
56319	VG
56320	VG
56321	VG
56322	VG
56323	VG
56324	VG
56325	VG
56326	VG
56327	VG
56328	VG
56329	VG
56330	VG
56331	VG
56332	VG
56333	VG
56334	VG
56335	VG
56336	VG
56337	VG
56338	VG
56339	VG
56340	VG
56341	VG
56342	VG
56343	VG
56344	VG
56345	VG
56346	VG
56347	VG
56348	VG
56349	VG
56350	VG
56351	VG
56352	VG
56353	VG
56354	VG
56355	VG
56356	VG
56357	VG
56358	VG
56359	VG
56360	VG
56361	VG
56362	VG
56363	VG
56364	VG
56365	VG
56366	VG
56367	VG
56368	VG
56369	VG
56370	VG
56371	VG
56372	VG
56373	VG
56374	VG
56375	VG
56376	VG
56377	VG
56378	VG
56379	VG
56380	VG
56381	VG
56382	VG
56383	VG
56384	VG
56385	VG
56386	VG
56387	VG
56388	VG
56389	VG
56390	VG
56391	VG
56392	VG
56393	VG
56394	VG
56395	VG
56396	VG
56397	VG
56398	VG
56399	VG
56400	VG
56401	VG
56402	VG
56403	VG
56404	VG
56405	VG
56406	VG
56407	VG
56408	VG
56409	VG
56410	VG
56411	VG
56412	VG
56413	VG
56414	VG
56415	VG
56416	VG
56417	VG
56418	VG
56419	VG
56420	VG
56421	VG
56422	VG
56423	VG
56424	VG
56425	VG
56426	VG
56427	VG
56428	VG
56429	VG
56430	VG
56431	VG
56432	VG
56433	VG
56434	VG
56435	VG
56436	VG
56437	VG
56438	VG
56439	VG
56440	VG
56441	VG
56442	VG
56443	VG
56444	VG
56445	VG
56446	VG
56447	VG
56448	VG
56449	VG
56450	VG
56451	VG
56452	VG
56453	VG
56454	VG
56455	VG
56456	VG
56457	VG
56458	VG
56459	VG
56460	VG
56461	VG
56462	VG
56463	VG
56464	VG
56465	VG
56466	VG
56467	VG
56468	VG
56469	VG
56470	VG
56471	VG
56472	VG
56473	VG
56474	VG
56475	VG
56476	VG
56477	VG
56478	VG
56479	VG
56480	VG
56481	VG
56482	VG
56483	VG
56484	VG
56485	VG
56486	VG
56487	VG
56488	VG
56489	VG
56490	VG
56491	VG
56492	VG
56493	VG
56494	VG
56495	VG
56496	VG
56497	VG
56498	VG
56499	VG
56500	VG
56501	VG
56502	VG
56503	VG
56504	VG
56505	VG
56506	VG
56507	VG
56508	VG
56509	VG
56510	VG
56511	VG
56512	VG
56513	VG
56514	VG
56515	VG
56516	VG
56517	VG
56518	VG
56519	VG
56520	VG
56521	VG
56522	VG
56523	VG
56524	VG
56525	VG
56526	VG
56527	VG
56528	VG
56529	VG
56530	VG
56531	VG
56532	VG
56533	VG
56534	VG
56535	VG
56536	VG
56537	VG
56538	VG
56539	VG
56540	VG
56541	VG
56542	VG
56543	VG
56544	VG
56545	VG
56546	VG
56547	VG
56548	VG
56549	VG
56550	VG
56551	VG
56552	VG
56553	VG
56554	VG
56555	VG
56556	VG
56557	VG
56558	VG
56559	VG
56560	VG
56561	VG
56562	VG
56563	VG
56564	VG
56565	VG
56566	VG
56567	VG
56568	VG
56569	VG
56570	VG
56571	VG
56572	VG
56573	VG
56574	VG
56575	VG
56576	VG
56577	VG
56578	VG
56579	VG
56580	VG
56581	VG
56582	VG
56583	VG
56584	VG
56585	VG
56586	VG
56587	VG
56588	VG
56589	VG
56590	VG
56591	VG
56592	VG
56593	VG
56594	VG
56595	VG
56596	VG
56597	VG
56598	VG
56599	VG
56600	VG
56601	VG
56602	VG
56603	VG
56604	VG
56605	VG
56606	VG
56607	VG
56608	VG
56609	VG
56610	VG
56611	VG
56612	VG
56613	VG
56614	VG
56615	VG
56616	VG
56617	VG
56618	VG
56619	VG
56620	VG
56621	VG
56622	VG
56623	VG
56624	VG
56625	VG
56626	VG
56627	VG
56628	VG
56629	VG
56630	VG
56631	VG
56632	VG
56633	VG
56634	VG
56635	VG
56636	VG
56637	VG
56638	VG
56639	VG
56640	VG
56641	VG
56642	VG
56643	VG
56644	VG
56645	VG
56646	VG
56647	VG
56648	VG
56649	VG
56650	VG
56651	VG
56652	VG
56653	VG
56654	VG
56655	VG
56656	VG
56657	VG
56658	VG
56659	VG
56660	VG
56661	VG
56662	VG
56663	VG
56664	VG
56665	VG
56666	VG
56667	VG
56668	VG
56669	VG
56670	VG
56671	VG
56672	VG
56673	VG
56674	VG
56675	VG
56676	VG
56677	VG
56678	VG
56679	VG
56680	VG
56681	VG
56682	VG
56683	VG
56684	VG
56685	VG
56686	VG
56687	VG
56688	VG
56689	VG
56690	VG
56691	VG
56692	VG
56693	VG
56694	VG
56695	VG
56696	VG
56697	VG
56698	VG
56699	VG
56700	VG
56701	VG
56702	VG
56703	VG
56704	VG
56705	VG
56706	VG
56707	VG
56708	VG
56709	VG
56710	VG
56711	VG
56712	VG
56713	VG
56714	VG
56715	VG
56716	VG
56717	VG
56718	VG
56719	VG
56720	VG
56721	VG
56722	VG
56723	VG
56724	VG
56725	VG
56726	VG
56727	VG
56728	VG
56729	VG
56730	VG
56731	VG
56732	VG
56733	VG
56734	VG
56735	VG
56736	VG
56737	VG
56738	VG
56739	VG
56740	VG
56741	VG
56742	VG
56743	VG
56744	VG
56745	VG
56746	VG
56747	VG
56748	VG
56749	VG
56750	VG
56751	VG
56752	VG
56753	VG
56754	VG
56755	VG
56756	VG
56757	VG
56758	VG
56759	VG
56760	VG
56761	VG
56762	VG
56763	VG
56764	VG
56765	VG
56766	VG
56767	VG
56768	VG
56769	VG
56770	VG
56771	VG
56772	VG
56773	VG
56774	VG
56775	VG
56776	VG
56777	VG
56778	VG
56779	VG
56780	VG
56781	VG
56782	VG
56783	VG
56784	VG
56785	VG
56786	VG
56787	VG
56788	VG
56789	VG
56790	VG
56791	VG
56792	VG
56793	VG
56794	VG
56795	VG
56796	VG
56797	VG
56798	VG
56799	VG
56800	VG
56801	VG
56802	VG
56803	VG
56804	VG
56805	VG
56806	VG
56807	VG
56808	VG
56809	VG
56810	VG
56811	VG
56812	VG
56813	VG
56814	VG
56815	VG
56816	VG
56817	VG
56818	VG
56819	VG
56820	VG
56821	VG
56822	VG
56823	VG
56824	VG
56825	VG
56826	VG
56827	VG
56828	VG
56829	VG
56830	VG
56831	VG
56832	VG
56833	VG
56834	VG
56835	VG
56836	VG
56837	VG
56838	VG
56839	VG
56840	VG
56841	VG
56842	VG
56843	VG
56844	VG
56845	VG
56846	VG
56847	VG
56848	VG
56849	VG
56850	VG
56851	VG
56852	VG
56853	VG
56854	VG
56855	VG
56856	VG
56857	VG
56858	VG
56859	VG
56860	VG
56861	VG
56862	VG
56863	VG
56864	VG
56865	VG
56866	VG
56867	VG
56868	VG
56869	VG
56870	VG
56871	VG
56872	VG
56873	VG
56874	VG
56875	VG
56876	VG
56877	VG
56878	VG
56879	VG
56880	VG
56881	VG
56882	VG
56883	VG
56884	VG
56885	VG
56886	VG
56887	VG
56888	VG
56889	VG
56890	VG
56891	VG
56892	VG
56893	VG
56894	VG
56895	VG
56896	VG
56897	VG
56898	VG
56899	VG
56900	VG
56901	VG
56902	VG
56903	VG
56904	VG
56905	VG
56906	VG
56907	VG
56908	VG
56909	VG
56910	VG
56911	VG
56912	VG
56913	VG
56914	VG
56915	VG
56916	VG
56917	VG
56918	VG
56919	VG
56920	VG
56921	VG
56922	VG
56923	VG
56924	VG
56925	VG
56926	VG
56927	VG
56928	VG
56929	VG
56930	VG
56931	VG
56932	VG
56933	VG
56934	VG
56935	VG
56936	VG
56937	VG
56938	VG
56939	VG
56940	VG
56941	VG
56942	VG
56943	VG
56944	VG
56945	VG
56946	VG
56947	VG
56948	VG
56949	VG
56950	VG
56951	VG
56952	VG
56953	VG
56954	VG
56955	VG
56956	VG
56957	VG
56958	VG
56959	VG
56960	VG
56961	VG
56962	VG
56963	VG
56964	VG
56965	VG
56966	VG
56967	VG
56968	VG
56969	VG
56970	VG
56971	VG
56972	VG
56973	VG
56974	VG
56975	VG
56976	VG
56977	VG
56978	VG
56979	VG
56980	VG
56981	VG
56982	VG
56983	VG
56984	VG
56985	VG
56986	VG
56987	VG
56988	VG
56989	VG
56990	VG
56991	VG
56992	VG
56993	VG
56994	VG
56995	VG
56996	VG
56997	VG
56998	VG
56999	VG
57000	VG
57001	VG
57002	VG
57003	VG
57004	VG
57005	VG
57006	VG
57007	VG
57008	VG
57009	VG
57010	VG
57011	VG
57012	VG
57013	VG
57014	VG
57015	VG
57016	VG
57017	VG
57018	VG
57019	VG
57020	VG
57021	VG
57022	VG
57023	VG
57024	VG
57025	VG
57026	VG
57027	VG
57028	VG
57029	VG
57030	VG
57031	VG
57032	VG
57033	VG
57034	VG
57035	VG
57036	VG
57037	VG
57038	VG
57039	VG
57040	VG
57041	VG
57042	VG
57043	VG
57044	VG
57045	VG
57046	VG
57047	VG
57048	VG
57049	VG
57050	VG
57051	VG
57052	VG
57053	VG
57054	VG
57055	VG
57056	VG
57057	VG
57058	VG
57059	VG
57060	VG
57061	VG
57062	VG
57063	VG
57064	VG
57065	VG
57066	VG
57067	VG
57068	VG
57069	VG
57070	VG
57071	VG
57072	VG
57073	VG
57074	VG
57075	VG
57076	VG
57077	VG
57078	VG
57079	VG
57080	VG
57081	VG
57082	VG
57083	VG
57084	VG
57085	VG
57086	VG
57087	VG
57088	VG
57089	VG
57090	VG
57091	VG
57092	VG
57093	VG
57094	VG
57095	VG
57096	VG
57097	VG
57098	VG
57099	VG
57100	VG
57101	VG
57102	VG
57103	VG
57104	VG
57105	VG
57106	VG
57107	VG
57108	VG
57109	VG
57110	VG
57111	VG
57112	VG
57113	VG
57114	VG
57115	VG
57116	VG
57117	VG
57118	VG
57119	VG
57120	VG
57121	VG
57122	VG
57123	VG
57124	VG
57125	VG
57126	VG
57127	VG
57128	VG
57129	VG
57130	VG
57131	VG
57132	VG
57133	VG
57134	VG
57135	VG
57136	VG
57137	VG
57138	VG
57139	VG
57140	VG
57141	VG
57142	VG
57143	VG
57144	VG
57145	VG
57146	VG
57147	VG
57148	VG
57149	VG
57150	VG
57151	VG
57152	VG
57153	VG
57154	VG
57155	VG
57156	VG
57157	VG
57158	VG
57159	VG
57160	VG
57161	VG
57162	VG
57163	VG
57164	VG
57165	VG
57166	VG
57167	VG
57168	VG
57169	VG
57170	VG
57171	VG
57172	VG
57173	VG
57174	VG
57175	VG
57176	VG
57177	VG
57178	VG
57179	VG
57180	VG
57181	VG
57182	VG
57183	VG
57184	VG
57185	VG
57186	VG
57187	VG
57188	VG
57189	VG
57190	VG
57191	VG
57192	VG
57193	VG
57194	VG
57195	VG
57196	VG
57197	VG
57198	VG
57199	VG
57200	VG
57201	VG
57202	VG
57203	VG
57204	VG
57205	VG
57206	VG
57207	VG
57208	VG
57209	VG
57210	VG
57211	VG
57212	VG
57213	VG
57214	VG
57215	VG
57216	VG
57217	VG
57218	VG
57219	VG
57220	VG
57221	VG
57222	VG
57223	VG
57224	VG
57225	VG
57226	VG
57227	VG
57228	VG
57229	VG
57230	VG
57231	VG
57232	VG
57233	VG
57234	VG
57235	VG
57236	VG
57237	VG
57238	VG
57239	VG
57240	VG
57241	VG
57242	VG
57243	VG
57244	VG
57245	VG
57246	VG
57247	VG
57248	VG
57249	VG
57250	VG
57251	VG
57252	VG
57253	VG
57254	VG
57255	VG
57256	VG
57257	VG
57258	VG
57259	VG
57260	VG
57261	VG
57262	VG
57263	VG
57264	VG
57265	VG
57266	VG
57267	VG
57268	VG
57269	VG
57270	VG
57271	VG
57272	VG
57273	VG
57274	VG
57275	VG
57276	VG
57277	VG
57278	VG
57279	VG
57280	VG
57281	VG
57282	VG
57283	VG
57284	VG
57285	VG
57286	VG
57287	VG
57288	VG
57289	VG
57290	VG
57291	VG
57292	VG
57293	VG
57294	VG
57295	VG
57296	VG
57297	VG
57298	VG
57299	VG
57300	VG
57301	VG
57302	VG
57303	VG
57304	VG
57305	VG
57306	VG
57307	VG
57308	VG
57309	VG
57310	VG
57311	VG
57312	VG
57313	VG
57314	VG
57315	VG
57316	VG
57317	VG
57318	VG
57319	VG
57320	VG
57321	VG
57322	VG
57323	VG
57324	VG
57325	VG
57326	VG
57327	VG
57328	VG
57329	VG
57330	VG
57331	VG
57332	VG
57333	VG
57334	VG
57335	VG
57336	VG
57337	VG
57338	VG
57339	VG
57340	VG
57341	VG
57342	VG
57343	VG
57344	VG
57345	VG
57346	VG
57347	VG
57348	VG
57349	VG
57350	VG
57351	VG
57352	VG
57353	VG
57354	VG
57355	VG
57356	VG
57357	VG
57358	VG
57359	VG
57360	VG
57361	VG
57362	VG
57363	VG
57364	VG
57365	VG
57366	VG
57367	VG
57368	VG
57369	VG
57370	VG
57371	VG
57372	VG
57373	VG
57374	VG
57375	VG
57376	VG
57377	VG
57378	VG
57379	VG
57380	VG
57381	VG
57382	VG
57383	VG
57384	VG
57385	VG
57386	VG
57387	VG
57388	VG
57389	VG
57390	VG
57391	VG
57392	VG
57393	VG
57394	VG
57395	VG
57396	VG
57397	VG
57398	VG
57399	VG
57400	VG
57401	VG
57402	VG
57403	VG
57404	VG
57405	VG
57406	VG
57407	VG
57408	VG
57409	VG
57410	VG
57411	VG
57412	VG
57413	VG
57414	VG
57415	VG
57416	VG
57417	VG
57418	VG
57419	VG
57420	VG
57421	VG
57422	VG
57423	VG
57424	VG
57425	VG
57426	VG
57427	VG
57428	VG
57429	VG
57430	VG
57431	VG
57432	VG
57433	VG
57434	VG
57435	VG
57436	VG
57437	VG
57438	VG
57439	VG
57440	VG
57441	VG
57442	VG
57443	VG
57444	VG
57445	VG
57446	VG
57447	VG
57448	VG
57449	VG
57450	VG
57451	VG
57452	VG
57453	VG
57454	VG
57455	VG
57456	VG
57457	VG
57458	VG
57459	VG
57460	VG
57461	VG
57462	VG
57463	VG
57464	VG
57465	VG
57466	VG
57467	VG
57468	VG
57469	VG
57470	VG
57471	VG
57472	VG
57473	VG
57474	VG
57475	VG
57476	VG
57477	VG
57478	VG
57479	VG
57480	VG
57481	VG
57482	VG
57483	VG
57484	VG
57485	VG
57486	VG
57487	VG
57488	VG
57489	VG
57490	VG
57491	VG
57492	VG
57493	VG
57494	VG
57495	VG
57496	VG
57497	VG
57498	VG
57499	VG
57500	VG
57501	VG
57502	VG
57503	VG
57504	VG
57505	VG
57506	VG
57507	VG
57508	VG
57509	VG
57510	VG
57511	VG
57512	VG
57513	VG
57514	VG
57515	VG
57516	VG
57517	VG
57518	VG
57519	VG
57520	VG
57521	VG
57522	VG
57523	VG
57524	VG
57525	VG
57526	VG
57527	VG
57528	VG
57529	VG
57530	VG
57531	VG
57532	VG
57533	VG
57534	VG
57535	VG
57536	VG
57537	VG
57538	VG
57539	VG
57540	VG
57541	VG
57542	VG
57543	VG
57544	VG
57545	VG
57546	VG
57547	VG
57548	VG
57549	VG
57550	VG
57551	VG
57552	VG
57553	VG
57554	VG
57555	VG
57556	VG
57557	VG
57558	VG
57559	VG
57560	VG
57561	VG
57562	VG
57563	VG
57564	VG
57565	VG
57566	VG
57567	VG
57568	VG
57569	VG
57570	VG
57571	VG
57572	VG
57573	VG
57574	VG
57575	VG
57576	VG
57577	VG
57578	VG
57579	VG
57580	VG
57581	VG
57582	VG
57583	VG
57584	VG
57585	VG
57586	VG
57587	VG
57588	VG
57589	VG
57590	VG
57591	VG
57592	VG
57593	VG
57594	VG
57595	VG
57596	VG
57597	VG
57598	VG
57599	VG
57600	VG
57601	VG
57602	VG
57603	VG
57604	VG
57605	VG
57606	VG
57607	VG
57608	VG
57609	VG
57610	VG
57611	VG
57612	VG
57613	VG
57614	VG
57615	VG
57616	VG
57617	VG
57618	VG
57619	VG
57620	VG
57621	VG
57622	VG
57623	VG
57624	VG
57625	VG
57626	VG
57627	VG
57628	VG
57629	VG
57630	VG
57631	VG
57632	VG
57633	VG
57634	VG
57635	VG
57636	VG
57637	VG
57638	VG
57639	VG
57640	VG
57641	VG
57642	VG
57643	VG
57644	VG
57645	VG
57646	VG
57647	VG
57648	VG
57649	VG
57650	VG
57651	VG
57652	VG
57653	VG
57654	VG
57655	VG
57656	VG
57657	VG
57658	VG
57659	VG
57660	VG
57661	VG
57662	VG
57663	VG
57664	VG
57665	VG
57666	VG
57667	VG
57668	VG
57669	VG
57670	VG
57671	VG
57672	VG
57673	VG
57674	VG
57675	VG
57676	VG
57677	VG
57678	VG
57679	VG
57680	VG
57681	VG
57682	VG
57683	VG
57684	VG
57685	VG
57686	VG
57687	VG
57688	VG
57689	VG
57690	VG
57691	VG
57692	VG
57693	VG
57694	VG
57695	VG
57696	VG
57697	VG
57698	VG
57699	VG
57700	VG
57701	VG
57702	VG
57703	VG
57704	VG
57705	VG
57706	VG
57707	VG
57708	VG
57709	VG
57710	VG
57711	VG
57712	VG
57713	VG
57714	VG
57715	VG
57716	VG
57717	VG
57718	VG
57719	VG
57720	VG
57721	VG
57722	VG
57723	VG
57724	VG
57725	VG
57726	VG
57727	VG
57728	VG
57729	VG
57730	VG
57731	VG
57732	VG
57733	VG
57734	VG
57735	VG
57736	VG
57737	VG
57738	VG
57739	VG
57740	VG
57741	VG
57742	VG
57743	VG
57744	VG
57745	VG
57746	VG
57747	VG
57748	VG
57749	VG
57750	VG
57751	VG
57752	VG
57753	VG
57754	VG
57755	VG
57756	VG
57757	VG
57758	VG
57759	VG
57760	VG
57761	VG
57762	VG
57763	VG
57764	VG
57765	VG
57766	VG
57767	VG
57768	VG
57769	VG
57770	VG
57771	VG
57772	VG
57773	VG
57774	VG
57775	VG
57776	VG
57777	VG
57778	VG
57779	VG
57780	VG
57781	VG
57782	VG
57783	VG
57784	VG
57785	VG
57786	VG
57787	VG
57788	VG
57789	VG
57790	VG
57791	VG
57792	VG
57793	VG
57794	VG
57795	VG
57796	VG
57797	VG
57798	VG
57799	VG
57800	VG
57801	VG
57802	VG
57803	VG
57804	VG
57805	VG
57806	VG
57807	VG
57808	VG
57809	VG
57810	VG
57811	VG
57812	VG
57813	VG
57814	VG
57815	VG
57816	VG
57817	VG
57818	VG
57819	VG
57820	VG
57821	VG
57822	VG
57823	VG
57824	VG
57825	VG
57826	VG
57827	VG
57828	VG
57829	VG
57830	VG
57831	VG
57832	VG
57833	VG
57834	VG
57835	VG
57836	VG
57837	VG
57838	VG
57839	VG
57840	VG
57841	VG
57842	VG
57843	VG
57844	VG
57845	VG
57846	VG
57847	VG
57848	VG
57849	VG
57850	VG
57851	VG
57852	VG
57853	VG
57854	VG
57855	VG
57856	VG
57857	VG
57858	VG
57859	VG
57860	VG
57861	VG
57862	VG
57863	VG
57864	VG
57865	VG
57866	VG
57867	VG
57868	VG
57869	VG
57870	VG
57871	VG
57872	VG
57873	VG
57874	VG
57875	VG
57876	VG
57877	VG
57878	VG
57879	VG
57880	VG
57881	VG
57882	VG
57883	VG
57884	VG
57885	VG
57886	VG
57887	VG
57888	VG
57889	VG
57890	VG
57891	VG
57892	VG
57893	VG
57894	VG
57895	VG
57896	VG
57897	VG
57898	VG
57899	VG
57900	VG
57901	VG
57902	VG
57903	VG
57904	VG
57905	VG
57906	VG
57907	VG
57908	VG
57909	VG
57910	VG
57911	VG
57912	VG
57913	VG
57914	VG
57915	VG
57916	VG
57917	VG
57918	VG
57919	VG
57920	VG
57921	VG
57922	VG
57923	VG
57924	VG
57925	VG
57926	VG
57927	VG
57928	VG
57929	VG
57930	VG
57931	VG
57932	VG
57933	VG
57934	VG
57935	VG
57936	VG
57937	VG
57938	VG
57939	VG
57940	VG
57941	VG
57942	VG
57943	VG
57944	VG
57945	VG
57946	VG
57947	VG
57948	VG
57949	VG
57950	VG
57951	VG
57952	VG
57953	VG
57954	VG
57955	VG
57956	VG
57957	VG
57958	VG
57959	VG
57960	VG
57961	VG
57962	VG
57963	VG
57964	VG
57965	VG
57966	VG
57967	VG
57968	VG
57969	VG
57970	VG
57971	VG
57972	VG
57973	VG
57974	VG
57975	VG
57976	VG
57977	VG
57978	VG
57979	VG
57980	VG
57981	VG
57982	VG
57983	VG
57984	VG
57985	VG
57986	VG
57987	VG
57988	VG
57989	VG
57990	VG
57991	VG
57992	VG
57993	VG
57994	VG
57995	VG
57996	VG
57997	VG
57998	VG
57999	VG
58000	VG
58001	VG
58002	VG
58003	VG
58004	VG
58005	VG
58006	VG
58007	VG
58008	VG
58009	VG
58010	VG
58011	VG
58012	VG
58013	VG
58014	VG
58015	VG
58016	VG
58017	VG
58018	VG
58019	VG
58020	VG
58021	VG
58022	VG
58023	VG
58024	VG
58025	VG
58026	VG
58027	VG
58028	VG
58029	VG
58030	VG
58031	VG
58032	VG
58033	VG
58034	VG
58035	VG
58036	VG
58037	VG
58038	VG
58039	VG
58040	VG
58041	VG
58042	VG
58043	VG
58044	VG
58045	VG
58046	VG
58047	VG
58048	VG
58049	VG
58050	VG
58051	VG
58052	VG
58053	VG
58054	VG
58055	VG
58056	VG
58057	VG
58058	VG
58059	VG
58060	VG
58061	VG
58062	VG
58063	VG
58064	VG
58065	VG
58066	VG
58067	VG
58068	VG
58069	VG
58070	VG
58071	VG
58072	VG
58073	VG
58074	VG
58075	VG
58076	VG
58077	VG
58078	VG
58079	VG
58080	VG
58081	VG
58082	VG
58083	VG
58084	VG
58085	VG
58086	VG
58087	VG
58088	VG
58089	VG
58090	VG
58091	VG
58092	VG
58093	VG
58094	VG
58095	VG
58096	VG
58097	VG
58098	VG
58099	VG
58100	VG
58101	VG
58102	VG
58103	VG
58104	VG
58105	VG
58106	VG
58107	VG
58108	VG
58109	VG
58110	VG
58111	VG
58112	VG
58113	VG
58114	VG
58115	VG
58116	VG
58117	VG
58118	VG
58119	VG
58120	VG
58121	VG
58122	VG
58123	VG
58124	VG
58125	VG
58126	VG
58127	VG
58128	VG
58129	VG
58130	VG
58131	VG
58132	VG
58133	VG
58134	VG
58135	VG
58136	VG
58137	VG
58138	VG
58139	VG
58140	VG
58141	VG
58142	VG
58143	VG
58144	VG
58145	VG
58146	VG
58147	VG
58148	VG
58149	VG
58150	VG
58151	VG
58152	VG
58153	VG
58154	VG
58155	VG
58156	VG
58157	VG
58158	VG
58159	VG
58160	VG
58161	VG
58162	VG
58163	VG
58164	VG
58165	VG
58166	VG
58167	VG
58168	VG
58169	VG
58170	VG
58171	VG
58172	VG
58173	VG
58174	VG
58175	VG
58176	VG
58177	VG
58178	VG
58179	VG
58180	VG
58181	VG
58182	VG
58183	VG
58184	VG
58185	VG
58186	VG
58187	VG
58188	VG
58189	VG
58190	VG
58191	VG
58192	VG
58193	VG
58194	VG
58195	VG
58196	VG
58197	VG
58198	VG
58199	VG
58200	VG
58201	VG
58202	VG
58203	VG
58204	VG
58205	VG
58206	VG
58207	VG
58208	VG
58209	VG
58210	VG
58211	VG
58212	VG
58213	VG
58214	VG
58215	VG
58216	VG
58217	VG
58218	VG
58219	VG
58220	VG
58221	VG
58222	VG
58223	VG
58224	VG
58225	VG
58226	VG
58227	VG
58228	VG
58229	VG
58230	VG
58231	VG
58232	VG
58233	VG
58234	VG
58235	VG
58236	VG
58237	VG
58238	VG
58239	VG
58240	VG
58241	VG
58242	VG
58243	VG
58244	VG
58245	VG
58246	VG
58247	VG
58248	VG
58249	VG
58250	VG
58251	VG
58252	VG
58253	VG
58254	VG
58255	VG
58256	VG
58257	VG
58258	VG
58259	VG
58260	VG
58261	VG
58262	VG
58263	VG
58264	VG
58265	VG
58266	VG
58267	VG
58268	VG
58269	VG
58270	VG
58271	VG
58272	VG
58273	VG
58274	VG
58275	VG
58276	VG
58277	VG
58278	VG
58279	VG
58280	VG
58281	VG
58282	VG
58283	VG
58284	VG
58285	VG
58286	VG
58287	VG
58288	VG
58289	VG
58290	VG
58291	VG
58292	VG
58293	VG
58294	VG
58295	VG
58296	VG
58297	VG
58298	VG
58299	VG
58300	VG
58301	VG
58302	VG
58303	VG
58304	VG
58305	VG
58306	VG
58307	VG
58308	VG
58309	VG
58310	VG
58311	VG
58312	VG
58313	VG
58314	VG
58315	VG
58316	VG
58317	VG
58318	VG
58319	VG
58320	VG
58321	VG
58322	VG
58323	VG
58324	VG
58325	VG
58326	VG
58327	VG
58328	VG
58329	VG
58330	VG
58331	VG
58332	VG
58333	VG
58334	VG
58335	VG
58336	VG
58337	VG
58338	VG
58339	VG
58340	VG
58341	VG
58342	VG
58343	VG
58344	VG
58345	VG
58346	VG
58347	VG
58348	VG
58349	VG
58350	VG
58351	VG
58352	VG
58353	VG
58354	VG
58355	VG
58356	VG
58357	VG
58358	VG
58359	VG
58360	VG
58361	VG
58362	VG
58363	VG
58364	VG
58365	VG
58366	VG
58367	VG
58368	VG
58369	VG
58370	VG
58371	VG
58372	VG
58373	VG
58374	VG
58375	VG
58376	VG
58377	VG
58378	VG
58379	VG
58380	VG
58381	VG
58382	VG
58383	VG
58384	VG
58385	VG
58386	VG
58387	VG
58388	VG
58389	VG
58390	VG
58391	VG
58392	VG
58393	VG
58394	VG
58395	VG
58396	VG
58397	VG
58398	VG
58399	VG
58400	VG
58401	VG
58402	VG
58403	VG
58404	VG
58405	VG
58406	VG
58407	VG
58408	VG
58409	VG
58410	VG
58411	VG
58412	VG
58413	VG
58414	VG
58415	VG
58416	VG
58417	VG
58418	VG
58419	VG
58420	VG
58421	VG
58422	VG
58423	VG
58424	VG
58425	VG
58426	VG
58427	VG
58428	VG
58429	VG
58430	VG
58431	VG
58432	VG
58433	VG
58434	VG
58435	VG
58436	VG
58437	VG
58438	VG
58439	VG
58440	VG
58441	VG
58442	VG
58443	VG
58444	VG
58445	VG
58446	VG
58447	VG
58448	VG
58449	VG
58450	VG
58451	VG
58452	VG
58453	VG
58454	VG
58455	VG
58456	VG
58457	VG
58458	VG
58459	VG
58460	VG
58461	VG
58462	VG
58463	VG
58464	VG
58465	VG
58466	VG
58467	VG
58468	VG
58469	VG
58470	VG
58471	VG
58472	VG
58473	VG
58474	VG
58475	VG
58476	VG
58477	VG
58478	VG
58479	VG
58480	VG
58481	VG
58482	VG
58483	VG
58484	VG
58485	VG
58486	VG
58487	VG
58488	VG
58489	VG
58490	VG
58491	VG
58492	VG
58493	VG
58494	VG
58495	VG
58496	VG
58497	VG
58498	VG
58499	VG
58500	VG
58501	VG
58502	VG
58503	VG
58504	VG
58505	VG
58506	VG
58507	VG
58508	VG
58509	VG
58510	VG
58511	VG
58512	VG
58513	VG
58514	VG
58515	VG
58516	VG
58517	VG
58518	VG
58519	VG
58520	VG
58521	VG
58522	VG
58523	VG
58524	VG
58525	VG
58526	VG
58527	VG
58528	VG
58529	VG
58530	VG
58531	VG
58532	VG
58533	VG
58534	VG
58535	VG
58536	VG
58537	VG
58538	VG
58539	VG
58540	VG
58541	VG
58542	VG
58543	VG
58544	VG
58545	VG
58546	VG
58547	VG
58548	VG
58549	VG
58550	VG
58551	VG
58552	VG
58553	VG
58554	VG
58555	VG
58556	VG
58557	VG
58558	VG
58559	VG
58560	VG
58561	VG
58562	VG
58563	VG
58564	VG
58565	VG
58566	VG
58567	VG
58568	VG
58569	VG
58570	VG
58571	VG
58572	VG
58573	VG
58574	VG
58575	VG
58576	VG
58577	VG
58578	VG
58579	VG
58580	VG
58581	VG
58582	VG
58583	VG
58584	VG
58585	VG
58586	VG
58587	VG
58588	VG
58589	VG
58590	VG
58591	VG
58592	VG
58593	VG
58594	VG
58595	VG
58596	VG
58597	VG
58598	VG
58599	VG
58600	VG
58601	VG
58602	VG
58603	VG
58604	VG
58605	VG
58606	VG
58607	VG
58608	VG
58609	VG
58610	VG
58611	VG
58612	VG
58613	VG
58614	VG
58615	VG
58616	VG
58617	VG
58618	VG
58619	VG
58620	VG
58621	VG
58622	VG
58623	VG
58624	VG
58625	VG
58626	VG
58627	VG
58628	VG
58629	VG
58630	VG
58631	VG
58632	VG
58633	VG
58634	VG
58635	VG
58636	VG
58637	VG
58638	VG
58639	VG
58640	VG
58641	VG
58642	VG
58643	VG
58644	VG
58645	VG
58646	VG
58647	VG
58648	VG
58649	VG
58650	VG
58651	VG
58652	VG
58653	VG
58654	VG
58655	VG
58656	VG
58657	VG
58658	VG
58659	VG
58660	VG
58661	VG
58662	VG
58663	VG
58664	VG
58665	VG
58666	VG
58667	VG
58668	VG
58669	VG
58670	VG
58671	VG
58672	VG
58673	VG
58674	VG
58675	VG
58676	VG
58677	VG
58678	VG
58679	VG
58680	VG
58681	VG
58682	VG
58683	VG
58684	VG
58685	VG
58686	VG
58687	VG
58688	VG
58689	VG
58690	VG
58691	VG
58692	VG
58693	VG
58694	VG
58695	VG
58696	VG
58697	VG
58698	VG
58699	VG
58700	VG
58701	VG
58702	VG
58703	VG
58704	VG
58705	VG
58706	VG
58707	VG
58708	VG
58709	VG
58710	VG
58711	VG
58712	VG
58713	VG
58714	VG
58715	VG
58716	VG
58717	VG
58718	VG
58719	VG
58720	VG
58721	VG
58722	VG
58723	VG
58724	VG
58725	VG
58726	VG
58727	VG
58728	VG
58729	VG
58730	VG
58731	VG
58732	VG
58733	VG
58734	VG
58735	VG
58736	VG
58737	VG
58738	VG
58739	VG
58740	VG
58741	VG
58742	VG
58743	VG
58744	VG
58745	VG
58746	VG
58747	VG
58748	VG
58749	VG
58750	VG
58751	VG
58752	VG
58753	VG
58754	VG
58755	VG
58756	VG
58757	VG
58758	VG
58759	VG
58760	VG
58761	VG
58762	VG
58763	VG
58764	VG
58765	VG
58766	VG
58767	VG
58768	VG
58769	VG
58770	VG
58771	VG
58772	VG
58773	VG
58774	VG
58775	VG
58776	VG
58777	VG
58778	VG
58779	VG
58780	VG
58781	VG
58782	VG
58783	VG
58784	VG
58785	VG
58786	VG
58787	VG
58788	VG
58789	VG
58790	VG
58791	VG
58792	VG
58793	VG
58794	VG
58795	VG
58796	VG
58797	VG
58798	VG
58799	VG
58800	VG
58801	VG
58802	VG
58803	VG
58804	VG
58805	VG
58806	VG
58807	VG
58808	VG
58809	VG
58810	VG
58811	VG
58812	VG
58813	VG
58814	VG
58815	VG
58816	VG
58817	VG
58818	VG
58819	VG
58820	VG
58821	VG
58822	VG
58823	VG
58824	VG
58825	VG
58826	VG
58827	VG
58828	VG
58829	VG
58830	VG
58831	VG
58832	VG
58833	VG
58834	VG
58835	VG
58836	VG
58837	VG
58838	VG
58839	VG
58840	VG
58841	VG
58842	VG
58843	VG
58844	VG
58845	VG
58846	VG
58847	VG
58848	VG
58849	VG
58850	VG
58851	VG
58852	VG
58853	VG
58854	VG
58855	VG
58856	VG
58857	VG
58858	VG
58859	VG
58860	VG
58861	VG
58862	VG
58863	VG
58864	VG
58865	VG
58866	VG
58867	VG
58868	VG
58869	VG
58870	VG
58871	VG
58872	VG
58873	VG
58874	VG
58875	VG
58876	VG
58877	VG
58878	VG
58879	VG
58880	VG
58881	VG
58882	VG
58883	VG
58884	VG
58885	VG
58886	VG
58887	VG
58888	VG
58889	VG
58890	VG
58891	VG
58892	VG
58893	VG
58894	VG
58895	VG
58896	VG
58897	VG
58898	VG
58899	VG
58900	VG
58901	VG
58902	VG
58903	VG
58904	VG
58905	VG
58906	VG
58907	VG
58908	VG
58909	VG
58910	VG
58911	VG
58912	VG
58913	VG
58914	VG
58915	VG
58916	VG
58917	VG
58918	VG
58919	VG
58920	VG
58921	VG
58922	VG
58923	VG
58924	VG
58925	VG
58926	VG
58927	VG
58928	VG
58929	VG
58930	VG
58931	VG
58932	VG
58933	VG
58934	VG
58935	VG
58936	VG
58937	VG
58938	VG
58939	VG
58940	VG
58941	VG
58942	VG
58943	VG
58944	VG
58945	VG
58946	VG
58947	VG
58948	VG
58949	VG
58950	VG
58951	VG
58952	VG
58953	VG
58954	VG
58955	VG
58956	VG
58957	VG
58958	VG
58959	VG
58960	VG
58961	VG
58962	VG
58963	VG
58964	VG
58965	VG
58966	VG
58967	VG
58968	VG
58969	VG
58970	VG
58971	VG
58972	VG
58973	VG
58974	VG
58975	VG
58976	VG
58977	VG
58978	VG
58979	VG
58980	VG
58981	VG
58982	VG
58983	VG
58984	VG
58985	VG
58986	VG
58987	VG
58988	VG
58989	VG
58990	VG
58991	VG
58992	VG
58993	VG
58994	VG
58995	VG
58996	VG
58997	VG
58998	VG
58999	VG
59000	VG
59001	VG
59002	VG
59003	VG
59004	VG
59005	VG
59006	VG
59007	VG
59008	VG
59009	VG
59010	VG
59011	VG
59012	VG
59013	VG
59014	VG
59015	VG
59016	VG
59017	VG
59018	VG
59019	VG
59020	VG
59021	VG
59022	VG
59023	VG
59024	VG
59025	VG
59026	VG
59027	VG
59028	VG
59029	VG
59030	VG
59031	VG
59032	VG
59033	VG
59034	VG
59035	VG
59036	VG
59037	VG
59038	VG
59039	VG
59040	VG
59041	VG
59042	VG
59043	VG
59044	VG
59045	VG
59046	VG
59047	VG
59048	VG
59049	VG
59050	VG
59051	VG
59052	VG
59053	VG
59054	VG
59055	VG
59056	VG
59057	VG
59058	VG
59059	VG
59060	VG
59061	VG
59062	VG
59063	VG
59064	VG
59065	VG
59066	VG
59067	VG
59068	VG
59069	VG
59070	VG
59071	VG
59072	VG
59073	VG
59074	VG
59075	VG
59076	VG
59077	VG
59078	VG
59079	VG
59080	VG
59081	VG
59082	VG
59083	VG
59084	VG
59085	VG
59086	VG
59087	VG
59088	VG
59089	VG
59090	VG
59091	VG
59092	VG
59093	VG
59094	VG
59095	VG
59096	VG
59097	VG
59098	VG
59099	VG
59100	VG
59101	VG
59102	VG
59103	VG
59104	VG
59105	VG
59106	VG
59107	VG
59108	VG
59109	VG
59110	VG
59111	VG
59112	VG
59113	VG
59114	VG
59115	VG
59116	VG
59117	VG
59118	VG
59119	VG
59120	VG
59121	VG
59122	VG
59123	VG
59124	VG
59125	VG
59126	VG
59127	VG
59128	VG
59129	VG
59130	VG
59131	VG
59132	VG
59133	VG
59134	VG
59135	VG
59136	VG
59137	VG
59138	VG
59139	VG
59140	VG
59141	VG
59142	VG
59143	VG
59144	VG
59145	VG
59146	VG
59147	VG
59148	VG
59149	VG
59150	VG
59151	VG
59152	VG
59153	VG
59154	VG
59155	VG
59156	VG
59157	VG
59158	VG
59159	VG
59160	VG
59161	VG
59162	VG
59163	VG
59164	VG
59165	VG
59166	VG
59167	VG
59168	VG
59169	VG
59170	VG
59171	VG
59172	VG
59173	VG
59174	VG
59175	VG
59176	VG
59177	VG
59178	VG
59179	VG
59180	VG
59181	VG
59182	VG
59183	VG
59184	VG
59185	VG
59186	VG
59187	VG
59188	VG
59189	VG
59190	VG
59191	VG
59192	VG
59193	VG
59194	VG
59195	VG
59196	VG
59197	VG
59198	VG
59199	VG
59200	VG
59201	VG
59202	VG
59203	VG
59204	VG
59205	VG
59206	VG
59207	VG
59208	VG
59209	VG
59210	VG
59211	VG
59212	VG
59213	VG
59214	VG
59215	VG
59216	VG
59217	VG
59218	VG
59219	VG
59220	VG
59221	VG
59222	VG
59223	VG
59224	VG
59225	VG
59226	VG
59227	VG
59228	VG
59229	VG
59230	VG
59231	VG
59232	VG
59233	VG
59234	VG
59235	VG
59236	VG
59237	VG
59238	VG
59239	VG
59240	VG
59241	VG
59242	VG
59243	VG
59244	VG
59245	VG
59246	VG
59247	VG
59248	VG
59249	VG
59250	VG
59251	VG
59252	VG
59253	VG
59254	VG
59255	VG
59256	VG
59257	VG
59258	VG
59259	VG
59260	VG
59261	VG
59262	VG
59263	VG
59264	VG
59265	VG
59266	VG
59267	VG
59268	VG
59269	VG
59270	VG
59271	VG
59272	VG
59273	VG
59274	VG
59275	VG
59276	VG
59277	VG
59278	VG
59279	VG
59280	VG
59281	VG
59282	VG
59283	VG
59284	VG
59285	VG
59286	VG
59287	VG
59288	VG
59289	VG
59290	VG
59291	VG
59292	VG
59293	VG
59294	VG
59295	VG
59296	VG
59297	VG
59298	VG
59299	VG
59300	VG
59301	VG
59302	VG
59303	VG
59304	VG
59305	VG
59306	VG
59307	VG
59308	VG
59309	VG
59310	VG
59311	VG
59312	VG
59313	VG
59314	VG
59315	VG
59316	VG
59317	VG
59318	VG
59319	VG
59320	VG
59321	VG
59322	VG
59323	VG
59324	VG
59325	VG
59326	VG
59327	VG
59328	VG
59329	VG
59330	VG
59331	VG
59332	VG
59333	VG
59334	VG
59335	VG
59336	VG
59337	VG
59338	VG
59339	VG
59340	VG
59341	VG
59342	VG
59343	VG
59344	VG
59345	VG
59346	VG
59347	VG
59348	VG
59349	VG
59350	VG
59351	VG
59352	VG
59353	VG
59354	VG
59355	VG
59356	VG
59357	VG
59358	VG
59359	VG
59360	VG
59361	VG
59362	VG
59363	VG
59364	VG
59365	VG
59366	VG
59367	VG
59368	VG
59369	VG
59370	VG
59371	VG
59372	VG
59373	VG
59374	VG
59375	VG
59376	VG
59377	VG
59378	VG
59379	VG
59380	VG
59381	VG
59382	VG
59383	VG
59384	VG
59385	VG
59386	VG
59387	VG
59388	VG
59389	VG
59390	VG
59391	VG
59392	VG
59393	VG
59394	VG
59395	VG
59396	VG
59397	VG
59398	VG
59399	VG
59400	VG
59401	VG
59402	VG
59403	VG
59404	VG
59405	VG
59406	VG
59407	VG
59408	VG
59409	VG
59410	VG
59411	VG
59412	VG
59413	VG
59414	VG
59415	VG
59416	VG
59417	VG
59418	VG
59419	VG
59420	VG
59421	VG
59422	VG
59423	VG
59424	VG
59425	VG
59426	VG
59427	VG
59428	VG
59429	VG
59430	VG
59431	VG
59432	VG
59433	VG
59434	VG
59435	VG
59436	VG
59437	VG
59438	VG
59439	VG
59440	VG
59441	VG
59442	VG
59443	VG
59444	VG
59445	VG
59446	VG
59447	VG
59448	VG
59449	VG
59450	VG
59451	VG
59452	VG
59453	VG
59454	VG
59455	VG
59456	VG
59457	VG
59458	VG
59459	VG
59460	VG
59461	VG
59462	VG
59463	VG
59464	VG
59465	VG
59466	VG
59467	VG
59468	VG
59469	VG
59470	VG
59471	VG
59472	VG
59473	VG
59474	VG
59475	VG
59476	VG
59477	VG
59478	VG
59479	VG
59480	VG
59481	VG
59482	VG
59483	VG
59484	VG
59485	VG
59486	VG
59487	VG
59488	VG
59489	VG
59490	VG
59491	VG
59492	VG
59493	VG
59494	VG
59495	VG
59496	VG
59497	VG
59498	VG
59499	VG
59500	VG
59501	VG
59502	VG
59503	VG
59504	VG
59505	VG
59506	VG
59507	VG
59508	VG
59509	VG
59510	VG
59511	VG
59512	VG
59513	VG
59514	VG
59515	VG
59516	VG
59517	VG
59518	VG
59519	VG
59520	VG
59521	VG
59522	VG
59523	VG
59524	VG
59525	VG
59526	VG
59527	VG
59528	VG
59529	VG
59530	VG
59531	VG
59532	VG
59533	VG
59534	VG
59535	VG
59536	VG
59537	VG
59538	VG
59539	VG
59540	VG
59541	VG
59542	VG
59543	VG
59544	VG
59545	VG
59546	VG
59547	VG
59548	VG
59549	VG
59550	VG
59551	VG
59552	VG
59553	VG
59554	VG
59555	VG
59556	VG
59557	VG
59558	VG
59559	VG
59560	VG
59561	VG
59562	VG
59563	VG
59564	VG
59565	VG
59566	VG
59567	VG
59568	VG
59569	VG
59570	VG
59571	VG
59572	VG
59573	VG
59574	VG
59575	VG
59576	VG
59577	VG
59578	VG
59579	VG
59580	VG
59581	VG
59582	VG
59583	VG
59584	VG
59585	VG
59586	VG
59587	VG
59588	VG
59589	VG
59590	VG
59591	VG
59592	VG
59593	VG
59594	VG
59595	VG
59596	VG
59597	VG
59598	VG
59599	VG
59600	VG
59601	VG
59602	VG
59603	VG
59604	VG
59605	VG
59606	VG
59607	VG
59608	VG
59609	VG
59610	VG
59611	VG
59612	VG
59613	VG
59614	VG
59615	VG
59616	VG
59617	VG
59618	VG
59619	VG
59620	VG
59621	VG
59622	VG
59623	VG
59624	VG
59625	VG
59626	VG
59627	VG
59628	VG
59629	VG
59630	VG
59631	VG
59632	VG
59633	VG
59634	VG
59635	VG
59636	VG
59637	VG
59638	VG
59639	VG
59640	VG
59641	VG
59642	VG
59643	VG
59644	VG
59645	VG
59646	VG
59647	VG
59648	VG
59649	VG
59650	VG
59651	VG
59652	VG
59653	VG
59654	VG
59655	VG
59656	VG
59657	VG
59658	VG
59659	VG
59660	VG
59661	VG
59662	VG
59663	VG
59664	VG
59665	VG
59666	VG
59667	VG
59668	VG
59669	VG
59670	VG
59671	VG
59672	VG
59673	VG
59674	VG
59675	VG
59676	VG
59677	VG
59678	VG
59679	VG
59680	VG
59681	VG
59682	VG
59683	VG
59684	VG
59685	VG
59686	VG
59687	VG
59688	VG
59689	VG
59690	VG
59691	VG
59692	VG
59693	VG
59694	VG
59695	VG
59696	VG
59697	VG
59698	VG
59699	VG
59700	VG
59701	VG
59702	VG
59703	VG
59704	VG
59705	VG
59706	VG
59707	VG
59708	VG
59709	VG
59710	VG
59711	VG
59712	VG
59713	VG
59714	VG
59715	VG
59716	VG
59717	VG
59718	VG
59719	VG
59720	VG
59721	VG
59722	VG
59723	VG
59724	VG
59725	VG
59726	VG
59727	VG
59728	VG
59729	VG
59730	VG
59731	VG
59732	VG
59733	VG
59734	VG
59735	VG
59736	VG
59737	VG
59738	VG
59739	VG
59740	VG
59741	VG
59742	VG
59743	VG
59744	VG
59745	VG
59746	VG
59747	VG
59748	VG
59749	VG
59750	VG
59751	VG
59752	VG
59753	VG
59754	VG
59755	VG
59756	VG
59757	VG
59758	VG
59759	VG
59760	VG
59761	VG
59762	VG
59763	VG
59764	VG
59765	VG
59766	VG
59767	VG
59768	VG
59769	VG
59770	VG
59771	VG
59772	VG
59773	VG
59774	VG
59775	VG
59776	VG
59777	VG
59778	VG
59779	VG
59780	VG
59781	VG
59782	VG
59783	VG
59784	VG
59785	VG
59786	VG
59787	VG
59788	VG
59789	VG
59790	VG
59791	VG
59792	VG
59793	VG
59794	VG
59795	VG
59796	VG
59797	VG
59798	VG
59799	VG
59800	VG
59801	VG
59802	VG
59803	VG
59804	VG
59805	VG
59806	VG
59807	VG
59808	VG
59809	VG
59810	VG
59811	VG
59812	VG
59813	VG
59814	VG
59815	VG
59816	VG
59817	VG
59818	VG
59819	VG
59820	VG
59821	VG
59822	VG
59823	VG
59824	VG
59825	VG
59826	VG
59827	VG
59828	VG
59829	VG
59830	VG
59831	VG
59832	VG
59833	VG
59834	VG
59835	VG
59836	VG
59837	VG
59838	VG
59839	VG
59840	VG
59841	VG
59842	VG
59843	VG
59844	VG
59845	VG
59846	VG
59847	VG
59848	VG
59849	VG
59850	VG
59851	VG
59852	VG
59853	VG
59854	VG
59855	VG
59856	VG
59857	VG
59858	VG
59859	VG
59860	VG
59861	VG
59862	VG
59863	VG
59864	VG
59865	VG
59866	VG
59867	VG
59868	VG
59869	VG
59870	VG
59871	VG
59872	VG
59873	VG
59874	VG
59875	VG
59876	VG
59877	VG
59878	VG
59879	VG
59880	VG
59881	VG
59882	VG
59883	VG
59884	VG
59885	VG
59886	VG
59887	VG
59888	VG
59889	VG
59890	VG
59891	VG
59892	VG
59893	VG
59894	VG
59895	VG
59896	VG
59897	VG
59898	VG
59899	VG
59900	VG
59901	VG
59902	VG
59903	VG
59904	VG
59905	VG
59906	VG
59907	VG
59908	VG
59909	VG
59910	VG
59911	VG
59912	VG
59913	VG
59914	VG
59915	VG
59916	VG
59917	VG
59918	VG
59919	VG
59920	VG
59921	VG
59922	VG
59923	VG
59924	VG
59925	VG
59926	VG
59927	VG
59928	VG
59929	VG
59930	VG
59931	VG
59932	VG
59933	VG
59934	VG
59935	VG
59936	VG
59937	VG
59938	VG
59939	VG
59940	VG
59941	VG
59942	VG
59943	VG
59944	VG
59945	VG
59946	VG
59947	VG
59948	VG
59949	VG
59950	VG
59951	VG
59952	VG
59953	VG
59954	VG
59955	VG
59956	VG
59957	VG
59958	VG
59959	VG
59960	VG
59961	VG
59962	VG
59963	VG
59964	VG
59965	VG
59966	VG
59967	VG
59968	VG
59969	VG
59970	VG
59971	VG
59972	VG
59973	VG
59974	VG
59975	VG
59976	VG
59977	VG
59978	VG
59979	VG
59980	VG
59981	VG
59982	VG
59983	VG
59984	VG
59985	VG
59986	VG
59987	VG
59988	VG
59989	VG
59990	VG
59991	VG
59992	VG
59993	VG
59994	VG
59995	VG
59996	VG
59997	VG
59998	VG
59999	VG
60000	VG
60001	VG
60002	VG
60003	VG
60004	VG
60005	VG
60006	VG
60007	VG
60008	VG
60009	VG
60010	VG
60011	VG
60012	VG
60013	VG
60014	VG
60015	VG
60016	VG
60017	VG
60018	VG
60019	VG
60020	VG
60021	VG
60022	VG
60023	VG
60024	VG
60025	VG
60026	VG
60027	VG
60028	VG
60029	VG
60030	VG
60031	VG
60032	VG
60033	VG
60034	VG
60035	VG
60036	VG
60037	VG
60038	VG
60039	VG
60040	VG
60041	VG
60042	VG
60043	VG
60044	VG
60045	VG
60046	VG
60047	VG
60048	VG
60049	VG
60050	VG
60051	VG
60052	VG
60053	VG
60054	VG
60055	VG
60056	VG
60057	VG
60058	VG
60059	VG
60060	VG
60061	VG
60062	VG
60063	VG
60064	VG
60065	VG
60066	VG
60067	VG
60068	VG
60069	VG
60070	VG
60071	VG
60072	VG
60073	VG
60074	VG
60075	VG
60076	VG
60077	VG
60078	VG
60079	VG
60080	VG
60081	VG
60082	VG
60083	VG
60084	VG
60085	VG
60086	VG
60087	VG
60088	VG
60089	VG
60090	VG
60091	VG
60092	VG
60093	VG
60094	VG
60095	VG
60096	VG
60097	VG
60098	VG
60099	VG
60100	VG
60101	VG
60102	VG
60103	VG
60104	VG
60105	VG
60106	VG
60107	VG
60108	VG
60109	VG
60110	VG
60111	VG
60112	VG
60113	VG
60114	VG
60115	VG
60116	VG
60117	VG
60118	VG
60119	VG
60120	VG
60121	VG
60122	VG
60123	VG
60124	VG
60125	VG
60126	VG
60127	VG
60128	VG
60129	VG
60130	VG
60131	VG
60132	VG
60133	VG
60134	VG
60135	VG
60136	VG
60137	VG
60138	VG
60139	VG
60140	VG
60141	VG
60142	VG
60143	VG
60144	VG
60145	VG
60146	VG
60147	VG
60148	VG
60149	VG
60150	VG
60151	VG
60152	VG
60153	VG
60154	VG
60155	VG
60156	VG
60157	VG
60158	VG
60159	VG
60160	VG
60161	VG
60162	VG
60163	VG
60164	VG
60165	VG
60166	VG
60167	VG
60168	VG
60169	VG
60170	VG
60171	VG
60172	VG
60173	VG
60174	VG
60175	VG
60176	VG
60177	VG
60178	VG
60179	VG
60180	VG
60181	VG
60182	VG
60183	VG
60184	VG
60185	VG
60186	VG
60187	VG
60188	VG
60189	VG
60190	VG
60191	VG
60192	VG
60193	VG
60194	VG
60195	VG
60196	VG
60197	VG
60198	VG
60199	VG
60200	VG
60201	VG
60202	VG
60203	VG
60204	VG
60205	VG
60206	VG
60207	VG
60208	VG
60209	VG
60210	VG
60211	VG
60212	VG
60213	VG
60214	VG
60215	VG
60216	VG
60217	VG
60218	VG
60219	VG
60220	VG
60221	VG
60222	VG
60223	VG
60224	VG
60225	VG
60226	VG
60227	VG
60228	VG
60229	VG
60230	VG
60231	VG
60232	VG
60233	VG
60234	VG
60235	VG
60236	VG
60237	VG
60238	VG
60239	VG
60240	VG
60241	VG
60242	VG
60243	VG
60244	VG
60245	VG
60246	VG
60247	VG
60248	VG
60249	VG
60250	VG
60251	VG
60252	VG
60253	VG
60254	VG
60255	VG
60256	VG
60257	VG
60258	VG
60259	VG
60260	VG
60261	VG
60262	VG
60263	VG
60264	VG
60265	VG
60266	VG
60267	VG
60268	VG
60269	VG
60270	VG
60271	VG
60272	VG
60273	VG
60274	VG
60275	VG
60276	VG
60277	VG
60278	VG
60279	VG
60280	VG
60281	VG
60282	VG
60283	VG
60284	VG
60285	VG
60286	VG
60287	VG
60288	VG
60289	VG
60290	VG
60291	VG
60292	VG
60293	VG
60294	VG
60295	VG
60296	VG
60297	VG
60298	VG
60299	VG
60300	VG
60301	VG
60302	VG
60303	VG
60304	VG
60305	VG
60306	VG
60307	VG
60308	VG
60309	VG
60310	VG
60311	VG
60312	VG
60313	VG
60314	VG
60315	VG
60316	VG
60317	VG
60318	VG
60319	VG
60320	VG
60321	VG
60322	VG
60323	VG
60324	VG
60325	VG
60326	VG
60327	VG
60328	VG
60329	VG
60330	VG
60331	VG
60332	VG
60333	VG
60334	VG
60335	VG
60336	VG
60337	VG
60338	VG
60339	VG
60340	VG
60341	VG
60342	VG
60343	VG
60344	VG
60345	VG
60346	VG
60347	VG
60348	VG
60349	VG
60350	VG
60351	VG
60352	VG
60353	VG
60354	VG
60355	VG
60356	VG
60357	VG
60358	VG
60359	VG
60360	VG
60361	VG
60362	VG
60363	VG
60364	VG
60365	VG
60366	VG
60367	VG
60368	VG
60369	VG
60370	VG
60371	VG
60372	VG
60373	VG
60374	VG
60375	VG
60376	VG
60377	VG
60378	VG
60379	VG
60380	VG
60381	VG
60382	VG
60383	VG
60384	VG
60385	VG
60386	VG
60387	VG
60388	VG
60389	VG
60390	VG
60391	VG
60392	VG
60393	VG
60394	VG
60395	VG
60396	VG
60397	VG
60398	VG
60399	VG
60400	VG
60401	VG
60402	VG
60403	VG
60404	VG
60405	VG
60406	VG
60407	VG
60408	VG
60409	VG
60410	VG
60411	VG
60412	VG
60413	VG
60414	VG
60415	VG
60416	VG
60417	VG
60418	VG
60419	VG
60420	VG
60421	VG
60422	VG
60423	VG
60424	VG
60425	VG
60426	VG
60427	VG
60428	VG
60429	VG
60430	VG
60431	VG
60432	VG
60433	VG
60434	VG
60435	VG
60436	VG
60437	VG
60438	VG
60439	VG
60440	VG
60441	VG
60442	VG
60443	VG
60444	VG
60445	VG
60446	VG
60447	VG
60448	VG
60449	VG
60450	VG
60451	VG
60452	VG
60453	VG
60454	VG
60455	VG
60456	VG
60457	VG
60458	VG
60459	VG
60460	VG
60461	VG
60462	VG
60463	VG
60464	VG
60465	VG
60466	VG
60467	VG
60468	VG
60469	VG
60470	VG
60471	VG
60472	VG
60473	VG
60474	VG
60475	VG
60476	VG
60477	VG
60478	VG
60479	VG
60480	VG
60481	VG
60482	VG
60483	VG
60484	VG
60485	VG
60486	VG
60487	VG
60488	VG
60489	VG
60490	VG
60491	VG
60492	VG
60493	VG
60494	VG
60495	VG
60496	VG
60497	VG
60498	VG
60499	VG
60500	VG
60501	VG
60502	VG
60503	VG
60504	VG
60505	VG
60506	VG
60507	VG
60508	VG
60509	VG
60510	VG
60511	VG
60512	VG
60513	VG
60514	VG
60515	VG
60516	VG
60517	VG
60518	VG
60519	VG
60520	VG
60521	VG
60522	VG
60523	VG
60524	VG
60525	VG
60526	VG
60527	VG
60528	VG
60529	VG
60530	VG
60531	VG
60532	VG
60533	VG
60534	VG
60535	VG
60536	VG
60537	VG
60538	VG
60539	VG
60540	VG
60541	VG
60542	VG
60543	VG
60544	VG
60545	VG
60546	VG
60547	VG
60548	VG
60549	VG
60550	VG
60551	VG
60552	VG
60553	VG
60554	VG
60555	VG
60556	VG
60557	VG
60558	VG
60559	VG
60560	VG
60561	VG
60562	VG
60563	VG
60564	VG
60565	VG
60566	VG
60567	VG
60568	VG
60569	VG
60570	VG
60571	VG
60572	VG
60573	VG
60574	VG
60575	VG
60576	VG
60577	VG
60578	VG
60579	VG
60580	VG
60581	VG
60582	VG
60583	VG
60584	VG
60585	VG
60586	VG
60587	VG
60588	VG
60589	VG
60590	VG
60591	VG
60592	VG
60593	VG
60594	VG
60595	VG
60596	VG
60597	VG
60598	VG
60599	VG
60600	VG
60601	VG
60602	VG
60603	VG
60604	VG
60605	VG
60606	VG
60607	VG
60608	VG
60609	VG
60610	VG
60611	VG
60612	VG
60613	VG
60614	VG
60615	VG
60616	VG
60617	VG
60618	VG
60619	VG
60620	VG
60621	VG
60622	VG
60623	VG
60624	VG
60625	VG
60626	VG
60627	VG
60628	VG
60629	VG
60630	VG
60631	VG
60632	VG
60633	VG
60634	VG
60635	VG
60636	VG
60637	VG
60638	VG
60639	VG
60640	VG
60641	VG
60642	VG
60643	VG
60644	VG
60645	VG
60646	VG
60647	VG
60648	VG
60649	VG
60650	VG
60651	VG
60652	VG
60653	VG
60654	VG
60655	VG
60656	VG
60657	VG
60658	VG
60659	VG
60660	VG
60661	VG
60662	VG
60663	VG
60664	VG
60665	VG
60666	VG
60667	VG
60668	VG
60669	VG
60670	VG
60671	VG
60672	VG
60673	VG
60674	VG
60675	VG
60676	VG
60677	VG
60678	VG
60679	VG
60680	VG
60681	VG
60682	VG
60683	VG
60684	VG
60685	VG
60686	VG
60687	VG
60688	VG
60689	VG
60690	VG
60691	VG
60692	VG
60693	VG
60694	VG
60695	VG
60696	VG
60697	VG
60698	VG
60699	VG
60700	VG
60701	VG
60702	VG
60703	VG
60704	VG
60705	VG
60706	VG
60707	VG
60708	VG
60709	VG
60710	VG
60711	VG
60712	VG
60713	VG
60714	VG
60715	VG
60716	VG
60717	VG
60718	VG
60719	VG
60720	VG
60721	VG
60722	VG
60723	VG
60724	VG
60725	VG
60726	VG
60727	VG
60728	VG
60729	VG
60730	VG
60731	VG
60732	VG
60733	VG
60734	VG
60735	VG
60736	VG
60737	VG
60738	VG
60739	VG
60740	VG
60741	VG
60742	VG
60743	VG
60744	VG
60745	VG
60746	VG
60747	VG
60748	VG
60749	VG
60750	VG
60751	VG
60752	VG
60753	VG
60754	VG
60755	VG
60756	VG
60757	VG
60758	VG
60759	VG
60760	VG
60761	VG
60762	VG
60763	VG
60764	VG
60765	VG
60766	VG
60767	VG
60768	VG
60769	VG
60770	VG
60771	VG
60772	VG
60773	VG
60774	VG
60775	VG
60776	VG
60777	VG
60778	VG
60779	VG
60780	VG
60781	VG
60782	VG
60783	VG
60784	VG
60785	VG
60786	VG
60787	VG
60788	VG
60789	VG
60790	VG
60791	VG
60792	VG
60793	VG
60794	VG
60795	VG
60796	VG
60797	VG
60798	VG
60799	VG
60800	VG
60801	VG
60802	VG
60803	VG
60804	VG
60805	VG
60806	VG
60807	VG
60808	VG
60809	VG
60810	VG
60811	VG
60812	VG
60813	VG
60814	VG
60815	VG
60816	VG
60817	VG
60818	VG
60819	VG
60820	VG
60821	VG
60822	VG
60823	VG
60824	VG
60825	VG
60826	VG
60827	VG
60828	VG
60829	VG
60830	VG
60831	VG
60832	VG
60833	VG
60834	VG
60835	VG
60836	VG
60837	VG
60838	VG
60839	VG
60840	VG
60841	VG
60842	VG
60843	VG
60844	VG
60845	VG
60846	VG
60847	VG
60848	VG
60849	VG
60850	VG
60851	VG
60852	VG
60853	VG
60854	VG
60855	VG
60856	VG
60857	VG
60858	VG
60859	VG
60860	VG
60861	VG
60862	VG
60863	VG
60864	VG
60865	VG
60866	VG
60867	VG
60868	VG
60869	VG
60870	VG
60871	VG
60872	VG
60873	VG
60874	VG
60875	VG
60876	VG
60877	VG
60878	VG
60879	VG
60880	VG
60881	VG
60882	VG
60883	VG
60884	VG
60885	VG
60886	VG
60887	VG
60888	VG
60889	VG
60890	VG
60891	VG
60892	VG
60893	VG
60894	VG
60895	VG
60896	VG
60897	VG
60898	VG
60899	VG
60900	VG
60901	VG
60902	VG
60903	VG
60904	VG
60905	VG
60906	VG
60907	VG
60908	VG
60909	VG
60910	VG
60911	VG
60912	VG
60913	VG
60914	VG
60915	VG
60916	VG
60917	VG
60918	VG
60919	VG
60920	VG
60921	VG
60922	VG
60923	VG
60924	VG
60925	VG
60926	VG
60927	VG
60928	VG
60929	VG
60930	VG
60931	VG
60932	VG
60933	VG
60934	VG
60935	VG
60936	VG
60937	VG
60938	VG
60939	VG
60940	VG
60941	VG
60942	VG
60943	VG
60944	VG
60945	VG
60946	VG
60947	VG
60948	VG
60949	VG
60950	VG
60951	VG
60952	VG
60953	VG
60954	VG
60955	VG
60956	VG
60957	VG
60958	VG
60959	VG
60960	VG
60961	VG
60962	VG
60963	VG
60964	VG
60965	VG
60966	VG
60967	VG
60968	VG
60969	VG
60970	VG
60971	VG
60972	VG
60973	VG
60974	VG
60975	VG
60976	VG
60977	VG
60978	VG
60979	VG
60980	VG
60981	VG
60982	VG
60983	VG
60984	VG
60985	VG
60986	VG
60987	VG
60988	VG
60989	VG
60990	VG
60991	VG
60992	VG
60993	VG
60994	VG
60995	VG
60996	VG
60997	VG
60998	VG
60999	VG
61000	VG
61001	VG
61002	VG
61003	VG
61004	VG
61005	VG
61006	VG
61007	VG
61008	VG
61009	VG
61010	VG
61011	VG
61012	VG
61013	VG
61014	VG
61015	VG
61016	VG
61017	VG
61018	VG
61019	VG
61020	VG
61021	VG
61022	VG
61023	VG
61024	VG
61025	VG
61026	VG
61027	VG
61028	VG
61029	VG
61030	VG
61031	VG
61032	VG
61033	VG
61034	VG
61035	VG
61036	VG
61037	VG
61038	VG
61039	VG
61040	VG
61041	VG
61042	VG
61043	VG
61044	VG
61045	VG
61046	VG
61047	VG
61048	VG
61049	VG
61050	VG
61051	VG
61052	VG
61053	VG
61054	VG
61055	VG
61056	VG
61057	VG
61058	VG
61059	VG
61060	VG
61061	VG
61062	VG
61063	VG
61064	VG
61065	VG
61066	VG
61067	VG
61068	VG
61069	VG
61070	VG
61071	VG
61072	VG
61073	VG
61074	VG
61075	VG
61076	VG
61077	VG
61078	VG
61079	VG
61080	VG
61081	VG
61082	VG
61083	VG
61084	VG
61085	VG
61086	VG
61087	VG
61088	VG
61089	VG
61090	VG
61091	VG
61092	VG
61093	VG
61094	VG
61095	VG
61096	VG
61097	VG
61098	VG
61099	VG
61100	VG
61101	VG
61102	VG
61103	VG
61104	VG
61105	VG
61106	VG
61107	VG
61108	VG
61109	VG
61110	VG
61111	VG
61112	VG
61113	VG
61114	VG
61115	VG
61116	VG
61117	VG
61118	VG
61119	VG
61120	VG
61121	VG
61122	VG
61123	VG
61124	VG
61125	VG
61126	VG
61127	VG
61128	VG
61129	VG
61130	VG
61131	VG
61132	VG
61133	VG
61134	VG
61135	VG
61136	VG
61137	VG
61138	VG
61139	VG
61140	VG
61141	VG
61142	VG
61143	VG
61144	VG
61145	VG
61146	VG
61147	VG
61148	VG
61149	VG
61150	VG
61151	VG
61152	VG
61153	VG
61154	VG
61155	VG
61156	VG
61157	VG
61158	VG
61159	VG
61160	VG
61161	VG
61162	VG
61163	VG
61164	VG
61165	VG
61166	VG
61167	VG
61168	VG
61169	VG
61170	VG
61171	VG
61172	VG
61173	VG
61174	VG
61175	VG
61176	VG
61177	VG
61178	VG
61179	VG
61180	VG
61181	VG
61182	VG
61183	VG
61184	VG
61185	VG
61186	VG
61187	VG
61188	VG
61189	VG
61190	VG
61191	VG
61192	VG
61193	VG
61194	VG
61195	VG
61196	VG
61197	VG
61198	VG
61199	VG
61200	VG
61201	VG
61202	VG
61203	VG
61204	VG
61205	VG
61206	VG
61207	VG
61208	VG
61209	VG
61210	VG
61211	VG
61212	VG
61213	VG
61214	VG
61215	VG
61216	VG
61217	VG
61218	VG
61219	VG
61220	VG
61221	VG
61222	VG
61223	VG
61224	VG
61225	VG
61226	VG
61227	VG
61228	VG
61229	VG
61230	VG
61231	VG
61232	VG
61233	VG
61234	VG
61235	VG
61236	VG
61237	VG
61238	VG
61239	VG
61240	VG
61241	VG
61242	VG
61243	VG
61244	VG
61245	VG
61246	VG
61247	VG
61248	VG
61249	VG
61250	VG
61251	VG
61252	VG
61253	VG
61254	VG
61255	VG
61256	VG
61257	VG
61258	VG
61259	VG
61260	VG
61261	VG
61262	VG
61263	VG
61264	VG
61265	VG
61266	VG
61267	VG
61268	VG
61269	VG
61270	VG
61271	VG
61272	VG
61273	VG
61274	VG
61275	VG
61276	VG
61277	VG
61278	VG
61279	VG
61280	VG
61281	VG
61282	VG
61283	VG
61284	VG
61285	VG
61286	VG
61287	VG
61288	VG
61289	VG
61290	VG
61291	VG
61292	VG
61293	VG
61294	VG
61295	VG
61296	VG
61297	VG
61298	VG
61299	VG
61300	VG
61301	VG
61302	VG
61303	VG
61304	VG
61305	VG
61306	VG
61307	VG
61308	VG
61309	VG
61310	VG
61311	VG
61312	VG
61313	VG
61314	VG
61315	VG
61316	VG
61317	VG
61318	VG
61319	VG
61320	VG
61321	VG
61322	VG
61323	VG
61324	VG
61325	VG
61326	VG
61327	VG
61328	VG
61329	VG
61330	VG
61331	VG
61332	VG
61333	VG
61334	VG
61335	VG
61336	VG
61337	VG
61338	VG
61339	VG
61340	VG
61341	VG
61342	VG
61343	VG
61344	VG
61345	VG
61346	VG
61347	VG
61348	VG
61349	VG
61350	VG
61351	VG
61352	VG
61353	VG
61354	VG
61355	VG
61356	VG
61357	VG
61358	VG
61359	VG
61360	VG
61361	VG
61362	VG
61363	VG
61364	VG
61365	VG
61366	VG
61367	VG
61368	VG
61369	VG
61370	VG
61371	VG
61372	VG
61373	VG
61374	VG
61375	VG
61376	VG
61377	VG
61378	VG
61379	VG
61380	VG
61381	VG
61382	VG
61383	VG
61384	VG
61385	VG
61386	VG
61387	VG
61388	VG
61389	VG
61390	VG
61391	VG
61392	VG
61393	VG
61394	VG
61395	VG
61396	VG
61397	VG
61398	VG
61399	VG
61400	VG
61401	VG
61402	VG
61403	VG
61404	VG
61405	VG
61406	VG
61407	VG
61408	VG
61409	VG
61410	VG
61411	VG
61412	VG
61413	VG
61414	VG
61415	VG
61416	VG
61417	VG
61418	VG
61419	VG
61420	VG
61421	VG
61422	VG
61423	VG
61424	VG
61425	VG
61426	VG
61427	VG
61428	VG
61429	VG
61430	VG
61431	VG
61432	VG
61433	VG
61434	VG
61435	VG
61436	VG
61437	VG
61438	VG
61439	VG
61440	VG
61441	VG
61442	VG
61443	VG
61444	VG
61445	VG
61446	VG
61447	VG
61448	VG
61449	VG
61450	VG
61451	VG
61452	VG
61453	VG
61454	VG
61455	VG
61456	VG
61457	VG
61458	VG
61459	VG
61460	VG
61461	VG
61462	VG
61463	VG
61464	VG
61465	VG
61466	VG
61467	VG
61468	VG
61469	VG
61470	VG
61471	VG
61472	VG
61473	VG
61474	VG
61475	VG
61476	VG
61477	VG
61478	VG
61479	VG
61480	VG
61481	VG
61482	VG
61483	VG
61484	VG
61485	VG
61486	VG
61487	VG
61488	VG
61489	VG
61490	VG
61491	VG
61492	VG
61493	VG
61494	VG
61495	VG
61496	VG
61497	VG
61498	VG
61499	VG
61500	VG
61501	VG
61502	VG
61503	VG
61504	VG
61505	VG
61506	VG
61507	VG
61508	VG
61509	VG
61510	VG
61511	VG
61512	VG
61513	VG
61514	VG
61515	VG
61516	VG
61517	VG
61518	VG
61519	VG
61520	VG
61521	VG
61522	VG
61523	VG
61524	VG
61525	VG
61526	VG
61527	VG
61528	VG
61529	VG
61530	VG
61531	VG
61532	VG
61533	VG
61534	VG
61535	VG
61536	VG
61537	VG
61538	VG
61539	VG
61540	VG
61541	VG
61542	VG
61543	VG
61544	VG
61545	VG
61546	VG
61547	VG
61548	VG
61549	VG
61550	VG
61551	VG
61552	VG
61553	VG
61554	VG
61555	VG
61556	VG
61557	VG
61558	VG
61559	VG
61560	VG
61561	VG
61562	VG
61563	VG
61564	VG
61565	VG
61566	VG
61567	VG
61568	VG
61569	VG
61570	VG
61571	VG
61572	VG
61573	VG
61574	VG
61575	VG
61576	VG
61577	VG
61578	VG
61579	VG
61580	VG
61581	VG
61582	VG
61583	VG
61584	VG
61585	VG
61586	VG
61587	VG
61588	VG
61589	VG
61590	VG
61591	VG
61592	VG
61593	VG
61594	VG
61595	VG
61596	VG
61597	VG
61598	VG
61599	VG
61600	VG
61601	VG
61602	VG
61603	VG
61604	VG
61605	VG
61606	VG
61607	VG
61608	VG
61609	VG
61610	VG
61611	VG
61612	VG
61613	VG
61614	VG
61615	VG
61616	VG
61617	VG
61618	VG
61619	VG
61620	VG
61621	VG
61622	VG
61623	VG
61624	VG
61625	VG
61626	VG
61627	VG
61628	VG
61629	VG
61630	VG
61631	VG
61632	VG
61633	VG
61634	VG
61635	VG
61636	VG
61637	VG
61638	VG
61639	VG
61640	VG
61641	VG
61642	VG
61643	VG
61644	VG
61645	VG
61646	VG
61647	VG
61648	VG
61649	VG
61650	VG
61651	VG
61652	VG
61653	VG
61654	VG
61655	VG
61656	VG
61657	VG
61658	VG
61659	VG
61660	VG
61661	VG
61662	VG
61663	VG
61664	VG
61665	VG
61666	VG
61667	VG
61668	VG
61669	VG
61670	VG
61671	VG
61672	VG
61673	VG
61674	VG
61675	VG
61676	VG
61677	VG
61678	VG
61679	VG
61680	VG
61681	VG
61682	VG
61683	VG
61684	VG
61685	VG
61686	VG
61687	VG
61688	VG
61689	VG
61690	VG
61691	VG
61692	VG
61693	VG
61694	VG
61695	VG
61696	VG
61697	VG
61698	VG
61699	VG
61700	VG
61701	VG
61702	VG
61703	VG
61704	VG
61705	VG
61706	VG
61707	VG
61708	VG
61709	VG
61710	VG
61711	VG
61712	VG
61713	VG
61714	VG
61715	VG
61716	VG
61717	VG
61718	VG
61719	VG
61720	VG
61721	VG
61722	VG
61723	VG
61724	VG
61725	VG
61726	VG
61727	VG
61728	VG
61729	VG
61730	VG
61731	VG
61732	VG
61733	VG
61734	VG
61735	VG
61736	VG
61737	VG
61738	VG
61739	VG
61740	VG
61741	VG
61742	VG
61743	VG
61744	VG
61745	VG
61746	VG
61747	VG
61748	VG
61749	VG
61750	VG
61751	VG
61752	VG
61753	VG
61754	VG
61755	VG
61756	VG
61757	VG
61758	VG
61759	VG
61760	VG
61761	VG
61762	VG
61763	VG
61764	VG
61765	VG
61766	VG
61767	VG
61768	VG
61769	VG
61770	VG
61771	VG
61772	VG
61773	VG
61774	VG
61775	VG
61776	VG
61777	VG
61778	VG
61779	VG
61780	VG
61781	VG
61782	VG
61783	VG
61784	VG
61785	VG
61786	VG
61787	VG
61788	VG
61789	VG
61790	VG
61791	VG
61792	VG
61793	VG
61794	VG
61795	VG
61796	VG
61797	VG
61798	VG
61799	VG
61800	VG
61801	VG
61802	VG
61803	VG
61804	VG
61805	VG
61806	VG
61807	VG
61808	VG
61809	VG
61810	VG
61811	VG
61812	VG
61813	VG
61814	VG
61815	VG
61816	VG
61817	VG
61818	VG
61819	VG
61820	VG
61821	VG
61822	VG
61823	VG
61824	VG
61825	VG
61826	VG
61827	VG
61828	VG
61829	VG
61830	VG
61831	VG
61832	VG
61833	VG
61834	VG
61835	VG
61836	VG
61837	VG
61838	VG
61839	VG
61840	VG
61841	VG
61842	VG
61843	VG
61844	VG
61845	VG
61846	VG
61847	VG
61848	VG
61849	VG
61850	VG
61851	VG
61852	VG
61853	VG
61854	VG
61855	VG
61856	VG
61857	VG
61858	VG
61859	VG
61860	VG
61861	VG
61862	VG
61863	VG
61864	VG
61865	VG
61866	VG
61867	VG
61868	VG
61869	VG
61870	VG
61871	VG
61872	VG
61873	VG
61874	VG
61875	VG
61876	VG
61877	VG
61878	VG
61879	VG
61880	VG
61881	VG
61882	VG
61883	VG
61884	VG
61885	VG
61886	VG
61887	VG
61888	VG
61889	VG
61890	VG
61891	VG
61892	VG
61893	VG
61894	VG
61895	VG
61896	VG
61897	VG
61898	VG
61899	VG
61900	VG
61901	VG
61902	VG
61903	VG
61904	VG
61905	VG
61906	VG
61907	VG
61908	VG
61909	VG
61910	VG
61911	VG
61912	VG
61913	VG
61914	VG
61915	VG
61916	VG
61917	VG
61918	VG
61919	VG
61920	VG
61921	VG
61922	VG
61923	VG
61924	VG
61925	VG
61926	VG
61927	VG
61928	VG
61929	VG
61930	VG
61931	VG
61932	VG
61933	VG
61934	VG
61935	VG
61936	VG
61937	VG
61938	VG
61939	VG
61940	VG
61941	VG
61942	VG
61943	VG
61944	VG
61945	VG
61946	VG
61947	VG
61948	VG
61949	VG
61950	VG
61951	VG
61952	VG
61953	VG
61954	VG
61955	VG
61956	VG
61957	VG
61958	VG
61959	VG
61960	VG
61961	VG
61962	VG
61963	VG
61964	VG
61965	VG
61966	VG
61967	VG
61968	VG
61969	VG
61970	VG
61971	VG
61972	VG
61973	VG
61974	VG
61975	VG
61976	VG
61977	VG
61978	VG
61979	VG
61980	VG
61981	VG
61982	VG
61983	VG
61984	VG
61985	VG
61986	VG
61987	VG
61988	VG
61989	VG
61990	VG
61991	VG
61992	VG
61993	VG
61994	VG
61995	VG
61996	VG
61997	VG
61998	VG
61999	VG
62000	VG
62001	VG
62002	VG
62003	VG
62004	VG
62005	VG
62006	VG
62007	VG
62008	VG
62009	VG
62010	VG
62011	VG
62012	VG
62013	VG
62014	VG
62015	VG
62016	VG
62017	VG
62018	VG
62019	VG
62020	VG
62021	VG
62022	VG
62023	VG
62024	VG
62025	VG
62026	VG
62027	VG
62028	VG
62029	VG
62030	VG
62031	VG
62032	VG
62033	VG
62034	VG
62035	VG
62036	VG
62037	VG
62038	VG
62039	VG
62040	VG
62041	VG
62042	VG
62043	VG
62044	VG
62045	VG
62046	VG
62047	VG
62048	VG
62049	VG
62050	VG
62051	VG
62052	VG
62053	VG
62054	VG
62055	VG
62056	VG
62057	VG
62058	VG
62059	VG
62060	VG
62061	VG
62062	VG
62063	VG
62064	VG
62065	VG
62066	VG
62067	VG
62068	VG
62069	VG
62070	VG
62071	VG
62072	VG
62073	VG
62074	VG
62075	VG
62076	VG
62077	VG
62078	VG
62079	VG
62080	VG
62081	VG
62082	VG
62083	VG
62084	VG
62085	VG
62086	VG
62087	VG
62088	VG
62089	VG
62090	VG
62091	VG
62092	VG
62093	VG
62094	VG
62095	VG
62096	VG
62097	VG
62098	VG
62099	VG
62100	VG
62101	VG
62102	VG
62103	VG
62104	VG
62105	VG
62106	VG
62107	VG
62108	VG
62109	VG
62110	VG
62111	VG
62112	VG
62113	VG
62114	VG
62115	VG
62116	VG
62117	VG
62118	VG
62119	VG
62120	VG
62121	VG
62122	VG
62123	VG
62124	VG
62125	VG
62126	VG
62127	VG
62128	VG
62129	VG
62130	VG
62131	VG
62132	VG
62133	VG
62134	VG
62135	VG
62136	VG
62137	VG
62138	VG
62139	VG
62140	VG
62141	VG
62142	VG
62143	VG
62144	VG
62145	VG
62146	VG
62147	VG
62148	VG
62149	VG
62150	VG
62151	VG
62152	VG
62153	VG
62154	VG
62155	VG
62156	VG
62157	VG
62158	VG
62159	VG
62160	VG
62161	VG
62162	VG
62163	VG
62164	VG
62165	VG
62166	VG
62167	VG
62168	VG
62169	VG
62170	VG
62171	VG
62172	VG
62173	VG
62174	VG
62175	VG
62176	VG
62177	VG
62178	VG
62179	VG
62180	VG
62181	VG
62182	VG
62183	VG
62184	VG
62185	VG
62186	VG
62187	VG
62188	VG
62189	VG
62190	VG
62191	VG
62192	VG
62193	VG
62194	VG
62195	VG
62196	VG
62197	VG
62198	VG
62199	VG
62200	VG
62201	VG
62202	VG
62203	VG
62204	VG
62205	VG
62206	VG
62207	VG
62208	VG
62209	VG
62210	VG
62211	VG
62212	VG
62213	VG
62214	VG
62215	VG
62216	VG
62217	VG
62218	VG
62219	VG
62220	VG
62221	VG
62222	VG
62223	VG
62224	VG
62225	VG
62226	VG
62227	VG
62228	VG
62229	VG
62230	VG
62231	VG
62232	VG
62233	VG
62234	VG
62235	VG
62236	VG
62237	VG
62238	VG
62239	VG
62240	VG
62241	VG
62242	VG
62243	VG
62244	VG
62245	VG
62246	VG
62247	VG
62248	VG
62249	VG
62250	VG
62251	VG
62252	VG
62253	VG
62254	VG
62255	VG
62256	VG
62257	VG
62258	VG
62259	VG
62260	VG
62261	VG
62262	VG
62263	VG
62264	VG
62265	VG
62266	VG
62267	VG
62268	VG
62269	VG
62270	VG
62271	VG
62272	VG
62273	VG
62274	VG
62275	VG
62276	VG
62277	VG
62278	VG
62279	VG
62280	VG
62281	VG
62282	VG
62283	VG
62284	VG
62285	VG
62286	VG
62287	VG
62288	VG
62289	VG
62290	VG
62291	VG
62292	VG
62293	VG
62294	VG
62295	VG
62296	VG
62297	VG
62298	VG
62299	VG
62300	VG
62301	VG
62302	VG
62303	VG
62304	VG
62305	VG
62306	VG
62307	VG
62308	VG
62309	VG
62310	VG
62311	VG
62312	VG
62313	VG
62314	VG
62315	VG
62316	VG
62317	VG
62318	VG
62319	VG
62320	VG
62321	VG
62322	VG
62323	VG
62324	VG
62325	VG
62326	VG
62327	VG
62328	VG
62329	VG
62330	VG
62331	VG
62332	VG
62333	VG
62334	VG
62335	VG
62336	VG
62337	VG
62338	VG
62339	VG
62340	VG
62341	VG
62342	VG
62343	VG
62344	VG
62345	VG
62346	VG
62347	VG
62348	VG
62349	VG
62350	VG
62351	VG
62352	VG
62353	VG
62354	VG
62355	VG
62356	VG
62357	VG
62358	VG
62359	VG
62360	VG
62361	VG
62362	VG
62363	VG
62364	VG
62365	VG
62366	VG
62367	VG
62368	VG
62369	VG
62370	VG
62371	VG
62372	VG
62373	VG
62374	VG
62375	VG
62376	VG
62377	VG
62378	VG
62379	VG
62380	VG
62381	VG
62382	VG
62383	VG
62384	VG
62385	VG
62386	VG
62387	VG
62388	VG
62389	VG
62390	VG
62391	VG
62392	VG
62393	VG
62394	VG
62395	VG
62396	VG
62397	VG
62398	VG
62399	VG
62400	VG
62401	VG
62402	VG
62403	VG
62404	VG
62405	VG
62406	VG
62407	VG
62408	VG
62409	VG
62410	VG
62411	VG
62412	VG
62413	VG
62414	VG
62415	VG
62416	VG
62417	VG
62418	VG
62419	VG
62420	VG
62421	VG
62422	VG
62423	VG
62424	VG
62425	VG
62426	VG
62427	VG
62428	VG
62429	VG
62430	VG
62431	VG
62432	VG
62433	VG
62434	VG
62435	VG
62436	VG
62437	VG
62438	VG
62439	VG
62440	VG
62441	VG
62442	VG
62443	VG
62444	VG
62445	VG
62446	VG
62447	VG
62448	VG
62449	VG
62450	VG
62451	VG
62452	VG
62453	VG
62454	VG
62455	VG
62456	VG
62457	VG
62458	VG
62459	VG
62460	VG
62461	VG
62462	VG
62463	VG
62464	VG
62465	VG
62466	VG
62467	VG
62468	VG
62469	VG
62470	VG
62471	VG
62472	VG
62473	VG
62474	VG
62475	VG
62476	VG
62477	VG
62478	VG
62479	VG
62480	VG
62481	VG
62482	VG
62483	VG
62484	VG
62485	VG
62486	VG
62487	VG
62488	VG
62489	VG
62490	VG
62491	VG
62492	VG
62493	VG
62494	VG
62495	VG
62496	VG
62497	VG
62498	VG
62499	VG
62500	VG
62501	VG
62502	VG
62503	VG
62504	VG
62505	VG
62506	VG
62507	VG
62508	VG
62509	VG
62510	VG
62511	VG
62512	VG
62513	VG
62514	VG
62515	VG
62516	VG
62517	VG
62518	VG
62519	VG
62520	VG
62521	VG
62522	VG
62523	VG
62524	VG
62525	VG
62526	VG
62527	VG
62528	VG
62529	VG
62530	VG
62531	VG
62532	VG
62533	VG
62534	VG
62535	VG
62536	VG
62537	VG
62538	VG
62539	VG
62540	VG
62541	VG
62542	VG
62543	VG
62544	VG
62545	VG
62546	VG
62547	VG
62548	VG
62549	VG
62550	VG
62551	VG
62552	VG
62553	VG
62554	VG
62555	VG
62556	VG
62557	VG
62558	VG
62559	VG
62560	VG
62561	VG
62562	VG
62563	VG
62564	VG
62565	VG
62566	VG
62567	VG
62568	VG
62569	VG
62570	VG
62571	VG
62572	VG
62573	VG
62574	VG
62575	VG
62576	VG
62577	VG
62578	VG
62579	VG
62580	VG
62581	VG
62582	VG
62583	VG
62584	VG
62585	VG
62586	VG
62587	VG
62588	VG
62589	VG
62590	VG
62591	VG
62592	VG
62593	VG
62594	VG
62595	VG
62596	VG
62597	VG
62598	VG
62599	VG
62600	VG
62601	VG
62602	VG
62603	VG
62604	VG
62605	VG
62606	VG
62607	VG
62608	VG
62609	VG
62610	VG
62611	VG
62612	VG
62613	VG
62614	VG
62615	VG
62616	VG
62617	VG
62618	VG
62619	VG
62620	VG
62621	VG
62622	VG
62623	VG
62624	VG
62625	VG
62626	VG
62627	VG
62628	VG
62629	VG
62630	VG
62631	VG
62632	VG
62633	VG
62634	VG
62635	VG
62636	VG
62637	VG
62638	VG
62639	VG
62640	VG
62641	VG
62642	VG
62643	VG
62644	VG
62645	VG
62646	VG
62647	VG
62648	VG
62649	VG
62650	VG
62651	VG
62652	VG
62653	VG
62654	VG
62655	VG
62656	VG
62657	VG
62658	VG
62659	VG
62660	VG
62661	VG
62662	VG
62663	VG
62664	VG
62665	VG
62666	VG
62667	VG
62668	VG
62669	VG
62670	VG
62671	VG
62672	VG
62673	VG
62674	VG
62675	VG
62676	VG
62677	VG
62678	VG
62679	VG
62680	VG
62681	VG
62682	VG
62683	VG
62684	VG
62685	VG
62686	VG
62687	VG
62688	VG
62689	VG
62690	VG
62691	VG
62692	VG
62693	VG
62694	VG
62695	VG
62696	VG
62697	VG
62698	VG
62699	VG
62700	VG
62701	VG
62702	VG
62703	VG
62704	VG
62705	VG
62706	VG
62707	VG
62708	VG
62709	VG
62710	VG
62711	VG
62712	VG
62713	VG
62714	VG
62715	VG
62716	VG
62717	VG
62718	VG
62719	VG
62720	VG
62721	VG
62722	VG
62723	VG
62724	VG
62725	VG
62726	VG
62727	VG
62728	VG
62729	VG
62730	VG
62731	VG
62732	VG
62733	VG
62734	VG
62735	VG
62736	VG
62737	VG
62738	VG
62739	VG
62740	VG
62741	VG
62742	VG
62743	VG
62744	VG
62745	VG
62746	VG
62747	VG
62748	VG
62749	VG
62750	VG
62751	VG
62752	VG
62753	VG
62754	VG
62755	VG
62756	VG
62757	VG
62758	VG
62759	VG
62760	VG
62761	VG
62762	VG
62763	VG
62764	VG
62765	VG
62766	VG
62767	VG
62768	VG
62769	VG
62770	VG
62771	VG
62772	VG
62773	VG
62774	VG
62775	VG
62776	VG
62777	VG
62778	VG
62779	VG
62780	VG
62781	VG
62782	VG
62783	VG
62784	VG
62785	VG
62786	VG
62787	VG
62788	VG
62789	VG
62790	VG
62791	VG
62792	VG
62793	VG
62794	VG
62795	VG
62796	VG
62797	VG
62798	VG
62799	VG
62800	VG
62801	VG
62802	VG
62803	VG
62804	VG
62805	VG
62806	VG
62807	VG
62808	VG
62809	VG
62810	VG
62811	VG
62812	VG
62813	VG
62814	VG
62815	VG
62816	VG
62817	VG
62818	VG
62819	VG
62820	VG
62821	VG
62822	VG
62823	VG
62824	VG
62825	VG
62826	VG
62827	VG
62828	VG
62829	VG
62830	VG
62831	VG
62832	VG
62833	VG
62834	VG
62835	VG
62836	VG
62837	VG
62838	VG
62839	VG
62840	VG
62841	VG
62842	VG
62843	VG
62844	VG
62845	VG
62846	VG
62847	VG
62848	VG
62849	VG
62850	VG
62851	VG
62852	VG
62853	VG
62854	VG
62855	VG
62856	VG
62857	VG
62858	VG
62859	VG
62860	VG
62861	VG
62862	VG
62863	VG
62864	VG
62865	VG
62866	VG
62867	VG
62868	VG
62869	VG
62870	VG
62871	VG
62872	VG
62873	VG
62874	VG
62875	VG
62876	VG
62877	VG
62878	VG
62879	VG
62880	VG
62881	VG
62882	VG
62883	VG
62884	VG
62885	VG
62886	VG
62887	VG
62888	VG
62889	VG
62890	VG
62891	VG
62892	VG
62893	VG
62894	VG
62895	VG
62896	VG
62897	VG
62898	VG
62899	VG
62900	VG
62901	VG
62902	VG
62903	VG
62904	VG
62905	VG
62906	VG
62907	VG
62908	VG
62909	VG
62910	VG
62911	VG
62912	VG
62913	VG
62914	VG
62915	VG
62916	VG
62917	VG
62918	VG
62919	VG
62920	VG
62921	VG
62922	VG
62923	VG
62924	VG
62925	VG
62926	VG
62927	VG
62928	VG
62929	VG
62930	VG
62931	VG
62932	VG
62933	VG
62934	VG
62935	VG
62936	VG
62937	VG
62938	VG
62939	VG
62940	VG
62941	VG
62942	VG
62943	VG
62944	VG
62945	VG
62946	VG
62947	VG
62948	VG
62949	VG
62950	VG
62951	VG
62952	VG
62953	VG
62954	VG
62955	VG
62956	VG
62957	VG
62958	VG
62959	VG
62960	VG
62961	VG
62962	VG
62963	VG
62964	VG
62965	VG
62966	VG
62967	VG
62968	VG
62969	VG
62970	VG
62971	VG
62972	VG
62973	VG
62974	VG
62975	VG
62976	VG
62977	VG
62978	VG
62979	VG
62980	VG
62981	VG
62982	VG
62983	VG
62984	VG
62985	VG
62986	VG
62987	VG
62988	VG
62989	VG
62990	VG
62991	VG
62992	VG
62993	VG
62994	VG
62995	VG
62996	VG
62997	VG
62998	VG
62999	VG
63000	VG
63001	VG
63002	VG
63003	VG
63004	VG
63005	VG
63006	VG
63007	VG
63008	VG
63009	VG
63010	VG
63011	VG
63012	VG
63013	VG
63014	VG
63015	VG
63016	VG
63017	VG
63018	VG
63019	VG
63020	VG
63021	VG
63022	VG
63023	VG
63024	VG
63025	VG
63026	VG
63027	VG
63028	VG
63029	VG
63030	VG
63031	VG
63032	VG
63033	VG
63034	VG
63035	VG
63036	VG
63037	VG
63038	VG
63039	VG
63040	VG
63041	VG
63042	VG
63043	VG
63044	VG
63045	VG
63046	VG
63047	VG
63048	VG
63049	VG
63050	VG
63051	VG
63052	VG
63053	VG
63054	VG
63055	VG
63056	VG
63057	VG
63058	VG
63059	VG
63060	VG
63061	VG
63062	VG
63063	VG
63064	VG
63065	VG
63066	VG
63067	VG
63068	VG
63069	VG
63070	VG
63071	VG
63072	VG
63073	VG
63074	VG
63075	VG
63076	VG
63077	VG
63078	VG
63079	VG
63080	VG
63081	VG
63082	VG
63083	VG
63084	VG
63085	VG
63086	VG
63087	VG
63088	VG
63089	VG
63090	VG
63091	VG
63092	VG
63093	VG
63094	VG
63095	VG
63096	VG
63097	VG
63098	VG
63099	VG
63100	VG
63101	VG
63102	VG
63103	VG
63104	VG
63105	VG
63106	VG
63107	VG
63108	VG
63109	VG
63110	VG
63111	VG
63112	VG
63113	VG
63114	VG
63115	VG
63116	VG
63117	VG
63118	VG
63119	VG
63120	VG
63121	VG
63122	VG
63123	VG
63124	VG
63125	VG
63126	VG
63127	VG
63128	VG
63129	VG
63130	VG
63131	VG
63132	VG
63133	VG
63134	VG
63135	VG
63136	VG
63137	VG
63138	VG
63139	VG
63140	VG
63141	VG
63142	VG
63143	VG
63144	VG
63145	VG
63146	VG
63147	VG
63148	VG
63149	VG
63150	VG
63151	VG
63152	VG
63153	VG
63154	VG
63155	VG
63156	VG
63157	VG
63158	VG
63159	VG
63160	VG
63161	VG
63162	VG
63163	VG
63164	VG
63165	VG
63166	VG
63167	VG
63168	VG
63169	VG
63170	VG
63171	VG
63172	VG
63173	VG
63174	VG
63175	VG
63176	VG
63177	VG
63178	VG
63179	VG
63180	VG
63181	VG
63182	VG
63183	VG
63184	VG
63185	VG
63186	VG
63187	VG
63188	VG
63189	VG
63190	VG
63191	VG
63192	VG
63193	VG
63194	VG
63195	VG
63196	VG
63197	VG
63198	VG
63199	VG
63200	VG
63201	VG
63202	VG
63203	VG
63204	VG
63205	VG
63206	VG
63207	VG
63208	VG
63209	VG
63210	VG
63211	VG
63212	VG
63213	VG
63214	VG
63215	VG
63216	VG
63217	VG
63218	VG
63219	VG
63220	VG
63221	VG
63222	VG
63223	VG
63224	VG
63225	VG
63226	VG
63227	VG
63228	VG
63229	VG
63230	VG
63231	VG
63232	VG
63233	VG
63234	VG
63235	VG
63236	VG
63237	VG
63238	VG
63239	VG
63240	VG
63241	VG
63242	VG
63243	VG
63244	VG
63245	VG
63246	VG
63247	VG
63248	VG
63249	VG
63250	VG
63251	VG
63252	VG
63253	VG
63254	VG
63255	VG
63256	VG
63257	VG
63258	VG
63259	VG
63260	VG
63261	VG
63262	VG
63263	VG
63264	VG
63265	VG
63266	VG
63267	VG
63268	VG
63269	VG
63270	VG
63271	VG
63272	VG
63273	VG
63274	VG
63275	VG
63276	VG
63277	VG
63278	VG
63279	VG
63280	VG
63281	VG
63282	VG
63283	VG
63284	VG
63285	VG
63286	VG
63287	VG
63288	VG
63289	VG
63290	VG
63291	VG
63292	VG
63293	VG
63294	VG
63295	VG
63296	VG
63297	VG
63298	VG
63299	VG
63300	VG
63301	VG
63302	VG
63303	VG
63304	VG
63305	VG
63306	VG
63307	VG
63308	VG
63309	VG
63310	VG
63311	VG
63312	VG
63313	VG
63314	VG
63315	VG
63316	VG
63317	VG
63318	VG
63319	VG
63320	VG
63321	VG
63322	VG
63323	VG
63324	VG
63325	VG
63326	VG
63327	VG
63328	VG
63329	VG
63330	VG
63331	VG
63332	VG
63333	VG
63334	VG
63335	VG
63336	VG
63337	VG
63338	VG
63339	VG
63340	VG
63341	VG
63342	VG
63343	VG
63344	VG
63345	VG
63346	VG
63347	VG
63348	VG
63349	VG
63350	VG
63351	VG
63352	VG
63353	VG
63354	VG
63355	VG
63356	VG
63357	VG
63358	VG
63359	VG
63360	VG
63361	VG
63362	VG
63363	VG
63364	VG
63365	VG
63366	VG
63367	VG
63368	VG
63369	VG
63370	VG
63371	VG
63372	VG
63373	VG
63374	VG
63375	VG
63376	VG
63377	VG
63378	VG
63379	VG
63380	VG
63381	VG
63382	VG
63383	VG
63384	VG
63385	VG
63386	VG
63387	VG
63388	VG
63389	VG
63390	VG
63391	VG
63392	VG
63393	VG
63394	VG
63395	VG
63396	VG
63397	VG
63398	VG
63399	VG
63400	VG
63401	VG
63402	VG
63403	VG
63404	VG
63405	VG
63406	VG
63407	VG
63408	VG
63409	VG
63410	VG
63411	VG
63412	VG
63413	VG
63414	VG
63415	VG
63416	VG
63417	VG
63418	VG
63419	VG
63420	VG
63421	VG
63422	VG
63423	VG
63424	VG
63425	VG
63426	VG
63427	VG
63428	VG
63429	VG
63430	VG
63431	VG
63432	VG
63433	VG
63434	VG
63435	VG
63436	VG
63437	VG
63438	VG
63439	VG
63440	VG
63441	VG
63442	VG
63443	VG
63444	VG
63445	VG
63446	VG
63447	VG
63448	VG
63449	VG
63450	VG
63451	VG
63452	VG
63453	VG
63454	VG
63455	VG
63456	VG
63457	VG
63458	VG
63459	VG
63460	VG
63461	VG
63462	VG
63463	VG
63464	VG
63465	VG
63466	VG
63467	VG
63468	VG
63469	VG
63470	VG
63471	VG
63472	VG
63473	VG
63474	VG
63475	VG
63476	VG
63477	VG
63478	VG
63479	VG
63480	VG
63481	VG
63482	VG
63483	VG
63484	VG
63485	VG
63486	VG
63487	VG
63488	VG
63489	VG
63490	VG
63491	VG
63492	VG
63493	VG
63494	VG
63495	VG
63496	VG
63497	VG
63498	VG
63499	VG
63500	VG
63501	VG
63502	VG
63503	VG
63504	VG
63505	VG
63506	VG
63507	VG
63508	VG
63509	VG
63510	VG
63511	VG
63512	VG
63513	VG
63514	VG
63515	VG
63516	VG
63517	VG
63518	VG
63519	VG
63520	VG
63521	VG
63522	VG
63523	VG
63524	VG
63525	VG
63526	VG
63527	VG
63528	VG
63529	VG
63530	VG
63531	VG
63532	VG
63533	VG
63534	VG
63535	VG
63536	VG
63537	VG
63538	VG
63539	VG
63540	VG
63541	VG
63542	VG
63543	VG
63544	VG
63545	VG
63546	VG
63547	VG
63548	VG
63549	VG
63550	VG
63551	VG
63552	VG
63553	VG
63554	VG
63555	VG
63556	VG
63557	VG
63558	VG
63559	VG
63560	VG
63561	VG
63562	VG
63563	VG
63564	VG
63565	VG
63566	VG
63567	VG
63568	VG
63569	VG
63570	VG
63571	VG
63572	VG
63573	VG
63574	VG
63575	VG
63576	VG
63577	VG
63578	VG
63579	VG
63580	VG
63581	VG
63582	VG
63583	VG
63584	VG
63585	VG
63586	VG
63587	VG
63588	VG
63589	VG
63590	VG
63591	VG
63592	VG
63593	VG
63594	VG
63595	VG
63596	VG
63597	VG
63598	VG
63599	VG
63600	VG
63601	VG
63602	VG
63603	VG
63604	VG
63605	VG
63606	VG
63607	VG
63608	VG
63609	VG
63610	VG
63611	VG
63612	VG
63613	VG
63614	VG
63615	VG
63616	VG
63617	VG
63618	VG
63619	VG
63620	VG
63621	VG
63622	VG
63623	VG
63624	VG
63625	VG
63626	VG
63627	VG
63628	VG
63629	VG
63630	VG
63631	VG
63632	VG
63633	VG
63634	VG
63635	VG
63636	VG
63637	VG
63638	VG
63639	VG
63640	VG
63641	VG
63642	VG
63643	VG
63644	VG
63645	VG
63646	VG
63647	VG
63648	VG
63649	VG
63650	VG
63651	VG
63652	VG
63653	VG
63654	VG
63655	VG
63656	VG
63657	VG
63658	VG
63659	VG
63660	VG
63661	VG
63662	VG
63663	VG
63664	VG
63665	VG
63666	VG
63667	VG
63668	VG
63669	VG
63670	VG
63671	VG
63672	VG
63673	VG
63674	VG
63675	VG
63676	VG
63677	VG
63678	VG
63679	VG
63680	VG
63681	VG
63682	VG
63683	VG
63684	VG
63685	VG
63686	VG
63687	VG
63688	VG
63689	VG
63690	VG
63691	VG
63692	VG
63693	VG
63694	VG
63695	VG
63696	VG
63697	VG
63698	VG
63699	VG
63700	VG
63701	VG
63702	VG
63703	VG
63704	VG
63705	VG
63706	VG
63707	VG
63708	VG
63709	VG
63710	VG
63711	VG
63712	VG
63713	VG
63714	VG
63715	VG
63716	VG
63717	VG
63718	VG
63719	VG
63720	VG
63721	VG
63722	VG
63723	VG
63724	VG
63725	VG
63726	VG
63727	VG
63728	VG
63729	VG
63730	VG
63731	VG
63732	VG
63733	VG
63734	VG
63735	VG
63736	VG
63737	VG
63738	VG
63739	VG
63740	VG
63741	VG
63742	VG
63743	VG
63744	VG
63745	VG
63746	VG
63747	VG
63748	VG
63749	VG
63750	VG
63751	VG
63752	VG
63753	VG
63754	VG
63755	VG
63756	VG
63757	VG
63758	VG
63759	VG
63760	VG
63761	VG
63762	VG
63763	VG
63764	VG
63765	VG
63766	VG
63767	VG
63768	VG
63769	VG
63770	VG
63771	VG
63772	VG
63773	VG
63774	VG
63775	VG
63776	VG
63777	VG
63778	VG
63779	VG
63780	VG
63781	VG
63782	VG
63783	VG
63784	VG
63785	VG
63786	VG
63787	VG
63788	VG
63789	VG
63790	VG
63791	VG
63792	VG
63793	VG
63794	VG
63795	VG
63796	VG
63797	VG
63798	VG
63799	VG
63800	VG
63801	VG
63802	VG
63803	VG
63804	VG
63805	VG
63806	VG
63807	VG
63808	VG
63809	VG
63810	VG
63811	VG
63812	VG
63813	VG
63814	VG
63815	VG
63816	VG
63817	VG
63818	VG
63819	VG
63820	VG
63821	VG
63822	VG
63823	VG
63824	VG
63825	VG
63826	VG
63827	VG
63828	VG
63829	VG
63830	VG
63831	VG
63832	VG
63833	VG
63834	VG
63835	VG
63836	VG
63837	VG
63838	VG
63839	VG
63840	VG
63841	VG
63842	VG
63843	VG
63844	VG
63845	VG
63846	VG
63847	VG
63848	VG
63849	VG
63850	VG
63851	VG
63852	VG
63853	VG
63854	VG
63855	VG
63856	VG
63857	VG
63858	VG
63859	VG
63860	VG
63861	VG
63862	VG
63863	VG
63864	VG
63865	VG
63866	VG
63867	VG
63868	VG
63869	VG
63870	VG
63871	VG
63872	VG
63873	VG
63874	VG
63875	VG
63876	VG
63877	VG
63878	VG
63879	VG
63880	VG
63881	VG
63882	VG
63883	VG
63884	VG
63885	VG
63886	VG
63887	VG
63888	VG
63889	VG
63890	VG
63891	VG
63892	VG
63893	VG
63894	VG
63895	VG
63896	VG
63897	VG
63898	VG
63899	VG
63900	VG
63901	VG
63902	VG
63903	VG
63904	VG
63905	VG
63906	VG
63907	VG
63908	VG
63909	VG
63910	VG
63911	VG
63912	VG
63913	VG
63914	VG
63915	VG
63916	VG
63917	VG
63918	VG
63919	VG
63920	VG
63921	VG
63922	VG
63923	VG
63924	VG
63925	VG
63926	VG
63927	VG
63928	VG
63929	VG
63930	VG
63931	VG
63932	VG
63933	VG
63934	VG
63935	VG
63936	VG
63937	VG
63938	VG
63939	VG
63940	VG
63941	VG
63942	VG
63943	VG
63944	VG
63945	VG
63946	VG
63947	VG
63948	VG
63949	VG
63950	VG
63951	VG
63952	VG
63953	VG
63954	VG
63955	VG
63956	VG
63957	VG
63958	VG
63959	VG
63960	VG
63961	VG
63962	VG
63963	VG
63964	VG
63965	VG
63966	VG
63967	VG
63968	VG
63969	VG
63970	VG
63971	VG
63972	VG
63973	VG
63974	VG
63975	VG
63976	VG
63977	VG
63978	VG
63979	VG
63980	VG
63981	VG
63982	VG
63983	VG
63984	VG
63985	VG
63986	VG
63987	VG
63988	VG
63989	VG
63990	VG
63991	VG
63992	VG
63993	VG
63994	VG
63995	VG
63996	VG
63997	VG
63998	VG
63999	VG
64000	VG
64001	VG
64002	VG
64003	VG
64004	VG
64005	VG
64006	VG
64007	VG
64008	VG
64009	VG
64010	VG
64011	VG
64012	VG
64013	VG
64014	VG
64015	VG
64016	VG
64017	VG
64018	VG
64019	VG
64020	VG
64021	VG
64022	VG
64023	VG
64024	VG
64025	VG
64026	VG
64027	VG
64028	VG
64029	VG
64030	VG
64031	VG
64032	VG
64033	VG
64034	VG
64035	VG
64036	VG
64037	VG
64038	VG
64039	VG
64040	VG
64041	VG
64042	VG
64043	VG
64044	VG
64045	VG
64046	VG
64047	VG
64048	VG
64049	VG
64050	VG
64051	VG
64052	VG
64053	VG
64054	VG
64055	VG
64056	VG
64057	VG
64058	VG
64059	VG
64060	VG
64061	VG
64062	VG
64063	VG
64064	VG
64065	VG
64066	VG
64067	VG
64068	VG
64069	VG
64070	VG
64071	VG
64072	VG
64073	VG
64074	VG
64075	VG
64076	VG
64077	VG
64078	VG
64079	VG
64080	VG
64081	VG
64082	VG
64083	VG
64084	VG
64085	VG
64086	VG
64087	VG
64088	VG
64089	VG
64090	VG
64091	VG
64092	VG
64093	VG
64094	VG
64095	VG
64096	VG
64097	VG
64098	VG
64099	VG
64100	VG
64101	VG
64102	VG
64103	VG
64104	VG
64105	VG
64106	VG
64107	VG
64108	VG
64109	VG
64110	VG
64111	VG
64112	VG
64113	VG
64114	VG
64115	VG
64116	VG
64117	VG
64118	VG
64119	VG
64120	VG
64121	VG
64122	VG
64123	VG
64124	VG
64125	VG
64126	VG
64127	VG
64128	VG
64129	VG
64130	VG
64131	VG
64132	VG
64133	VG
64134	VG
64135	VG
64136	VG
64137	VG
64138	VG
64139	VG
64140	VG
64141	VG
64142	VG
64143	VG
64144	VG
64145	VG
64146	VG
64147	VG
64148	VG
64149	VG
64150	VG
64151	VG
64152	VG
64153	VG
64154	VG
64155	VG
64156	VG
64157	VG
64158	VG
64159	VG
64160	VG
64161	VG
64162	VG
64163	VG
64164	VG
64165	VG
64166	VG
64167	VG
64168	VG
64169	VG
64170	VG
64171	VG
64172	VG
64173	VG
64174	VG
64175	VG
64176	VG
64177	VG
64178	VG
64179	VG
64180	VG
64181	VG
64182	VG
64183	VG
64184	VG
64185	VG
64186	VG
64187	VG
64188	VG
64189	VG
64190	VG
64191	VG
64192	VG
64193	VG
64194	VG
64195	VG
64196	VG
64197	VG
64198	VG
64199	VG
64200	VG
64201	VG
64202	VG
64203	VG
64204	VG
64205	VG
64206	VG
64207	VG
64208	VG
64209	VG
64210	VG
64211	VG
64212	VG
64213	VG
64214	VG
64215	VG
64216	VG
64217	VG
64218	VG
64219	VG
64220	VG
64221	VG
64222	VG
64223	VG
64224	VG
64225	VG
64226	VG
64227	VG
64228	VG
64229	VG
64230	VG
64231	VG
64232	VG
64233	VG
64234	VG
64235	VG
64236	VG
64237	VG
64238	VG
64239	VG
64240	VG
64241	VG
64242	VG
64243	VG
64244	VG
64245	VG
64246	VG
64247	VG
64248	VG
64249	VG
64250	VG
64251	VG
64252	VG
64253	VG
64254	VG
64255	VG
64256	VG
64257	VG
64258	VG
64259	VG
64260	VG
64261	VG
64262	VG
64263	VG
64264	VG
64265	VG
64266	VG
64267	VG
64268	VG
64269	VG
64270	VG
64271	VG
64272	VG
64273	VG
64274	VG
64275	VG
64276	VG
64277	VG
64278	VG
64279	VG
64280	VG
64281	VG
64282	VG
64283	VG
64284	VG
64285	VG
64286	VG
64287	VG
64288	VG
64289	VG
64290	VG
64291	VG
64292	VG
64293	VG
64294	VG
64295	VG
64296	VG
64297	VG
64298	VG
64299	VG
64300	VG
64301	VG
64302	VG
64303	VG
64304	VG
64305	VG
64306	VG
64307	VG
64308	VG
64309	VG
64310	VG
64311	VG
64312	VG
64313	VG
64314	VG
64315	VG
64316	VG
64317	VG
64318	VG
64319	VG
64320	VG
64321	VG
64322	VG
64323	VG
64324	VG
64325	VG
64326	VG
64327	VG
64328	VG
64329	VG
64330	VG
64331	VG
64332	VG
64333	VG
64334	VG
64335	VG
64336	VG
64337	VG
64338	VG
64339	VG
64340	VG
64341	VG
64342	VG
64343	VG
64344	VG
64345	VG
64346	VG
64347	VG
64348	VG
64349	VG
64350	VG
64351	VG
64352	VG
64353	VG
64354	VG
64355	VG
64356	VG
64357	VG
64358	VG
64359	VG
64360	VG
64361	VG
64362	VG
64363	VG
64364	VG
64365	VG
64366	VG
64367	VG
64368	VG
64369	VG
64370	VG
64371	VG
64372	VG
64373	VG
64374	VG
64375	VG
64376	VG
64377	VG
64378	VG
64379	VG
64380	VG
64381	VG
64382	VG
64383	VG
64384	VG
64385	VG
64386	VG
64387	VG
64388	VG
64389	VG
64390	VG
64391	VG
64392	VG
64393	VG
64394	VG
64395	VG
64396	VG
64397	VG
64398	VG
64399	VG
64400	VG
64401	VG
64402	VG
64403	VG
64404	VG
64405	VG
64406	VG
64407	VG
64408	VG
64409	VG
64410	VG
64411	VG
64412	VG
64413	VG
64414	VG
64415	VG
64416	VG
64417	VG
64418	VG
64419	VG
64420	VG
64421	VG
64422	VG
64423	VG
64424	VG
64425	VG
64426	VG
64427	VG
64428	VG
64429	VG
64430	VG
64431	VG
64432	VG
64433	VG
64434	VG
64435	VG
64436	VG
64437	VG
64438	VG
64439	VG
64440	VG
64441	VG
64442	VG
64443	VG
64444	VG
64445	VG
64446	VG
64447	VG
64448	VG
64449	VG
64450	VG
64451	VG
64452	VG
64453	VG
64454	VG
64455	VG
64456	VG
64457	VG
64458	VG
64459	VG
64460	VG
64461	VG
64462	VG
64463	VG
64464	VG
64465	VG
64466	VG
64467	VG
64468	VG
64469	VG
64470	VG
64471	VG
64472	VG
64473	VG
64474	VG
64475	VG
64476	VG
64477	VG
64478	VG
64479	VG
64480	VG
64481	VG
64482	VG
64483	VG
64484	VG
64485	VG
64486	VG
64487	VG
64488	VG
64489	VG
64490	VG
64491	VG
64492	VG
64493	VG
64494	VG
64495	VG
64496	VG
64497	VG
64498	VG
64499	VG
64500	VG
64501	VG
64502	VG
64503	VG
64504	VG
64505	VG
64506	VG
64507	VG
64508	VG
64509	VG
64510	VG
64511	VG
64512	VG
64513	VG
64514	VG
64515	VG
64516	VG
64517	VG
64518	VG
64519	VG
64520	VG
64521	VG
64522	VG
64523	VG
64524	VG
64525	VG
64526	VG
64527	VG
64528	VG
64529	VG
64530	VG
64531	VG
64532	VG
64533	VG
64534	VG
64535	VG
64536	VG
64537	VG
64538	VG
64539	VG
64540	VG
64541	VG
64542	VG
64543	VG
64544	VG
64545	VG
64546	VG
64547	VG
64548	VG
64549	VG
64550	VG
64551	VG
64552	VG
64553	VG
64554	VG
64555	VG
64556	VG
64557	VG
64558	VG
64559	VG
64560	VG
64561	VG
64562	VG
64563	VG
64564	VG
64565	VG
64566	VG
64567	VG
64568	VG
64569	VG
64570	VG
64571	VG
64572	VG
64573	VG
64574	VG
64575	VG
64576	VG
64577	VG
64578	VG
64579	VG
64580	VG
64581	VG
64582	VG
64583	VG
64584	VG
64585	VG
64586	VG
64587	VG
64588	VG
64589	VG
64590	VG
64591	VG
64592	VG
64593	VG
64594	VG
64595	VG
64596	VG
64597	VG
64598	VG
64599	VG
64600	VG
64601	VG
64602	VG
64603	VG
64604	VG
64605	VG
64606	VG
64607	VG
64608	VG
64609	VG
64610	VG
64611	VG
64612	VG
64613	VG
64614	VG
64615	VG
64616	VG
64617	VG
64618	VG
64619	VG
64620	VG
64621	VG
64622	VG
64623	VG
64624	VG
64625	VG
64626	VG
64627	VG
64628	VG
64629	VG
64630	VG
64631	VG
64632	VG
64633	VG
64634	VG
64635	VG
64636	VG
64637	VG
64638	VG
64639	VG
64640	VG
64641	VG
64642	VG
64643	VG
64644	VG
64645	VG
64646	VG
64647	VG
64648	VG
64649	VG
64650	VG
64651	VG
64652	VG
64653	VG
64654	VG
64655	VG
64656	VG
64657	VG
64658	VG
64659	VG
64660	VG
64661	VG
64662	VG
64663	VG
64664	VG
64665	VG
64666	VG
64667	VG
64668	VG
64669	VG
64670	VG
64671	VG
64672	VG
64673	VG
64674	VG
64675	VG
64676	VG
64677	VG
64678	VG
64679	VG
64680	VG
64681	VG
64682	VG
64683	VG
64684	VG
64685	VG
64686	VG
64687	VG
64688	VG
64689	VG
64690	VG
64691	VG
64692	VG
64693	VG
64694	VG
64695	VG
64696	VG
64697	VG
64698	VG
64699	VG
64700	VG
64701	VG
64702	VG
64703	VG
64704	VG
64705	VG
64706	VG
64707	VG
64708	VG
64709	VG
64710	VG
64711	VG
64712	VG
64713	VG
64714	VG
64715	VG
64716	VG
64717	VG
64718	VG
64719	VG
64720	VG
64721	VG
64722	VG
64723	VG
64724	VG
64725	VG
64726	VG
64727	VG
64728	VG
64729	VG
64730	VG
64731	VG
64732	VG
64733	VG
64734	VG
64735	VG
64736	VG
64737	VG
64738	VG
64739	VG
64740	VG
64741	VG
64742	VG
64743	VG
64744	VG
64745	VG
64746	VG
64747	VG
64748	VG
64749	VG
64750	VG
64751	VG
64752	VG
64753	VG
64754	VG
64755	VG
64756	VG
64757	VG
64758	VG
64759	VG
64760	VG
64761	VG
64762	VG
64763	VG
64764	VG
64765	VG
64766	VG
64767	VG
64768	VG
64769	VG
64770	VG
64771	VG
64772	VG
64773	VG
64774	VG
64775	VG
64776	VG
64777	VG
64778	VG
64779	VG
64780	VG
64781	VG
64782	VG
64783	VG
64784	VG
64785	VG
64786	VG
64787	VG
64788	VG
64789	VG
64790	VG
64791	VG
64792	VG
64793	VG
64794	VG
64795	VG
64796	VG
64797	VG
64798	VG
64799	VG
64800	VG
64801	VG
64802	VG
64803	VG
64804	VG
64805	VG
64806	VG
64807	VG
64808	VG
64809	VG
64810	VG
64811	VG
64812	VG
64813	VG
64814	VG
64815	VG
64816	VG
64817	VG
64818	VG
64819	VG
64820	VG
64821	VG
64822	VG
64823	VG
64824	VG
64825	VG
64826	VG
64827	VG
64828	VG
64829	VG
64830	VG
64831	VG
64832	VG
64833	VG
64834	VG
64835	VG
64836	VG
64837	VG
64838	VG
64839	VG
64840	VG
64841	VG
64842	VG
64843	VG
64844	VG
64845	VG
64846	VG
64847	VG
64848	VG
64849	VG
64850	VG
64851	VG
64852	VG
64853	VG
64854	VG
64855	VG
64856	VG
64857	VG
64858	VG
64859	VG
64860	VG
64861	VG
64862	VG
64863	VG
64864	VG
64865	VG
64866	VG
64867	VG
64868	VG
64869	VG
64870	VG
64871	VG
64872	VG
64873	VG
64874	VG
64875	VG
64876	VG
64877	VG
64878	VG
64879	VG
64880	VG
64881	VG
64882	VG
64883	VG
64884	VG
64885	VG
64886	VG
64887	VG
64888	VG
64889	VG
64890	VG
64891	VG
64892	VG
64893	VG
64894	VG
64895	VG
64896	VG
64897	VG
64898	VG
64899	VG
64900	VG
64901	VG
64902	VG
64903	VG
64904	VG
64905	VG
64906	VG
64907	VG
64908	VG
64909	VG
64910	VG
64911	VG
64912	VG
64913	VG
64914	VG
64915	VG
64916	VG
64917	VG
64918	VG
64919	VG
64920	VG
64921	VG
64922	VG
64923	VG
64924	VG
64925	VG
64926	VG
64927	VG
64928	VG
64929	VG
64930	VG
64931	VG
64932	VG
64933	VG
64934	VG
64935	VG
64936	VG
64937	VG
64938	VG
64939	VG
64940	VG
64941	VG
64942	VG
64943	VG
64944	VG
64945	VG
64946	VG
64947	VG
64948	VG
64949	VG
64950	VG
64951	VG
64952	VG
64953	VG
64954	VG
64955	VG
64956	VG
64957	VG
64958	VG
64959	VG
64960	VG
64961	VG
64962	VG
64963	VG
64964	VG
64965	VG
64966	VG
64967	VG
64968	VG
64969	VG
64970	VG
64971	VG
64972	VG
64973	VG
64974	VG
64975	VG
64976	VG
64977	VG
64978	VG
64979	VG
64980	VG
64981	VG
64982	VG
64983	VG
64984	VG
64985	VG
64986	VG
64987	VG
64988	VG
64989	VG
64990	VG
64991	VG
64992	VG
64993	VG
64994	VG
64995	VG
64996	VG
64997	VG
64998	VG
64999	VG
65000	VG
65001	VG
65002	VG
65003	VG
65004	VG
65005	VG
65006	VG
65007	VG
65008	VG
65009	VG
65010	VG
65011	VG
65012	VG
65013	VG
65014	VG
65015	VG
65016	VG
65017	VG
65018	VG
65019	VG
65020	VG
65021	VG
65022	VG
65023	VG
65024	VG
65025	VG
65026	VG
65027	VG
65028	VG
65029	VG
65030	VG
65031	VG
65032	VG
65033	VG
65034	VG
65035	VG
65036	VG
65037	VG
65038	VG
65039	VG
65040	VG
65041	VG
65042	VG
65043	VG
65044	VG
65045	VG
65046	VG
65047	VG
65048	VG
65049	VG
65050	VG
65051	VG
65052	VG
65053	VG
65054	VG
65055	VG
65056	VG
65057	VG
65058	VG
65059	VG
65060	VG
65061	VG
65062	VG
65063	VG
65064	VG
65065	VG
65066	VG
65067	VG
65068	VG
65069	VG
65070	VG
65071	VG
65072	VG
65073	VG
65074	VG
65075	VG
65076	VG
65077	VG
65078	VG
65079	VG
65080	VG
65081	VG
65082	VG
65083	VG
65084	VG
65085	VG
65086	VG
65087	VG
65088	VG
65089	VG
65090	VG
65091	VG
65092	VG
65093	VG
65094	VG
65095	VG
65096	VG
65097	VG
65098	VG
65099	VG
65100	VG
65101	VG
65102	VG
65103	VG
65104	VG
65105	VG
65106	VG
65107	VG
65108	VG
65109	VG
65110	VG
65111	VG
65112	VG
65113	VG
65114	VG
65115	VG
65116	VG
65117	VG
65118	VG
65119	VG
65120	VG
65121	VG
65122	VG
65123	VG
65124	VG
65125	VG
65126	VG
65127	VG
65128	VG
65129	VG
65130	VG
65131	VG
65132	VG
65133	VG
65134	VG
65135	VG
65136	VG
65137	VG
65138	VG
65139	VG
65140	VG
65141	VG
65142	VG
65143	VG
65144	VG
65145	VG
65146	VG
65147	VG
65148	VG
65149	VG
65150	VG
65151	VG
65152	VG
65153	VG
65154	VG
65155	VG
65156	VG
65157	VG
65158	VG
65159	VG
65160	VG
65161	VG
65162	VG
65163	VG
65164	VG
65165	VG
65166	VG
65167	VG
65168	VG
65169	VG
65170	VG
65171	VG
65172	VG
65173	VG
65174	VG
65175	VG
65176	VG
65177	VG
65178	VG
65179	VG
65180	VG
65181	VG
65182	VG
65183	VG
65184	VG
65185	VG
65186	VG
65187	VG
65188	VG
65189	VG
65190	VG
65191	VG
65192	VG
65193	VG
65194	VG
65195	VG
65196	VG
65197	VG
65198	VG
65199	VG
65200	VG
65201	VG
65202	VG
65203	VG
65204	VG
65205	VG
65206	VG
65207	VG
65208	VG
65209	VG
65210	VG
65211	VG
65212	VG
65213	VG
65214	VG
65215	VG
65216	VG
65217	VG
65218	VG
65219	VG
65220	VG
65221	VG
65222	VG
65223	VG
65224	VG
65225	VG
65226	VG
65227	VG
65228	VG
65229	VG
65230	VG
65231	VG
65232	VG
65233	VG
65234	VG
65235	VG
65236	VG
65237	VG
65238	VG
65239	VG
65240	VG
65241	VG
65242	VG
65243	VG
65244	VG
65245	VG
65246	VG
65247	VG
65248	VG
65249	VG
65250	VG
65251	VG
65252	VG
65253	VG
65254	VG
65255	VG
65256	VG
65257	VG
65258	VG
65259	VG
65260	VG
65261	VG
65262	VG
65263	VG
65264	VG
65265	VG
65266	VG
65267	VG
65268	VG
65269	VG
65270	VG
65271	VG
65272	VG
65273	VG
65274	VG
65275	VG
65276	VG
65277	VG
65278	VG
65279	VG
65280	VG
65281	VG
65282	VG
65283	VG
65284	VG
65285	VG
65286	VG
65287	VG
65288	VG
65289	VG
65290	VG
65291	VG
65292	VG
65293	VG
65294	VG
65295	VG
65296	VG
65297	VG
65298	VG
65299	VG
65300	VG
65301	VG
65302	VG
65303	VG
65304	VG
65305	VG
65306	VG
65307	VG
65308	VG
65309	VG
65310	VG
65311	VG
65312	VG
65313	VG
65314	VG
65315	VG
65316	VG
65317	VG
65318	VG
65319	VG
65320	VG
65321	VG
65322	VG
65323	VG
65324	VG
65325	VG
65326	VG
65327	VG
65328	VG
65329	VG
65330	VG
65331	VG
65332	VG
65333	VG
65334	VG
65335	VG
65336	VG
65337	VG
65338	VG
65339	VG
65340	VG
65341	VG
65342	VG
65343	VG
65344	VG
65345	VG
65346	VG
65347	VG
65348	VG
65349	VG
65350	VG
65351	VG
65352	VG
65353	VG
65354	VG
65355	VG
65356	VG
65357	VG
65358	VG
65359	VG
65360	VG
65361	VG
65362	VG
65363	VG
65364	VG
65365	VG
65366	VG
65367	VG
65368	VG
65369	VG
65370	VG
65371	VG
65372	VG
65373	VG
65374	VG
65375	VG
65376	VG
65377	VG
65378	VG
65379	VG
65380	VG
65381	VG
65382	VG
65383	VG
65384	VG
65385	VG
65386	VG
65387	VG
65388	VG
65389	VG
65390	VG
65391	VG
65392	VG
65393	VG
65394	VG
65395	VG
65396	VG
65397	VG
65398	VG
65399	VG
65400	VG
65401	VG
65402	VG
65403	VG
65404	VG
65405	VG
65406	VG
65407	VG
65408	VG
65409	VG
65410	VG
65411	VG
65412	VG
65413	VG
65414	VG
65415	VG
65416	VG
65417	VG
65418	VG
65419	VG
65420	VG
65421	VG
65422	VG
65423	VG
65424	VG
65425	VG
65426	VG
65427	VG
65428	VG
65429	VG
65430	VG
65431	VG
65432	VG
65433	VG
65434	VG
65435	VG
65436	VG
65437	VG
65438	VG
65439	VG
65440	VG
65441	VG
65442	VG
65443	VG
65444	VG
65445	VG
65446	VG
65447	VG
65448	VG
65449	VG
65450	VG
65451	VG
65452	VG
65453	VG
65454	VG
65455	VG
65456	VG
65457	VG
65458	VG
65459	VG
65460	VG
65461	VG
65462	VG
65463	VG
65464	VG
65465	VG
65466	VG
65467	VG
65468	VG
65469	VG
65470	VG
65471	VG
65472	VG
65473	VG
65474	VG
65475	VG
65476	VG
65477	VG
65478	VG
65479	VG
65480	VG
65481	VG
65482	VG
65483	VG
65484	VG
65485	VG
65486	VG
65487	VG
65488	VG
65489	VG
65490	VG
65491	VG
65492	VG
65493	VG
65494	VG
65495	VG
65496	VG
65497	VG
65498	VG
65499	VG
65500	VG
65501	VG
65502	VG
65503	VG
65504	VG
65505	VG
65506	VG
65507	VG
65508	VG
65509	VG
65510	VG
65511	VG
65512	VG
65513	VG
65514	VG
65515	VG
65516	VG
65517	VG
65518	VG
65519	VG
65520	VG
65521	VG
65522	VG
65523	VG
65524	VG
65525	VG
65526	VG
65527	VG
65528	VG
65529	VG
65530	VG
65531	VG
65532	VG
65533	VG
65534	VG
65535	VG
65536	VG
65537	VG
65538	VG
65539	VG
65540	VG
65541	VG
65542	VG
65543	VG
65544	VG
65545	VG
65546	VG
65547	VG
65548	VG
65549	VG
65550	VG
65551	VG
65552	VG
65553	VG
65554	VG
65555	VG
65556	VG
65557	VG
65558	VG
65559	VG
65560	VG
65561	VG
65562	VG
65563	VG
65564	VG
65565	VG
65566	VG
65567	VG
65568	VG
65569	VG
65570	VG
65571	VG
65572	VG
65573	VG
65574	VG
65575	VG
65576	VG
65577	VG
65578	VG
65579	VG
65580	VG
65581	VG
65582	VG
65583	VG
65584	VG
65585	VG
65586	VG
65587	VG
65588	VG
65589	VG
65590	VG
65591	VG
65592	VG
65593	VG
65594	VG
65595	VG
65596	VG
65597	VG
65598	VG
65599	VG
65600	VG
65601	VG
65602	VG
65603	VG
65604	VG
65605	VG
65606	VG
65607	VG
65608	VG
65609	VG
65610	VG
65611	VG
65612	VG
65613	VG
65614	VG
65615	VG
65616	VG
65617	VG
65618	VG
65619	VG
65620	VG
65621	VG
65622	VG
65623	VG
65624	VG
65625	VG
65626	VG
65627	VG
65628	VG
65629	VG
65630	VG
65631	VG
65632	VG
65633	VG
65634	VG
65635	VG
65636	VG
65637	VG
65638	VG
65639	VG
65640	VG
65641	VG
65642	VG
65643	VG
65644	VG
65645	VG
65646	VG
65647	VG
65648	VG
65649	VG
65650	VG
65651	VG
65652	VG
65653	VG
65654	VG
65655	VG
65656	VG
65657	VG
65658	VG
65659	VG
65660	VG
65661	VG
65662	VG
65663	VG
65664	VG
65665	VG
65666	VG
65667	VG
65668	VG
65669	VG
65670	VG
65671	VG
65672	VG
65673	VG
65674	VG
65675	VG
65676	VG
65677	VG
65678	VG
65679	VG
65680	VG
65681	VG
65682	VG
65683	VG
65684	VG
65685	VG
65686	VG
65687	VG
65688	VG
65689	VG
65690	VG
65691	VG
65692	VG
65693	VG
65694	VG
65695	VG
65696	VG
65697	VG
65698	VG
65699	VG
65700	VG
65701	VG
65702	VG
65703	VG
65704	VG
65705	VG
65706	VG
65707	VG
65708	VG
65709	VG
65710	VG
65711	VG
65712	VG
65713	VG
65714	VG
65715	VG
65716	VG
65717	VG
65718	VG
65719	VG
65720	VG
65721	VG
65722	VG
65723	VG
65724	VG
65725	VG
65726	VG
65727	VG
65728	VG
65729	VG
65730	VG
65731	VG
65732	VG
65733	VG
65734	VG
65735	VG
65736	VG
65737	VG
65738	VG
65739	VG
65740	VG
65741	VG
65742	VG
65743	VG
65744	VG
65745	VG
65746	VG
65747	VG
65748	VG
65749	VG
65750	VG
65751	VG
65752	VG
65753	VG
65754	VG
65755	VG
65756	VG
65757	VG
65758	VG
65759	VG
65760	VG
65761	VG
65762	VG
65763	VG
65764	VG
65765	VG
65766	VG
65767	VG
65768	VG
65769	VG
65770	VG
65771	VG
65772	VG
65773	VG
65774	VG
65775	VG
65776	VG
65777	VG
65778	VG
65779	VG
65780	VG
65781	VG
65782	VG
65783	VG
65784	VG
65785	VG
65786	VG
65787	VG
65788	VG
65789	VG
65790	VG
65791	VG
65792	VG
65793	VG
65794	VG
65795	VG
65796	VG
65797	VG
65798	VG
65799	VG
65800	VG
65801	VG
65802	VG
65803	VG
65804	VG
65805	VG
65806	VG
65807	VG
65808	VG
65809	VG
65810	VG
65811	VG
65812	VG
65813	VG
65814	VG
65815	VG
65816	VG
65817	VG
65818	VG
65819	VG
65820	VG
65821	VG
65822	VG
65823	VG
65824	VG
65825	VG
65826	VG
65827	VG
65828	VG
65829	VG
65830	VG
65831	VG
65832	VG
65833	VG
65834	VG
65835	VG
65836	VG
65837	VG
65838	VG
65839	VG
65840	VG
65841	VG
65842	VG
65843	VG
65844	VG
65845	VG
65846	VG
65847	VG
65848	VG
65849	VG
65850	VG
65851	VG
65852	VG
65853	VG
65854	VG
65855	VG
65856	VG
65857	VG
65858	VG
65859	VG
65860	VG
65861	VG
65862	VG
65863	VG
65864	VG
65865	VG
65866	VG
65867	VG
65868	VG
65869	VG
65870	VG
65871	VG
65872	VG
65873	VG
65874	VG
65875	VG
65876	VG
65877	VG
65878	VG
65879	VG
65880	VG
65881	VG
65882	VG
65883	VG
65884	VG
65885	VG
65886	VG
65887	VG
65888	VG
65889	VG
65890	VG
65891	VG
65892	VG
65893	VG
65894	VG
65895	VG
65896	VG
65897	VG
65898	VG
65899	VG
65900	VG
65901	VG
65902	VG
65903	VG
65904	VG
65905	VG
65906	VG
65907	VG
65908	VG
65909	VG
65910	VG
65911	VG
65912	VG
65913	VG
65914	VG
65915	VG
65916	VG
65917	VG
65918	VG
65919	VG
65920	VG
65921	VG
65922	VG
65923	VG
65924	VG
65925	VG
65926	VG
65927	VG
65928	VG
65929	VG
65930	VG
65931	VG
65932	VG
65933	VG
65934	VG
65935	VG
65936	VG
65937	VG
65938	VG
65939	VG
65940	VG
65941	VG
65942	VG
65943	VG
65944	VG
65945	VG
65946	VG
65947	VG
65948	VG
65949	VG
65950	VG
65951	VG
65952	VG
65953	VG
65954	VG
65955	VG
65956	VG
65957	VG
65958	VG
65959	VG
65960	VG
65961	VG
65962	VG
65963	VG
65964	VG
65965	VG
65966	VG
65967	VG
65968	VG
65969	VG
65970	VG
65971	VG
65972	VG
65973	VG
65974	VG
65975	VG
65976	VG
65977	VG
65978	VG
65979	VG
65980	VG
65981	VG
65982	VG
65983	VG
65984	VG
65985	VG
65986	VG
65987	VG
65988	VG
65989	VG
65990	VG
65991	VG
65992	VG
65993	VG
65994	VG
65995	VG
65996	VG
65997	VG
65998	VG
65999	VG
66000	VG
66001	VG
66002	VG
66003	VG
66004	VG
66005	VG
66006	VG
66007	VG
66008	VG
66009	VG
66010	VG
66011	VG
66012	VG
66013	VG
66014	VG
66015	VG
66016	VG
66017	VG
66018	VG
66019	VG
66020	VG
66021	VG
66022	VG
66023	VG
66024	VG
66025	VG
66026	VG
66027	VG
66028	VG
66029	VG
66030	VG
66031	VG
66032	VG
66033	VG
66034	VG
66035	VG
66036	VG
66037	VG
66038	VG
66039	VG
66040	VG
66041	VG
66042	VG
66043	VG
66044	VG
66045	VG
66046	VG
66047	VG
66048	VG
66049	VG
66050	VG
66051	VG
66052	VG
66053	VG
66054	VG
66055	VG
66056	VG
66057	VG
66058	VG
66059	VG
66060	VG
66061	VG
66062	VG
66063	VG
66064	VG
66065	VG
66066	VG
66067	VG
66068	VG
66069	VG
66070	VG
66071	VG
66072	VG
66073	VG
66074	VG
66075	VG
66076	VG
66077	VG
66078	VG
66079	VG
66080	VG
66081	VG
66082	VG
66083	VG
66084	VG
66085	VG
66086	VG
66087	VG
66088	VG
66089	VG
66090	VG
66091	VG
66092	VG
66093	VG
66094	VG
66095	VG
66096	VG
66097	VG
66098	VG
66099	VG
66100	VG
66101	VG
66102	VG
66103	VG
66104	VG
66105	VG
66106	VG
66107	VG
66108	VG
66109	VG
66110	VG
66111	VG
66112	VG
66113	VG
66114	VG
66115	VG
66116	VG
66117	VG
66118	VG
66119	VG
66120	VG
66121	VG
66122	VG
66123	VG
66124	VG
66125	VG
66126	VG
66127	VG
66128	VG
66129	VG
66130	VG
66131	VG
66132	VG
66133	VG
66134	VG
66135	VG
66136	VG
66137	VG
66138	VG
66139	VG
66140	VG
66141	VG
66142	VG
66143	VG
66144	VG
66145	VG
66146	VG
66147	VG
66148	VG
66149	VG
66150	VG
66151	VG
66152	VG
66153	VG
66154	VG
66155	VG
66156	VG
66157	VG
66158	VG
66159	VG
66160	VG
66161	VG
66162	VG
66163	VG
66164	VG
66165	VG
66166	VG
66167	VG
66168	VG
66169	VG
66170	VG
66171	VG
66172	VG
66173	VG
66174	VG
66175	VG
66176	VG
66177	VG
66178	VG
66179	VG
66180	VG
66181	VG
66182	VG
66183	VG
66184	VG
66185	VG
66186	VG
66187	VG
66188	VG
66189	VG
66190	VG
66191	VG
66192	VG
66193	VG
66194	VG
66195	VG
66196	VG
66197	VG
66198	VG
66199	VG
66200	VG
66201	VG
66202	VG
66203	VG
66204	VG
66205	VG
66206	VG
66207	VG
66208	VG
66209	VG
66210	VG
66211	VG
66212	VG
66213	VG
66214	VG
66215	VG
66216	VG
66217	VG
66218	VG
66219	VG
66220	VG
66221	VG
66222	VG
66223	VG
66224	VG
66225	VG
66226	VG
66227	VG
66228	VG
66229	VG
66230	VG
66231	VG
66232	VG
66233	VG
66234	VG
66235	VG
66236	VG
66237	VG
66238	VG
66239	VG
66240	VG
66241	VG
66242	VG
66243	VG
66244	VG
66245	VG
66246	VG
66247	VG
66248	VG
66249	VG
66250	VG
66251	VG
66252	VG
66253	VG
66254	VG
66255	VG
66256	VG
66257	VG
66258	VG
66259	VG
66260	VG
66261	VG
66262	VG
66263	VG
66264	VG
66265	VG
66266	VG
66267	VG
66268	VG
66269	VG
66270	VG
66271	VG
66272	VG
66273	VG
66274	VG
66275	VG
66276	VG
66277	VG
66278	VG
66279	VG
66280	VG
66281	VG
66282	VG
66283	VG
66284	VG
66285	VG
66286	VG
66287	VG
66288	VG
66289	VG
66290	VG
66291	VG
66292	VG
66293	VG
66294	VG
66295	VG
66296	VG
66297	VG
66298	VG
66299	VG
66300	VG
66301	VG
66302	VG
66303	VG
66304	VG
66305	VG
66306	VG
66307	VG
66308	VG
66309	VG
66310	VG
66311	VG
66312	VG
66313	VG
66314	VG
66315	VG
66316	VG
66317	VG
66318	VG
66319	VG
66320	VG
66321	VG
66322	VG
66323	VG
66324	VG
66325	VG
66326	VG
66327	VG
66328	VG
66329	VG
66330	VG
66331	VG
66332	VG
66333	VG
66334	VG
66335	VG
66336	VG
66337	VG
66338	VG
66339	VG
66340	VG
66341	VG
66342	VG
66343	VG
66344	VG
66345	VG
66346	VG
66347	VG
66348	VG
66349	VG
66350	VG
66351	VG
66352	VG
66353	VG
66354	VG
66355	VG
66356	VG
66357	VG
66358	VG
66359	VG
66360	VG
66361	VG
66362	VG
66363	VG
66364	VG
66365	VG
66366	VG
66367	VG
66368	VG
66369	VG
66370	VG
66371	VG
66372	VG
66373	VG
66374	VG
66375	VG
66376	VG
66377	VG
66378	VG
66379	VG
66380	VG
66381	VG
66382	VG
66383	VG
66384	VG
66385	VG
66386	VG
66387	VG
66388	VG
66389	VG
66390	VG
66391	VG
66392	VG
66393	VG
66394	VG
66395	VG
66396	VG
66397	VG
66398	VG
66399	VG
66400	VG
66401	VG
66402	VG
66403	VG
66404	VG
66405	VG
66406	VG
66407	VG
66408	VG
66409	VG
66410	VG
66411	VG
66412	VG
66413	VG
66414	VG
66415	VG
66416	VG
66417	VG
66418	VG
66419	VG
66420	VG
66421	VG
66422	VG
66423	VG
66424	VG
66425	VG
66426	VG
66427	VG
66428	VG
66429	VG
66430	VG
66431	VG
66432	VG
66433	VG
66434	VG
66435	VG
66436	VG
66437	VG
66438	VG
66439	VG
66440	VG
66441	VG
66442	VG
66443	VG
66444	VG
66445	VG
66446	VG
66447	VG
66448	VG
66449	VG
66450	VG
66451	VG
66452	VG
66453	VG
66454	VG
66455	VG
66456	VG
66457	VG
66458	VG
66459	VG
66460	VG
66461	VG
66462	VG
66463	VG
66464	VG
66465	VG
66466	VG
66467	VG
66468	VG
66469	VG
66470	VG
66471	VG
66472	VG
66473	VG
66474	VG
66475	VG
66476	VG
66477	VG
66478	VG
66479	VG
66480	VG
66481	VG
66482	VG
66483	VG
66484	VG
66485	VG
66486	VG
66487	VG
66488	VG
66489	VG
66490	VG
66491	VG
66492	VG
66493	VG
66494	VG
66495	VG
66496	VG
66497	VG
66498	VG
66499	VG
66500	VG
66501	VG
66502	VG
66503	VG
66504	VG
66505	VG
66506	VG
66507	VG
66508	VG
66509	VG
66510	VG
66511	VG
66512	VG
66513	VG
66514	VG
66515	VG
66516	VG
66517	VG
66518	VG
66519	VG
66520	VG
66521	VG
66522	VG
66523	VG
66524	VG
66525	VG
66526	VG
66527	VG
66528	VG
66529	VG
66530	VG
66531	VG
66532	VG
66533	VG
66534	VG
66535	VG
66536	VG
66537	VG
66538	VG
66539	VG
66540	VG
66541	VG
66542	VG
66543	VG
66544	VG
66545	VG
66546	VG
66547	VG
66548	VG
66549	VG
66550	VG
66551	VG
66552	VG
66553	VG
66554	VG
66555	VG
66556	VG
66557	VG
66558	VG
66559	VG
66560	VG
66561	VG
66562	VG
66563	VG
66564	VG
66565	VG
66566	VG
66567	VG
66568	VG
66569	VG
66570	VG
66571	VG
66572	VG
66573	VG
66574	VG
66575	VG
66576	VG
66577	VG
66578	VG
66579	VG
66580	VG
66581	VG
66582	VG
66583	VG
66584	VG
66585	VG
66586	VG
66587	VG
66588	VG
66589	VG
66590	VG
66591	VG
66592	VG
66593	VG
66594	VG
66595	VG
66596	VG
66597	VG
66598	VG
66599	VG
66600	VG
66601	VG
66602	VG
66603	VG
66604	VG
66605	VG
66606	VG
66607	VG
66608	VG
66609	VG
66610	VG
66611	VG
66612	VG
66613	VG
66614	VG
66615	VG
66616	VG
66617	VG
66618	VG
66619	VG
66620	VG
66621	VG
66622	VG
66623	VG
66624	VG
66625	VG
66626	VG
66627	VG
66628	VG
66629	VG
66630	VG
66631	VG
66632	VG
66633	VG
66634	VG
66635	VG
66636	VG
66637	VG
66638	VG
66639	VG
66640	VG
66641	VG
66642	VG
66643	VG
66644	VG
66645	VG
66646	VG
66647	VG
66648	VG
66649	VG
66650	VG
66651	VG
66652	VG
66653	VG
66654	VG
66655	VG
66656	VG
66657	VG
66658	VG
66659	VG
66660	VG
66661	VG
66662	VG
66663	VG
66664	VG
66665	VG
66666	VG
66667	VG
66668	VG
66669	VG
66670	VG
66671	VG
66672	VG
66673	VG
66674	VG
66675	VG
66676	VG
66677	VG
66678	VG
66679	VG
66680	VG
66681	VG
66682	VG
66683	VG
66684	VG
66685	VG
66686	VG
66687	VG
66688	VG
66689	VG
66690	VG
66691	VG
66692	VG
66693	VG
66694	VG
66695	VG
66696	VG
66697	VG
66698	VG
66699	VG
66700	VG
66701	VG
66702	VG
66703	VG
66704	VG
66705	VG
66706	VG
66707	VG
66708	VG
66709	VG
66710	VG
66711	VG
66712	VG
66713	VG
66714	VG
66715	VG
66716	VG
66717	VG
66718	VG
66719	VG
66720	VG
66721	VG
66722	VG
66723	VG
66724	VG
66725	VG
66726	VG
66727	VG
66728	VG
66729	VG
66730	VG
66731	VG
66732	VG
66733	VG
66734	VG
66735	VG
66736	VG
66737	VG
66738	VG
66739	VG
66740	VG
66741	VG
66742	VG
66743	VG
66744	VG
66745	VG
66746	VG
66747	VG
66748	VG
66749	VG
66750	VG
66751	VG
66752	VG
66753	VG
66754	VG
66755	VG
66756	VG
66757	VG
66758	VG
66759	VG
66760	VG
66761	VG
66762	VG
66763	VG
66764	VG
66765	VG
66766	VG
66767	VG
66768	VG
66769	VG
66770	VG
66771	VG
66772	VG
66773	VG
66774	VG
66775	VG
66776	VG
66777	VG
66778	VG
66779	VG
66780	VG
66781	VG
66782	VG
66783	VG
66784	VG
66785	VG
66786	VG
66787	VG
66788	VG
66789	VG
66790	VG
66791	VG
66792	VG
66793	VG
66794	VG
66795	VG
66796	VG
66797	VG
66798	VG
66799	VG
66800	VG
66801	VG
66802	VG
66803	VG
66804	VG
66805	VG
66806	VG
66807	VG
66808	VG
66809	VG
66810	VG
66811	VG
66812	VG
66813	VG
66814	VG
66815	VG
66816	VG
66817	VG
66818	VG
66819	VG
66820	VG
66821	VG
66822	VG
66823	VG
66824	VG
66825	VG
66826	VG
66827	VG
66828	VG
66829	VG
66830	VG
66831	VG
66832	VG
66833	VG
66834	VG
66835	VG
66836	VG
66837	VG
66838	VG
66839	VG
66840	VG
66841	VG
66842	VG
66843	VG
66844	VG
66845	VG
66846	VG
66847	VG
66848	VG
66849	VG
66850	VG
66851	VG
66852	VG
66853	VG
66854	VG
66855	VG
66856	VG
66857	VG
66858	VG
66859	VG
66860	VG
66861	VG
66862	VG
66863	VG
66864	VG
66865	VG
66866	VG
66867	VG
66868	VG
66869	VG
66870	VG
66871	VG
66872	VG
66873	VG
66874	VG
66875	VG
66876	VG
66877	VG
66878	VG
66879	VG
66880	VG
66881	VG
66882	VG
66883	VG
66884	VG
66885	VG
66886	VG
66887	VG
66888	VG
66889	VG
66890	VG
66891	VG
66892	VG
66893	VG
66894	VG
66895	VG
66896	VG
66897	VG
66898	VG
66899	VG
66900	VG
66901	VG
66902	VG
66903	VG
66904	VG
66905	VG
66906	VG
66907	VG
66908	VG
66909	VG
66910	VG
66911	VG
66912	VG
66913	VG
66914	VG
66915	VG
66916	VG
66917	VG
66918	VG
66919	VG
66920	VG
66921	VG
66922	VG
66923	VG
66924	VG
66925	VG
66926	VG
66927	VG
66928	VG
66929	VG
66930	VG
66931	VG
66932	VG
66933	VG
66934	VG
66935	VG
66936	VG
66937	VG
66938	VG
66939	VG
66940	VG
66941	VG
66942	VG
66943	VG
66944	VG
66945	VG
66946	VG
66947	VG
66948	VG
66949	VG
66950	VG
66951	VG
66952	VG
66953	VG
66954	VG
66955	VG
66956	VG
66957	VG
66958	VG
66959	VG
66960	VG
66961	VG
66962	VG
66963	VG
66964	VG
66965	VG
66966	VG
66967	VG
66968	VG
66969	VG
66970	VG
66971	VG
66972	VG
66973	VG
66974	VG
66975	VG
66976	VG
66977	VG
66978	VG
66979	VG
66980	VG
66981	VG
66982	VG
66983	VG
66984	VG
66985	VG
66986	VG
66987	VG
66988	VG
66989	VG
66990	VG
66991	VG
66992	VG
66993	VG
66994	VG
66995	VG
66996	VG
66997	VG
66998	VG
66999	VG
67000	VG
67001	VG
67002	VG
67003	VG
67004	VG
67005	VG
67006	VG
67007	VG
67008	VG
67009	VG
67010	VG
67011	VG
67012	VG
67013	VG
67014	VG
67015	VG
67016	VG
67017	VG
67018	VG
67019	VG
67020	VG
67021	VG
67022	VG
67023	VG
67024	VG
67025	VG
67026	VG
67027	VG
67028	VG
67029	VG
67030	VG
67031	VG
67032	VG
67033	VG
67034	VG
67035	VG
67036	VG
67037	VG
67038	VG
67039	VG
67040	VG
67041	VG
67042	VG
67043	VG
67044	VG
67045	VG
67046	VG
67047	VG
67048	VG
67049	VG
67050	VG
67051	VG
67052	VG
67053	VG
67054	VG
67055	VG
67056	VG
67057	VG
67058	VG
67059	VG
67060	VG
67061	VG
67062	VG
67063	VG
67064	VG
67065	VG
67066	VG
67067	VG
67068	VG
67069	VG
67070	VG
67071	VG
67072	VG
67073	VG
67074	VG
67075	VG
67076	VG
67077	VG
67078	VG
67079	VG
67080	VG
67081	VG
67082	VG
67083	VG
67084	VG
67085	VG
67086	VG
67087	VG
67088	VG
67089	VG
67090	VG
67091	VG
67092	VG
67093	VG
67094	VG
67095	VG
67096	VG
67097	VG
67098	VG
67099	VG
67100	VG
67101	VG
67102	VG
67103	VG
67104	VG
67105	VG
67106	VG
67107	VG
67108	VG
67109	VG
67110	VG
67111	VG
67112	VG
67113	VG
67114	VG
67115	VG
67116	VG
67117	VG
67118	VG
67119	VG
67120	VG
67121	VG
67122	VG
67123	VG
67124	VG
67125	VG
67126	VG
67127	VG
67128	VG
67129	VG
67130	VG
67131	VG
67132	VG
67133	VG
67134	VG
67135	VG
67136	VG
67137	VG
67138	VG
67139	VG
67140	VG
67141	VG
67142	VG
67143	VG
67144	VG
67145	VG
67146	VG
67147	VG
67148	VG
67149	VG
67150	VG
67151	VG
67152	VG
67153	VG
67154	VG
67155	VG
67156	VG
67157	VG
67158	VG
67159	VG
67160	VG
67161	VG
67162	VG
67163	VG
67164	VG
67165	VG
67166	VG
67167	VG
67168	VG
67169	VG
67170	VG
67171	VG
67172	VG
67173	VG
67174	VG
67175	VG
67176	VG
67177	VG
67178	VG
67179	VG
67180	VG
67181	VG
67182	VG
67183	VG
67184	VG
67185	VG
67186	VG
67187	VG
67188	VG
67189	VG
67190	VG
67191	VG
67192	VG
67193	VG
67194	VG
67195	VG
67196	VG
67197	VG
67198	VG
67199	VG
67200	VG
67201	VG
67202	VG
67203	VG
67204	VG
67205	VG
67206	VG
67207	VG
67208	VG
67209	VG
67210	VG
67211	VG
67212	VG
67213	VG
67214	VG
67215	VG
67216	VG
67217	VG
67218	VG
67219	VG
67220	VG
67221	VG
67222	VG
67223	VG
67224	VG
67225	VG
67226	VG
67227	VG
67228	VG
67229	VG
67230	VG
67231	VG
67232	VG
67233	VG
67234	VG
67235	VG
67236	VG
67237	VG
67238	VG
67239	VG
67240	VG
67241	VG
67242	VG
67243	VG
67244	VG
67245	VG
67246	VG
67247	VG
67248	VG
67249	VG
67250	VG
67251	VG
67252	VG
67253	VG
67254	VG
67255	VG
67256	VG
67257	VG
67258	VG
67259	VG
67260	VG
67261	VG
67262	VG
67263	VG
67264	VG
67265	VG
67266	VG
67267	VG
67268	VG
67269	VG
67270	VG
67271	VG
67272	VG
67273	VG
67274	VG
67275	VG
67276	VG
67277	VG
67278	VG
67279	VG
67280	VG
67281	VG
67282	VG
67283	VG
67284	VG
67285	VG
67286	VG
67287	VG
67288	VG
67289	VG
67290	VG
67291	VG
67292	VG
67293	VG
67294	VG
67295	VG
67296	VG
67297	VG
67298	VG
67299	VG
67300	VG
67301	VG
67302	VG
67303	VG
67304	VG
67305	VG
67306	VG
67307	VG
67308	VG
67309	VG
67310	VG
67311	VG
67312	VG
67313	VG
67314	VG
67315	VG
67316	VG
67317	VG
67318	VG
67319	VG
67320	VG
67321	VG
67322	VG
67323	VG
67324	VG
67325	VG
67326	VG
67327	VG
67328	VG
67329	VG
67330	VG
67331	VG
67332	VG
67333	VG
67334	VG
67335	VG
67336	VG
67337	VG
67338	VG
67339	VG
67340	VG
67341	VG
67342	VG
67343	VG
67344	VG
67345	VG
67346	VG
67347	VG
67348	VG
67349	VG
67350	VG
67351	VG
67352	VG
67353	VG
67354	VG
67355	VG
67356	VG
67357	VG
67358	VG
67359	VG
67360	VG
67361	VG
67362	VG
67363	VG
67364	VG
67365	VG
67366	VG
67367	VG
67368	VG
67369	VG
67370	VG
67371	VG
67372	VG
67373	VG
67374	VG
67375	VG
67376	VG
67377	VG
67378	VG
67379	VG
67380	VG
67381	VG
67382	VG
67383	VG
67384	VG
67385	VG
67386	VG
67387	VG
67388	VG
67389	VG
67390	VG
67391	VG
67392	VG
67393	VG
67394	VG
67395	VG
67396	VG
67397	VG
67398	VG
67399	VG
67400	VG
67401	VG
67402	VG
67403	VG
67404	VG
67405	VG
67406	VG
67407	VG
67408	VG
67409	VG
67410	VG
67411	VG
67412	VG
67413	VG
67414	VG
67415	VG
67416	VG
67417	VG
67418	VG
67419	VG
67420	VG
67421	VG
67422	VG
67423	VG
67424	VG
67425	VG
67426	VG
67427	VG
67428	VG
67429	VG
67430	VG
67431	VG
67432	VG
67433	VG
67434	VG
67435	VG
67436	VG
67437	VG
67438	VG
67439	VG
67440	VG
67441	VG
67442	VG
67443	VG
67444	VG
67445	VG
67446	VG
67447	VG
67448	VG
67449	VG
67450	VG
67451	VG
67452	VG
67453	VG
67454	VG
67455	VG
67456	VG
67457	VG
67458	VG
67459	VG
67460	VG
67461	VG
67462	VG
67463	VG
67464	VG
67465	VG
67466	VG
67467	VG
67468	VG
67469	VG
67470	VG
67471	VG
67472	VG
67473	VG
67474	VG
67475	VG
67476	VG
67477	VG
67478	VG
67479	VG
67480	VG
67481	VG
67482	VG
67483	VG
67484	VG
67485	VG
67486	VG
67487	VG
67488	VG
67489	VG
67490	VG
67491	VG
67492	VG
67493	VG
67494	VG
67495	VG
67496	VG
67497	VG
67498	VG
67499	VG
67500	VG
67501	VG
67502	VG
67503	VG
67504	VG
67505	VG
67506	VG
67507	VG
67508	VG
67509	VG
67510	VG
67511	VG
67512	VG
67513	VG
67514	VG
67515	VG
67516	VG
67517	VG
67518	VG
67519	VG
67520	VG
67521	VG
67522	VG
67523	VG
67524	VG
67525	VG
67526	VG
67527	VG
67528	VG
67529	VG
67530	VG
67531	VG
67532	VG
67533	VG
67534	VG
67535	VG
67536	VG
67537	VG
67538	VG
67539	VG
67540	VG
67541	VG
67542	VG
67543	VG
67544	VG
67545	VG
67546	VG
67547	VG
67548	VG
67549	VG
67550	VG
67551	VG
67552	VG
67553	VG
67554	VG
67555	VG
67556	VG
67557	VG
67558	VG
67559	VG
67560	VG
67561	VG
67562	VG
67563	VG
67564	VG
67565	VG
67566	VG
67567	VG
67568	VG
67569	VG
67570	VG
67571	VG
67572	VG
67573	VG
67574	VG
67575	VG
67576	VG
67577	VG
67578	VG
67579	VG
67580	VG
67581	VG
67582	VG
67583	VG
67584	VG
67585	VG
67586	VG
67587	VG
67588	VG
67589	VG
67590	VG
67591	VG
67592	VG
67593	VG
67594	VG
67595	VG
67596	VG
67597	VG
67598	VG
67599	VG
67600	VG
67601	VG
67602	VG
67603	VG
67604	VG
67605	VG
67606	VG
67607	VG
67608	VG
67609	VG
67610	VG
67611	VG
67612	VG
67613	VG
67614	VG
67615	VG
67616	VG
67617	VG
67618	VG
67619	VG
67620	VG
67621	VG
67622	VG
67623	VG
67624	VG
67625	VG
67626	VG
67627	VG
67628	VG
67629	VG
67630	VG
67631	VG
67632	VG
67633	VG
67634	VG
67635	VG
67636	VG
67637	VG
67638	VG
67639	VG
67640	VG
67641	VG
67642	VG
67643	VG
67644	VG
67645	VG
67646	VG
67647	VG
67648	VG
67649	VG
67650	VG
67651	VG
67652	VG
67653	VG
67654	VG
67655	VG
67656	VG
67657	VG
67658	VG
67659	VG
67660	VG
67661	VG
67662	VG
67663	VG
67664	VG
67665	VG
67666	VG
67667	VG
67668	VG
67669	VG
67670	VG
67671	VG
67672	VG
67673	VG
67674	VG
67675	VG
67676	VG
67677	VG
67678	VG
67679	VG
67680	VG
67681	VG
67682	VG
67683	VG
67684	VG
67685	VG
67686	VG
67687	VG
67688	VG
67689	VG
67690	VG
67691	VG
67692	VG
67693	VG
67694	VG
67695	VG
67696	VG
67697	VG
67698	VG
67699	VG
67700	VG
67701	VG
67702	VG
67703	VG
67704	VG
67705	VG
67706	VG
67707	VG
67708	VG
67709	VG
67710	VG
67711	VG
67712	VG
67713	VG
67714	VG
67715	VG
67716	VG
67717	VG
67718	VG
67719	VG
67720	VG
67721	VG
67722	VG
67723	VG
67724	VG
67725	VG
67726	VG
67727	VG
67728	VG
67729	VG
67730	VG
67731	VG
67732	VG
67733	VG
67734	VG
67735	VG
67736	VG
67737	VG
67738	VG
67739	VG
67740	VG
67741	VG
67742	VG
67743	VG
67744	VG
67745	VG
67746	VG
67747	VG
67748	VG
67749	VG
67750	VG
67751	VG
67752	VG
67753	VG
67754	VG
67755	VG
67756	VG
67757	VG
67758	VG
67759	VG
67760	VG
67761	VG
67762	VG
67763	VG
67764	VG
67765	VG
67766	VG
67767	VG
67768	VG
67769	VG
67770	VG
67771	VG
67772	VG
67773	VG
67774	VG
67775	VG
67776	VG
67777	VG
67778	VG
67779	VG
67780	VG
67781	VG
67782	VG
67783	VG
67784	VG
67785	VG
67786	VG
67787	VG
67788	VG
67789	VG
67790	VG
67791	VG
67792	VG
67793	VG
67794	VG
67795	VG
67796	VG
67797	VG
67798	VG
67799	VG
67800	VG
67801	VG
67802	VG
67803	VG
67804	VG
67805	VG
67806	VG
67807	VG
67808	VG
67809	VG
67810	VG
67811	VG
67812	VG
67813	VG
67814	VG
67815	VG
67816	VG
67817	VG
67818	VG
67819	VG
67820	VG
67821	VG
67822	VG
67823	VG
67824	VG
67825	VG
67826	VG
67827	VG
67828	VG
67829	VG
67830	VG
67831	VG
67832	VG
67833	VG
67834	VG
67835	VG
67836	VG
67837	VG
67838	VG
67839	VG
67840	VG
67841	VG
67842	VG
67843	VG
67844	VG
67845	VG
67846	VG
67847	VG
67848	VG
67849	VG
67850	VG
67851	VG
67852	VG
67853	VG
67854	VG
67855	VG
67856	VG
67857	VG
67858	VG
67859	VG
67860	VG
67861	VG
67862	VG
67863	VG
67864	VG
67865	VG
67866	VG
67867	VG
67868	VG
67869	VG
67870	VG
67871	VG
67872	VG
67873	VG
67874	VG
67875	VG
67876	VG
67877	VG
67878	VG
67879	VG
67880	VG
67881	VG
67882	VG
67883	VG
67884	VG
67885	VG
67886	VG
67887	VG
67888	VG
67889	VG
67890	VG
67891	VG
67892	VG
67893	VG
67894	VG
67895	VG
67896	VG
67897	VG
67898	VG
67899	VG
67900	VG
67901	VG
67902	VG
67903	VG
67904	VG
67905	VG
67906	VG
67907	VG
67908	VG
67909	VG
67910	VG
67911	VG
67912	VG
67913	VG
67914	VG
67915	VG
67916	VG
67917	VG
67918	VG
67919	VG
67920	VG
67921	VG
67922	VG
67923	VG
67924	VG
67925	VG
67926	VG
67927	VG
67928	VG
67929	VG
67930	VG
67931	VG
67932	VG
67933	VG
67934	VG
67935	VG
67936	VG
67937	VG
67938	VG
67939	VG
67940	VG
67941	VG
67942	VG
67943	VG
67944	VG
67945	VG
67946	VG
67947	VG
67948	VG
67949	VG
67950	VG
67951	VG
67952	VG
67953	VG
67954	VG
67955	VG
67956	VG
67957	VG
67958	VG
67959	VG
67960	VG
67961	VG
67962	VG
67963	VG
67964	VG
67965	VG
67966	VG
67967	VG
67968	VG
67969	VG
67970	VG
67971	VG
67972	VG
67973	VG
67974	VG
67975	VG
67976	VG
67977	VG
67978	VG
67979	VG
67980	VG
67981	VG
67982	VG
67983	VG
67984	VG
67985	VG
67986	VG
67987	VG
67988	VG
67989	VG
67990	VG
67991	VG
67992	VG
67993	VG
67994	VG
67995	VG
67996	VG
67997	VG
67998	VG
67999	VG
68000	VG
68001	VG
68002	VG
68003	VG
68004	VG
68005	VG
68006	VG
68007	VG
68008	VG
68009	VG
68010	VG
68011	VG
68012	VG
68013	VG
68014	VG
68015	VG
68016	VG
68017	VG
68018	VG
68019	VG
68020	VG
68021	VG
68022	VG
68023	VG
68024	VG
68025	VG
68026	VG
68027	VG
68028	VG
68029	VG
68030	VG
68031	VG
68032	VG
68033	VG
68034	VG
68035	VG
68036	VG
68037	VG
68038	VG
68039	VG
68040	VG
68041	VG
68042	VG
68043	VG
68044	VG
68045	VG
68046	VG
68047	VG
68048	VG
68049	VG
68050	VG
68051	VG
68052	VG
68053	VG
68054	VG
68055	VG
68056	VG
68057	VG
68058	VG
68059	VG
68060	VG
68061	VG
68062	VG
68063	VG
68064	VG
68065	VG
68066	VG
68067	VG
68068	VG
68069	VG
68070	VG
68071	VG
68072	VG
68073	VG
68074	VG
68075	VG
68076	VG
68077	VG
68078	VG
68079	VG
68080	VG
68081	VG
68082	VG
68083	VG
68084	VG
68085	VG
68086	VG
68087	VG
68088	VG
68089	VG
68090	VG
68091	VG
68092	VG
68093	VG
68094	VG
68095	VG
68096	VG
68097	VG
68098	VG
68099	VG
68100	VG
68101	VG
68102	VG
68103	VG
68104	VG
68105	VG
68106	VG
68107	VG
68108	VG
68109	VG
68110	VG
68111	VG
68112	VG
68113	VG
68114	VG
68115	VG
68116	VG
68117	VG
68118	VG
68119	VG
68120	VG
68121	VG
68122	VG
68123	VG
68124	VG
68125	VG
68126	VG
68127	VG
68128	VG
68129	VG
68130	VG
68131	VG
68132	VG
68133	VG
68134	VG
68135	VG
68136	VG
68137	VG
68138	VG
68139	VG
68140	VG
68141	VG
68142	VG
68143	VG
68144	VG
68145	VG
68146	VG
68147	VG
68148	VG
68149	VG
68150	VG
68151	VG
68152	VG
68153	VG
68154	VG
68155	VG
68156	VG
68157	VG
68158	VG
68159	VG
68160	VG
68161	VG
68162	VG
68163	VG
68164	VG
68165	VG
68166	VG
68167	VG
68168	VG
68169	VG
68170	VG
68171	VG
68172	VG
68173	VG
68174	VG
68175	VG
68176	VG
68177	VG
68178	VG
68179	VG
68180	VG
68181	VG
68182	VG
68183	VG
68184	VG
68185	VG
68186	VG
68187	VG
68188	VG
68189	VG
68190	VG
68191	VG
68192	VG
68193	VG
68194	VG
68195	VG
68196	VG
68197	VG
68198	VG
68199	VG
68200	VG
68201	VG
68202	VG
68203	VG
68204	VG
68205	VG
68206	VG
68207	VG
68208	VG
68209	VG
68210	VG
68211	VG
68212	VG
68213	VG
68214	VG
68215	VG
68216	VG
68217	VG
68218	VG
68219	VG
68220	VG
68221	VG
68222	VG
68223	VG
68224	VG
68225	VG
68226	VG
68227	VG
68228	VG
68229	VG
68230	VG
68231	VG
68232	VG
68233	VG
68234	VG
68235	VG
68236	VG
68237	VG
68238	VG
68239	VG
68240	VG
68241	VG
68242	VG
68243	VG
68244	VG
68245	VG
68246	VG
68247	VG
68248	VG
68249	VG
68250	VG
68251	VG
68252	VG
68253	VG
68254	VG
68255	VG
68256	VG
68257	VG
68258	VG
68259	VG
68260	VG
68261	VG
68262	VG
68263	VG
68264	VG
68265	VG
68266	VG
68267	VG
68268	VG
68269	VG
68270	VG
68271	VG
68272	VG
68273	VG
68274	VG
68275	VG
68276	VG
68277	VG
68278	VG
68279	VG
68280	VG
68281	VG
68282	VG
68283	VG
68284	VG
68285	VG
68286	VG
68287	VG
68288	VG
68289	VG
68290	VG
68291	VG
68292	VG
68293	VG
68294	VG
68295	VG
68296	VG
68297	VG
68298	VG
68299	VG
68300	VG
68301	VG
68302	VG
68303	VG
68304	VG
68305	VG
68306	VG
68307	VG
68308	VG
68309	VG
68310	VG
68311	VG
68312	VG
68313	VG
68314	VG
68315	VG
68316	VG
68317	VG
68318	VG
68319	VG
68320	VG
68321	VG
68322	VG
68323	VG
68324	VG
68325	VG
68326	VG
68327	VG
68328	VG
68329	VG
68330	VG
68331	VG
68332	VG
68333	VG
68334	VG
68335	VG
68336	VG
68337	VG
68338	VG
68339	VG
68340	VG
68341	VG
68342	VG
68343	VG
68344	VG
68345	VG
68346	VG
68347	VG
68348	VG
68349	VG
68350	VG
68351	VG
68352	VG
68353	VG
68354	VG
68355	VG
68356	VG
68357	VG
68358	VG
68359	VG
68360	VG
68361	VG
68362	VG
68363	VG
68364	VG
68365	VG
68366	VG
68367	VG
68368	VG
68369	VG
68370	VG
68371	VG
68372	VG
68373	VG
68374	VG
68375	VG
68376	VG
68377	VG
68378	VG
68379	VG
68380	VG
68381	VG
68382	VG
68383	VG
68384	VG
68385	VG
68386	VG
68387	VG
68388	VG
68389	VG
68390	VG
68391	VG
68392	VG
68393	VG
68394	VG
68395	VG
68396	VG
68397	VG
68398	VG
68399	VG
68400	VG
68401	VG
68402	VG
68403	VG
68404	VG
68405	VG
68406	VG
68407	VG
68408	VG
68409	VG
68410	VG
68411	VG
68412	VG
68413	VG
68414	VG
68415	VG
68416	VG
68417	VG
68418	VG
68419	VG
68420	VG
68421	VG
68422	VG
68423	VG
68424	VG
68425	VG
68426	VG
68427	VG
68428	VG
68429	VG
68430	VG
68431	VG
68432	VG
68433	VG
68434	VG
68435	VG
68436	VG
68437	VG
68438	VG
68439	VG
68440	VG
68441	VG
68442	VG
68443	VG
68444	VG
68445	VG
68446	VG
68447	VG
68448	VG
68449	VG
68450	VG
68451	VG
68452	VG
68453	VG
68454	VG
68455	VG
68456	VG
68457	VG
68458	VG
68459	VG
68460	VG
68461	VG
68462	VG
68463	VG
68464	VG
68465	VG
68466	VG
68467	VG
68468	VG
68469	VG
68470	VG
68471	VG
68472	VG
68473	VG
68474	VG
68475	VG
68476	VG
68477	VG
68478	VG
68479	VG
68480	VG
68481	VG
68482	VG
68483	VG
68484	VG
68485	VG
68486	VG
68487	VG
68488	VG
68489	VG
68490	VG
68491	VG
68492	VG
68493	VG
68494	VG
68495	VG
68496	VG
68497	VG
68498	VG
68499	VG
68500	VG
68501	VG
68502	VG
68503	VG
68504	VG
68505	VG
68506	VG
68507	VG
68508	VG
68509	VG
68510	VG
68511	VG
68512	VG
68513	VG
68514	VG
68515	VG
68516	VG
68517	VG
68518	VG
68519	VG
68520	VG
68521	VG
68522	VG
68523	VG
68524	VG
68525	VG
68526	VG
68527	VG
68528	VG
68529	VG
68530	VG
68531	VG
68532	VG
68533	VG
68534	VG
68535	VG
68536	VG
68537	VG
68538	VG
68539	VG
68540	VG
68541	VG
68542	VG
68543	VG
68544	VG
68545	VG
68546	VG
68547	VG
68548	VG
68549	VG
68550	VG
68551	VG
68552	VG
68553	VG
68554	VG
68555	VG
68556	VG
68557	VG
68558	VG
68559	VG
68560	VG
68561	VG
68562	VG
68563	VG
68564	VG
68565	VG
68566	VG
68567	VG
68568	VG
68569	VG
68570	VG
68571	VG
68572	VG
68573	VG
68574	VG
68575	VG
68576	VG
68577	VG
68578	VG
68579	VG
68580	VG
68581	VG
68582	VG
68583	VG
68584	VG
68585	VG
68586	VG
68587	VG
68588	VG
68589	VG
68590	VG
68591	VG
68592	VG
68593	VG
68594	VG
68595	VG
68596	VG
68597	VG
68598	VG
68599	VG
68600	VG
68601	VG
68602	VG
68603	VG
68604	VG
68605	VG
68606	VG
68607	VG
68608	VG
68609	VG
68610	VG
68611	VG
68612	VG
68613	VG
68614	VG
68615	VG
68616	VG
68617	VG
68618	VG
68619	VG
68620	VG
68621	VG
68622	VG
68623	VG
68624	VG
68625	VG
68626	VG
68627	VG
68628	VG
68629	VG
68630	VG
68631	VG
68632	VG
68633	VG
68634	VG
68635	VG
68636	VG
68637	VG
68638	VG
68639	VG
68640	VG
68641	VG
68642	VG
68643	VG
68644	VG
68645	VG
68646	VG
68647	VG
68648	VG
68649	VG
68650	VG
68651	VG
68652	VG
68653	VG
68654	VG
68655	VG
68656	VG
68657	VG
68658	VG
68659	VG
68660	VG
68661	VG
68662	VG
68663	VG
68664	VG
68665	VG
68666	VG
68667	VG
68668	VG
68669	VG
68670	VG
68671	VG
68672	VG
68673	VG
68674	VG
68675	VG
68676	VG
68677	VG
68678	VG
68679	VG
68680	VG
68681	VG
68682	VG
68683	VG
68684	VG
68685	VG
68686	VG
68687	VG
68688	VG
68689	VG
68690	VG
68691	VG
68692	VG
68693	VG
68694	VG
68695	VG
68696	VG
68697	VG
68698	VG
68699	VG
68700	VG
68701	VG
68702	VG
68703	VG
68704	VG
68705	VG
68706	VG
68707	VG
68708	VG
68709	VG
68710	VG
68711	VG
68712	VG
68713	VG
68714	VG
68715	VG
68716	VG
68717	VG
68718	VG
68719	VG
68720	VG
68721	VG
68722	VG
68723	VG
68724	VG
68725	VG
68726	VG
68727	VG
68728	VG
68729	VG
68730	VG
68731	VG
68732	VG
68733	VG
68734	VG
68735	VG
68736	VG
68737	VG
68738	VG
68739	VG
68740	VG
68741	VG
68742	VG
68743	VG
68744	VG
68745	VG
68746	VG
68747	VG
68748	VG
68749	VG
68750	VG
68751	VG
68752	VG
68753	VG
68754	VG
68755	VG
68756	VG
68757	VG
68758	VG
68759	VG
68760	VG
68761	VG
68762	VG
68763	VG
68764	VG
68765	VG
68766	VG
68767	VG
68768	VG
68769	VG
68770	VG
68771	VG
68772	VG
68773	VG
68774	VG
68775	VG
68776	VG
68777	VG
68778	VG
68779	VG
68780	VG
68781	VG
68782	VG
68783	VG
68784	VG
68785	VG
68786	VG
68787	VG
68788	VG
68789	VG
68790	VG
68791	VG
68792	VG
68793	VG
68794	VG
68795	VG
68796	VG
68797	VG
68798	VG
68799	VG
68800	VG
68801	VG
68802	VG
68803	VG
68804	VG
68805	VG
68806	VG
68807	VG
68808	VG
68809	VG
68810	VG
68811	VG
68812	VG
68813	VG
68814	VG
68815	VG
68816	VG
68817	VG
68818	VG
68819	VG
68820	VG
68821	VG
68822	VG
68823	VG
68824	VG
68825	VG
68826	VG
68827	VG
68828	VG
68829	VG
68830	VG
68831	VG
68832	VG
68833	VG
68834	VG
68835	VG
68836	VG
68837	VG
68838	VG
68839	VG
68840	VG
68841	VG
68842	VG
68843	VG
68844	VG
68845	VG
68846	VG
68847	VG
68848	VG
68849	VG
68850	VG
68851	VG
68852	VG
68853	VG
68854	VG
68855	VG
68856	VG
68857	VG
68858	VG
68859	VG
68860	VG
68861	VG
68862	VG
68863	VG
68864	VG
68865	VG
68866	VG
68867	VG
68868	VG
68869	VG
68870	VG
68871	VG
68872	VG
68873	VG
68874	VG
68875	VG
68876	VG
68877	VG
68878	VG
68879	VG
68880	VG
68881	VG
68882	VG
68883	VG
68884	VG
68885	VG
68886	VG
68887	VG
68888	VG
68889	VG
68890	VG
68891	VG
68892	VG
68893	VG
68894	VG
68895	VG
68896	VG
68897	VG
68898	VG
68899	VG
68900	VG
68901	VG
68902	VG
68903	VG
68904	VG
68905	VG
68906	VG
68907	VG
68908	VG
68909	VG
68910	VG
68911	VG
68912	VG
68913	VG
68914	VG
68915	VG
68916	VG
68917	VG
68918	VG
68919	VG
68920	VG
68921	VG
68922	VG
68923	VG
68924	VG
68925	VG
68926	VG
68927	VG
68928	VG
68929	VG
68930	VG
68931	VG
68932	VG
68933	VG
68934	VG
68935	VG
68936	VG
68937	VG
68938	VG
68939	VG
68940	VG
68941	VG
68942	VG
68943	VG
68944	VG
68945	VG
68946	VG
68947	VG
68948	VG
68949	VG
68950	VG
68951	VG
68952	VG
68953	VG
68954	VG
68955	VG
68956	VG
68957	VG
68958	VG
68959	VG
68960	VG
68961	VG
68962	VG
68963	VG
68964	VG
68965	VG
68966	VG
68967	VG
68968	VG
68969	VG
68970	VG
68971	VG
68972	VG
68973	VG
68974	VG
68975	VG
68976	VG
68977	VG
68978	VG
68979	VG
68980	VG
68981	VG
68982	VG
68983	VG
68984	VG
68985	VG
68986	VG
68987	VG
68988	VG
68989	VG
68990	VG
68991	VG
68992	VG
68993	VG
68994	VG
68995	VG
68996	VG
68997	VG
68998	VG
68999	VG
69000	VG
69001	VG
69002	VG
69003	VG
69004	VG
69005	VG
69006	VG
69007	VG
69008	VG
69009	VG
69010	VG
69011	VG
69012	VG
69013	VG
69014	VG
69015	VG
69016	VG
69017	VG
69018	VG
69019	VG
69020	VG
69021	VG
69022	VG
69023	VG
69024	VG
69025	VG
69026	VG
69027	VG
69028	VG
69029	VG
69030	VG
69031	VG
69032	VG
69033	VG
69034	VG
69035	VG
69036	VG
69037	VG
69038	VG
69039	VG
69040	VG
69041	VG
69042	VG
69043	VG
69044	VG
69045	VG
69046	VG
69047	VG
69048	VG
69049	VG
69050	VG
69051	VG
69052	VG
69053	VG
69054	VG
69055	VG
69056	VG
69057	VG
69058	VG
69059	VG
69060	VG
69061	VG
69062	VG
69063	VG
69064	VG
69065	VG
69066	VG
69067	VG
69068	VG
69069	VG
69070	VG
69071	VG
69072	VG
69073	VG
69074	VG
69075	VG
69076	VG
69077	VG
69078	VG
69079	VG
69080	VG
69081	VG
69082	VG
69083	VG
69084	VG
69085	VG
69086	VG
69087	VG
69088	VG
69089	VG
69090	VG
69091	VG
69092	VG
69093	VG
69094	VG
69095	VG
69096	VG
69097	VG
69098	VG
69099	VG
69100	VG
69101	VG
69102	VG
69103	VG
69104	VG
69105	VG
69106	VG
69107	VG
69108	VG
69109	VG
69110	VG
69111	VG
69112	VG
69113	VG
69114	VG
69115	VG
69116	VG
69117	VG
69118	VG
69119	VG
69120	VG
69121	VG
69122	VG
69123	VG
69124	VG
69125	VG
69126	VG
69127	VG
69128	VG
69129	VG
69130	VG
69131	VG
69132	VG
69133	VG
69134	VG
69135	VG
69136	VG
69137	VG
69138	VG
69139	VG
69140	VG
69141	VG
69142	VG
69143	VG
69144	VG
69145	VG
69146	VG
69147	VG
69148	VG
69149	VG
69150	VG
69151	VG
69152	VG
69153	VG
69154	VG
69155	VG
69156	VG
69157	VG
69158	VG
69159	VG
69160	VG
69161	VG
69162	VG
69163	VG
69164	VG
69165	VG
69166	VG
69167	VG
69168	VG
69169	VG
69170	VG
69171	VG
69172	VG
69173	VG
69174	VG
69175	VG
69176	VG
69177	VG
69178	VG
69179	VG
69180	VG
69181	VG
69182	VG
69183	VG
69184	VG
69185	VG
69186	VG
69187	VG
69188	VG
69189	VG
69190	VG
69191	VG
69192	VG
69193	VG
69194	VG
69195	VG
69196	VG
69197	VG
69198	VG
69199	VG
69200	VG
69201	VG
69202	VG
69203	VG
69204	VG
69205	VG
69206	VG
69207	VG
69208	VG
69209	VG
69210	VG
69211	VG
69212	VG
69213	VG
69214	VG
69215	VG
69216	VG
69217	VG
69218	VG
69219	VG
69220	VG
69221	VG
69222	VG
69223	VG
69224	VG
69225	VG
69226	VG
69227	VG
69228	VG
69229	VG
69230	VG
69231	VG
69232	VG
69233	VG
69234	VG
69235	VG
69236	VG
69237	VG
69238	VG
69239	VG
69240	VG
69241	VG
69242	VG
69243	VG
69244	VG
69245	VG
69246	VG
69247	VG
69248	VG
69249	VG
69250	VG
69251	VG
69252	VG
69253	VG
69254	VG
69255	VG
69256	VG
69257	VG
69258	VG
69259	VG
69260	VG
69261	VG
69262	VG
69263	VG
69264	VG
69265	VG
69266	VG
69267	VG
69268	VG
69269	VG
69270	VG
69271	VG
69272	VG
69273	VG
69274	VG
69275	VG
69276	VG
69277	VG
69278	VG
69279	VG
69280	VG
69281	VG
69282	VG
69283	VG
69284	VG
69285	VG
69286	VG
69287	VG
69288	VG
69289	VG
69290	VG
69291	VG
69292	VG
69293	VG
69294	VG
69295	VG
69296	VG
69297	VG
69298	VG
69299	VG
69300	VG
69301	VG
69302	VG
69303	VG
69304	VG
69305	VG
69306	VG
69307	VG
69308	VG
69309	VG
69310	VG
69311	VG
69312	VG
69313	VG
69314	VG
69315	VG
69316	VG
69317	VG
69318	VG
69319	VG
69320	VG
69321	VG
69322	VG
69323	VG
69324	VG
69325	VG
69326	VG
69327	VG
69328	VG
69329	VG
69330	VG
69331	VG
69332	VG
69333	VG
69334	VG
69335	VG
69336	VG
69337	VG
69338	VG
69339	VG
69340	VG
69341	VG
69342	VG
69343	VG
69344	VG
69345	VG
69346	VG
69347	VG
69348	VG
69349	VG
69350	VG
69351	VG
69352	VG
69353	VG
69354	VG
69355	VG
69356	VG
69357	VG
69358	VG
69359	VG
69360	VG
69361	VG
69362	VG
69363	VG
69364	VG
69365	VG
69366	VG
69367	VG
69368	VG
69369	VG
69370	VG
69371	VG
69372	VG
69373	VG
69374	VG
69375	VG
69376	VG
69377	VG
69378	VG
69379	VG
69380	VG
69381	VG
69382	VG
69383	VG
69384	VG
69385	VG
69386	VG
69387	VG
69388	VG
69389	VG
69390	VG
69391	VG
69392	VG
69393	VG
69394	VG
69395	VG
69396	VG
69397	VG
69398	VG
69399	VG
69400	VG
69401	VG
69402	VG
69403	VG
69404	VG
69405	VG
69406	VG
69407	VG
69408	VG
69409	VG
69410	VG
69411	VG
69412	VG
69413	VG
69414	VG
69415	VG
69416	VG
69417	VG
69418	VG
69419	VG
69420	VG
69421	VG
69422	VG
69423	VG
69424	VG
69425	VG
69426	VG
69427	VG
69428	VG
69429	VG
69430	VG
69431	VG
69432	VG
69433	VG
69434	VG
69435	VG
69436	VG
69437	VG
69438	VG
69439	VG
69440	VG
69441	VG
69442	VG
69443	VG
69444	VG
69445	VG
69446	VG
69447	VG
69448	VG
69449	VG
69450	VG
69451	VG
69452	VG
69453	VG
69454	VG
69455	VG
69456	VG
69457	VG
69458	VG
69459	VG
69460	VG
69461	VG
69462	VG
69463	VG
69464	VG
69465	VG
69466	VG
69467	VG
69468	VG
69469	VG
69470	VG
69471	VG
69472	VG
69473	VG
69474	VG
69475	VG
69476	VG
69477	VG
69478	VG
69479	VG
69480	VG
69481	VG
69482	VG
69483	VG
69484	VG
69485	VG
69486	VG
69487	VG
69488	VG
69489	VG
69490	VG
69491	VG
69492	VG
69493	VG
69494	VG
69495	VG
69496	VG
69497	VG
69498	VG
69499	VG
69500	VG
69501	VG
69502	VG
69503	VG
69504	VG
69505	VG
69506	VG
69507	VG
69508	VG
69509	VG
69510	VG
69511	VG
69512	VG
69513	VG
69514	VG
69515	VG
69516	VG
69517	VG
69518	VG
69519	VG
69520	VG
69521	VG
69522	VG
69523	VG
69524	VG
69525	VG
69526	VG
69527	VG
69528	VG
69529	VG
69530	VG
69531	VG
69532	VG
69533	VG
69534	VG
69535	VG
69536	VG
69537	VG
69538	VG
69539	VG
69540	VG
69541	VG
69542	VG
69543	VG
69544	VG
69545	VG
69546	VG
69547	VG
69548	VG
69549	VG
69550	VG
69551	VG
69552	VG
69553	VG
69554	VG
69555	VG
69556	VG
69557	VG
69558	VG
69559	VG
69560	VG
69561	VG
69562	VG
69563	VG
69564	VG
69565	VG
69566	VG
69567	VG
69568	VG
69569	VG
69570	VG
69571	VG
69572	VG
69573	VG
69574	VG
69575	VG
69576	VG
69577	VG
69578	VG
69579	VG
69580	VG
69581	VG
69582	VG
69583	VG
69584	VG
69585	VG
69586	VG
69587	VG
69588	VG
69589	VG
69590	VG
69591	VG
69592	VG
69593	VG
69594	VG
69595	VG
69596	VG
69597	VG
69598	VG
69599	VG
69600	VG
69601	VG
69602	VG
69603	VG
69604	VG
69605	VG
69606	VG
69607	VG
69608	VG
69609	VG
69610	VG
69611	VG
69612	VG
69613	VG
69614	VG
69615	VG
69616	VG
69617	VG
69618	VG
69619	VG
69620	VG
69621	VG
69622	VG
69623	VG
69624	VG
69625	VG
69626	VG
69627	VG
69628	VG
69629	VG
69630	VG
69631	VG
69632	VG
69633	VG
69634	VG
69635	VG
69636	VG
69637	VG
69638	VG
69639	VG
69640	VG
69641	VG
69642	VG
69643	VG
69644	VG
69645	VG
69646	VG
69647	VG
69648	VG
69649	VG
69650	VG
69651	VG
69652	VG
69653	VG
69654	VG
69655	VG
69656	VG
69657	VG
69658	VG
69659	VG
69660	VG
69661	VG
69662	VG
69663	VG
69664	VG
69665	VG
69666	VG
69667	VG
69668	VG
69669	VG
69670	VG
69671	VG
69672	VG
69673	VG
69674	VG
69675	VG
69676	VG
69677	VG
69678	VG
69679	VG
69680	VG
69681	VG
69682	VG
69683	VG
69684	VG
69685	VG
69686	VG
69687	VG
69688	VG
69689	VG
69690	VG
69691	VG
69692	VG
69693	VG
69694	VG
69695	VG
69696	VG
69697	VG
69698	VG
69699	VG
69700	VG
69701	VG
69702	VG
69703	VG
69704	VG
69705	VG
69706	VG
69707	VG
69708	VG
69709	VG
69710	VG
69711	VG
69712	VG
69713	VG
69714	VG
69715	VG
69716	VG
69717	VG
69718	VG
69719	VG
69720	VG
69721	VG
69722	VG
69723	VG
69724	VG
69725	VG
69726	VG
69727	VG
69728	VG
69729	VG
69730	VG
69731	VG
69732	VG
69733	VG
69734	VG
69735	VG
69736	VG
69737	VG
69738	VG
69739	VG
69740	VG
69741	VG
69742	VG
69743	VG
69744	VG
69745	VG
69746	VG
69747	VG
69748	VG
69749	VG
69750	VG
69751	VG
69752	VG
69753	VG
69754	VG
69755	VG
69756	VG
69757	VG
69758	VG
69759	VG
69760	VG
69761	VG
69762	VG
69763	VG
69764	VG
69765	VG
69766	VG
69767	VG
69768	VG
69769	VG
69770	VG
69771	VG
69772	VG
69773	VG
69774	VG
69775	VG
69776	VG
69777	VG
69778	VG
69779	VG
69780	VG
69781	VG
69782	VG
69783	VG
69784	VG
69785	VG
69786	VG
69787	VG
69788	VG
69789	VG
69790	VG
69791	VG
69792	VG
69793	VG
69794	VG
69795	VG
69796	VG
69797	VG
69798	VG
69799	VG
69800	VG
69801	VG
69802	VG
69803	VG
69804	VG
69805	VG
69806	VG
69807	VG
69808	VG
69809	VG
69810	VG
69811	VG
69812	VG
69813	VG
69814	VG
69815	VG
69816	VG
69817	VG
69818	VG
69819	VG
69820	VG
69821	VG
69822	VG
69823	VG
69824	VG
69825	VG
69826	VG
69827	VG
69828	VG
69829	VG
69830	VG
69831	VG
69832	VG
69833	VG
69834	VG
69835	VG
69836	VG
69837	VG
69838	VG
69839	VG
69840	VG
69841	VG
69842	VG
69843	VG
69844	VG
69845	VG
69846	VG
69847	VG
69848	VG
69849	VG
69850	VG
69851	VG
69852	VG
69853	VG
69854	VG
69855	VG
69856	VG
69857	VG
69858	VG
69859	VG
69860	VG
69861	VG
69862	VG
69863	VG
69864	VG
69865	VG
69866	VG
69867	VG
69868	VG
69869	VG
69870	VG
69871	VG
69872	VG
69873	VG
69874	VG
69875	VG
69876	VG
69877	VG
69878	VG
69879	VG
69880	VG
69881	VG
69882	VG
69883	VG
69884	VG
69885	VG
69886	VG
69887	VG
69888	VG
69889	VG
69890	VG
69891	VG
69892	VG
69893	VG
69894	VG
69895	VG
69896	VG
69897	VG
69898	VG
69899	VG
69900	VG
69901	VG
69902	VG
69903	VG
69904	VG
69905	VG
69906	VG
69907	VG
69908	VG
69909	VG
69910	VG
69911	VG
69912	VG
69913	VG
69914	VG
69915	VG
69916	VG
69917	VG
69918	VG
69919	VG
69920	VG
69921	VG
69922	VG
69923	VG
69924	VG
69925	VG
69926	VG
69927	VG
69928	VG
69929	VG
69930	VG
69931	VG
69932	VG
69933	VG
69934	VG
69935	VG
69936	VG
69937	VG
69938	VG
69939	VG
69940	VG
69941	VG
69942	VG
69943	VG
69944	VG
69945	VG
69946	VG
69947	VG
69948	VG
69949	VG
69950	VG
69951	VG
69952	VG
69953	VG
69954	VG
69955	VG
69956	VG
69957	VG
69958	VG
69959	VG
69960	VG
69961	VG
69962	VG
69963	VG
69964	VG
69965	VG
69966	VG
69967	VG
69968	VG
69969	VG
69970	VG
69971	VG
69972	VG
69973	VG
69974	VG
69975	VG
69976	VG
69977	VG
69978	VG
69979	VG
69980	VG
69981	VG
69982	VG
69983	VG
69984	VG
69985	VG
69986	VG
69987	VG
69988	VG
69989	VG
69990	VG
69991	VG
69992	VG
69993	VG
69994	VG
69995	VG
69996	VG
69997	VG
69998	VG
69999	VG
70000	VG
70001	VG
70002	VG
70003	VG
70004	VG
70005	VG
70006	VG
70007	VG
70008	VG
70009	VG
70010	VG
70011	VG
70012	VG
70013	VG
70014	VG
70015	VG
70016	VG
70017	VG
70018	VG
70019	VG
70020	VG
70021	VG
70022	VG
70023	VG
70024	VG
70025	VG
70026	VG
70027	VG
70028	VG
70029	VG
70030	VG
70031	VG
70032	VG
70033	VG
70034	VG
70035	VG
70036	VG
70037	VG
70038	VG
70039	VG
70040	VG
70041	VG
70042	VG
70043	VG
70044	VG
70045	VG
70046	VG
70047	VG
70048	VG
70049	VG
70050	VG
70051	VG
70052	VG
70053	VG
70054	VG
70055	VG
70056	VG
70057	VG
70058	VG
70059	VG
70060	VG
70061	VG
70062	VG
70063	VG
70064	VG
70065	VG
70066	VG
70067	VG
70068	VG
70069	VG
70070	VG
70071	VG
70072	VG
70073	VG
70074	VG
70075	VG
70076	VG
70077	VG
70078	VG
70079	VG
70080	VG
70081	VG
70082	VG
70083	VG
70084	VG
70085	VG
70086	VG
70087	VG
70088	VG
70089	VG
70090	VG
70091	VG
70092	VG
70093	VG
70094	VG
70095	VG
70096	VG
70097	VG
70098	VG
70099	VG
70100	VG
70101	VG
70102	VG
70103	VG
70104	VG
70105	VG
70106	VG
70107	VG
70108	VG
70109	VG
70110	VG
70111	VG
70112	VG
70113	VG
70114	VG
70115	VG
70116	VG
70117	VG
70118	VG
70119	VG
70120	VG
70121	VG
70122	VG
70123	VG
70124	VG
70125	VG
70126	VG
70127	VG
70128	VG
70129	VG
70130	VG
70131	VG
70132	VG
70133	VG
70134	VG
70135	VG
70136	VG
70137	VG
70138	VG
70139	VG
70140	VG
70141	VG
70142	VG
70143	VG
70144	VG
70145	VG
70146	VG
70147	VG
70148	VG
70149	VG
70150	VG
70151	VG
70152	VG
70153	VG
70154	VG
70155	VG
70156	VG
70157	VG
70158	VG
70159	VG
70160	VG
70161	VG
70162	VG
70163	VG
70164	VG
70165	VG
70166	VG
70167	VG
70168	VG
70169	VG
70170	VG
70171	VG
70172	VG
70173	VG
70174	VG
70175	VG
70176	VG
70177	VG
70178	VG
70179	VG
70180	VG
70181	VG
70182	VG
70183	VG
70184	VG
70185	VG
70186	VG
70187	VG
70188	VG
70189	VG
70190	VG
70191	VG
70192	VG
70193	VG
70194	VG
70195	VG
70196	VG
70197	VG
70198	VG
70199	VG
70200	VG
70201	VG
70202	VG
70203	VG
70204	VG
70205	VG
70206	VG
70207	VG
70208	VG
70209	VG
70210	VG
70211	VG
70212	VG
70213	VG
70214	VG
70215	VG
70216	VG
70217	VG
70218	VG
70219	VG
70220	VG
70221	VG
70222	VG
70223	VG
70224	VG
70225	VG
70226	VG
70227	VG
70228	VG
70229	VG
70230	VG
70231	VG
70232	VG
70233	VG
70234	VG
70235	VG
70236	VG
70237	VG
70238	VG
70239	VG
70240	VG
70241	VG
70242	VG
70243	VG
70244	VG
70245	VG
70246	VG
70247	VG
70248	VG
70249	VG
70250	VG
70251	VG
70252	VG
70253	VG
70254	VG
70255	VG
70256	VG
70257	VG
70258	VG
70259	VG
70260	VG
70261	VG
70262	VG
70263	VG
70264	VG
70265	VG
70266	VG
70267	VG
70268	VG
70269	VG
70270	VG
70271	VG
70272	VG
70273	VG
70274	VG
70275	VG
70276	VG
70277	VG
70278	VG
70279	VG
70280	VG
70281	VG
70282	VG
70283	VG
70284	VG
70285	VG
70286	VG
70287	VG
70288	VG
70289	VG
70290	VG
70291	VG
70292	VG
70293	VG
70294	VG
70295	VG
70296	VG
70297	VG
70298	VG
70299	VG
70300	VG
70301	VG
70302	VG
70303	VG
70304	VG
70305	VG
70306	VG
70307	VG
70308	VG
70309	VG
70310	VG
70311	VG
70312	VG
70313	VG
70314	VG
70315	VG
70316	VG
70317	VG
70318	VG
70319	VG
70320	VG
70321	VG
70322	VG
70323	VG
70324	VG
70325	VG
70326	VG
70327	VG
70328	VG
70329	VG
70330	VG
70331	VG
70332	VG
70333	VG
70334	VG
70335	VG
70336	VG
70337	VG
70338	VG
70339	VG
70340	VG
70341	VG
70342	VG
70343	VG
70344	VG
70345	VG
70346	VG
70347	VG
70348	VG
70349	VG
70350	VG
70351	VG
70352	VG
70353	VG
70354	VG
70355	VG
70356	VG
70357	VG
70358	VG
70359	VG
70360	VG
70361	VG
70362	VG
70363	VG
70364	VG
70365	VG
70366	VG
70367	VG
70368	VG
70369	VG
70370	VG
70371	VG
70372	VG
70373	VG
70374	VG
70375	VG
70376	VG
70377	VG
70378	VG
70379	VG
70380	VG
70381	VG
70382	VG
70383	VG
70384	VG
70385	VG
70386	VG
70387	VG
70388	VG
70389	VG
70390	VG
70391	VG
70392	VG
70393	VG
70394	VG
70395	VG
70396	VG
70397	VG
70398	VG
70399	VG
70400	VG
70401	VG
70402	VG
70403	VG
70404	VG
70405	VG
70406	VG
70407	VG
70408	VG
70409	VG
70410	VG
70411	VG
70412	VG
70413	VG
70414	VG
70415	VG
70416	VG
70417	VG
70418	VG
70419	VG
70420	VG
70421	VG
70422	VG
70423	VG
70424	VG
70425	VG
70426	VG
70427	VG
70428	VG
70429	VG
70430	VG
70431	VG
70432	VG
70433	VG
70434	VG
70435	VG
70436	VG
70437	VG
70438	VG
70439	VG
70440	VG
70441	VG
70442	VG
70443	VG
70444	VG
70445	VG
70446	VG
70447	VG
70448	VG
70449	VG
70450	VG
70451	VG
70452	VG
70453	VG
70454	VG
70455	VG
70456	VG
70457	VG
70458	VG
70459	VG
70460	VG
70461	VG
70462	VG
70463	VG
70464	VG
70465	VG
70466	VG
70467	VG
70468	VG
70469	VG
70470	VG
70471	VG
70472	VG
70473	VG
70474	VG
70475	VG
70476	VG
70477	VG
70478	VG
70479	VG
70480	VG
70481	VG
70482	VG
70483	VG
70484	VG
70485	VG
70486	VG
70487	VG
70488	VG
70489	VG
70490	VG
70491	VG
70492	VG
70493	VG
70494	VG
70495	VG
70496	VG
70497	VG
70498	VG
70499	VG
70500	VG
70501	VG
70502	VG
70503	VG
70504	VG
70505	VG
70506	VG
70507	VG
70508	VG
70509	VG
70510	VG
70511	VG
70512	VG
70513	VG
70514	VG
70515	VG
70516	VG
70517	VG
70518	VG
70519	VG
70520	VG
70521	VG
70522	VG
70523	VG
70524	VG
70525	VG
70526	VG
70527	VG
70528	VG
70529	VG
70530	VG
70531	VG
70532	VG
70533	VG
70534	VG
70535	VG
70536	VG
70537	VG
70538	VG
70539	VG
70540	VG
70541	VG
70542	VG
70543	VG
70544	VG
70545	VG
70546	VG
70547	VG
70548	VG
70549	VG
70550	VG
70551	VG
70552	VG
70553	VG
70554	VG
70555	VG
70556	VG
70557	VG
70558	VG
70559	VG
70560	VG
70561	VG
70562	VG
70563	VG
70564	VG
70565	VG
70566	VG
70567	VG
70568	VG
70569	VG
70570	VG
70571	VG
70572	VG
70573	VG
70574	VG
70575	VG
70576	VG
70577	VG
70578	VG
70579	VG
70580	VG
70581	VG
70582	VG
70583	VG
70584	VG
70585	VG
70586	VG
70587	VG
70588	VG
70589	VG
70590	VG
70591	VG
70592	VG
70593	VG
70594	VG
70595	VG
70596	VG
70597	VG
70598	VG
70599	VG
70600	VG
70601	VG
70602	VG
70603	VG
70604	VG
70605	VG
70606	VG
70607	VG
70608	VG
70609	VG
70610	VG
70611	VG
70612	VG
70613	VG
70614	VG
70615	VG
70616	VG
70617	VG
70618	VG
70619	VG
70620	VG
70621	VG
70622	VG
70623	VG
70624	VG
70625	VG
70626	VG
70627	VG
70628	VG
70629	VG
70630	VG
70631	VG
70632	VG
70633	VG
70634	VG
70635	VG
70636	VG
70637	VG
70638	VG
70639	VG
70640	VG
70641	VG
70642	VG
70643	VG
70644	VG
70645	VG
70646	VG
70647	VG
70648	VG
70649	VG
70650	VG
70651	VG
70652	VG
70653	VG
70654	VG
70655	VG
70656	VG
70657	VG
70658	VG
70659	VG
70660	VG
70661	VG
70662	VG
70663	VG
70664	VG
70665	VG
70666	VG
70667	VG
70668	VG
70669	VG
70670	VG
70671	VG
70672	VG
70673	VG
70674	VG
70675	VG
70676	VG
70677	VG
70678	VG
70679	VG
70680	VG
70681	VG
70682	VG
70683	VG
70684	VG
70685	VG
70686	VG
70687	VG
70688	VG
70689	VG
70690	VG
70691	VG
70692	VG
70693	VG
70694	VG
70695	VG
70696	VG
70697	VG
70698	VG
70699	VG
70700	VG
70701	VG
70702	VG
70703	VG
70704	VG
70705	VG
70706	VG
70707	VG
70708	VG
70709	VG
70710	VG
70711	VG
70712	VG
70713	VG
70714	VG
70715	VG
70716	VG
70717	VG
70718	VG
70719	VG
70720	VG
70721	VG
70722	VG
70723	VG
70724	VG
70725	VG
70726	VG
70727	VG
70728	VG
70729	VG
70730	VG
70731	VG
70732	VG
70733	VG
70734	VG
70735	VG
70736	VG
70737	VG
70738	VG
70739	VG
70740	VG
70741	VG
70742	VG
70743	VG
70744	VG
70745	VG
70746	VG
70747	VG
70748	VG
70749	VG
70750	VG
70751	VG
70752	VG
70753	VG
70754	VG
70755	VG
70756	VG
70757	VG
70758	VG
70759	VG
70760	VG
70761	VG
70762	VG
70763	VG
70764	VG
70765	VG
70766	VG
70767	VG
70768	VG
70769	VG
70770	VG
70771	VG
70772	VG
70773	VG
70774	VG
70775	VG
70776	VG
70777	VG
70778	VG
70779	VG
70780	VG
70781	VG
70782	VG
70783	VG
70784	VG
70785	VG
70786	VG
70787	VG
70788	VG
70789	VG
70790	VG
70791	VG
70792	VG
70793	VG
70794	VG
70795	VG
70796	VG
70797	VG
70798	VG
70799	VG
70800	VG
70801	VG
70802	VG
70803	VG
70804	VG
70805	VG
70806	VG
70807	VG
70808	VG
70809	VG
70810	VG
70811	VG
70812	VG
70813	VG
70814	VG
70815	VG
70816	VG
70817	VG
70818	VG
70819	VG
70820	VG
70821	VG
70822	VG
70823	VG
70824	VG
70825	VG
70826	VG
70827	VG
70828	VG
70829	VG
70830	VG
70831	VG
70832	VG
70833	VG
70834	VG
70835	VG
70836	VG
70837	VG
70838	VG
70839	VG
70840	VG
70841	VG
70842	VG
70843	VG
70844	VG
70845	VG
70846	VG
70847	VG
70848	VG
70849	VG
70850	VG
70851	VG
70852	VG
70853	VG
70854	VG
70855	VG
70856	VG
70857	VG
70858	VG
70859	VG
70860	VG
70861	VG
70862	VG
70863	VG
70864	VG
70865	VG
70866	VG
70867	VG
70868	VG
70869	VG
70870	VG
70871	VG
70872	VG
70873	VG
70874	VG
70875	VG
70876	VG
70877	VG
70878	VG
70879	VG
70880	VG
70881	VG
70882	VG
70883	VG
70884	VG
70885	VG
70886	VG
70887	VG
70888	VG
70889	VG
70890	VG
70891	VG
70892	VG
70893	VG
70894	VG
70895	VG
70896	VG
70897	VG
70898	VG
70899	VG
70900	VG
70901	VG
70902	VG
70903	VG
70904	VG
70905	VG
70906	VG
70907	VG
70908	VG
70909	VG
70910	VG
70911	VG
70912	VG
70913	VG
70914	VG
70915	VG
70916	VG
70917	VG
70918	VG
70919	VG
70920	VG
70921	VG
70922	VG
70923	VG
70924	VG
70925	VG
70926	VG
70927	VG
70928	VG
70929	VG
70930	VG
70931	VG
70932	VG
70933	VG
70934	VG
70935	VG
70936	VG
70937	VG
70938	VG
70939	VG
70940	VG
70941	VG
70942	VG
70943	VG
70944	VG
70945	VG
70946	VG
70947	VG
70948	VG
70949	VG
70950	VG
70951	VG
70952	VG
70953	VG
70954	VG
70955	VG
70956	VG
70957	VG
70958	VG
70959	VG
70960	VG
70961	VG
70962	VG
70963	VG
70964	VG
70965	VG
70966	VG
70967	VG
70968	VG
70969	VG
70970	VG
70971	VG
70972	VG
70973	VG
70974	VG
70975	VG
70976	VG
70977	VG
70978	VG
70979	VG
70980	VG
70981	VG
70982	VG
70983	VG
70984	VG
70985	VG
70986	VG
70987	VG
70988	VG
70989	VG
70990	VG
70991	VG
70992	VG
70993	VG
70994	VG
70995	VG
70996	VG
70997	VG
70998	VG
70999	VG
71000	VG
71001	VG
71002	VG
71003	VG
71004	VG
71005	VG
71006	VG
71007	VG
71008	VG
71009	VG
71010	VG
71011	VG
71012	VG
71013	VG
71014	VG
71015	VG
71016	VG
71017	VG
71018	VG
71019	VG
71020	VG
71021	VG
71022	VG
71023	VG
71024	VG
71025	VG
71026	VG
71027	VG
71028	VG
71029	VG
71030	VG
71031	VG
71032	VG
71033	VG
71034	VG
71035	VG
71036	VG
71037	VG
71038	VG
71039	VG
71040	VG
71041	VG
71042	VG
71043	VG
71044	VG
71045	VG
71046	VG
71047	VG
71048	VG
71049	VG
71050	VG
71051	VG
71052	VG
71053	VG
71054	VG
71055	VG
71056	VG
71057	VG
71058	VG
71059	VG
71060	VG
71061	VG
71062	VG
71063	VG
71064	VG
71065	VG
71066	VG
71067	VG
71068	VG
71069	VG
71070	VG
71071	VG
71072	VG
71073	VG
71074	VG
71075	VG
71076	VG
71077	VG
71078	VG
71079	VG
71080	VG
71081	VG
71082	VG
71083	VG
71084	VG
71085	VG
71086	VG
71087	VG
71088	VG
71089	VG
71090	VG
71091	VG
71092	VG
71093	VG
71094	VG
71095	VG
71096	VG
71097	VG
71098	VG
71099	VG
71100	VG
71101	VG
71102	VG
71103	VG
71104	VG
71105	VG
71106	VG
71107	VG
71108	VG
71109	VG
71110	VG
71111	VG
71112	VG
71113	VG
71114	VG
71115	VG
71116	VG
71117	VG
71118	VG
71119	VG
71120	VG
71121	VG
71122	VG
71123	VG
71124	VG
71125	VG
71126	VG
71127	VG
71128	VG
71129	VG
71130	VG
71131	VG
71132	VG
71133	VG
71134	VG
71135	VG
71136	VG
71137	VG
71138	VG
71139	VG
71140	VG
71141	VG
71142	VG
71143	VG
71144	VG
71145	VG
71146	VG
71147	VG
71148	VG
71149	VG
71150	VG
71151	VG
71152	VG
71153	VG
71154	VG
71155	VG
71156	VG
71157	VG
71158	VG
71159	VG
71160	VG
71161	VG
71162	VG
71163	VG
71164	VG
71165	VG
71166	VG
71167	VG
71168	VG
71169	VG
71170	VG
71171	VG
71172	VG
71173	VG
71174	VG
71175	VG
71176	VG
71177	VG
71178	VG
71179	VG
71180	VG
71181	VG
71182	VG
71183	VG
71184	VG
71185	VG
71186	VG
71187	VG
71188	VG
71189	VG
71190	VG
71191	VG
71192	VG
71193	VG
71194	VG
71195	VG
71196	VG
71197	VG
71198	VG
71199	VG
71200	VG
71201	VG
71202	VG
71203	VG
71204	VG
71205	VG
71206	VG
71207	VG
71208	VG
71209	VG
71210	VG
71211	VG
71212	VG
71213	VG
71214	VG
71215	VG
71216	VG
71217	VG
71218	VG
71219	VG
71220	VG
71221	VG
71222	VG
71223	VG
71224	VG
71225	VG
71226	VG
71227	VG
71228	VG
71229	VG
71230	VG
71231	VG
71232	VG
71233	VG
71234	VG
71235	VG
71236	VG
71237	VG
71238	VG
71239	VG
71240	VG
71241	VG
71242	VG
71243	VG
71244	VG
71245	VG
71246	VG
71247	VG
71248	VG
71249	VG
71250	VG
71251	VG
71252	VG
71253	VG
71254	VG
71255	VG
71256	VG
71257	VG
71258	VG
71259	VG
71260	VG
71261	VG
71262	VG
71263	VG
71264	VG
71265	VG
71266	VG
71267	VG
71268	VG
71269	VG
71270	VG
71271	VG
71272	VG
71273	VG
71274	VG
71275	VG
71276	VG
71277	VG
71278	VG
71279	VG
71280	VG
71281	VG
71282	VG
71283	VG
71284	VG
71285	VG
71286	VG
71287	VG
71288	VG
71289	VG
71290	VG
71291	VG
71292	VG
71293	VG
71294	VG
71295	VG
71296	VG
71297	VG
71298	VG
71299	VG
71300	VG
71301	VG
71302	VG
71303	VG
71304	VG
71305	VG
71306	VG
71307	VG
71308	VG
71309	VG
71310	VG
71311	VG
71312	VG
71313	VG
71314	VG
71315	VG
71316	VG
71317	VG
71318	VG
71319	VG
71320	VG
71321	VG
71322	VG
71323	VG
71324	VG
71325	VG
71326	VG
71327	VG
71328	VG
71329	VG
71330	VG
71331	VG
71332	VG
71333	VG
71334	VG
71335	VG
71336	VG
71337	VG
71338	VG
71339	VG
71340	VG
71341	VG
71342	VG
71343	VG
71344	VG
71345	VG
71346	VG
71347	VG
71348	VG
71349	VG
71350	VG
71351	VG
71352	VG
71353	VG
71354	VG
71355	VG
71356	VG
71357	VG
71358	VG
71359	VG
71360	VG
71361	VG
71362	VG
71363	VG
71364	VG
71365	VG
71366	VG
71367	VG
71368	VG
71369	VG
71370	VG
71371	VG
71372	VG
71373	VG
71374	VG
71375	VG
71376	VG
71377	VG
71378	VG
71379	VG
71380	VG
71381	VG
71382	VG
71383	VG
71384	VG
71385	VG
71386	VG
71387	VG
71388	VG
71389	VG
71390	VG
71391	VG
71392	VG
71393	VG
71394	VG
71395	VG
71396	VG
71397	VG
71398	VG
71399	VG
71400	VG
71401	VG
71402	VG
71403	VG
71404	VG
71405	VG
71406	VG
71407	VG
71408	VG
71409	VG
71410	VG
71411	VG
71412	VG
71413	VG
71414	VG
71415	VG
71416	VG
71417	VG
71418	VG
71419	VG
71420	VG
71421	VG
71422	VG
71423	VG
71424	VG
71425	VG
71426	VG
71427	VG
71428	VG
71429	VG
71430	VG
71431	VG
71432	VG
71433	VG
71434	VG
71435	VG
71436	VG
71437	VG
71438	VG
71439	VG
71440	VG
71441	VG
71442	VG
71443	VG
71444	VG
71445	VG
71446	VG
71447	VG
71448	VG
71449	VG
71450	VG
71451	VG
71452	VG
71453	VG
71454	VG
71455	VG
71456	VG
71457	VG
71458	VG
71459	VG
71460	VG
71461	VG
71462	VG
71463	VG
71464	VG
71465	VG
71466	VG
71467	VG
71468	VG
71469	VG
71470	VG
71471	VG
71472	VG
71473	VG
71474	VG
71475	VG
71476	VG
71477	VG
71478	VG
71479	VG
71480	VG
71481	VG
71482	VG
71483	VG
71484	VG
71485	VG
71486	VG
71487	VG
71488	VG
71489	VG
71490	VG
71491	VG
71492	VG
71493	VG
71494	VG
71495	VG
71496	VG
71497	VG
71498	VG
71499	VG
71500	VG
71501	VG
71502	VG
71503	VG
71504	VG
71505	VG
71506	VG
71507	VG
71508	VG
71509	VG
71510	VG
71511	VG
71512	VG
71513	VG
71514	VG
71515	VG
71516	VG
71517	VG
71518	VG
71519	VG
71520	VG
71521	VG
71522	VG
71523	VG
71524	VG
71525	VG
71526	VG
71527	VG
71528	VG
71529	VG
71530	VG
71531	VG
71532	VG
71533	VG
71534	VG
71535	VG
71536	VG
71537	VG
71538	VG
71539	VG
71540	VG
71541	VG
71542	VG
71543	VG
71544	VG
71545	VG
71546	VG
71547	VG
71548	VG
71549	VG
71550	VG
71551	VG
71552	VG
71553	VG
71554	VG
71555	VG
71556	VG
71557	VG
71558	VG
71559	VG
71560	VG
71561	VG
71562	VG
71563	VG
71564	VG
71565	VG
71566	VG
71567	VG
71568	VG
71569	VG
71570	VG
71571	VG
71572	VG
71573	VG
71574	VG
71575	VG
71576	VG
71577	VG
71578	VG
71579	VG
71580	VG
71581	VG
71582	VG
71583	VG
71584	VG
71585	VG
71586	VG
71587	VG
71588	VG
71589	VG
71590	VG
71591	VG
71592	VG
71593	VG
71594	VG
71595	VG
71596	VG
71597	VG
71598	VG
71599	VG
71600	VG
71601	VG
71602	VG
71603	VG
71604	VG
71605	VG
71606	VG
71607	VG
71608	VG
71609	VG
71610	VG
71611	VG
71612	VG
71613	VG
71614	VG
71615	VG
71616	VG
71617	VG
71618	VG
71619	VG
71620	VG
71621	VG
71622	VG
71623	VG
71624	VG
71625	VG
71626	VG
71627	VG
71628	VG
71629	VG
71630	VG
71631	VG
71632	VG
71633	VG
71634	VG
71635	VG
71636	VG
71637	VG
71638	VG
71639	VG
71640	VG
71641	VG
71642	VG
71643	VG
71644	VG
71645	VG
71646	VG
71647	VG
71648	VG
71649	VG
71650	VG
71651	VG
71652	VG
71653	VG
71654	VG
71655	VG
71656	VG
71657	VG
71658	VG
71659	VG
71660	VG
71661	VG
71662	VG
71663	VG
71664	VG
71665	VG
71666	VG
71667	VG
71668	VG
71669	VG
71670	VG
71671	VG
71672	VG
71673	VG
71674	VG
71675	VG
71676	VG
71677	VG
71678	VG
71679	VG
71680	VG
71681	VG
71682	VG
71683	VG
71684	VG
71685	VG
71686	VG
71687	VG
71688	VG
71689	VG
71690	VG
71691	VG
71692	VG
71693	VG
71694	VG
71695	VG
71696	VG
71697	VG
71698	VG
71699	VG
71700	VG
71701	VG
71702	VG
71703	VG
71704	VG
71705	VG
71706	VG
71707	VG
71708	VG
71709	VG
71710	VG
71711	VG
71712	VG
71713	VG
71714	VG
71715	VG
71716	VG
71717	VG
71718	VG
71719	VG
71720	VG
71721	VG
71722	VG
71723	VG
71724	VG
71725	VG
71726	VG
71727	VG
71728	VG
71729	VG
71730	VG
71731	VG
71732	VG
71733	VG
71734	VG
71735	VG
71736	VG
71737	VG
71738	VG
71739	VG
71740	VG
71741	VG
71742	VG
71743	VG
71744	VG
71745	VG
71746	VG
71747	VG
71748	VG
71749	VG
71750	VG
71751	VG
71752	VG
71753	VG
71754	VG
71755	VG
71756	VG
71757	VG
71758	VG
71759	VG
71760	VG
71761	VG
71762	VG
71763	VG
71764	VG
71765	VG
71766	VG
71767	VG
71768	VG
71769	VG
71770	VG
71771	VG
71772	VG
71773	VG
71774	VG
71775	VG
71776	VG
71777	VG
71778	VG
71779	VG
71780	VG
71781	VG
71782	VG
71783	VG
71784	VG
71785	VG
71786	VG
71787	VG
71788	VG
71789	VG
71790	VG
71791	VG
71792	VG
71793	VG
71794	VG
71795	VG
71796	VG
71797	VG
71798	VG
71799	VG
71800	VG
71801	VG
71802	VG
71803	VG
71804	VG
71805	VG
71806	VG
71807	VG
71808	VG
71809	VG
71810	VG
71811	VG
71812	VG
71813	VG
71814	VG
71815	VG
71816	VG
71817	VG
71818	VG
71819	VG
71820	VG
71821	VG
71822	VG
71823	VG
71824	VG
71825	VG
71826	VG
71827	VG
71828	VG
71829	VG
71830	VG
71831	VG
71832	VG
71833	VG
71834	VG
71835	VG
71836	VG
71837	VG
71838	VG
71839	VG
71840	VG
71841	VG
71842	VG
71843	VG
71844	VG
71845	VG
71846	VG
71847	VG
71848	VG
71849	VG
71850	VG
71851	VG
71852	VG
71853	VG
71854	VG
71855	VG
71856	VG
71857	VG
71858	VG
71859	VG
71860	VG
71861	VG
71862	VG
71863	VG
71864	VG
71865	VG
71866	VG
71867	VG
71868	VG
71869	VG
71870	VG
71871	VG
71872	VG
71873	VG
71874	VG
71875	VG
71876	VG
71877	VG
71878	VG
71879	VG
71880	VG
71881	VG
71882	VG
71883	VG
71884	VG
71885	VG
71886	VG
71887	VG
71888	VG
71889	VG
71890	VG
71891	VG
71892	VG
71893	VG
71894	VG
71895	VG
71896	VG
71897	VG
71898	VG
71899	VG
71900	VG
71901	VG
71902	VG
71903	VG
71904	VG
71905	VG
71906	VG
71907	VG
71908	VG
71909	VG
71910	VG
71911	VG
71912	VG
71913	VG
71914	VG
71915	VG
71916	VG
71917	VG
71918	VG
71919	VG
71920	VG
71921	VG
71922	VG
71923	VG
71924	VG
71925	VG
71926	VG
71927	VG
71928	VG
71929	VG
71930	VG
71931	VG
71932	VG
71933	VG
71934	VG
71935	VG
71936	VG
71937	VG
71938	VG
71939	VG
71940	VG
71941	VG
71942	VG
71943	VG
71944	VG
71945	VG
71946	VG
71947	VG
71948	VG
71949	VG
71950	VG
71951	VG
71952	VG
71953	VG
71954	VG
71955	VG
71956	VG
71957	VG
71958	VG
71959	VG
71960	VG
71961	VG
71962	VG
71963	VG
71964	VG
71965	VG
71966	VG
71967	VG
71968	VG
71969	VG
71970	VG
71971	VG
71972	VG
71973	VG
71974	VG
71975	VG
71976	VG
71977	VG
71978	VG
71979	VG
71980	VG
71981	VG
71982	VG
71983	VG
71984	VG
71985	VG
71986	VG
71987	VG
71988	VG
71989	VG
71990	VG
71991	VG
71992	VG
71993	VG
71994	VG
71995	VG
71996	VG
71997	VG
71998	VG
71999	VG
72000	VG
72001	VG
72002	VG
72003	VG
72004	VG
72005	VG
72006	VG
72007	VG
72008	VG
72009	VG
72010	VG
72011	VG
72012	VG
72013	VG
72014	VG
72015	VG
72016	VG
72017	VG
72018	VG
72019	VG
72020	VG
72021	VG
72022	VG
72023	VG
72024	VG
72025	VG
72026	VG
72027	VG
72028	VG
72029	VG
72030	VG
72031	VG
72032	VG
72033	VG
72034	VG
72035	VG
72036	VG
72037	VG
72038	VG
72039	VG
72040	VG
72041	VG
72042	VG
72043	VG
72044	VG
72045	VG
72046	VG
72047	VG
72048	VG
72049	VG
72050	VG
72051	VG
72052	VG
72053	VG
72054	VG
72055	VG
72056	VG
72057	VG
72058	VG
72059	VG
72060	VG
72061	VG
72062	VG
72063	VG
72064	VG
72065	VG
72066	VG
72067	VG
72068	VG
72069	VG
72070	VG
72071	VG
72072	VG
72073	VG
72074	VG
72075	VG
72076	VG
72077	VG
72078	VG
72079	VG
72080	VG
72081	VG
72082	VG
72083	VG
72084	VG
72085	VG
72086	VG
72087	VG
72088	VG
72089	VG
72090	VG
72091	VG
72092	VG
72093	VG
72094	VG
72095	VG
72096	VG
72097	VG
72098	VG
72099	VG
72100	VG
72101	VG
72102	VG
72103	VG
72104	VG
72105	VG
72106	VG
72107	VG
72108	VG
72109	VG
72110	VG
72111	VG
72112	VG
72113	VG
72114	VG
72115	VG
72116	VG
72117	VG
72118	VG
72119	VG
72120	VG
72121	VG
72122	VG
72123	VG
72124	VG
72125	VG
72126	VG
72127	VG
72128	VG
72129	VG
72130	VG
72131	VG
72132	VG
72133	VG
72134	VG
72135	VG
72136	VG
72137	VG
72138	VG
72139	VG
72140	VG
72141	VG
72142	VG
72143	VG
72144	VG
72145	VG
72146	VG
72147	VG
72148	VG
72149	VG
72150	VG
72151	VG
72152	VG
72153	VG
72154	VG
72155	VG
72156	VG
72157	VG
72158	VG
72159	VG
72160	VG
72161	VG
72162	VG
72163	VG
72164	VG
72165	VG
72166	VG
72167	VG
72168	VG
72169	VG
72170	VG
72171	VG
72172	VG
72173	VG
72174	VG
72175	VG
72176	VG
72177	VG
72178	VG
72179	VG
72180	VG
72181	VG
72182	VG
72183	VG
72184	VG
72185	VG
72186	VG
72187	VG
72188	VG
72189	VG
72190	VG
72191	VG
72192	VG
72193	VG
72194	VG
72195	VG
72196	VG
72197	VG
72198	VG
72199	VG
72200	VG
72201	VG
72202	VG
72203	VG
72204	VG
72205	VG
72206	VG
72207	VG
72208	VG
72209	VG
72210	VG
72211	VG
72212	VG
72213	VG
72214	VG
72215	VG
72216	VG
72217	VG
72218	VG
72219	VG
72220	VG
72221	VG
72222	VG
72223	VG
72224	VG
72225	VG
72226	VG
72227	VG
72228	VG
72229	VG
72230	VG
72231	VG
72232	VG
72233	VG
72234	VG
72235	VG
72236	VG
72237	VG
72238	VG
72239	VG
72240	VG
72241	VG
72242	VG
72243	VG
72244	VG
72245	VG
72246	VG
72247	VG
72248	VG
72249	VG
72250	VG
72251	VG
72252	VG
72253	VG
72254	VG
72255	VG
72256	VG
72257	VG
72258	VG
72259	VG
72260	VG
72261	VG
72262	VG
72263	VG
72264	VG
72265	VG
72266	VG
72267	VG
72268	VG
72269	VG
72270	VG
72271	VG
72272	VG
72273	VG
72274	VG
72275	VG
72276	VG
72277	VG
72278	VG
72279	VG
72280	VG
72281	VG
72282	VG
72283	VG
72284	VG
72285	VG
72286	VG
72287	VG
72288	VG
72289	VG
72290	VG
72291	VG
72292	VG
72293	VG
72294	VG
72295	VG
72296	VG
72297	VG
72298	VG
72299	VG
72300	VG
72301	VG
72302	VG
72303	VG
72304	VG
72305	VG
72306	VG
72307	VG
72308	VG
72309	VG
72310	VG
72311	VG
72312	VG
72313	VG
72314	VG
72315	VG
72316	VG
72317	VG
72318	VG
72319	VG
72320	VG
72321	VG
72322	VG
72323	VG
72324	VG
72325	VG
72326	VG
72327	VG
72328	VG
72329	VG
72330	VG
72331	VG
72332	VG
72333	VG
72334	VG
72335	VG
72336	VG
72337	VG
72338	VG
72339	VG
72340	VG
72341	VG
72342	VG
72343	VG
72344	VG
72345	VG
72346	VG
72347	VG
72348	VG
72349	VG
72350	VG
72351	VG
72352	VG
72353	VG
72354	VG
72355	VG
72356	VG
72357	VG
72358	VG
72359	VG
72360	VG
72361	VG
72362	VG
72363	VG
72364	VG
72365	VG
72366	VG
72367	VG
72368	VG
72369	VG
72370	VG
72371	VG
72372	VG
72373	VG
72374	VG
72375	VG
72376	VG
72377	VG
72378	VG
72379	VG
72380	VG
72381	VG
72382	VG
72383	VG
72384	VG
72385	VG
72386	VG
72387	VG
72388	VG
72389	VG
72390	VG
72391	VG
72392	VG
72393	VG
72394	VG
72395	VG
72396	VG
72397	VG
72398	VG
72399	VG
72400	VG
72401	VG
72402	VG
72403	VG
72404	VG
72405	VG
72406	VG
72407	VG
72408	VG
72409	VG
72410	VG
72411	VG
72412	VG
72413	VG
72414	VG
72415	VG
72416	VG
72417	VG
72418	VG
72419	VG
72420	VG
72421	VG
72422	VG
72423	VG
72424	VG
72425	VG
72426	VG
72427	VG
72428	VG
72429	VG
72430	VG
72431	VG
72432	VG
72433	VG
72434	VG
72435	VG
72436	VG
72437	VG
72438	VG
72439	VG
72440	VG
72441	VG
72442	VG
72443	VG
72444	VG
72445	VG
72446	VG
72447	VG
72448	VG
72449	VG
72450	VG
72451	VG
72452	VG
72453	VG
72454	VG
72455	VG
72456	VG
72457	VG
72458	VG
72459	VG
72460	VG
72461	VG
72462	VG
72463	VG
72464	VG
72465	VG
72466	VG
72467	VG
72468	VG
72469	VG
72470	VG
72471	VG
72472	VG
72473	VG
72474	VG
72475	VG
72476	VG
72477	VG
72478	VG
72479	VG
72480	VG
72481	VG
72482	VG
72483	VG
72484	VG
72485	VG
72486	VG
72487	VG
72488	VG
72489	VG
72490	VG
72491	VG
72492	VG
72493	VG
72494	VG
72495	VG
72496	VG
72497	VG
72498	VG
72499	VG
72500	VG
72501	VG
72502	VG
72503	VG
72504	VG
72505	VG
72506	VG
72507	VG
72508	VG
72509	VG
72510	VG
72511	VG
72512	VG
72513	VG
72514	VG
72515	VG
72516	VG
72517	VG
72518	VG
72519	VG
72520	VG
72521	VG
72522	VG
72523	VG
72524	VG
72525	VG
72526	VG
72527	VG
72528	VG
72529	VG
72530	VG
72531	VG
72532	VG
72533	VG
72534	VG
72535	VG
72536	VG
72537	VG
72538	VG
72539	VG
72540	VG
72541	VG
72542	VG
72543	VG
72544	VG
72545	VG
72546	VG
72547	VG
72548	VG
72549	VG
72550	VG
72551	VG
72552	VG
72553	VG
72554	VG
72555	VG
72556	VG
72557	VG
72558	VG
72559	VG
72560	VG
72561	VG
72562	VG
72563	VG
72564	VG
72565	VG
72566	VG
72567	VG
72568	VG
72569	VG
72570	VG
72571	VG
72572	VG
72573	VG
72574	VG
72575	VG
72576	VG
72577	VG
72578	VG
72579	VG
72580	VG
72581	VG
72582	VG
72583	VG
72584	VG
72585	VG
72586	VG
72587	VG
72588	VG
72589	VG
72590	VG
72591	VG
72592	VG
72593	VG
72594	VG
72595	VG
72596	VG
72597	VG
72598	VG
72599	VG
72600	VG
72601	VG
72602	VG
72603	VG
72604	VG
72605	VG
72606	VG
72607	VG
72608	VG
72609	VG
72610	VG
72611	VG
72612	VG
72613	VG
72614	VG
72615	VG
72616	VG
72617	VG
72618	VG
72619	VG
72620	VG
72621	VG
72622	VG
72623	VG
72624	VG
72625	VG
72626	VG
72627	VG
72628	VG
72629	VG
72630	VG
72631	VG
72632	VG
72633	VG
72634	VG
72635	VG
72636	VG
72637	VG
72638	VG
72639	VG
72640	VG
72641	VG
72642	VG
72643	VG
72644	VG
72645	VG
72646	VG
72647	VG
72648	VG
72649	VG
72650	VG
72651	VG
72652	VG
72653	VG
72654	VG
72655	VG
72656	VG
72657	VG
72658	VG
72659	VG
72660	VG
72661	VG
72662	VG
72663	VG
72664	VG
72665	VG
72666	VG
72667	VG
72668	VG
72669	VG
72670	VG
72671	VG
72672	VG
72673	VG
72674	VG
72675	VG
72676	VG
72677	VG
72678	VG
72679	VG
72680	VG
72681	VG
72682	VG
72683	VG
72684	VG
72685	VG
72686	VG
72687	VG
72688	VG
72689	VG
72690	VG
72691	VG
72692	VG
72693	VG
72694	VG
72695	VG
72696	VG
72697	VG
72698	VG
72699	VG
72700	VG
72701	VG
72702	VG
72703	VG
72704	VG
72705	VG
72706	VG
72707	VG
72708	VG
72709	VG
72710	VG
72711	VG
72712	VG
72713	VG
72714	VG
72715	VG
72716	VG
72717	VG
72718	VG
72719	VG
72720	VG
72721	VG
72722	VG
72723	VG
72724	VG
72725	VG
72726	VG
72727	VG
72728	VG
72729	VG
72730	VG
72731	VG
72732	VG
72733	VG
72734	VG
72735	VG
72736	VG
72737	VG
72738	VG
72739	VG
72740	VG
72741	VG
72742	VG
72743	VG
72744	VG
72745	VG
72746	VG
72747	VG
72748	VG
72749	VG
72750	VG
72751	VG
72752	VG
72753	VG
72754	VG
72755	VG
72756	VG
72757	VG
72758	VG
72759	VG
72760	VG
72761	VG
72762	VG
72763	VG
72764	VG
72765	VG
72766	VG
72767	VG
72768	VG
72769	VG
72770	VG
72771	VG
72772	VG
72773	VG
72774	VG
72775	VG
72776	VG
72777	VG
72778	VG
72779	VG
72780	VG
72781	VG
72782	VG
72783	VG
72784	VG
72785	VG
72786	VG
72787	VG
72788	VG
72789	VG
72790	VG
72791	VG
72792	VG
72793	VG
72794	VG
72795	VG
72796	VG
72797	VG
72798	VG
72799	VG
72800	VG
72801	VG
72802	VG
72803	VG
72804	VG
72805	VG
72806	VG
72807	VG
72808	VG
72809	VG
72810	VG
72811	VG
72812	VG
72813	VG
72814	VG
72815	VG
72816	VG
72817	VG
72818	VG
72819	VG
72820	VG
72821	VG
72822	VG
72823	VG
72824	VG
72825	VG
72826	VG
72827	VG
72828	VG
72829	VG
72830	VG
72831	VG
72832	VG
72833	VG
72834	VG
72835	VG
72836	VG
72837	VG
72838	VG
72839	VG
72840	VG
72841	VG
72842	VG
72843	VG
72844	VG
72845	VG
72846	VG
72847	VG
72848	VG
72849	VG
72850	VG
72851	VG
72852	VG
72853	VG
72854	VG
72855	VG
72856	VG
72857	VG
72858	VG
72859	VG
72860	VG
72861	VG
72862	VG
72863	VG
72864	VG
72865	VG
72866	VG
72867	VG
72868	VG
72869	VG
72870	VG
72871	VG
72872	VG
72873	VG
72874	VG
72875	VG
72876	VG
72877	VG
72878	VG
72879	VG
72880	VG
72881	VG
72882	VG
72883	VG
72884	VG
72885	VG
72886	VG
72887	VG
72888	VG
72889	VG
72890	VG
72891	VG
72892	VG
72893	VG
72894	VG
72895	VG
72896	VG
72897	VG
72898	VG
72899	VG
72900	VG
72901	VG
72902	VG
72903	VG
72904	VG
72905	VG
72906	VG
72907	VG
72908	VG
72909	VG
72910	VG
72911	VG
72912	VG
72913	VG
72914	VG
72915	VG
72916	VG
72917	VG
72918	VG
72919	VG
72920	VG
72921	VG
72922	VG
72923	VG
72924	VG
72925	VG
72926	VG
72927	VG
72928	VG
72929	VG
72930	VG
72931	VG
72932	VG
72933	VG
72934	VG
72935	VG
72936	VG
72937	VG
72938	VG
72939	VG
72940	VG
72941	VG
72942	VG
72943	VG
72944	VG
72945	VG
72946	VG
72947	VG
72948	VG
72949	VG
72950	VG
72951	VG
72952	VG
72953	VG
72954	VG
72955	VG
72956	VG
72957	VG
72958	VG
72959	VG
72960	VG
72961	VG
72962	VG
72963	VG
72964	VG
72965	VG
72966	VG
72967	VG
72968	VG
72969	VG
72970	VG
72971	VG
72972	VG
72973	VG
72974	VG
72975	VG
72976	VG
72977	VG
72978	VG
72979	VG
72980	VG
72981	VG
72982	VG
72983	VG
72984	VG
72985	VG
72986	VG
72987	VG
72988	VG
72989	VG
72990	VG
72991	VG
72992	VG
72993	VG
72994	VG
72995	VG
72996	VG
72997	VG
72998	VG
72999	VG
73000	VG
73001	VG
73002	VG
73003	VG
73004	VG
73005	VG
73006	VG
73007	VG
73008	VG
73009	VG
73010	VG
73011	VG
73012	VG
73013	VG
73014	VG
73015	VG
73016	VG
73017	VG
73018	VG
73019	VG
73020	VG
73021	VG
73022	VG
73023	VG
73024	VG
73025	VG
73026	VG
73027	VG
73028	VG
73029	VG
73030	VG
73031	VG
73032	VG
73033	VG
73034	VG
73035	VG
73036	VG
73037	VG
73038	VG
73039	VG
73040	VG
73041	VG
73042	VG
73043	VG
73044	VG
73045	VG
73046	VG
73047	VG
73048	VG
73049	VG
73050	VG
73051	VG
73052	VG
73053	VG
73054	VG
73055	VG
73056	VG
73057	VG
73058	VG
73059	VG
73060	VG
73061	VG
73062	VG
73063	VG
73064	VG
73065	VG
73066	VG
73067	VG
73068	VG
73069	VG
73070	VG
73071	VG
73072	VG
73073	VG
73074	VG
73075	VG
73076	VG
73077	VG
73078	VG
73079	VG
73080	VG
73081	VG
73082	VG
73083	VG
73084	VG
73085	VG
73086	VG
73087	VG
73088	VG
73089	VG
73090	VG
73091	VG
73092	VG
73093	VG
73094	VG
73095	VG
73096	VG
73097	VG
73098	VG
73099	VG
73100	VG
73101	VG
73102	VG
73103	VG
73104	VG
73105	VG
73106	VG
73107	VG
73108	VG
73109	VG
73110	VG
73111	VG
73112	VG
73113	VG
73114	VG
73115	VG
73116	VG
73117	VG
73118	VG
73119	VG
73120	VG
73121	VG
73122	VG
73123	VG
73124	VG
73125	VG
73126	VG
73127	VG
73128	VG
73129	VG
73130	VG
73131	VG
73132	VG
73133	VG
73134	VG
73135	VG
73136	VG
73137	VG
73138	VG
73139	VG
73140	VG
73141	VG
73142	VG
73143	VG
73144	VG
73145	VG
73146	VG
73147	VG
73148	VG
73149	VG
73150	VG
73151	VG
73152	VG
73153	VG
73154	VG
73155	VG
73156	VG
73157	VG
73158	VG
73159	VG
73160	VG
73161	VG
73162	VG
73163	VG
73164	VG
73165	VG
73166	VG
73167	VG
73168	VG
73169	VG
73170	VG
73171	VG
73172	VG
73173	VG
73174	VG
73175	VG
73176	VG
73177	VG
73178	VG
73179	VG
73180	VG
73181	VG
73182	VG
73183	VG
73184	VG
73185	VG
73186	VG
73187	VG
73188	VG
73189	VG
73190	VG
73191	VG
73192	VG
73193	VG
73194	VG
73195	VG
73196	VG
73197	VG
73198	VG
73199	VG
73200	VG
73201	VG
73202	VG
73203	VG
73204	VG
73205	VG
73206	VG
73207	VG
73208	VG
73209	VG
73210	VG
73211	VG
73212	VG
73213	VG
73214	VG
73215	VG
73216	VG
73217	VG
73218	VG
73219	VG
73220	VG
73221	VG
73222	VG
73223	VG
73224	VG
73225	VG
73226	VG
73227	VG
73228	VG
73229	VG
73230	VG
73231	VG
73232	VG
73233	VG
73234	VG
73235	VG
73236	VG
73237	VG
73238	VG
73239	VG
73240	VG
73241	VG
73242	VG
73243	VG
73244	VG
73245	VG
73246	VG
73247	VG
73248	VG
73249	VG
73250	VG
73251	VG
73252	VG
73253	VG
73254	VG
73255	VG
73256	VG
73257	VG
73258	VG
73259	VG
73260	VG
73261	VG
73262	VG
73263	VG
73264	VG
73265	VG
73266	VG
73267	VG
73268	VG
73269	VG
73270	VG
73271	VG
73272	VG
73273	VG
73274	VG
73275	VG
73276	VG
73277	VG
73278	VG
73279	VG
73280	VG
73281	VG
73282	VG
73283	VG
73284	VG
73285	VG
73286	VG
73287	VG
73288	VG
73289	VG
73290	VG
73291	VG
73292	VG
73293	VG
73294	VG
73295	VG
73296	VG
73297	VG
73298	VG
73299	VG
73300	VG
73301	VG
73302	VG
73303	VG
73304	VG
73305	VG
73306	VG
73307	VG
73308	VG
73309	VG
73310	VG
73311	VG
73312	VG
73313	VG
73314	VG
73315	VG
73316	VG
73317	VG
73318	VG
73319	VG
73320	VG
73321	VG
73322	VG
73323	VG
73324	VG
73325	VG
73326	VG
73327	VG
73328	VG
73329	VG
73330	VG
73331	VG
73332	VG
73333	VG
73334	VG
73335	VG
73336	VG
73337	VG
73338	VG
73339	VG
73340	VG
73341	VG
73342	VG
73343	VG
73344	VG
73345	VG
73346	VG
73347	VG
73348	VG
73349	VG
73350	VG
73351	VG
73352	VG
73353	VG
73354	VG
73355	VG
73356	VG
73357	VG
73358	VG
73359	VG
73360	VG
73361	VG
73362	VG
73363	VG
73364	VG
73365	VG
73366	VG
73367	VG
73368	VG
73369	VG
73370	VG
73371	VG
73372	VG
73373	VG
73374	VG
73375	VG
73376	VG
73377	VG
73378	VG
73379	VG
73380	VG
73381	VG
73382	VG
73383	VG
73384	VG
73385	VG
73386	VG
73387	VG
73388	VG
73389	VG
73390	VG
73391	VG
73392	VG
73393	VG
73394	VG
73395	VG
73396	VG
73397	VG
73398	VG
73399	VG
73400	VG
73401	VG
73402	VG
73403	VG
73404	VG
73405	VG
73406	VG
73407	VG
73408	VG
73409	VG
73410	VG
73411	VG
73412	VG
73413	VG
73414	VG
73415	VG
73416	VG
73417	VG
73418	VG
73419	VG
73420	VG
73421	VG
73422	VG
73423	VG
73424	VG
73425	VG
73426	VG
73427	VG
73428	VG
73429	VG
73430	VG
73431	VG
73432	VG
73433	VG
73434	VG
73435	VG
73436	VG
73437	VG
73438	VG
73439	VG
73440	VG
73441	VG
73442	VG
73443	VG
73444	VG
73445	VG
73446	VG
73447	VG
73448	VG
73449	VG
73450	VG
73451	VG
73452	VG
73453	VG
73454	VG
73455	VG
73456	VG
73457	VG
73458	VG
73459	VG
73460	VG
73461	VG
73462	VG
73463	VG
73464	VG
73465	VG
73466	VG
73467	VG
73468	VG
73469	VG
73470	VG
73471	VG
73472	VG
73473	VG
73474	VG
73475	VG
73476	VG
73477	VG
73478	VG
73479	VG
73480	VG
73481	VG
73482	VG
73483	VG
73484	VG
73485	VG
73486	VG
73487	VG
73488	VG
73489	VG
73490	VG
73491	VG
73492	VG
73493	VG
73494	VG
73495	VG
73496	VG
73497	VG
73498	VG
73499	VG
73500	VG
73501	VG
73502	VG
73503	VG
73504	VG
73505	VG
73506	VG
73507	VG
73508	VG
73509	VG
73510	VG
73511	VG
73512	VG
73513	VG
73514	VG
73515	VG
73516	VG
73517	VG
73518	VG
73519	VG
73520	VG
73521	VG
73522	VG
73523	VG
73524	VG
73525	VG
73526	VG
73527	VG
73528	VG
73529	VG
73530	VG
73531	VG
73532	VG
73533	VG
73534	VG
73535	VG
73536	VG
73537	VG
73538	VG
73539	VG
73540	VG
73541	VG
73542	VG
73543	VG
73544	VG
73545	VG
73546	VG
73547	VG
73548	VG
73549	VG
73550	VG
73551	VG
73552	VG
73553	VG
73554	VG
73555	VG
73556	VG
73557	VG
73558	VG
73559	VG
73560	VG
73561	VG
73562	VG
73563	VG
73564	VG
73565	VG
73566	VG
73567	VG
73568	VG
73569	VG
73570	VG
73571	VG
73572	VG
73573	VG
73574	VG
73575	VG
73576	VG
73577	VG
73578	VG
73579	VG
73580	VG
73581	VG
73582	VG
73583	VG
73584	VG
73585	VG
73586	VG
73587	VG
73588	VG
73589	VG
73590	VG
73591	VG
73592	VG
73593	VG
73594	VG
73595	VG
73596	VG
73597	VG
73598	VG
73599	VG
73600	VG
73601	VG
73602	VG
73603	VG
73604	VG
73605	VG
73606	VG
73607	VG
73608	VG
73609	VG
73610	VG
73611	VG
73612	VG
73613	VG
73614	VG
73615	VG
73616	VG
73617	VG
73618	VG
73619	VG
73620	VG
73621	VG
73622	VG
73623	VG
73624	VG
73625	VG
73626	VG
73627	VG
73628	VG
73629	VG
73630	VG
73631	VG
73632	VG
73633	VG
73634	VG
73635	VG
73636	VG
73637	VG
73638	VG
73639	VG
73640	VG
73641	VG
73642	VG
73643	VG
73644	VG
73645	VG
73646	VG
73647	VG
73648	VG
73649	VG
73650	VG
73651	VG
73652	VG
73653	VG
73654	VG
73655	VG
73656	VG
73657	VG
73658	VG
73659	VG
73660	VG
73661	VG
73662	VG
73663	VG
73664	VG
73665	VG
73666	VG
73667	VG
73668	VG
73669	VG
73670	VG
73671	VG
73672	VG
73673	VG
73674	VG
73675	VG
73676	VG
73677	VG
73678	VG
73679	VG
73680	VG
73681	VG
73682	VG
73683	VG
73684	VG
73685	VG
73686	VG
73687	VG
73688	VG
73689	VG
73690	VG
73691	VG
73692	VG
73693	VG
73694	VG
73695	VG
73696	VG
73697	VG
73698	VG
73699	VG
73700	VG
73701	VG
73702	VG
73703	VG
73704	VG
73705	VG
73706	VG
73707	VG
73708	VG
73709	VG
73710	VG
73711	VG
73712	VG
73713	VG
73714	VG
73715	VG
73716	VG
73717	VG
73718	VG
73719	VG
73720	VG
73721	VG
73722	VG
73723	VG
73724	VG
73725	VG
73726	VG
73727	VG
73728	VG
73729	VG
73730	VG
73731	VG
73732	VG
73733	VG
73734	VG
73735	VG
73736	VG
73737	VG
73738	VG
73739	VG
73740	VG
73741	VG
73742	VG
73743	VG
73744	VG
73745	VG
73746	VG
73747	VG
73748	VG
73749	VG
73750	VG
73751	VG
73752	VG
73753	VG
73754	VG
73755	VG
73756	VG
73757	VG
73758	VG
73759	VG
73760	VG
73761	VG
73762	VG
73763	VG
73764	VG
73765	VG
73766	VG
73767	VG
73768	VG
73769	VG
73770	VG
73771	VG
73772	VG
73773	VG
73774	VG
73775	VG
73776	VG
73777	VG
73778	VG
73779	VG
73780	VG
73781	VG
73782	VG
73783	VG
73784	VG
73785	VG
73786	VG
73787	VG
73788	VG
73789	VG
73790	VG
73791	VG
73792	VG
73793	VG
73794	VG
73795	VG
73796	VG
73797	VG
73798	VG
73799	VG
73800	VG
73801	VG
73802	VG
73803	VG
73804	VG
73805	VG
73806	VG
73807	VG
73808	VG
73809	VG
73810	VG
73811	VG
73812	VG
73813	VG
73814	VG
73815	VG
73816	VG
73817	VG
73818	VG
73819	VG
73820	VG
73821	VG
73822	VG
73823	VG
73824	VG
73825	VG
73826	VG
73827	VG
73828	VG
73829	VG
73830	VG
73831	VG
73832	VG
73833	VG
73834	VG
73835	VG
73836	VG
73837	VG
73838	VG
73839	VG
73840	VG
73841	VG
73842	VG
73843	VG
73844	VG
73845	VG
73846	VG
73847	VG
73848	VG
73849	VG
73850	VG
73851	VG
73852	VG
73853	VG
73854	VG
73855	VG
73856	VG
73857	VG
73858	VG
73859	VG
73860	VG
73861	VG
73862	VG
73863	VG
73864	VG
73865	VG
73866	VG
73867	VG
73868	VG
73869	VG
73870	VG
73871	VG
73872	VG
73873	VG
73874	VG
73875	VG
73876	VG
73877	VG
73878	VG
73879	VG
73880	VG
73881	VG
73882	VG
73883	VG
73884	VG
73885	VG
73886	VG
73887	VG
73888	VG
73889	VG
73890	VG
73891	VG
73892	VG
73893	VG
73894	VG
73895	VG
73896	VG
73897	VG
73898	VG
73899	VG
73900	VG
73901	VG
73902	VG
73903	VG
73904	VG
73905	VG
73906	VG
73907	VG
73908	VG
73909	VG
73910	VG
73911	VG
73912	VG
73913	VG
73914	VG
73915	VG
73916	VG
73917	VG
73918	VG
73919	VG
73920	VG
73921	VG
73922	VG
73923	VG
73924	VG
73925	VG
73926	VG
73927	VG
73928	VG
73929	VG
73930	VG
73931	VG
73932	VG
73933	VG
73934	VG
73935	VG
73936	VG
73937	VG
73938	VG
73939	VG
73940	VG
73941	VG
73942	VG
73943	VG
73944	VG
73945	VG
73946	VG
73947	VG
73948	VG
73949	VG
73950	VG
73951	VG
73952	VG
73953	VG
73954	VG
73955	VG
73956	VG
73957	VG
73958	VG
73959	VG
73960	VG
73961	VG
73962	VG
73963	VG
73964	VG
73965	VG
73966	VG
73967	VG
73968	VG
73969	VG
73970	VG
73971	VG
73972	VG
73973	VG
73974	VG
73975	VG
73976	VG
73977	VG
73978	VG
73979	VG
73980	VG
73981	VG
73982	VG
73983	VG
73984	VG
73985	VG
73986	VG
73987	VG
73988	VG
73989	VG
73990	VG
73991	VG
73992	VG
73993	VG
73994	VG
73995	VG
73996	VG
73997	VG
73998	VG
73999	VG
74000	VG
74001	VG
74002	VG
74003	VG
74004	VG
74005	VG
74006	VG
74007	VG
74008	VG
74009	VG
74010	VG
74011	VG
74012	VG
74013	VG
74014	VG
74015	VG
74016	VG
74017	VG
74018	VG
74019	VG
74020	VG
74021	VG
74022	VG
74023	VG
74024	VG
74025	VG
74026	VG
74027	VG
74028	VG
74029	VG
74030	VG
74031	VG
74032	VG
74033	VG
74034	VG
74035	VG
74036	VG
74037	VG
74038	VG
74039	VG
74040	VG
74041	VG
74042	VG
74043	VG
74044	VG
74045	VG
74046	VG
74047	VG
74048	VG
74049	VG
74050	VG
74051	VG
74052	VG
74053	VG
74054	VG
74055	VG
74056	VG
74057	VG
74058	VG
74059	VG
74060	VG
74061	VG
74062	VG
74063	VG
74064	VG
74065	VG
74066	VG
74067	VG
74068	VG
74069	VG
74070	VG
74071	VG
74072	VG
74073	VG
74074	VG
74075	VG
74076	VG
74077	VG
74078	VG
74079	VG
74080	VG
74081	VG
74082	VG
74083	VG
74084	VG
74085	VG
74086	VG
74087	VG
74088	VG
74089	VG
74090	VG
74091	VG
74092	VG
74093	VG
74094	VG
74095	VG
74096	VG
74097	VG
74098	VG
74099	VG
74100	VG
74101	VG
74102	VG
74103	VG
74104	VG
74105	VG
74106	VG
74107	VG
74108	VG
74109	VG
74110	VG
74111	VG
74112	VG
74113	VG
74114	VG
74115	VG
74116	VG
74117	VG
74118	VG
74119	VG
74120	VG
74121	VG
74122	VG
74123	VG
74124	VG
74125	VG
74126	VG
74127	VG
74128	VG
74129	VG
74130	VG
74131	VG
74132	VG
74133	VG
74134	VG
74135	VG
74136	VG
74137	VG
74138	VG
74139	VG
74140	VG
74141	VG
74142	VG
74143	VG
74144	VG
74145	VG
74146	VG
74147	VG
74148	VG
74149	VG
74150	VG
74151	VG
74152	VG
74153	VG
74154	VG
74155	VG
74156	VG
74157	VG
74158	VG
74159	VG
74160	VG
74161	VG
74162	VG
74163	VG
74164	VG
74165	VG
74166	VG
74167	VG
74168	VG
74169	VG
74170	VG
74171	VG
74172	VG
74173	VG
74174	VG
74175	VG
74176	VG
74177	VG
74178	VG
74179	VG
74180	VG
74181	VG
74182	VG
74183	VG
74184	VG
74185	VG
74186	VG
74187	VG
74188	VG
74189	VG
74190	VG
74191	VG
74192	VG
74193	VG
74194	VG
74195	VG
74196	VG
74197	VG
74198	VG
74199	VG
74200	VG
74201	VG
74202	VG
74203	VG
74204	VG
74205	VG
74206	VG
74207	VG
74208	VG
74209	VG
74210	VG
74211	VG
74212	VG
74213	VG
74214	VG
74215	VG
74216	VG
74217	VG
74218	VG
74219	VG
74220	VG
74221	VG
74222	VG
74223	VG
74224	VG
74225	VG
74226	VG
74227	VG
74228	VG
74229	VG
74230	VG
74231	VG
74232	VG
74233	VG
74234	VG
74235	VG
74236	VG
74237	VG
74238	VG
74239	VG
74240	VG
74241	VG
74242	VG
74243	VG
74244	VG
74245	VG
74246	VG
74247	VG
74248	VG
74249	VG
74250	VG
74251	VG
74252	VG
74253	VG
74254	VG
74255	VG
74256	VG
74257	VG
74258	VG
74259	VG
74260	VG
74261	VG
74262	VG
74263	VG
74264	VG
74265	VG
74266	VG
74267	VG
74268	VG
74269	VG
74270	VG
74271	VG
74272	VG
74273	VG
74274	VG
74275	VG
74276	VG
74277	VG
74278	VG
74279	VG
74280	VG
74281	VG
74282	VG
74283	VG
74284	VG
74285	VG
74286	VG
74287	VG
74288	VG
74289	VG
74290	VG
74291	VG
74292	VG
74293	VG
74294	VG
74295	VG
74296	VG
74297	VG
74298	VG
74299	VG
74300	VG
74301	VG
74302	VG
74303	VG
74304	VG
74305	VG
74306	VG
74307	VG
74308	VG
74309	VG
74310	VG
74311	VG
74312	VG
74313	VG
74314	VG
74315	VG
74316	VG
74317	VG
74318	VG
74319	VG
74320	VG
74321	VG
74322	VG
74323	VG
74324	VG
74325	VG
74326	VG
74327	VG
74328	VG
74329	VG
74330	VG
74331	VG
74332	VG
74333	VG
74334	VG
74335	VG
74336	VG
74337	VG
74338	VG
74339	VG
74340	VG
74341	VG
74342	VG
74343	VG
74344	VG
74345	VG
74346	VG
74347	VG
74348	VG
74349	VG
74350	VG
74351	VG
74352	VG
74353	VG
74354	VG
74355	VG
74356	VG
74357	VG
74358	VG
74359	VG
74360	VG
74361	VG
74362	VG
74363	VG
74364	VG
74365	VG
74366	VG
74367	VG
74368	VG
74369	VG
74370	VG
74371	VG
74372	VG
74373	VG
74374	VG
74375	VG
74376	VG
74377	VG
74378	VG
74379	VG
74380	VG
74381	VG
74382	VG
74383	VG
74384	VG
74385	VG
74386	VG
74387	VG
74388	VG
74389	VG
74390	VG
74391	VG
74392	VG
74393	VG
74394	VG
74395	VG
74396	VG
74397	VG
74398	VG
74399	VG
74400	VG
74401	VG
74402	VG
74403	VG
74404	VG
74405	VG
74406	VG
74407	VG
74408	VG
74409	VG
74410	VG
74411	VG
74412	VG
74413	VG
74414	VG
74415	VG
74416	VG
74417	VG
74418	VG
74419	VG
74420	VG
74421	VG
74422	VG
74423	VG
74424	VG
74425	VG
74426	VG
74427	VG
74428	VG
74429	VG
74430	VG
74431	VG
74432	VG
74433	VG
74434	VG
74435	VG
74436	VG
74437	VG
74438	VG
74439	VG
74440	VG
74441	VG
74442	VG
74443	VG
74444	VG
74445	VG
74446	VG
74447	VG
74448	VG
74449	VG
74450	VG
74451	VG
74452	VG
74453	VG
74454	VG
74455	VG
74456	VG
74457	VG
74458	VG
74459	VG
74460	VG
74461	VG
74462	VG
74463	VG
74464	VG
74465	VG
74466	VG
74467	VG
74468	VG
74469	VG
74470	VG
74471	VG
74472	VG
74473	VG
74474	VG
74475	VG
74476	VG
74477	VG
74478	VG
74479	VG
74480	VG
74481	VG
74482	VG
74483	VG
74484	VG
74485	VG
74486	VG
74487	VG
74488	VG
74489	VG
74490	VG
74491	VG
74492	VG
74493	VG
74494	VG
74495	VG
74496	VG
74497	VG
74498	VG
74499	VG
74500	VG
74501	VG
74502	VG
74503	VG
74504	VG
74505	VG
74506	VG
74507	VG
74508	VG
74509	VG
74510	VG
74511	VG
74512	VG
74513	VG
74514	VG
74515	VG
74516	VG
74517	VG
74518	VG
74519	VG
74520	VG
74521	VG
74522	VG
74523	VG
74524	VG
74525	VG
74526	VG
74527	VG
74528	VG
74529	VG
74530	VG
74531	VG
74532	VG
74533	VG
74534	VG
74535	VG
74536	VG
74537	VG
74538	VG
74539	VG
74540	VG
74541	VG
74542	VG
74543	VG
74544	VG
74545	VG
74546	VG
74547	VG
74548	VG
74549	VG
74550	VG
74551	VG
74552	VG
74553	VG
74554	VG
74555	VG
74556	VG
74557	VG
74558	VG
74559	VG
74560	VG
74561	VG
74562	VG
74563	VG
74564	VG
74565	VG
74566	VG
74567	VG
74568	VG
74569	VG
74570	VG
74571	VG
74572	VG
74573	VG
74574	VG
74575	VG
74576	VG
74577	VG
74578	VG
74579	VG
74580	VG
74581	VG
74582	VG
74583	VG
74584	VG
74585	VG
74586	VG
74587	VG
74588	VG
74589	VG
74590	VG
74591	VG
74592	VG
74593	VG
74594	VG
74595	VG
74596	VG
74597	VG
74598	VG
74599	VG
74600	VG
74601	VG
74602	VG
74603	VG
74604	VG
74605	VG
74606	VG
74607	VG
74608	VG
74609	VG
74610	VG
74611	VG
74612	VG
74613	VG
74614	VG
74615	VG
74616	VG
74617	VG
74618	VG
74619	VG
74620	VG
74621	VG
74622	VG
74623	VG
74624	VG
74625	VG
74626	VG
74627	VG
74628	VG
74629	VG
74630	VG
74631	VG
74632	VG
74633	VG
74634	VG
74635	VG
74636	VG
74637	VG
74638	VG
74639	VG
74640	VG
74641	VG
74642	VG
74643	VG
74644	VG
74645	VG
74646	VG
74647	VG
74648	VG
74649	VG
74650	VG
74651	VG
74652	VG
74653	VG
74654	VG
74655	VG
74656	VG
74657	VG
74658	VG
74659	VG
74660	VG
74661	VG
74662	VG
74663	VG
74664	VG
74665	VG
74666	VG
74667	VG
74668	VG
74669	VG
74670	VG
74671	VG
74672	VG
74673	VG
74674	VG
74675	VG
74676	VG
74677	VG
74678	VG
74679	VG
74680	VG
74681	VG
74682	VG
74683	VG
74684	VG
74685	VG
74686	VG
74687	VG
74688	VG
74689	VG
74690	VG
74691	VG
74692	VG
74693	VG
74694	VG
74695	VG
74696	VG
74697	VG
74698	VG
74699	VG
74700	VG
74701	VG
74702	VG
74703	VG
74704	VG
74705	VG
74706	VG
74707	VG
74708	VG
74709	VG
74710	VG
74711	VG
74712	VG
74713	VG
74714	VG
74715	VG
74716	VG
74717	VG
74718	VG
74719	VG
74720	VG
74721	VG
74722	VG
74723	VG
74724	VG
74725	VG
74726	VG
74727	VG
74728	VG
74729	VG
74730	VG
74731	VG
74732	VG
74733	VG
74734	VG
74735	VG
74736	VG
74737	VG
74738	VG
74739	VG
74740	VG
74741	VG
74742	VG
74743	VG
74744	VG
74745	VG
74746	VG
74747	VG
74748	VG
74749	VG
74750	VG
74751	VG
74752	VG
74753	VG
74754	VG
74755	VG
74756	VG
74757	VG
74758	VG
74759	VG
74760	VG
74761	VG
74762	VG
74763	VG
74764	VG
74765	VG
74766	VG
74767	VG
74768	VG
74769	VG
74770	VG
74771	VG
74772	VG
74773	VG
74774	VG
74775	VG
74776	VG
74777	VG
74778	VG
74779	VG
74780	VG
74781	VG
74782	VG
74783	VG
74784	VG
74785	VG
74786	VG
74787	VG
74788	VG
74789	VG
74790	VG
74791	VG
74792	VG
74793	VG
74794	VG
74795	VG
74796	VG
74797	VG
74798	VG
74799	VG
74800	VG
74801	VG
74802	VG
74803	VG
74804	VG
74805	VG
74806	VG
74807	VG
74808	VG
74809	VG
74810	VG
74811	VG
74812	VG
74813	VG
74814	VG
74815	VG
74816	VG
74817	VG
74818	VG
74819	VG
74820	VG
74821	VG
74822	VG
74823	VG
74824	VG
74825	VG
74826	VG
74827	VG
74828	VG
74829	VG
74830	VG
74831	VG
74832	VG
74833	VG
74834	VG
74835	VG
74836	VG
74837	VG
74838	VG
74839	VG
74840	VG
74841	VG
74842	VG
74843	VG
74844	VG
74845	VG
74846	VG
74847	VG
74848	VG
74849	VG
74850	VG
74851	VG
74852	VG
74853	VG
74854	VG
74855	VG
74856	VG
74857	VG
74858	VG
74859	VG
74860	VG
74861	VG
74862	VG
74863	VG
74864	VG
74865	VG
74866	VG
74867	VG
74868	VG
74869	VG
74870	VG
74871	VG
74872	VG
74873	VG
74874	VG
74875	VG
74876	VG
74877	VG
74878	VG
74879	VG
74880	VG
74881	VG
74882	VG
74883	VG
74884	VG
74885	VG
74886	VG
74887	VG
74888	VG
74889	VG
74890	VG
74891	VG
74892	VG
74893	VG
74894	VG
74895	VG
74896	VG
74897	VG
74898	VG
74899	VG
74900	VG
74901	VG
74902	VG
74903	VG
74904	VG
74905	VG
74906	VG
74907	VG
74908	VG
74909	VG
74910	VG
74911	VG
74912	VG
74913	VG
74914	VG
74915	VG
74916	VG
74917	VG
74918	VG
74919	VG
74920	VG
74921	VG
74922	VG
74923	VG
74924	VG
74925	VG
74926	VG
74927	VG
74928	VG
74929	VG
74930	VG
74931	VG
74932	VG
74933	VG
74934	VG
74935	VG
74936	VG
74937	VG
74938	VG
74939	VG
74940	VG
74941	VG
74942	VG
74943	VG
74944	VG
74945	VG
74946	VG
74947	VG
74948	VG
74949	VG
74950	VG
74951	VG
74952	VG
74953	VG
74954	VG
74955	VG
74956	VG
74957	VG
74958	VG
74959	VG
74960	VG
74961	VG
74962	VG
74963	VG
74964	VG
74965	VG
74966	VG
74967	VG
74968	VG
74969	VG
74970	VG
74971	VG
74972	VG
74973	VG
74974	VG
74975	VG
74976	VG
74977	VG
74978	VG
74979	VG
74980	VG
74981	VG
74982	VG
74983	VG
74984	VG
74985	VG
74986	VG
74987	VG
74988	VG
74989	VG
74990	VG
74991	VG
74992	VG
74993	VG
74994	VG
74995	VG
74996	VG
74997	VG
74998	VG
74999	VG
75000	VG
75001	VG
75002	VG
75003	VG
75004	VG
75005	VG
75006	VG
75007	VG
75008	VG
75009	VG
75010	VG
75011	VG
75012	VG
75013	VG
75014	VG
75015	VG
75016	VG
75017	VG
75018	VG
75019	VG
75020	VG
75021	VG
75022	VG
75023	VG
75024	VG
75025	VG
75026	VG
75027	VG
75028	VG
75029	VG
75030	VG
75031	VG
75032	VG
75033	VG
75034	VG
75035	VG
75036	VG
75037	VG
75038	VG
75039	VG
75040	VG
75041	VG
75042	VG
75043	VG
75044	VG
75045	VG
75046	VG
75047	VG
75048	VG
75049	VG
75050	VG
75051	VG
75052	VG
75053	VG
75054	VG
75055	VG
75056	VG
75057	VG
75058	VG
75059	VG
75060	VG
75061	VG
75062	VG
75063	VG
75064	VG
75065	VG
75066	VG
75067	VG
75068	VG
75069	VG
75070	VG
75071	VG
75072	VG
75073	VG
75074	VG
75075	VG
75076	VG
75077	VG
75078	VG
75079	VG
75080	VG
75081	VG
75082	VG
75083	VG
75084	VG
75085	VG
75086	VG
75087	VG
75088	VG
75089	VG
75090	VG
75091	VG
75092	VG
75093	VG
75094	VG
75095	VG
75096	VG
75097	VG
75098	VG
75099	VG
75100	VG
75101	VG
75102	VG
75103	VG
75104	VG
75105	VG
75106	VG
75107	VG
75108	VG
75109	VG
75110	VG
75111	VG
75112	VG
75113	VG
75114	VG
75115	VG
75116	VG
75117	VG
75118	VG
75119	VG
75120	VG
75121	VG
75122	VG
75123	VG
75124	VG
75125	VG
75126	VG
75127	VG
75128	VG
75129	VG
75130	VG
75131	VG
75132	VG
75133	VG
75134	VG
75135	VG
75136	VG
75137	VG
75138	VG
75139	VG
75140	VG
75141	VG
75142	VG
75143	VG
75144	VG
75145	VG
75146	VG
75147	VG
75148	VG
75149	VG
75150	VG
75151	VG
75152	VG
75153	VG
75154	VG
75155	VG
75156	VG
75157	VG
75158	VG
75159	VG
75160	VG
75161	VG
75162	VG
75163	VG
75164	VG
75165	VG
75166	VG
75167	VG
75168	VG
75169	VG
75170	VG
75171	VG
75172	VG
75173	VG
75174	VG
75175	VG
75176	VG
75177	VG
75178	VG
75179	VG
75180	VG
75181	VG
75182	VG
75183	VG
75184	VG
75185	VG
75186	VG
75187	VG
75188	VG
75189	VG
75190	VG
75191	VG
75192	VG
75193	VG
75194	VG
75195	VG
75196	VG
75197	VG
75198	VG
75199	VG
75200	VG
75201	VG
75202	VG
75203	VG
75204	VG
75205	VG
75206	VG
75207	VG
75208	VG
75209	VG
75210	VG
75211	VG
75212	VG
75213	VG
75214	VG
75215	VG
75216	VG
75217	VG
75218	VG
75219	VG
75220	VG
75221	VG
75222	VG
75223	VG
75224	VG
75225	VG
75226	VG
75227	VG
75228	VG
75229	VG
75230	VG
75231	VG
75232	VG
75233	VG
75234	VG
75235	VG
75236	VG
75237	VG
75238	VG
75239	VG
75240	VG
75241	VG
75242	VG
75243	VG
75244	VG
75245	VG
75246	VG
75247	VG
75248	VG
75249	VG
75250	VG
75251	VG
75252	VG
75253	VG
75254	VG
75255	VG
75256	VG
75257	VG
75258	VG
75259	VG
75260	VG
75261	VG
75262	VG
75263	VG
75264	VG
75265	VG
75266	VG
75267	VG
75268	VG
75269	VG
75270	VG
75271	VG
75272	VG
75273	VG
75274	VG
75275	VG
75276	VG
75277	VG
75278	VG
75279	VG
75280	VG
75281	VG
75282	VG
75283	VG
75284	VG
75285	VG
75286	VG
75287	VG
75288	VG
75289	VG
75290	VG
75291	VG
75292	VG
75293	VG
75294	VG
75295	VG
75296	VG
75297	VG
75298	VG
75299	VG
75300	VG
75301	VG
75302	VG
75303	VG
75304	VG
75305	VG
75306	VG
75307	VG
75308	VG
75309	VG
75310	VG
75311	VG
75312	VG
75313	VG
75314	VG
75315	VG
75316	VG
75317	VG
75318	VG
75319	VG
75320	VG
75321	VG
75322	VG
75323	VG
75324	VG
75325	VG
75326	VG
75327	VG
75328	VG
75329	VG
75330	VG
75331	VG
75332	VG
75333	VG
75334	VG
75335	VG
75336	VG
75337	VG
75338	VG
75339	VG
75340	VG
75341	VG
75342	VG
75343	VG
75344	VG
75345	VG
75346	VG
75347	VG
75348	VG
75349	VG
75350	VG
75351	VG
75352	VG
75353	VG
75354	VG
75355	VG
75356	VG
75357	VG
75358	VG
75359	VG
75360	VG
75361	VG
75362	VG
75363	VG
75364	VG
75365	VG
75366	VG
75367	VG
75368	VG
75369	VG
75370	VG
75371	VG
75372	VG
75373	VG
75374	VG
75375	VG
75376	VG
75377	VG
75378	VG
75379	VG
75380	VG
75381	VG
75382	VG
75383	VG
75384	VG
75385	VG
75386	VG
75387	VG
75388	VG
75389	VG
75390	VG
75391	VG
75392	VG
75393	VG
75394	VG
75395	VG
75396	VG
75397	VG
75398	VG
75399	VG
75400	VG
75401	VG
75402	VG
75403	VG
75404	VG
75405	VG
75406	VG
75407	VG
75408	VG
75409	VG
75410	VG
75411	VG
75412	VG
75413	VG
75414	VG
75415	VG
75416	VG
75417	VG
75418	VG
75419	VG
75420	VG
75421	VG
75422	VG
75423	VG
75424	VG
75425	VG
75426	VG
75427	VG
75428	VG
75429	VG
75430	VG
75431	VG
75432	VG
75433	VG
75434	VG
75435	VG
75436	VG
75437	VG
75438	VG
75439	VG
75440	VG
75441	VG
75442	VG
75443	VG
75444	VG
75445	VG
75446	VG
75447	VG
75448	VG
75449	VG
75450	VG
75451	VG
75452	VG
75453	VG
75454	VG
75455	VG
75456	VG
75457	VG
75458	VG
75459	VG
75460	VG
75461	VG
75462	VG
75463	VG
75464	VG
75465	VG
75466	VG
75467	VG
75468	VG
75469	VG
75470	VG
75471	VG
75472	VG
75473	VG
75474	VG
75475	VG
75476	VG
75477	VG
75478	VG
75479	VG
75480	VG
75481	VG
75482	VG
75483	VG
75484	VG
75485	VG
75486	VG
75487	VG
75488	VG
75489	VG
75490	VG
75491	VG
75492	VG
75493	VG
75494	VG
75495	VG
75496	VG
75497	VG
75498	VG
75499	VG
75500	VG
75501	VG
75502	VG
75503	VG
75504	VG
75505	VG
75506	VG
75507	VG
75508	VG
75509	VG
75510	VG
75511	VG
75512	VG
75513	VG
75514	VG
75515	VG
75516	VG
75517	VG
75518	VG
75519	VG
75520	VG
75521	VG
75522	VG
75523	VG
75524	VG
75525	VG
75526	VG
75527	VG
75528	VG
75529	VG
75530	VG
75531	VG
75532	VG
75533	VG
75534	VG
75535	VG
75536	VG
75537	VG
75538	VG
75539	VG
75540	VG
75541	VG
75542	VG
75543	VG
75544	VG
75545	VG
75546	VG
75547	VG
75548	VG
75549	VG
75550	VG
75551	VG
75552	VG
75553	VG
75554	VG
75555	VG
75556	VG
75557	VG
75558	VG
75559	VG
75560	VG
75561	VG
75562	VG
75563	VG
75564	VG
75565	VG
75566	VG
75567	VG
75568	VG
75569	VG
75570	VG
75571	VG
75572	VG
75573	VG
75574	VG
75575	VG
75576	VG
75577	VG
75578	VG
75579	VG
75580	VG
75581	VG
75582	VG
75583	VG
75584	VG
75585	VG
75586	VG
75587	VG
75588	VG
75589	VG
75590	VG
75591	VG
75592	VG
75593	VG
75594	VG
75595	VG
75596	VG
75597	VG
75598	VG
75599	VG
75600	VG
75601	VG
75602	VG
75603	VG
75604	VG
75605	VG
75606	VG
75607	VG
75608	VG
75609	VG
75610	VG
75611	VG
75612	VG
75613	VG
75614	VG
75615	VG
75616	VG
75617	VG
75618	VG
75619	VG
75620	VG
75621	VG
75622	VG
75623	VG
75624	VG
75625	VG
75626	VG
75627	VG
75628	VG
75629	VG
75630	VG
75631	VG
75632	VG
75633	VG
75634	VG
75635	VG
75636	VG
75637	VG
75638	VG
75639	VG
75640	VG
75641	VG
75642	VG
75643	VG
75644	VG
75645	VG
75646	VG
75647	VG
75648	VG
75649	VG
75650	VG
75651	VG
75652	VG
75653	VG
75654	VG
75655	VG
75656	VG
75657	VG
75658	VG
75659	VG
75660	VG
75661	VG
75662	VG
75663	VG
75664	VG
75665	VG
75666	VG
75667	VG
75668	VG
75669	VG
75670	VG
75671	VG
75672	VG
75673	VG
75674	VG
75675	VG
75676	VG
75677	VG
75678	VG
75679	VG
75680	VG
75681	VG
75682	VG
75683	VG
75684	VG
75685	VG
75686	VG
75687	VG
75688	VG
75689	VG
75690	VG
75691	VG
75692	VG
75693	VG
75694	VG
75695	VG
75696	VG
75697	VG
75698	VG
75699	VG
75700	VG
75701	VG
75702	VG
75703	VG
75704	VG
75705	VG
75706	VG
75707	VG
75708	VG
75709	VG
75710	VG
75711	VG
75712	VG
75713	VG
75714	VG
75715	VG
75716	VG
75717	VG
75718	VG
75719	VG
75720	VG
75721	VG
75722	VG
75723	VG
75724	VG
75725	VG
75726	VG
75727	VG
75728	VG
75729	VG
75730	VG
75731	VG
75732	VG
75733	VG
75734	VG
75735	VG
75736	VG
75737	VG
75738	VG
75739	VG
75740	VG
75741	VG
75742	VG
75743	VG
75744	VG
75745	VG
75746	VG
75747	VG
75748	VG
75749	VG
75750	VG
75751	VG
75752	VG
75753	VG
75754	VG
75755	VG
75756	VG
75757	VG
75758	VG
75759	VG
75760	VG
75761	VG
75762	VG
75763	VG
75764	VG
75765	VG
75766	VG
75767	VG
75768	VG
75769	VG
75770	VG
75771	VG
75772	VG
75773	VG
75774	VG
75775	VG
75776	VG
75777	VG
75778	VG
75779	VG
75780	VG
75781	VG
75782	VG
75783	VG
75784	VG
75785	VG
75786	VG
75787	VG
75788	VG
75789	VG
75790	VG
75791	VG
75792	VG
75793	VG
75794	VG
75795	VG
75796	VG
75797	VG
75798	VG
75799	VG
75800	VG
75801	VG
75802	VG
75803	VG
75804	VG
75805	VG
75806	VG
75807	VG
75808	VG
75809	VG
75810	VG
75811	VG
75812	VG
75813	VG
75814	VG
75815	VG
75816	VG
75817	VG
75818	VG
75819	VG
75820	VG
75821	VG
75822	VG
75823	VG
75824	VG
75825	VG
75826	VG
75827	VG
75828	VG
75829	VG
75830	VG
75831	VG
75832	VG
75833	VG
75834	VG
75835	VG
75836	VG
75837	VG
75838	VG
75839	VG
75840	VG
75841	VG
75842	VG
75843	VG
75844	VG
75845	VG
75846	VG
75847	VG
75848	VG
75849	VG
75850	VG
75851	VG
75852	VG
75853	VG
75854	VG
75855	VG
75856	VG
75857	VG
75858	VG
75859	VG
75860	VG
75861	VG
75862	VG
75863	VG
75864	VG
75865	VG
75866	VG
75867	VG
75868	VG
75869	VG
75870	VG
75871	VG
75872	VG
75873	VG
75874	VG
75875	VG
75876	VG
75877	VG
75878	VG
75879	VG
75880	VG
75881	VG
75882	VG
75883	VG
75884	VG
75885	VG
75886	VG
75887	VG
75888	VG
75889	VG
75890	VG
75891	VG
75892	VG
75893	VG
75894	VG
75895	VG
75896	VG
75897	VG
75898	VG
75899	VG
75900	VG
75901	VG
75902	VG
75903	VG
75904	VG
75905	VG
75906	VG
75907	VG
75908	VG
75909	VG
75910	VG
75911	VG
75912	VG
75913	VG
75914	VG
75915	VG
75916	VG
75917	VG
75918	VG
75919	VG
75920	VG
75921	VG
75922	VG
75923	VG
75924	VG
75925	VG
75926	VG
75927	VG
75928	VG
75929	VG
75930	VG
75931	VG
75932	VG
75933	VG
75934	VG
75935	VG
75936	VG
75937	VG
75938	VG
75939	VG
75940	VG
75941	VG
75942	VG
75943	VG
75944	VG
75945	VG
75946	VG
75947	VG
75948	VG
75949	VG
75950	VG
75951	VG
75952	VG
75953	VG
75954	VG
75955	VG
75956	VG
75957	VG
75958	VG
75959	VG
75960	VG
75961	VG
75962	VG
75963	VG
75964	VG
75965	VG
75966	VG
75967	VG
75968	VG
75969	VG
75970	VG
75971	VG
75972	VG
75973	VG
75974	VG
75975	VG
75976	VG
75977	VG
75978	VG
75979	VG
75980	VG
75981	VG
75982	VG
75983	VG
75984	VG
75985	VG
75986	VG
75987	VG
75988	VG
75989	VG
75990	VG
75991	VG
75992	VG
75993	VG
75994	VG
75995	VG
75996	VG
75997	VG
75998	VG
75999	VG
76000	VG
76001	VG
76002	VG
76003	VG
76004	VG
76005	VG
76006	VG
76007	VG
76008	VG
76009	VG
76010	VG
76011	VG
76012	VG
76013	VG
76014	VG
76015	VG
76016	VG
76017	VG
76018	VG
76019	VG
76020	VG
76021	VG
76022	VG
76023	VG
76024	VG
76025	VG
76026	VG
76027	VG
76028	VG
76029	VG
76030	VG
76031	VG
76032	VG
76033	VG
76034	VG
76035	VG
76036	VG
76037	VG
76038	VG
76039	VG
76040	VG
76041	VG
76042	VG
76043	VG
76044	VG
76045	VG
76046	VG
76047	VG
76048	VG
76049	VG
76050	VG
76051	VG
76052	VG
76053	VG
76054	VG
76055	VG
76056	VG
76057	VG
76058	VG
76059	VG
76060	VG
76061	VG
76062	VG
76063	VG
76064	VG
76065	VG
76066	VG
76067	VG
76068	VG
76069	VG
76070	VG
76071	VG
76072	VG
76073	VG
76074	VG
76075	VG
76076	VG
76077	VG
76078	VG
76079	VG
76080	VG
76081	VG
76082	VG
76083	VG
76084	VG
76085	VG
76086	VG
76087	VG
76088	VG
76089	VG
76090	VG
76091	VG
76092	VG
76093	VG
76094	VG
76095	VG
76096	VG
76097	VG
76098	VG
76099	VG
76100	VG
76101	VG
76102	VG
76103	VG
76104	VG
76105	VG
76106	VG
76107	VG
76108	VG
76109	VG
76110	VG
76111	VG
76112	VG
76113	VG
76114	VG
76115	VG
76116	VG
76117	VG
76118	VG
76119	VG
76120	VG
76121	VG
76122	VG
76123	VG
76124	VG
76125	VG
76126	VG
76127	VG
76128	VG
76129	VG
76130	VG
76131	VG
76132	VG
76133	VG
76134	VG
76135	VG
76136	VG
76137	VG
76138	VG
76139	VG
76140	VG
76141	VG
76142	VG
76143	VG
76144	VG
76145	VG
76146	VG
76147	VG
76148	VG
76149	VG
76150	VG
76151	VG
76152	VG
76153	VG
76154	VG
76155	VG
76156	VG
76157	VG
76158	VG
76159	VG
76160	VG
76161	VG
76162	VG
76163	VG
76164	VG
76165	VG
76166	VG
76167	VG
76168	VG
76169	VG
76170	VG
76171	VG
76172	VG
76173	VG
76174	VG
76175	VG
76176	VG
76177	VG
76178	VG
76179	VG
76180	VG
76181	VG
76182	VG
76183	VG
76184	VG
76185	VG
76186	VG
76187	VG
76188	VG
76189	VG
76190	VG
76191	VG
76192	VG
76193	VG
76194	VG
76195	VG
76196	VG
76197	VG
76198	VG
76199	VG
76200	VG
76201	VG
76202	VG
76203	VG
76204	VG
76205	VG
76206	VG
76207	VG
76208	VG
76209	VG
76210	VG
76211	VG
76212	VG
76213	VG
76214	VG
76215	VG
76216	VG
76217	VG
76218	VG
76219	VG
76220	VG
76221	VG
76222	VG
76223	VG
76224	VG
76225	VG
76226	VG
76227	VG
76228	VG
76229	VG
76230	VG
76231	VG
76232	VG
76233	VG
76234	VG
76235	VG
76236	VG
76237	VG
76238	VG
76239	VG
76240	VG
76241	VG
76242	VG
76243	VG
76244	VG
76245	VG
76246	VG
76247	VG
76248	VG
76249	VG
76250	VG
76251	VG
76252	VG
76253	VG
76254	VG
76255	VG
76256	VG
76257	VG
76258	VG
76259	VG
76260	VG
76261	VG
76262	VG
76263	VG
76264	VG
76265	VG
76266	VG
76267	VG
76268	VG
76269	VG
76270	VG
76271	VG
76272	VG
76273	VG
76274	VG
76275	VG
76276	VG
76277	VG
76278	VG
76279	VG
76280	VG
76281	VG
76282	VG
76283	VG
76284	VG
76285	VG
76286	VG
76287	VG
76288	VG
76289	VG
76290	VG
76291	VG
76292	VG
76293	VG
76294	VG
76295	VG
76296	VG
76297	VG
76298	VG
76299	VG
76300	VG
76301	VG
76302	VG
76303	VG
76304	VG
76305	VG
76306	VG
76307	VG
76308	VG
76309	VG
76310	VG
76311	VG
76312	VG
76313	VG
76314	VG
76315	VG
76316	VG
76317	VG
76318	VG
76319	VG
76320	VG
76321	VG
76322	VG
76323	VG
76324	VG
76325	VG
76326	VG
76327	VG
76328	VG
76329	VG
76330	VG
76331	VG
76332	VG
76333	VG
76334	VG
76335	VG
76336	VG
76337	VG
76338	VG
76339	VG
76340	VG
76341	VG
76342	VG
76343	VG
76344	VG
76345	VG
76346	VG
76347	VG
76348	VG
76349	VG
76350	VG
76351	VG
76352	VG
76353	VG
76354	VG
76355	VG
76356	VG
76357	VG
76358	VG
76359	VG
76360	VG
76361	VG
76362	VG
76363	VG
76364	VG
76365	VG
76366	VG
76367	VG
76368	VG
76369	VG
76370	VG
76371	VG
76372	VG
76373	VG
76374	VG
76375	VG
76376	VG
76377	VG
76378	VG
76379	VG
76380	VG
76381	VG
76382	VG
76383	VG
76384	VG
76385	VG
76386	VG
76387	VG
76388	VG
76389	VG
76390	VG
76391	VG
76392	VG
76393	VG
76394	VG
76395	VG
76396	VG
76397	VG
76398	VG
76399	VG
76400	VG
76401	VG
76402	VG
76403	VG
76404	VG
76405	VG
76406	VG
76407	VG
76408	VG
76409	VG
76410	VG
76411	VG
76412	VG
76413	VG
76414	VG
76415	VG
76416	VG
76417	VG
76418	VG
76419	VG
76420	VG
76421	VG
76422	VG
76423	VG
76424	VG
76425	VG
76426	VG
76427	VG
76428	VG
76429	VG
76430	VG
76431	VG
76432	VG
76433	VG
76434	VG
76435	VG
76436	VG
76437	VG
76438	VG
76439	VG
76440	VG
76441	VG
76442	VG
76443	VG
76444	VG
76445	VG
76446	VG
76447	VG
76448	VG
76449	VG
76450	VG
76451	VG
76452	VG
76453	VG
76454	VG
76455	VG
76456	VG
76457	VG
76458	VG
76459	VG
76460	VG
76461	VG
76462	VG
76463	VG
76464	VG
76465	VG
76466	VG
76467	VG
76468	VG
76469	VG
76470	VG
76471	VG
76472	VG
76473	VG
76474	VG
76475	VG
76476	VG
76477	VG
76478	VG
76479	VG
76480	VG
76481	VG
76482	VG
76483	VG
76484	VG
76485	VG
76486	VG
76487	VG
76488	VG
76489	VG
76490	VG
76491	VG
76492	VG
76493	VG
76494	VG
76495	VG
76496	VG
76497	VG
76498	VG
76499	VG
76500	VG
76501	VG
76502	VG
76503	VG
76504	VG
76505	VG
76506	VG
76507	VG
76508	VG
76509	VG
76510	VG
76511	VG
76512	VG
76513	VG
76514	VG
76515	VG
76516	VG
76517	VG
76518	VG
76519	VG
76520	VG
76521	VG
76522	VG
76523	VG
76524	VG
76525	VG
76526	VG
76527	VG
76528	VG
76529	VG
76530	VG
76531	VG
76532	VG
76533	VG
76534	VG
76535	VG
76536	VG
76537	VG
76538	VG
76539	VG
76540	VG
76541	VG
76542	VG
76543	VG
76544	VG
76545	VG
76546	VG
76547	VG
76548	VG
76549	VG
76550	VG
76551	VG
76552	VG
76553	VG
76554	VG
76555	VG
76556	VG
76557	VG
76558	VG
76559	VG
76560	VG
76561	VG
76562	VG
76563	VG
76564	VG
76565	VG
76566	VG
76567	VG
76568	VG
76569	VG
76570	VG
76571	VG
76572	VG
76573	VG
76574	VG
76575	VG
76576	VG
76577	VG
76578	VG
76579	VG
76580	VG
76581	VG
76582	VG
76583	VG
76584	VG
76585	VG
76586	VG
76587	VG
76588	VG
76589	VG
76590	VG
76591	VG
76592	VG
76593	VG
76594	VG
76595	VG
76596	VG
76597	VG
76598	VG
76599	VG
76600	VG
76601	VG
76602	VG
76603	VG
76604	VG
76605	VG
76606	VG
76607	VG
76608	VG
76609	VG
76610	VG
76611	VG
76612	VG
76613	VG
76614	VG
76615	VG
76616	VG
76617	VG
76618	VG
76619	VG
76620	VG
76621	VG
76622	VG
76623	VG
76624	VG
76625	VG
76626	VG
76627	VG
76628	VG
76629	VG
76630	VG
76631	VG
76632	VG
76633	VG
76634	VG
76635	VG
76636	VG
76637	VG
76638	VG
76639	VG
76640	VG
76641	VG
76642	VG
76643	VG
76644	VG
76645	VG
76646	VG
76647	VG
76648	VG
76649	VG
76650	VG
76651	VG
76652	VG
76653	VG
76654	VG
76655	VG
76656	VG
76657	VG
76658	VG
76659	VG
76660	VG
76661	VG
76662	VG
76663	VG
76664	VG
76665	VG
76666	VG
76667	VG
76668	VG
76669	VG
76670	VG
76671	VG
76672	VG
76673	VG
76674	VG
76675	VG
76676	VG
76677	VG
76678	VG
76679	VG
76680	VG
76681	VG
76682	VG
76683	VG
76684	VG
76685	VG
76686	VG
76687	VG
76688	VG
76689	VG
76690	VG
76691	VG
76692	VG
76693	VG
76694	VG
76695	VG
76696	VG
76697	VG
76698	VG
76699	VG
76700	VG
76701	VG
76702	VG
76703	VG
76704	VG
76705	VG
76706	VG
76707	VG
76708	VG
76709	VG
76710	VG
76711	VG
76712	VG
76713	VG
76714	VG
76715	VG
76716	VG
76717	VG
76718	VG
76719	VG
76720	VG
76721	VG
76722	VG
76723	VG
76724	VG
76725	VG
76726	VG
76727	VG
76728	VG
76729	VG
76730	VG
76731	VG
76732	VG
76733	VG
76734	VG
76735	VG
76736	VG
76737	VG
76738	VG
76739	VG
76740	VG
76741	VG
76742	VG
76743	VG
76744	VG
76745	VG
76746	VG
76747	VG
76748	VG
76749	VG
76750	VG
76751	VG
76752	VG
76753	VG
76754	VG
76755	VG
76756	VG
76757	VG
76758	VG
76759	VG
76760	VG
76761	VG
76762	VG
76763	VG
76764	VG
76765	VG
76766	VG
76767	VG
76768	VG
76769	VG
76770	VG
76771	VG
76772	VG
76773	VG
76774	VG
76775	VG
76776	VG
76777	VG
76778	VG
76779	VG
76780	VG
76781	VG
76782	VG
76783	VG
76784	VG
76785	VG
76786	VG
76787	VG
76788	VG
76789	VG
76790	VG
76791	VG
76792	VG
76793	VG
76794	VG
76795	VG
76796	VG
76797	VG
76798	VG
76799	VG
76800	VG
76801	VG
76802	VG
76803	VG
76804	VG
76805	VG
76806	VG
76807	VG
76808	VG
76809	VG
76810	VG
76811	VG
76812	VG
76813	VG
76814	VG
76815	VG
76816	VG
76817	VG
76818	VG
76819	VG
76820	VG
76821	VG
76822	VG
76823	VG
76824	VG
76825	VG
76826	VG
76827	VG
76828	VG
76829	VG
76830	VG
76831	VG
76832	VG
76833	VG
76834	VG
76835	VG
76836	VG
76837	VG
76838	VG
76839	VG
76840	VG
76841	VG
76842	VG
76843	VG
76844	VG
76845	VG
76846	VG
76847	VG
76848	VG
76849	VG
76850	VG
76851	VG
76852	VG
76853	VG
76854	VG
76855	VG
76856	VG
76857	VG
76858	VG
76859	VG
76860	VG
76861	VG
76862	VG
76863	VG
76864	VG
76865	VG
76866	VG
76867	VG
76868	VG
76869	VG
76870	VG
76871	VG
76872	VG
76873	VG
76874	VG
76875	VG
76876	VG
76877	VG
76878	VG
76879	VG
76880	VG
76881	VG
76882	VG
76883	VG
76884	VG
76885	VG
76886	VG
76887	VG
76888	VG
76889	VG
76890	VG
76891	VG
76892	VG
76893	VG
76894	VG
76895	VG
76896	VG
76897	VG
76898	VG
76899	VG
76900	VG
76901	VG
76902	VG
76903	VG
76904	VG
76905	VG
76906	VG
76907	VG
76908	VG
76909	VG
76910	VG
76911	VG
76912	VG
76913	VG
76914	VG
76915	VG
76916	VG
76917	VG
76918	VG
76919	VG
76920	VG
76921	VG
76922	VG
76923	VG
76924	VG
76925	VG
76926	VG
76927	VG
76928	VG
76929	VG
76930	VG
76931	VG
76932	VG
76933	VG
76934	VG
76935	VG
76936	VG
76937	VG
76938	VG
76939	VG
76940	VG
76941	VG
76942	VG
76943	VG
76944	VG
76945	VG
76946	VG
76947	VG
76948	VG
76949	VG
76950	VG
76951	VG
76952	VG
76953	VG
76954	VG
76955	VG
76956	VG
76957	VG
76958	VG
76959	VG
76960	VG
76961	VG
76962	VG
76963	VG
76964	VG
76965	VG
76966	VG
76967	VG
76968	VG
76969	VG
76970	VG
76971	VG
76972	VG
76973	VG
76974	VG
76975	VG
76976	VG
76977	VG
76978	VG
76979	VG
76980	VG
76981	VG
76982	VG
76983	VG
76984	VG
76985	VG
76986	VG
76987	VG
76988	VG
76989	VG
76990	VG
76991	VG
76992	VG
76993	VG
76994	VG
76995	VG
76996	VG
76997	VG
76998	VG
76999	VG
77000	VG
77001	VG
77002	VG
77003	VG
77004	VG
77005	VG
77006	VG
77007	VG
77008	VG
77009	VG
77010	VG
77011	VG
77012	VG
77013	VG
77014	VG
77015	VG
77016	VG
77017	VG
77018	VG
77019	VG
77020	VG
77021	VG
77022	VG
77023	VG
77024	VG
77025	VG
77026	VG
77027	VG
77028	VG
77029	VG
77030	VG
77031	VG
77032	VG
77033	VG
77034	VG
77035	VG
77036	VG
77037	VG
77038	VG
77039	VG
77040	VG
77041	VG
77042	VG
77043	VG
77044	VG
77045	VG
77046	VG
77047	VG
77048	VG
77049	VG
77050	VG
77051	VG
77052	VG
77053	VG
77054	VG
77055	VG
77056	VG
77057	VG
77058	VG
77059	VG
77060	VG
77061	VG
77062	VG
77063	VG
77064	VG
77065	VG
77066	VG
77067	VG
77068	VG
77069	VG
77070	VG
77071	VG
77072	VG
77073	VG
77074	VG
77075	VG
77076	VG
77077	VG
77078	VG
77079	VG
77080	VG
77081	VG
77082	VG
77083	VG
77084	VG
77085	VG
77086	VG
77087	VG
77088	VG
77089	VG
77090	VG
77091	VG
77092	VG
77093	VG
77094	VG
77095	VG
77096	VG
77097	VG
77098	VG
77099	VG
77100	VG
77101	VG
77102	VG
77103	VG
77104	VG
77105	VG
77106	VG
77107	VG
77108	VG
77109	VG
77110	VG
77111	VG
77112	VG
77113	VG
77114	VG
77115	VG
77116	VG
77117	VG
77118	VG
77119	VG
77120	VG
77121	VG
77122	VG
77123	VG
77124	VG
77125	VG
77126	VG
77127	VG
77128	VG
77129	VG
77130	VG
77131	VG
77132	VG
77133	VG
77134	VG
77135	VG
77136	VG
77137	VG
77138	VG
77139	VG
77140	VG
77141	VG
77142	VG
77143	VG
77144	VG
77145	VG
77146	VG
77147	VG
77148	VG
77149	VG
77150	VG
77151	VG
77152	VG
77153	VG
77154	VG
77155	VG
77156	VG
77157	VG
77158	VG
77159	VG
77160	VG
77161	VG
77162	VG
77163	VG
77164	VG
77165	VG
77166	VG
77167	VG
77168	VG
77169	VG
77170	VG
77171	VG
77172	VG
77173	VG
77174	VG
77175	VG
77176	VG
77177	VG
77178	VG
77179	VG
77180	VG
77181	VG
77182	VG
77183	VG
77184	VG
77185	VG
77186	VG
77187	VG
77188	VG
77189	VG
77190	VG
77191	VG
77192	VG
77193	VG
77194	VG
77195	VG
77196	VG
77197	VG
77198	VG
77199	VG
77200	VG
77201	VG
77202	VG
77203	VG
77204	VG
77205	VG
77206	VG
77207	VG
77208	VG
77209	VG
77210	VG
77211	VG
77212	VG
77213	VG
77214	VG
77215	VG
77216	VG
77217	VG
77218	VG
77219	VG
77220	VG
77221	VG
77222	VG
77223	VG
77224	VG
77225	VG
77226	VG
77227	VG
77228	VG
77229	VG
77230	VG
77231	VG
77232	VG
77233	VG
77234	VG
77235	VG
77236	VG
77237	VG
77238	VG
77239	VG
77240	VG
77241	VG
77242	VG
77243	VG
77244	VG
77245	VG
77246	VG
77247	VG
77248	VG
77249	VG
77250	VG
77251	VG
77252	VG
77253	VG
77254	VG
77255	VG
77256	VG
77257	VG
77258	VG
77259	VG
77260	VG
77261	VG
77262	VG
77263	VG
77264	VG
77265	VG
77266	VG
77267	VG
77268	VG
77269	VG
77270	VG
77271	VG
77272	VG
77273	VG
77274	VG
77275	VG
77276	VG
77277	VG
77278	VG
77279	VG
77280	VG
77281	VG
77282	VG
77283	VG
77284	VG
77285	VG
77286	VG
77287	VG
77288	VG
77289	VG
77290	VG
77291	VG
77292	VG
77293	VG
77294	VG
77295	VG
77296	VG
77297	VG
77298	VG
77299	VG
77300	VG
77301	VG
77302	VG
77303	VG
77304	VG
77305	VG
77306	VG
77307	VG
77308	VG
77309	VG
77310	VG
77311	VG
77312	VG
77313	VG
77314	VG
77315	VG
77316	VG
77317	VG
77318	VG
77319	VG
77320	VG
77321	VG
77322	VG
77323	VG
77324	VG
77325	VG
77326	VG
77327	VG
77328	VG
77329	VG
77330	VG
77331	VG
77332	VG
77333	VG
77334	VG
77335	VG
77336	VG
77337	VG
77338	VG
77339	VG
77340	VG
77341	VG
77342	VG
77343	VG
77344	VG
77345	VG
77346	VG
77347	VG
77348	VG
77349	VG
77350	VG
77351	VG
77352	VG
77353	VG
77354	VG
77355	VG
77356	VG
77357	VG
77358	VG
77359	VG
77360	VG
77361	VG
77362	VG
77363	VG
77364	VG
77365	VG
77366	VG
77367	VG
77368	VG
77369	VG
77370	VG
77371	VG
77372	VG
77373	VG
77374	VG
77375	VG
77376	VG
77377	VG
77378	VG
77379	VG
77380	VG
77381	VG
77382	VG
77383	VG
77384	VG
77385	VG
77386	VG
77387	VG
77388	VG
77389	VG
77390	VG
77391	VG
77392	VG
77393	VG
77394	VG
77395	VG
77396	VG
77397	VG
77398	VG
77399	VG
77400	VG
77401	VG
77402	VG
77403	VG
77404	VG
77405	VG
77406	VG
77407	VG
77408	VG
77409	VG
77410	VG
77411	VG
77412	VG
77413	VG
77414	VG
77415	VG
77416	VG
77417	VG
77418	VG
77419	VG
77420	VG
77421	VG
77422	VG
77423	VG
77424	VG
77425	VG
77426	VG
77427	VG
77428	VG
77429	VG
77430	VG
77431	VG
77432	VG
77433	VG
77434	VG
77435	VG
77436	VG
77437	VG
77438	VG
77439	VG
77440	VG
77441	VG
77442	VG
77443	VG
77444	VG
77445	VG
77446	VG
77447	VG
77448	VG
77449	VG
77450	VG
77451	VG
77452	VG
77453	VG
77454	VG
77455	VG
77456	VG
77457	VG
77458	VG
77459	VG
77460	VG
77461	VG
77462	VG
77463	VG
77464	VG
77465	VG
77466	VG
77467	VG
77468	VG
77469	VG
77470	VG
77471	VG
77472	VG
77473	VG
77474	VG
77475	VG
77476	VG
77477	VG
77478	VG
77479	VG
77480	VG
77481	VG
77482	VG
77483	VG
77484	VG
77485	VG
77486	VG
77487	VG
77488	VG
77489	VG
77490	VG
77491	VG
77492	VG
77493	VG
77494	VG
77495	VG
77496	VG
77497	VG
77498	VG
77499	VG
77500	VG
77501	VG
77502	VG
77503	VG
77504	VG
77505	VG
77506	VG
77507	VG
77508	VG
77509	VG
77510	VG
77511	VG
77512	VG
77513	VG
77514	VG
77515	VG
77516	VG
77517	VG
77518	VG
77519	VG
77520	VG
77521	VG
77522	VG
77523	VG
77524	VG
77525	VG
77526	VG
77527	VG
77528	VG
77529	VG
77530	VG
77531	VG
77532	VG
77533	VG
77534	VG
77535	VG
77536	VG
77537	VG
77538	VG
77539	VG
77540	VG
77541	VG
77542	VG
77543	VG
77544	VG
77545	VG
77546	VG
77547	VG
77548	VG
77549	VG
77550	VG
77551	VG
77552	VG
77553	VG
77554	VG
77555	VG
77556	VG
77557	VG
77558	VG
77559	VG
77560	VG
77561	VG
77562	VG
77563	VG
77564	VG
77565	VG
77566	VG
77567	VG
77568	VG
77569	VG
77570	VG
77571	VG
77572	VG
77573	VG
77574	VG
77575	VG
77576	VG
77577	VG
77578	VG
77579	VG
77580	VG
77581	VG
77582	VG
77583	VG
77584	VG
77585	VG
77586	VG
77587	VG
77588	VG
77589	VG
77590	VG
77591	VG
77592	VG
77593	VG
77594	VG
77595	VG
77596	VG
77597	VG
77598	VG
77599	VG
77600	VG
77601	VG
77602	VG
77603	VG
77604	VG
77605	VG
77606	VG
77607	VG
77608	VG
77609	VG
77610	VG
77611	VG
77612	VG
77613	VG
77614	VG
77615	VG
77616	VG
77617	VG
77618	VG
77619	VG
77620	VG
77621	VG
77622	VG
77623	VG
77624	VG
77625	VG
77626	VG
77627	VG
77628	VG
77629	VG
77630	VG
77631	VG
77632	VG
77633	VG
77634	VG
77635	VG
77636	VG
77637	VG
77638	VG
77639	VG
77640	VG
77641	VG
77642	VG
77643	VG
77644	VG
77645	VG
77646	VG
77647	VG
77648	VG
77649	VG
77650	VG
77651	VG
77652	VG
77653	VG
77654	VG
77655	VG
77656	VG
77657	VG
77658	VG
77659	VG
77660	VG
77661	VG
77662	VG
77663	VG
77664	VG
77665	VG
77666	VG
77667	VG
77668	VG
77669	VG
77670	VG
77671	VG
77672	VG
77673	VG
77674	VG
77675	VG
77676	VG
77677	VG
77678	VG
77679	VG
77680	VG
77681	VG
77682	VG
77683	VG
77684	VG
77685	VG
77686	VG
77687	VG
77688	VG
77689	VG
77690	VG
77691	VG
77692	VG
77693	VG
77694	VG
77695	VG
77696	VG
77697	VG
77698	VG
77699	VG
77700	VG
77701	VG
77702	VG
77703	VG
77704	VG
77705	VG
77706	VG
77707	VG
77708	VG
77709	VG
77710	VG
77711	VG
77712	VG
77713	VG
77714	VG
77715	VG
77716	VG
77717	VG
77718	VG
77719	VG
77720	VG
77721	VG
77722	VG
77723	VG
77724	VG
77725	VG
77726	VG
77727	VG
77728	VG
77729	VG
77730	VG
77731	VG
77732	VG
77733	VG
77734	VG
77735	VG
77736	VG
77737	VG
77738	VG
77739	VG
77740	VG
77741	VG
77742	VG
77743	VG
77744	VG
77745	VG
77746	VG
77747	VG
77748	VG
77749	VG
77750	VG
77751	VG
77752	VG
77753	VG
77754	VG
77755	VG
77756	VG
77757	VG
77758	VG
77759	VG
77760	VG
77761	VG
77762	VG
77763	VG
77764	VG
77765	VG
77766	VG
77767	VG
77768	VG
77769	VG
77770	VG
77771	VG
77772	VG
77773	VG
77774	VG
77775	VG
77776	VG
77777	VG
77778	VG
77779	VG
77780	VG
77781	VG
77782	VG
77783	VG
77784	VG
77785	VG
77786	VG
77787	VG
77788	VG
77789	VG
77790	VG
77791	VG
77792	VG
77793	VG
77794	VG
77795	VG
77796	VG
77797	VG
77798	VG
77799	VG
77800	VG
77801	VG
77802	VG
77803	VG
77804	VG
77805	VG
77806	VG
77807	VG
77808	VG
77809	VG
77810	VG
77811	VG
77812	VG
77813	VG
77814	VG
77815	VG
77816	VG
77817	VG
77818	VG
77819	VG
77820	VG
77821	VG
77822	VG
77823	VG
77824	VG
77825	VG
77826	VG
77827	VG
77828	VG
77829	VG
77830	VG
77831	VG
77832	VG
77833	VG
77834	VG
77835	VG
77836	VG
77837	VG
77838	VG
77839	VG
77840	VG
77841	VG
77842	VG
77843	VG
77844	VG
77845	VG
77846	VG
77847	VG
77848	VG
77849	VG
77850	VG
77851	VG
77852	VG
77853	VG
77854	VG
77855	VG
77856	VG
77857	VG
77858	VG
77859	VG
77860	VG
77861	VG
77862	VG
77863	VG
77864	VG
77865	VG
77866	VG
77867	VG
77868	VG
77869	VG
77870	VG
77871	VG
77872	VG
77873	VG
77874	VG
77875	VG
77876	VG
77877	VG
77878	VG
77879	VG
77880	VG
77881	VG
77882	VG
77883	VG
77884	VG
77885	VG
77886	VG
77887	VG
77888	VG
77889	VG
77890	VG
77891	VG
77892	VG
77893	VG
77894	VG
77895	VG
77896	VG
77897	VG
77898	VG
77899	VG
77900	VG
77901	VG
77902	VG
77903	VG
77904	VG
77905	VG
77906	VG
77907	VG
77908	VG
77909	VG
77910	VG
77911	VG
77912	VG
77913	VG
77914	VG
77915	VG
77916	VG
77917	VG
77918	VG
77919	VG
77920	VG
77921	VG
77922	VG
77923	VG
77924	VG
77925	VG
77926	VG
77927	VG
77928	VG
77929	VG
77930	VG
77931	VG
77932	VG
77933	VG
77934	VG
77935	VG
77936	VG
77937	VG
77938	VG
77939	VG
77940	VG
77941	VG
77942	VG
77943	VG
77944	VG
77945	VG
77946	VG
77947	VG
77948	VG
77949	VG
77950	VG
77951	VG
77952	VG
77953	VG
77954	VG
77955	VG
77956	VG
77957	VG
77958	VG
77959	VG
77960	VG
77961	VG
77962	VG
77963	VG
77964	VG
77965	VG
77966	VG
77967	VG
77968	VG
77969	VG
77970	VG
77971	VG
77972	VG
77973	VG
77974	VG
77975	VG
77976	VG
77977	VG
77978	VG
77979	VG
77980	VG
77981	VG
77982	VG
77983	VG
77984	VG
77985	VG
77986	VG
77987	VG
77988	VG
77989	VG
77990	VG
77991	VG
77992	VG
77993	VG
77994	VG
77995	VG
77996	VG
77997	VG
77998	VG
77999	VG
78000	VG
78001	VG
78002	VG
78003	VG
78004	VG
78005	VG
78006	VG
78007	VG
78008	VG
78009	VG
78010	VG
78011	VG
78012	VG
78013	VG
78014	VG
78015	VG
78016	VG
78017	VG
78018	VG
78019	VG
78020	VG
78021	VG
78022	VG
78023	VG
78024	VG
78025	VG
78026	VG
78027	VG
78028	VG
78029	VG
78030	VG
78031	VG
78032	VG
78033	VG
78034	VG
78035	VG
78036	VG
78037	VG
78038	VG
78039	VG
78040	VG
78041	VG
78042	VG
78043	VG
78044	VG
78045	VG
78046	VG
78047	VG
78048	VG
78049	VG
78050	VG
78051	VG
78052	VG
78053	VG
78054	VG
78055	VG
78056	VG
78057	VG
78058	VG
78059	VG
78060	VG
78061	VG
78062	VG
78063	VG
78064	VG
78065	VG
78066	VG
78067	VG
78068	VG
78069	VG
78070	VG
78071	VG
78072	VG
78073	VG
78074	VG
78075	VG
78076	VG
78077	VG
78078	VG
78079	VG
78080	VG
78081	VG
78082	VG
78083	VG
78084	VG
78085	VG
78086	VG
78087	VG
78088	VG
78089	VG
78090	VG
78091	VG
78092	VG
78093	VG
78094	VG
78095	VG
78096	VG
78097	VG
78098	VG
78099	VG
78100	VG
78101	VG
78102	VG
78103	VG
78104	VG
78105	VG
78106	VG
78107	VG
78108	VG
78109	VG
78110	VG
78111	VG
78112	VG
78113	VG
78114	VG
78115	VG
78116	VG
78117	VG
78118	VG
78119	VG
78120	VG
78121	VG
78122	VG
78123	VG
78124	VG
78125	VG
78126	VG
78127	VG
78128	VG
78129	VG
78130	VG
78131	VG
78132	VG
78133	VG
78134	VG
78135	VG
78136	VG
78137	VG
78138	VG
78139	VG
78140	VG
78141	VG
78142	VG
78143	VG
78144	VG
78145	VG
78146	VG
78147	VG
78148	VG
78149	VG
78150	VG
78151	VG
78152	VG
78153	VG
78154	VG
78155	VG
78156	VG
78157	VG
78158	VG
78159	VG
78160	VG
78161	VG
78162	VG
78163	VG
78164	VG
78165	VG
78166	VG
78167	VG
78168	VG
78169	VG
78170	VG
78171	VG
78172	VG
78173	VG
78174	VG
78175	VG
78176	VG
78177	VG
78178	VG
78179	VG
78180	VG
78181	VG
78182	VG
78183	VG
78184	VG
78185	VG
78186	VG
78187	VG
78188	VG
78189	VG
78190	VG
78191	VG
78192	VG
78193	VG
78194	VG
78195	VG
78196	VG
78197	VG
78198	VG
78199	VG
78200	VG
78201	VG
78202	VG
78203	VG
78204	VG
78205	VG
78206	VG
78207	VG
78208	VG
78209	VG
78210	VG
78211	VG
78212	VG
78213	VG
78214	VG
78215	VG
78216	VG
78217	VG
78218	VG
78219	VG
78220	VG
78221	VG
78222	VG
78223	VG
78224	VG
78225	VG
78226	VG
78227	VG
78228	VG
78229	VG
78230	VG
78231	VG
78232	VG
78233	VG
78234	VG
78235	VG
78236	VG
78237	VG
78238	VG
78239	VG
78240	VG
78241	VG
78242	VG
78243	VG
78244	VG
78245	VG
78246	VG
78247	VG
78248	VG
78249	VG
78250	VG
78251	VG
78252	VG
78253	VG
78254	VG
78255	VG
78256	VG
78257	VG
78258	VG
78259	VG
78260	VG
78261	VG
78262	VG
78263	VG
78264	VG
78265	VG
78266	VG
78267	VG
78268	VG
78269	VG
78270	VG
78271	VG
78272	VG
78273	VG
78274	VG
78275	VG
78276	VG
78277	VG
78278	VG
78279	VG
78280	VG
78281	VG
78282	VG
78283	VG
78284	VG
78285	VG
78286	VG
78287	VG
78288	VG
78289	VG
78290	VG
78291	VG
78292	VG
78293	VG
78294	VG
78295	VG
78296	VG
78297	VG
78298	VG
78299	VG
78300	VG
78301	VG
78302	VG
78303	VG
78304	VG
78305	VG
78306	VG
78307	VG
78308	VG
78309	VG
78310	VG
78311	VG
78312	VG
78313	VG
78314	VG
78315	VG
78316	VG
78317	VG
78318	VG
78319	VG
78320	VG
78321	VG
78322	VG
78323	VG
78324	VG
78325	VG
78326	VG
78327	VG
78328	VG
78329	VG
78330	VG
78331	VG
78332	VG
78333	VG
78334	VG
78335	VG
78336	VG
78337	VG
78338	VG
78339	VG
78340	VG
78341	VG
78342	VG
78343	VG
78344	VG
78345	VG
78346	VG
78347	VG
78348	VG
78349	VG
78350	VG
78351	VG
78352	VG
78353	VG
78354	VG
78355	VG
78356	VG
78357	VG
78358	VG
78359	VG
78360	VG
78361	VG
78362	VG
78363	VG
78364	VG
78365	VG
78366	VG
78367	VG
78368	VG
78369	VG
78370	VG
78371	VG
78372	VG
78373	VG
78374	VG
78375	VG
78376	VG
78377	VG
78378	VG
78379	VG
78380	VG
78381	VG
78382	VG
78383	VG
78384	VG
78385	VG
78386	VG
78387	VG
78388	VG
78389	VG
78390	VG
78391	VG
78392	VG
78393	VG
78394	VG
78395	VG
78396	VG
78397	VG
78398	VG
78399	VG
78400	VG
78401	VG
78402	VG
78403	VG
78404	VG
78405	VG
78406	VG
78407	VG
78408	VG
78409	VG
78410	VG
78411	VG
78412	VG
78413	VG
78414	VG
78415	VG
78416	VG
78417	VG
78418	VG
78419	VG
78420	VG
78421	VG
78422	VG
78423	VG
78424	VG
78425	VG
78426	VG
78427	VG
78428	VG
78429	VG
78430	VG
78431	VG
78432	VG
78433	VG
78434	VG
78435	VG
78436	VG
78437	VG
78438	VG
78439	VG
78440	VG
78441	VG
78442	VG
78443	VG
78444	VG
78445	VG
78446	VG
78447	VG
78448	VG
78449	VG
78450	VG
78451	VG
78452	VG
78453	VG
78454	VG
78455	VG
78456	VG
78457	VG
78458	VG
78459	VG
78460	VG
78461	VG
78462	VG
78463	VG
78464	VG
78465	VG
78466	VG
78467	VG
78468	VG
78469	VG
78470	VG
78471	VG
78472	VG
78473	VG
78474	VG
78475	VG
78476	VG
78477	VG
78478	VG
78479	VG
78480	VG
78481	VG
78482	VG
78483	VG
78484	VG
78485	VG
78486	VG
78487	VG
78488	VG
78489	VG
78490	VG
78491	VG
78492	VG
78493	VG
78494	VG
78495	VG
78496	VG
78497	VG
78498	VG
78499	VG
78500	VG
78501	VG
78502	VG
78503	VG
78504	VG
78505	VG
78506	VG
78507	VG
78508	VG
78509	VG
78510	VG
78511	VG
78512	VG
78513	VG
78514	VG
78515	VG
78516	VG
78517	VG
78518	VG
78519	VG
78520	VG
78521	VG
78522	VG
78523	VG
78524	VG
78525	VG
78526	VG
78527	VG
78528	VG
78529	VG
78530	VG
78531	VG
78532	VG
78533	VG
78534	VG
78535	VG
78536	VG
78537	VG
78538	VG
78539	VG
78540	VG
78541	VG
78542	VG
78543	VG
78544	VG
78545	VG
78546	VG
78547	VG
78548	VG
78549	VG
78550	VG
78551	VG
78552	VG
78553	VG
78554	VG
78555	VG
78556	VG
78557	VG
78558	VG
78559	VG
78560	VG
78561	VG
78562	VG
78563	VG
78564	VG
78565	VG
78566	VG
78567	VG
78568	VG
78569	VG
78570	VG
78571	VG
78572	VG
78573	VG
78574	VG
78575	VG
78576	VG
78577	VG
78578	VG
78579	VG
78580	VG
78581	VG
78582	VG
78583	VG
78584	VG
78585	VG
78586	VG
78587	VG
78588	VG
78589	VG
78590	VG
78591	VG
78592	VG
78593	VG
78594	VG
78595	VG
78596	VG
78597	VG
78598	VG
78599	VG
78600	VG
78601	VG
78602	VG
78603	VG
78604	VG
78605	VG
78606	VG
78607	VG
78608	VG
78609	VG
78610	VG
78611	VG
78612	VG
78613	VG
78614	VG
78615	VG
78616	VG
78617	VG
78618	VG
78619	VG
78620	VG
78621	VG
78622	VG
78623	VG
78624	VG
78625	VG
78626	VG
78627	VG
78628	VG
78629	VG
78630	VG
78631	VG
78632	VG
78633	VG
78634	VG
78635	VG
78636	VG
78637	VG
78638	VG
78639	VG
78640	VG
78641	VG
78642	VG
78643	VG
78644	VG
78645	VG
78646	VG
78647	VG
78648	VG
78649	VG
78650	VG
78651	VG
78652	VG
78653	VG
78654	VG
78655	VG
78656	VG
78657	VG
78658	VG
78659	VG
78660	VG
78661	VG
78662	VG
78663	VG
78664	VG
78665	VG
78666	VG
78667	VG
78668	VG
78669	VG
78670	VG
78671	VG
78672	VG
78673	VG
78674	VG
78675	VG
78676	VG
78677	VG
78678	VG
78679	VG
78680	VG
78681	VG
78682	VG
78683	VG
78684	VG
78685	VG
78686	VG
78687	VG
78688	VG
78689	VG
78690	VG
78691	VG
78692	VG
78693	VG
78694	VG
78695	VG
78696	VG
78697	VG
78698	VG
78699	VG
78700	VG
78701	VG
78702	VG
78703	VG
78704	VG
78705	VG
78706	VG
78707	VG
78708	VG
78709	VG
78710	VG
78711	VG
78712	VG
78713	VG
78714	VG
78715	VG
78716	VG
78717	VG
78718	VG
78719	VG
78720	VG
78721	VG
78722	VG
78723	VG
78724	VG
78725	VG
78726	VG
78727	VG
78728	VG
78729	VG
78730	VG
78731	VG
78732	VG
78733	VG
78734	VG
78735	VG
78736	VG
78737	VG
78738	VG
78739	VG
78740	VG
78741	VG
78742	VG
78743	VG
78744	VG
78745	VG
78746	VG
78747	VG
78748	VG
78749	VG
78750	VG
78751	VG
78752	VG
78753	VG
78754	VG
78755	VG
78756	VG
78757	VG
78758	VG
78759	VG
78760	VG
78761	VG
78762	VG
78763	VG
78764	VG
78765	VG
78766	VG
78767	VG
78768	VG
78769	VG
78770	VG
78771	VG
78772	VG
78773	VG
78774	VG
78775	VG
78776	VG
78777	VG
78778	VG
78779	VG
78780	VG
78781	VG
78782	VG
78783	VG
78784	VG
78785	VG
78786	VG
78787	VG
78788	VG
78789	VG
78790	VG
78791	VG
78792	VG
78793	VG
78794	VG
78795	VG
78796	VG
78797	VG
78798	VG
78799	VG
78800	VG
78801	VG
78802	VG
78803	VG
78804	VG
78805	VG
78806	VG
78807	VG
78808	VG
78809	VG
78810	VG
78811	VG
78812	VG
78813	VG
78814	VG
78815	VG
78816	VG
78817	VG
78818	VG
78819	VG
78820	VG
78821	VG
78822	VG
78823	VG
78824	VG
78825	VG
78826	VG
78827	VG
78828	VG
78829	VG
78830	VG
78831	VG
78832	VG
78833	VG
78834	VG
78835	VG
78836	VG
78837	VG
78838	VG
78839	VG
78840	VG
78841	VG
78842	VG
78843	VG
78844	VG
78845	VG
78846	VG
78847	VG
78848	VG
78849	VG
78850	VG
78851	VG
78852	VG
78853	VG
78854	VG
78855	VG
78856	VG
78857	VG
78858	VG
78859	VG
78860	VG
78861	VG
78862	VG
78863	VG
78864	VG
78865	VG
78866	VG
78867	VG
78868	VG
78869	VG
78870	VG
78871	VG
78872	VG
78873	VG
78874	VG
78875	VG
78876	VG
78877	VG
78878	VG
78879	VG
78880	VG
78881	VG
78882	VG
78883	VG
78884	VG
78885	VG
78886	VG
78887	VG
78888	VG
78889	VG
78890	VG
78891	VG
78892	VG
78893	VG
78894	VG
78895	VG
78896	VG
78897	VG
78898	VG
78899	VG
78900	VG
78901	VG
78902	VG
78903	VG
78904	VG
78905	VG
78906	VG
78907	VG
78908	VG
78909	VG
78910	VG
78911	VG
78912	VG
78913	VG
78914	VG
78915	VG
78916	VG
78917	VG
78918	VG
78919	VG
78920	VG
78921	VG
78922	VG
78923	VG
78924	VG
78925	VG
78926	VG
78927	VG
78928	VG
78929	VG
78930	VG
78931	VG
78932	VG
78933	VG
78934	VG
78935	VG
78936	VG
78937	VG
78938	VG
78939	VG
78940	VG
78941	VG
78942	VG
78943	VG
78944	VG
78945	VG
78946	VG
78947	VG
78948	VG
78949	VG
78950	VG
78951	VG
78952	VG
78953	VG
78954	VG
78955	VG
78956	VG
78957	VG
78958	VG
78959	VG
78960	VG
78961	VG
78962	VG
78963	VG
78964	VG
78965	VG
78966	VG
78967	VG
78968	VG
78969	VG
78970	VG
78971	VG
78972	VG
78973	VG
78974	VG
78975	VG
78976	VG
78977	VG
78978	VG
78979	VG
78980	VG
78981	VG
78982	VG
78983	VG
78984	VG
78985	VG
78986	VG
78987	VG
78988	VG
78989	VG
78990	VG
78991	VG
78992	VG
78993	VG
78994	VG
78995	VG
78996	VG
78997	VG
78998	VG
78999	VG
79000	VG
79001	VG
79002	VG
79003	VG
79004	VG
79005	VG
79006	VG
79007	VG
79008	VG
79009	VG
79010	VG
79011	VG
79012	VG
79013	VG
79014	VG
79015	VG
79016	VG
79017	VG
79018	VG
79019	VG
79020	VG
79021	VG
79022	VG
79023	VG
79024	VG
79025	VG
79026	VG
79027	VG
79028	VG
79029	VG
79030	VG
79031	VG
79032	VG
79033	VG
79034	VG
79035	VG
79036	VG
79037	VG
79038	VG
79039	VG
79040	VG
79041	VG
79042	VG
79043	VG
79044	VG
79045	VG
79046	VG
79047	VG
79048	VG
79049	VG
79050	VG
79051	VG
79052	VG
79053	VG
79054	VG
79055	VG
79056	VG
79057	VG
79058	VG
79059	VG
79060	VG
79061	VG
79062	VG
79063	VG
79064	VG
79065	VG
79066	VG
79067	VG
79068	VG
79069	VG
79070	VG
79071	VG
79072	VG
79073	VG
79074	VG
79075	VG
79076	VG
79077	VG
79078	VG
79079	VG
79080	VG
79081	VG
79082	VG
79083	VG
79084	VG
79085	VG
79086	VG
79087	VG
79088	VG
79089	VG
79090	VG
79091	VG
79092	VG
79093	VG
79094	VG
79095	VG
79096	VG
79097	VG
79098	VG
79099	VG
79100	VG
79101	VG
79102	VG
79103	VG
79104	VG
79105	VG
79106	VG
79107	VG
79108	VG
79109	VG
79110	VG
79111	VG
79112	VG
79113	VG
79114	VG
79115	VG
79116	VG
79117	VG
79118	VG
79119	VG
79120	VG
79121	VG
79122	VG
79123	VG
79124	VG
79125	VG
79126	VG
79127	VG
79128	VG
79129	VG
79130	VG
79131	VG
79132	VG
79133	VG
79134	VG
79135	VG
79136	VG
79137	VG
79138	VG
79139	VG
79140	VG
79141	VG
79142	VG
79143	VG
79144	VG
79145	VG
79146	VG
79147	VG
79148	VG
79149	VG
79150	VG
79151	VG
79152	VG
79153	VG
79154	VG
79155	VG
79156	VG
79157	VG
79158	VG
79159	VG
79160	VG
79161	VG
79162	VG
79163	VG
79164	VG
79165	VG
79166	VG
79167	VG
79168	VG
79169	VG
79170	VG
79171	VG
79172	VG
79173	VG
79174	VG
79175	VG
79176	VG
79177	VG
79178	VG
79179	VG
79180	VG
79181	VG
79182	VG
79183	VG
79184	VG
79185	VG
79186	VG
79187	VG
79188	VG
79189	VG
79190	VG
79191	VG
79192	VG
79193	VG
79194	VG
79195	VG
79196	VG
79197	VG
79198	VG
79199	VG
79200	VG
79201	VG
79202	VG
79203	VG
79204	VG
79205	VG
79206	VG
79207	VG
79208	VG
79209	VG
79210	VG
79211	VG
79212	VG
79213	VG
79214	VG
79215	VG
79216	VG
79217	VG
79218	VG
79219	VG
79220	VG
79221	VG
79222	VG
79223	VG
79224	VG
79225	VG
79226	VG
79227	VG
79228	VG
79229	VG
79230	VG
79231	VG
79232	VG
79233	VG
79234	VG
79235	VG
79236	VG
79237	VG
79238	VG
79239	VG
79240	VG
79241	VG
79242	VG
79243	VG
79244	VG
79245	VG
79246	VG
79247	VG
79248	VG
79249	VG
79250	VG
79251	VG
79252	VG
79253	VG
79254	VG
79255	VG
79256	VG
79257	VG
79258	VG
79259	VG
79260	VG
79261	VG
79262	VG
79263	VG
79264	VG
79265	VG
79266	VG
79267	VG
79268	VG
79269	VG
79270	VG
79271	VG
79272	VG
79273	VG
79274	VG
79275	VG
79276	VG
79277	VG
79278	VG
79279	VG
79280	VG
79281	VG
79282	VG
79283	VG
79284	VG
79285	VG
79286	VG
79287	VG
79288	VG
79289	VG
79290	VG
79291	VG
79292	VG
79293	VG
79294	VG
79295	VG
79296	VG
79297	VG
79298	VG
79299	VG
79300	VG
79301	VG
79302	VG
79303	VG
79304	VG
79305	VG
79306	VG
79307	VG
79308	VG
79309	VG
79310	VG
79311	VG
79312	VG
79313	VG
79314	VG
79315	VG
79316	VG
79317	VG
79318	VG
79319	VG
79320	VG
79321	VG
79322	VG
79323	VG
79324	VG
79325	VG
79326	VG
79327	VG
79328	VG
79329	VG
79330	VG
79331	VG
79332	VG
79333	VG
79334	VG
79335	VG
79336	VG
79337	VG
79338	VG
79339	VG
79340	VG
79341	VG
79342	VG
79343	VG
79344	VG
79345	VG
79346	VG
79347	VG
79348	VG
79349	VG
79350	VG
79351	VG
79352	VG
79353	VG
79354	VG
79355	VG
79356	VG
79357	VG
79358	VG
79359	VG
79360	VG
79361	VG
79362	VG
79363	VG
79364	VG
79365	VG
79366	VG
79367	VG
79368	VG
79369	VG
79370	VG
79371	VG
79372	VG
79373	VG
79374	VG
79375	VG
79376	VG
79377	VG
79378	VG
79379	VG
79380	VG
79381	VG
79382	VG
79383	VG
79384	VG
79385	VG
79386	VG
79387	VG
79388	VG
79389	VG
79390	VG
79391	VG
79392	VG
79393	VG
79394	VG
79395	VG
79396	VG
79397	VG
79398	VG
79399	VG
79400	VG
79401	VG
79402	VG
79403	VG
79404	VG
79405	VG
79406	VG
79407	VG
79408	VG
79409	VG
79410	VG
79411	VG
79412	VG
79413	VG
79414	VG
79415	VG
79416	VG
79417	VG
79418	VG
79419	VG
79420	VG
79421	VG
79422	VG
79423	VG
79424	VG
79425	VG
79426	VG
79427	VG
79428	VG
79429	VG
79430	VG
79431	VG
79432	VG
79433	VG
79434	VG
79435	VG
79436	VG
79437	VG
79438	VG
79439	VG
79440	VG
79441	VG
79442	VG
79443	VG
79444	VG
79445	VG
79446	VG
79447	VG
79448	VG
79449	VG
79450	VG
79451	VG
79452	VG
79453	VG
79454	VG
79455	VG
79456	VG
79457	VG
79458	VG
79459	VG
79460	VG
79461	VG
79462	VG
79463	VG
79464	VG
79465	VG
79466	VG
79467	VG
79468	VG
79469	VG
79470	VG
79471	VG
79472	VG
79473	VG
79474	VG
79475	VG
79476	VG
79477	VG
79478	VG
79479	VG
79480	VG
79481	VG
79482	VG
79483	VG
79484	VG
79485	VG
79486	VG
79487	VG
79488	VG
79489	VG
79490	VG
79491	VG
79492	VG
79493	VG
79494	VG
79495	VG
79496	VG
79497	VG
79498	VG
79499	VG
79500	VG
79501	VG
79502	VG
79503	VG
79504	VG
79505	VG
79506	VG
79507	VG
79508	VG
79509	VG
79510	VG
79511	VG
79512	VG
79513	VG
79514	VG
79515	VG
79516	VG
79517	VG
79518	VG
79519	VG
79520	VG
79521	VG
79522	VG
79523	VG
79524	VG
79525	VG
79526	VG
79527	VG
79528	VG
79529	VG
79530	VG
79531	VG
79532	VG
79533	VG
79534	VG
79535	VG
79536	VG
79537	VG
79538	VG
79539	VG
79540	VG
79541	VG
79542	VG
79543	VG
79544	VG
79545	VG
79546	VG
79547	VG
79548	VG
79549	VG
79550	VG
79551	VG
79552	VG
79553	VG
79554	VG
79555	VG
79556	VG
79557	VG
79558	VG
79559	VG
79560	VG
79561	VG
79562	VG
79563	VG
79564	VG
79565	VG
79566	VG
79567	VG
79568	VG
79569	VG
79570	VG
79571	VG
79572	VG
79573	VG
79574	VG
79575	VG
79576	VG
79577	VG
79578	VG
79579	VG
79580	VG
79581	VG
79582	VG
79583	VG
79584	VG
79585	VG
79586	VG
79587	VG
79588	VG
79589	VG
79590	VG
79591	VG
79592	VG
79593	VG
79594	VG
79595	VG
79596	VG
79597	VG
79598	VG
79599	VG
79600	VG
79601	VG
79602	VG
79603	VG
79604	VG
79605	VG
79606	VG
79607	VG
79608	VG
79609	VG
79610	VG
79611	VG
79612	VG
79613	VG
79614	VG
79615	VG
79616	VG
79617	VG
79618	VG
79619	VG
79620	VG
79621	VG
79622	VG
79623	VG
79624	VG
79625	VG
79626	VG
79627	VG
79628	VG
79629	VG
79630	VG
79631	VG
79632	VG
79633	VG
79634	VG
79635	VG
79636	VG
79637	VG
79638	VG
79639	VG
79640	VG
79641	VG
79642	VG
79643	VG
79644	VG
79645	VG
79646	VG
79647	VG
79648	VG
79649	VG
79650	VG
79651	VG
79652	VG
79653	VG
79654	VG
79655	VG
79656	VG
79657	VG
79658	VG
79659	VG
79660	VG
79661	VG
79662	VG
79663	VG
79664	VG
79665	VG
79666	VG
79667	VG
79668	VG
79669	VG
79670	VG
79671	VG
79672	VG
79673	VG
79674	VG
79675	VG
79676	VG
79677	VG
79678	VG
79679	VG
79680	VG
79681	VG
79682	VG
79683	VG
79684	VG
79685	VG
79686	VG
79687	VG
79688	VG
79689	VG
79690	VG
79691	VG
79692	VG
79693	VG
79694	VG
79695	VG
79696	VG
79697	VG
79698	VG
79699	VG
79700	VG
79701	VG
79702	VG
79703	VG
79704	VG
79705	VG
79706	VG
79707	VG
79708	VG
79709	VG
79710	VG
79711	VG
79712	VG
79713	VG
79714	VG
79715	VG
79716	VG
79717	VG
79718	VG
79719	VG
79720	VG
79721	VG
79722	VG
79723	VG
79724	VG
79725	VG
79726	VG
79727	VG
79728	VG
79729	VG
79730	VG
79731	VG
79732	VG
79733	VG
79734	VG
79735	VG
79736	VG
79737	VG
79738	VG
79739	VG
79740	VG
79741	VG
79742	VG
79743	VG
79744	VG
79745	VG
79746	VG
79747	VG
79748	VG
79749	VG
79750	VG
79751	VG
79752	VG
79753	VG
79754	VG
79755	VG
79756	VG
79757	VG
79758	VG
79759	VG
79760	VG
79761	VG
79762	VG
79763	VG
79764	VG
79765	VG
79766	VG
79767	VG
79768	VG
79769	VG
79770	VG
79771	VG
79772	VG
79773	VG
79774	VG
79775	VG
79776	VG
79777	VG
79778	VG
79779	VG
79780	VG
79781	VG
79782	VG
79783	VG
79784	VG
79785	VG
79786	VG
79787	VG
79788	VG
79789	VG
79790	VG
79791	VG
79792	VG
79793	VG
79794	VG
79795	VG
79796	VG
79797	VG
79798	VG
79799	VG
79800	VG
79801	VG
79802	VG
79803	VG
79804	VG
79805	VG
79806	VG
79807	VG
79808	VG
79809	VG
79810	VG
79811	VG
79812	VG
79813	VG
79814	VG
79815	VG
79816	VG
79817	VG
79818	VG
79819	VG
79820	VG
79821	VG
79822	VG
79823	VG
79824	VG
79825	VG
79826	VG
79827	VG
79828	VG
79829	VG
79830	VG
79831	VG
79832	VG
79833	VG
79834	VG
79835	VG
79836	VG
79837	VG
79838	VG
79839	VG
79840	VG
79841	VG
79842	VG
79843	VG
79844	VG
79845	VG
79846	VG
79847	VG
79848	VG
79849	VG
79850	VG
79851	VG
79852	VG
79853	VG
79854	VG
79855	VG
79856	VG
79857	VG
79858	VG
79859	VG
79860	VG
79861	VG
79862	VG
79863	VG
79864	VG
79865	VG
79866	VG
79867	VG
79868	VG
79869	VG
79870	VG
79871	VG
79872	VG
79873	VG
79874	VG
79875	VG
79876	VG
79877	VG
79878	VG
79879	VG
79880	VG
79881	VG
79882	VG
79883	VG
79884	VG
79885	VG
79886	VG
79887	VG
79888	VG
79889	VG
79890	VG
79891	VG
79892	VG
79893	VG
79894	VG
79895	VG
79896	VG
79897	VG
79898	VG
79899	VG
79900	VG
79901	VG
79902	VG
79903	VG
79904	VG
79905	VG
79906	VG
79907	VG
79908	VG
79909	VG
79910	VG
79911	VG
79912	VG
79913	VG
79914	VG
79915	VG
79916	VG
79917	VG
79918	VG
79919	VG
79920	VG
79921	VG
79922	VG
79923	VG
79924	VG
79925	VG
79926	VG
79927	VG
79928	VG
79929	VG
79930	VG
79931	VG
79932	VG
79933	VG
79934	VG
79935	VG
79936	VG
79937	VG
79938	VG
79939	VG
79940	VG
79941	VG
79942	VG
79943	VG
79944	VG
79945	VG
79946	VG
79947	VG
79948	VG
79949	VG
79950	VG
79951	VG
79952	VG
79953	VG
79954	VG
79955	VG
79956	VG
79957	VG
79958	VG
79959	VG
79960	VG
79961	VG
79962	VG
79963	VG
79964	VG
79965	VG
79966	VG
79967	VG
79968	VG
79969	VG
79970	VG
79971	VG
79972	VG
79973	VG
79974	VG
79975	VG
79976	VG
79977	VG
79978	VG
79979	VG
79980	VG
79981	VG
79982	VG
79983	VG
79984	VG
79985	VG
79986	VG
79987	VG
79988	VG
79989	VG
79990	VG
79991	VG
79992	VG
79993	VG
79994	VG
79995	VG
79996	VG
79997	VG
79998	VG
79999	VG
80000	VG
80001	VG
80002	VG
80003	VG
80004	VG
80005	VG
80006	VG
80007	VG
80008	VG
80009	VG
80010	VG
80011	VG
80012	VG
80013	VG
80014	VG
80015	VG
80016	VG
80017	VG
80018	VG
80019	VG
80020	VG
80021	VG
80022	VG
80023	VG
80024	VG
80025	VG
80026	VG
80027	VG
80028	VG
80029	VG
80030	VG
80031	VG
80032	VG
80033	VG
80034	VG
80035	VG
80036	VG
80037	VG
80038	VG
80039	VG
80040	VG
80041	VG
80042	VG
80043	VG
80044	VG
80045	VG
80046	VG
80047	VG
80048	VG
80049	VG
80050	VG
80051	VG
80052	VG
80053	VG
80054	VG
80055	VG
80056	VG
80057	VG
80058	VG
80059	VG
80060	VG
80061	VG
80062	VG
80063	VG
80064	VG
80065	VG
80066	VG
80067	VG
80068	VG
80069	VG
80070	VG
80071	VG
80072	VG
80073	VG
80074	VG
80075	VG
80076	VG
80077	VG
80078	VG
80079	VG
80080	VG
80081	VG
80082	VG
80083	VG
80084	VG
80085	VG
80086	VG
80087	VG
80088	VG
80089	VG
80090	VG
80091	VG
80092	VG
80093	VG
80094	VG
80095	VG
80096	VG
80097	VG
80098	VG
80099	VG
80100	VG
80101	VG
80102	VG
80103	VG
80104	VG
80105	VG
80106	VG
80107	VG
80108	VG
80109	VG
80110	VG
80111	VG
80112	VG
80113	VG
80114	VG
80115	VG
80116	VG
80117	VG
80118	VG
80119	VG
80120	VG
80121	VG
80122	VG
80123	VG
80124	VG
80125	VG
80126	VG
80127	VG
80128	VG
80129	VG
80130	VG
80131	VG
80132	VG
80133	VG
80134	VG
80135	VG
80136	VG
80137	VG
80138	VG
80139	VG
80140	VG
80141	VG
80142	VG
80143	VG
80144	VG
80145	VG
80146	VG
80147	VG
80148	VG
80149	VG
80150	VG
80151	VG
80152	VG
80153	VG
80154	VG
80155	VG
80156	VG
80157	VG
80158	VG
80159	VG
80160	VG
80161	VG
80162	VG
80163	VG
80164	VG
80165	VG
80166	VG
80167	VG
80168	VG
80169	VG
80170	VG
80171	VG
80172	VG
80173	VG
80174	VG
80175	VG
80176	VG
80177	VG
80178	VG
80179	VG
80180	VG
80181	VG
80182	VG
80183	VG
80184	VG
80185	VG
80186	VG
80187	VG
80188	VG
80189	VG
80190	VG
80191	VG
80192	VG
80193	VG
80194	VG
80195	VG
80196	VG
80197	VG
80198	VG
80199	VG
80200	VG
80201	VG
80202	VG
80203	VG
80204	VG
80205	VG
80206	VG
80207	VG
80208	VG
80209	VG
80210	VG
80211	VG
80212	VG
80213	VG
80214	VG
80215	VG
80216	VG
80217	VG
80218	VG
80219	VG
80220	VG
80221	VG
80222	VG
80223	VG
80224	VG
80225	VG
80226	VG
80227	VG
80228	VG
80229	VG
80230	VG
80231	VG
80232	VG
80233	VG
80234	VG
80235	VG
80236	VG
80237	VG
80238	VG
80239	VG
80240	VG
80241	VG
80242	VG
80243	VG
80244	VG
80245	VG
80246	VG
80247	VG
80248	VG
80249	VG
80250	VG
80251	VG
80252	VG
80253	VG
80254	VG
80255	VG
80256	VG
80257	VG
80258	VG
80259	VG
80260	VG
80261	VG
80262	VG
80263	VG
80264	VG
80265	VG
80266	VG
80267	VG
80268	VG
80269	VG
80270	VG
80271	VG
80272	VG
80273	VG
80274	VG
80275	VG
80276	VG
80277	VG
80278	VG
80279	VG
80280	VG
80281	VG
80282	VG
80283	VG
80284	VG
80285	VG
80286	VG
80287	VG
80288	VG
80289	VG
80290	VG
80291	VG
80292	VG
80293	VG
80294	VG
80295	VG
80296	VG
80297	VG
80298	VG
80299	VG
80300	VG
80301	VG
80302	VG
80303	VG
80304	VG
80305	VG
80306	VG
80307	VG
80308	VG
80309	VG
80310	VG
80311	VG
80312	VG
80313	VG
80314	VG
80315	VG
80316	VG
80317	VG
80318	VG
80319	VG
80320	VG
80321	VG
80322	VG
80323	VG
80324	VG
80325	VG
80326	VG
80327	VG
80328	VG
80329	VG
80330	VG
80331	VG
80332	VG
80333	VG
80334	VG
80335	VG
80336	VG
80337	VG
80338	VG
80339	VG
80340	VG
80341	VG
80342	VG
80343	VG
80344	VG
80345	VG
80346	VG
80347	VG
80348	VG
80349	VG
80350	VG
80351	VG
80352	VG
80353	VG
80354	VG
80355	VG
80356	VG
80357	VG
80358	VG
80359	VG
80360	VG
80361	VG
80362	VG
80363	VG
80364	VG
80365	VG
80366	VG
80367	VG
80368	VG
80369	VG
80370	VG
80371	VG
80372	VG
80373	VG
80374	VG
80375	VG
80376	VG
80377	VG
80378	VG
80379	VG
80380	VG
80381	VG
80382	VG
80383	VG
80384	VG
80385	VG
80386	VG
80387	VG
80388	VG
80389	VG
80390	VG
80391	VG
80392	VG
80393	VG
80394	VG
80395	VG
80396	VG
80397	VG
80398	VG
80399	VG
80400	VG
80401	VG
80402	VG
80403	VG
80404	VG
80405	VG
80406	VG
80407	VG
80408	VG
80409	VG
80410	VG
80411	VG
80412	VG
80413	VG
80414	VG
80415	VG
80416	VG
80417	VG
80418	VG
80419	VG
80420	VG
80421	VG
80422	VG
80423	VG
80424	VG
80425	VG
80426	VG
80427	VG
80428	VG
80429	VG
80430	VG
80431	VG
80432	VG
80433	VG
80434	VG
80435	VG
80436	VG
80437	VG
80438	VG
80439	VG
80440	VG
80441	VG
80442	VG
80443	VG
80444	VG
80445	VG
80446	VG
80447	VG
80448	VG
80449	VG
80450	VG
80451	VG
80452	VG
80453	VG
80454	VG
80455	VG
80456	VG
80457	VG
80458	VG
80459	VG
80460	VG
80461	VG
80462	VG
80463	VG
80464	VG
80465	VG
80466	VG
80467	VG
80468	VG
80469	VG
80470	VG
80471	VG
80472	VG
80473	VG
80474	VG
80475	VG
80476	VG
80477	VG
80478	VG
80479	VG
80480	VG
80481	VG
80482	VG
80483	VG
80484	VG
80485	VG
80486	VG
80487	VG
80488	VG
80489	VG
80490	VG
80491	VG
80492	VG
80493	VG
80494	VG
80495	VG
80496	VG
80497	VG
80498	VG
80499	VG
80500	VG
80501	VG
80502	VG
80503	VG
80504	VG
80505	VG
80506	VG
80507	VG
80508	VG
80509	VG
80510	VG
80511	VG
80512	VG
80513	VG
80514	VG
80515	VG
80516	VG
80517	VG
80518	VG
80519	VG
80520	VG
80521	VG
80522	VG
80523	VG
80524	VG
80525	VG
80526	VG
80527	VG
80528	VG
80529	VG
80530	VG
80531	VG
80532	VG
80533	VG
80534	VG
80535	VG
80536	VG
80537	VG
80538	VG
80539	VG
80540	VG
80541	VG
80542	VG
80543	VG
80544	VG
80545	VG
80546	VG
80547	VG
80548	VG
80549	VG
80550	VG
80551	VG
80552	VG
80553	VG
80554	VG
80555	VG
80556	VG
80557	VG
80558	VG
80559	VG
80560	VG
80561	VG
80562	VG
80563	VG
80564	VG
80565	VG
80566	VG
80567	VG
80568	VG
80569	VG
80570	VG
80571	VG
80572	VG
80573	VG
80574	VG
80575	VG
80576	VG
80577	VG
80578	VG
80579	VG
80580	VG
80581	VG
80582	VG
80583	VG
80584	VG
80585	VG
80586	VG
80587	VG
80588	VG
80589	VG
80590	VG
80591	VG
80592	VG
80593	VG
80594	VG
80595	VG
80596	VG
80597	VG
80598	VG
80599	VG
80600	VG
80601	VG
80602	VG
80603	VG
80604	VG
80605	VG
80606	VG
80607	VG
80608	VG
80609	VG
80610	VG
80611	VG
80612	VG
80613	VG
80614	VG
80615	VG
80616	VG
80617	VG
80618	VG
80619	VG
80620	VG
80621	VG
80622	VG
80623	VG
80624	VG
80625	VG
80626	VG
80627	VG
80628	VG
80629	VG
80630	VG
80631	VG
80632	VG
80633	VG
80634	VG
80635	VG
80636	VG
80637	VG
80638	VG
80639	VG
80640	VG
80641	VG
80642	VG
80643	VG
80644	VG
80645	VG
80646	VG
80647	VG
80648	VG
80649	VG
80650	VG
80651	VG
80652	VG
80653	VG
80654	VG
80655	VG
80656	VG
80657	VG
80658	VG
80659	VG
80660	VG
80661	VG
80662	VG
80663	VG
80664	VG
80665	VG
80666	VG
80667	VG
80668	VG
80669	VG
80670	VG
80671	VG
80672	VG
80673	VG
80674	VG
80675	VG
80676	VG
80677	VG
80678	VG
80679	VG
80680	VG
80681	VG
80682	VG
80683	VG
80684	VG
80685	VG
80686	VG
80687	VG
80688	VG
80689	VG
80690	VG
80691	VG
80692	VG
80693	VG
80694	VG
80695	VG
80696	VG
80697	VG
80698	VG
80699	VG
80700	VG
80701	VG
80702	VG
80703	VG
80704	VG
80705	VG
80706	VG
80707	VG
80708	VG
80709	VG
80710	VG
80711	VG
80712	VG
80713	VG
80714	VG
80715	VG
80716	VG
80717	VG
80718	VG
80719	VG
80720	VG
80721	VG
80722	VG
80723	VG
80724	VG
80725	VG
80726	VG
80727	VG
80728	VG
80729	VG
80730	VG
80731	VG
80732	VG
80733	VG
80734	VG
80735	VG
80736	VG
80737	VG
80738	VG
80739	VG
80740	VG
80741	VG
80742	VG
80743	VG
80744	VG
80745	VG
80746	VG
80747	VG
80748	VG
80749	VG
80750	VG
80751	VG
80752	VG
80753	VG
80754	VG
80755	VG
80756	VG
80757	VG
80758	VG
80759	VG
80760	VG
80761	VG
80762	VG
80763	VG
80764	VG
80765	VG
80766	VG
80767	VG
80768	VG
80769	VG
80770	VG
80771	VG
80772	VG
80773	VG
80774	VG
80775	VG
80776	VG
80777	VG
80778	VG
80779	VG
80780	VG
80781	VG
80782	VG
80783	VG
80784	VG
80785	VG
80786	VG
80787	VG
80788	VG
80789	VG
80790	VG
80791	VG
80792	VG
80793	VG
80794	VG
80795	VG
80796	VG
80797	VG
80798	VG
80799	VG
80800	VG
80801	VG
80802	VG
80803	VG
80804	VG
80805	VG
80806	VG
80807	VG
80808	VG
80809	VG
80810	VG
80811	VG
80812	VG
80813	VG
80814	VG
80815	VG
80816	VG
80817	VG
80818	VG
80819	VG
80820	VG
80821	VG
80822	VG
80823	VG
80824	VG
80825	VG
80826	VG
80827	VG
80828	VG
80829	VG
80830	VG
80831	VG
80832	VG
80833	VG
80834	VG
80835	VG
80836	VG
80837	VG
80838	VG
80839	VG
80840	VG
80841	VG
80842	VG
80843	VG
80844	VG
80845	VG
80846	VG
80847	VG
80848	VG
80849	VG
80850	VG
80851	VG
80852	VG
80853	VG
80854	VG
80855	VG
80856	VG
80857	VG
80858	VG
80859	VG
80860	VG
80861	VG
80862	VG
80863	VG
80864	VG
80865	VG
80866	VG
80867	VG
80868	VG
80869	VG
80870	VG
80871	VG
80872	VG
80873	VG
80874	VG
80875	VG
80876	VG
80877	VG
80878	VG
80879	VG
80880	VG
80881	VG
80882	VG
80883	VG
80884	VG
80885	VG
80886	VG
80887	VG
80888	VG
80889	VG
80890	VG
80891	VG
80892	VG
80893	VG
80894	VG
80895	VG
80896	VG
80897	VG
80898	VG
80899	VG
80900	VG
80901	VG
80902	VG
80903	VG
80904	VG
80905	VG
80906	VG
80907	VG
80908	VG
80909	VG
80910	VG
80911	VG
80912	VG
80913	VG
80914	VG
80915	VG
80916	VG
80917	VG
80918	VG
80919	VG
80920	VG
80921	VG
80922	VG
80923	VG
80924	VG
80925	VG
80926	VG
80927	VG
80928	VG
80929	VG
80930	VG
80931	VG
80932	VG
80933	VG
80934	VG
80935	VG
80936	VG
80937	VG
80938	VG
80939	VG
80940	VG
80941	VG
80942	VG
80943	VG
80944	VG
80945	VG
80946	VG
80947	VG
80948	VG
80949	VG
80950	VG
80951	VG
80952	VG
80953	VG
80954	VG
80955	VG
80956	VG
80957	VG
80958	VG
80959	VG
80960	VG
80961	VG
80962	VG
80963	VG
80964	VG
80965	VG
80966	VG
80967	VG
80968	VG
80969	VG
80970	VG
80971	VG
80972	VG
80973	VG
80974	VG
80975	VG
80976	VG
80977	VG
80978	VG
80979	VG
80980	VG
80981	VG
80982	VG
80983	VG
80984	VG
80985	VG
80986	VG
80987	VG
80988	VG
80989	VG
80990	VG
80991	VG
80992	VG
80993	VG
80994	VG
80995	VG
80996	VG
80997	VG
80998	VG
80999	VG
81000	VG
81001	VG
81002	VG
81003	VG
81004	VG
81005	VG
81006	VG
81007	VG
81008	VG
81009	VG
81010	VG
81011	VG
81012	VG
81013	VG
81014	VG
81015	VG
81016	VG
81017	VG
81018	VG
81019	VG
81020	VG
81021	VG
81022	VG
81023	VG
81024	VG
81025	VG
81026	VG
81027	VG
81028	VG
81029	VG
81030	VG
81031	VG
81032	VG
81033	VG
81034	VG
81035	VG
81036	VG
81037	VG
81038	VG
81039	VG
81040	VG
81041	VG
81042	VG
81043	VG
81044	VG
81045	VG
81046	VG
81047	VG
81048	VG
81049	VG
81050	VG
81051	VG
81052	VG
81053	VG
81054	VG
81055	VG
81056	VG
81057	VG
81058	VG
81059	VG
81060	VG
81061	VG
81062	VG
81063	VG
81064	VG
81065	VG
81066	VG
81067	VG
81068	VG
81069	VG
81070	VG
81071	VG
81072	VG
81073	VG
81074	VG
81075	VG
81076	VG
81077	VG
81078	VG
81079	VG
81080	VG
81081	VG
81082	VG
81083	VG
81084	VG
81085	VG
81086	VG
81087	VG
81088	VG
81089	VG
81090	VG
81091	VG
81092	VG
81093	VG
81094	VG
81095	VG
81096	VG
81097	VG
81098	VG
81099	VG
81100	VG
81101	VG
81102	VG
81103	VG
81104	VG
81105	VG
81106	VG
81107	VG
81108	VG
81109	VG
81110	VG
81111	VG
81112	VG
81113	VG
81114	VG
81115	VG
81116	VG
81117	VG
81118	VG
81119	VG
81120	VG
81121	VG
81122	VG
81123	VG
81124	VG
81125	VG
81126	VG
81127	VG
81128	VG
81129	VG
81130	VG
81131	VG
81132	VG
81133	VG
81134	VG
81135	VG
81136	VG
81137	VG
81138	VG
81139	VG
81140	VG
81141	VG
81142	VG
81143	VG
81144	VG
81145	VG
81146	VG
81147	VG
81148	VG
81149	VG
81150	VG
81151	VG
81152	VG
81153	VG
81154	VG
81155	VG
81156	VG
81157	VG
81158	VG
81159	VG
81160	VG
81161	VG
81162	VG
81163	VG
81164	VG
81165	VG
81166	VG
81167	VG
81168	VG
81169	VG
81170	VG
81171	VG
81172	VG
81173	VG
81174	VG
81175	VG
81176	VG
81177	VG
81178	VG
81179	VG
81180	VG
81181	VG
81182	VG
81183	VG
81184	VG
81185	VG
81186	VG
81187	VG
81188	VG
81189	VG
81190	VG
81191	VG
81192	VG
81193	VG
81194	VG
81195	VG
81196	VG
81197	VG
81198	VG
81199	VG
81200	VG
81201	VG
81202	VG
81203	VG
81204	VG
81205	VG
81206	VG
81207	VG
81208	VG
81209	VG
81210	VG
81211	VG
81212	VG
81213	VG
81214	VG
81215	VG
81216	VG
81217	VG
81218	VG
81219	VG
81220	VG
81221	VG
81222	VG
81223	VG
81224	VG
81225	VG
81226	VG
81227	VG
81228	VG
81229	VG
81230	VG
81231	VG
81232	VG
81233	VG
81234	VG
81235	VG
81236	VG
81237	VG
81238	VG
81239	VG
81240	VG
81241	VG
81242	VG
81243	VG
81244	VG
81245	VG
81246	VG
81247	VG
81248	VG
81249	VG
81250	VG
81251	VG
81252	VG
81253	VG
81254	VG
81255	VG
81256	VG
81257	VG
81258	VG
81259	VG
81260	VG
81261	VG
81262	VG
81263	VG
81264	VG
81265	VG
81266	VG
81267	VG
81268	VG
81269	VG
81270	VG
81271	VG
81272	VG
81273	VG
81274	VG
81275	VG
81276	VG
81277	VG
81278	VG
81279	VG
81280	VG
81281	VG
81282	VG
81283	VG
81284	VG
81285	VG
81286	VG
81287	VG
81288	VG
81289	VG
81290	VG
81291	VG
81292	VG
81293	VG
81294	VG
81295	VG
81296	VG
81297	VG
81298	VG
81299	VG
81300	VG
81301	VG
81302	VG
81303	VG
81304	VG
81305	VG
81306	VG
81307	VG
81308	VG
81309	VG
81310	VG
81311	VG
81312	VG
81313	VG
81314	VG
81315	VG
81316	VG
81317	VG
81318	VG
81319	VG
81320	VG
81321	VG
81322	VG
81323	VG
81324	VG
81325	VG
81326	VG
81327	VG
81328	VG
81329	VG
81330	VG
81331	VG
81332	VG
81333	VG
81334	VG
81335	VG
81336	VG
81337	VG
81338	VG
81339	VG
81340	VG
81341	VG
81342	VG
81343	VG
81344	VG
81345	VG
81346	VG
81347	VG
81348	VG
81349	VG
81350	VG
81351	VG
81352	VG
81353	VG
81354	VG
81355	VG
81356	VG
81357	VG
81358	VG
81359	VG
81360	VG
81361	VG
81362	VG
81363	VG
81364	VG
81365	VG
81366	VG
81367	VG
81368	VG
81369	VG
81370	VG
81371	VG
81372	VG
81373	VG
81374	VG
81375	VG
81376	VG
81377	VG
81378	VG
81379	VG
81380	VG
81381	VG
81382	VG
81383	VG
81384	VG
81385	VG
81386	VG
81387	VG
81388	VG
81389	VG
81390	VG
81391	VG
81392	VG
81393	VG
81394	VG
81395	VG
81396	VG
81397	VG
81398	VG
81399	VG
81400	VG
81401	VG
81402	VG
81403	VG
81404	VG
81405	VG
81406	VG
81407	VG
81408	VG
81409	VG
81410	VG
81411	VG
81412	VG
81413	VG
81414	VG
81415	VG
81416	VG
81417	VG
81418	VG
81419	VG
81420	VG
81421	VG
81422	VG
81423	VG
81424	VG
81425	VG
81426	VG
81427	VG
81428	VG
81429	VG
81430	VG
81431	VG
81432	VG
81433	VG
81434	VG
81435	VG
81436	VG
81437	VG
81438	VG
81439	VG
81440	VG
81441	VG
81442	VG
81443	VG
81444	VG
81445	VG
81446	VG
81447	VG
81448	VG
81449	VG
81450	VG
81451	VG
81452	VG
81453	VG
81454	VG
81455	VG
81456	VG
81457	VG
81458	VG
81459	VG
81460	VG
81461	VG
81462	VG
81463	VG
81464	VG
81465	VG
81466	VG
81467	VG
81468	VG
81469	VG
81470	VG
81471	VG
81472	VG
81473	VG
81474	VG
81475	VG
81476	VG
81477	VG
81478	VG
81479	VG
81480	VG
81481	VG
81482	VG
81483	VG
81484	VG
81485	VG
81486	VG
81487	VG
81488	VG
81489	VG
81490	VG
81491	VG
81492	VG
81493	VG
81494	VG
81495	VG
81496	VG
81497	VG
81498	VG
81499	VG
81500	VG
81501	VG
81502	VG
81503	VG
81504	VG
81505	VG
81506	VG
81507	VG
81508	VG
81509	VG
81510	VG
81511	VG
81512	VG
81513	VG
81514	VG
81515	VG
81516	VG
81517	VG
81518	VG
81519	VG
81520	VG
81521	VG
81522	VG
81523	VG
81524	VG
81525	VG
81526	VG
81527	VG
81528	VG
81529	VG
81530	VG
81531	VG
81532	VG
81533	VG
81534	VG
81535	VG
81536	VG
81537	VG
81538	VG
81539	VG
81540	VG
81541	VG
81542	VG
81543	VG
81544	VG
81545	VG
81546	VG
81547	VG
81548	VG
81549	VG
81550	VG
81551	VG
81552	VG
81553	VG
81554	VG
81555	VG
81556	VG
81557	VG
81558	VG
81559	VG
81560	VG
81561	VG
81562	VG
81563	VG
81564	VG
81565	VG
81566	VG
81567	VG
81568	VG
81569	VG
81570	VG
81571	VG
81572	VG
81573	VG
81574	VG
81575	VG
81576	VG
81577	VG
81578	VG
81579	VG
81580	VG
81581	VG
81582	VG
81583	VG
81584	VG
81585	VG
81586	VG
81587	VG
81588	VG
81589	VG
81590	VG
81591	VG
81592	VG
81593	VG
81594	VG
81595	VG
81596	VG
81597	VG
81598	VG
81599	VG
81600	VG
81601	VG
81602	VG
81603	VG
81604	VG
81605	VG
81606	VG
81607	VG
81608	VG
81609	VG
81610	VG
81611	VG
81612	VG
81613	VG
81614	VG
81615	VG
81616	VG
81617	VG
81618	VG
81619	VG
81620	VG
81621	VG
81622	VG
81623	VG
81624	VG
81625	VG
81626	VG
81627	VG
81628	VG
81629	VG
81630	VG
81631	VG
81632	VG
81633	VG
81634	VG
81635	VG
81636	VG
81637	VG
81638	VG
81639	VG
81640	VG
81641	VG
81642	VG
81643	VG
81644	VG
81645	VG
81646	VG
81647	VG
81648	VG
81649	VG
81650	VG
81651	VG
81652	VG
81653	VG
81654	VG
81655	VG
81656	VG
81657	VG
81658	VG
81659	VG
81660	VG
81661	VG
81662	VG
81663	VG
81664	VG
81665	VG
81666	VG
81667	VG
81668	VG
81669	VG
81670	VG
81671	VG
81672	VG
81673	VG
81674	VG
81675	VG
81676	VG
81677	VG
81678	VG
81679	VG
81680	VG
81681	VG
81682	VG
81683	VG
81684	VG
81685	VG
81686	VG
81687	VG
81688	VG
81689	VG
81690	VG
81691	VG
81692	VG
81693	VG
81694	VG
81695	VG
81696	VG
81697	VG
81698	VG
81699	VG
81700	VG
81701	VG
81702	VG
81703	VG
81704	VG
81705	VG
81706	VG
81707	VG
81708	VG
81709	VG
81710	VG
81711	VG
81712	VG
81713	VG
81714	VG
81715	VG
81716	VG
81717	VG
81718	VG
81719	VG
81720	VG
81721	VG
81722	VG
81723	VG
81724	VG
81725	VG
81726	VG
81727	VG
81728	VG
81729	VG
81730	VG
81731	VG
81732	VG
81733	VG
81734	VG
81735	VG
81736	VG
81737	VG
81738	VG
81739	VG
81740	VG
81741	VG
81742	VG
81743	VG
81744	VG
81745	VG
81746	VG
81747	VG
81748	VG
81749	VG
81750	VG
81751	VG
81752	VG
81753	VG
81754	VG
81755	VG
81756	VG
81757	VG
81758	VG
81759	VG
81760	VG
81761	VG
81762	VG
81763	VG
81764	VG
81765	VG
81766	VG
81767	VG
81768	VG
81769	VG
81770	VG
81771	VG
81772	VG
81773	VG
81774	VG
81775	VG
81776	VG
81777	VG
81778	VG
81779	VG
81780	VG
81781	VG
81782	VG
81783	VG
81784	VG
81785	VG
81786	VG
81787	VG
81788	VG
81789	VG
81790	VG
81791	VG
81792	VG
81793	VG
81794	VG
81795	VG
81796	VG
81797	VG
81798	VG
81799	VG
81800	VG
81801	VG
81802	VG
81803	VG
81804	VG
81805	VG
81806	VG
81807	VG
81808	VG
81809	VG
81810	VG
81811	VG
81812	VG
81813	VG
81814	VG
81815	VG
81816	VG
81817	VG
81818	VG
81819	VG
81820	VG
81821	VG
81822	VG
81823	VG
81824	VG
81825	VG
81826	VG
81827	VG
81828	VG
81829	VG
81830	VG
81831	VG
81832	VG
81833	VG
81834	VG
81835	VG
81836	VG
81837	VG
81838	VG
81839	VG
81840	VG
81841	VG
81842	VG
81843	VG
81844	VG
81845	VG
81846	VG
81847	VG
81848	VG
81849	VG
81850	VG
81851	VG
81852	VG
81853	VG
81854	VG
81855	VG
81856	VG
81857	VG
81858	VG
81859	VG
81860	VG
81861	VG
81862	VG
81863	VG
81864	VG
81865	VG
81866	VG
81867	VG
81868	VG
81869	VG
81870	VG
81871	VG
81872	VG
81873	VG
81874	VG
81875	VG
81876	VG
81877	VG
81878	VG
81879	VG
81880	VG
81881	VG
81882	VG
81883	VG
81884	VG
81885	VG
81886	VG
81887	VG
81888	VG
81889	VG
81890	VG
81891	VG
81892	VG
81893	VG
81894	VG
81895	VG
81896	VG
81897	VG
81898	VG
81899	VG
81900	VG
81901	VG
81902	VG
81903	VG
81904	VG
81905	VG
81906	VG
81907	VG
81908	VG
81909	VG
81910	VG
81911	VG
81912	VG
81913	VG
81914	VG
81915	VG
81916	VG
81917	VG
81918	VG
81919	VG
81920	VG
81921	VG
81922	VG
81923	VG
81924	VG
81925	VG
81926	VG
81927	VG
81928	VG
81929	VG
81930	VG
81931	VG
81932	VG
81933	VG
81934	VG
81935	VG
81936	VG
81937	VG
81938	VG
81939	VG
81940	VG
81941	VG
81942	VG
81943	VG
81944	VG
81945	VG
81946	VG
81947	VG
81948	VG
81949	VG
81950	VG
81951	VG
81952	VG
81953	VG
81954	VG
81955	VG
81956	VG
81957	VG
81958	VG
81959	VG
81960	VG
81961	VG
81962	VG
81963	VG
81964	VG
81965	VG
81966	VG
81967	VG
81968	VG
81969	VG
81970	VG
81971	VG
81972	VG
81973	VG
81974	VG
81975	VG
81976	VG
81977	VG
81978	VG
81979	VG
81980	VG
81981	VG
81982	VG
81983	VG
81984	VG
81985	VG
81986	VG
81987	VG
81988	VG
81989	VG
81990	VG
81991	VG
81992	VG
81993	VG
81994	VG
81995	VG
81996	VG
81997	VG
81998	VG
81999	VG
82000	VG
82001	VG
82002	VG
82003	VG
82004	VG
82005	VG
82006	VG
82007	VG
82008	VG
82009	VG
82010	VG
82011	VG
82012	VG
82013	VG
82014	VG
82015	VG
82016	VG
82017	VG
82018	VG
82019	VG
82020	VG
82021	VG
82022	VG
82023	VG
82024	VG
82025	VG
82026	VG
82027	VG
82028	VG
82029	VG
82030	VG
82031	VG
82032	VG
82033	VG
82034	VG
82035	VG
82036	VG
82037	VG
82038	VG
82039	VG
82040	VG
82041	VG
82042	VG
82043	VG
82044	VG
82045	VG
82046	VG
82047	VG
82048	VG
82049	VG
82050	VG
82051	VG
82052	VG
82053	VG
82054	VG
82055	VG
82056	VG
82057	VG
82058	VG
82059	VG
82060	VG
82061	VG
82062	VG
82063	VG
82064	VG
82065	VG
82066	VG
82067	VG
82068	VG
82069	VG
82070	VG
82071	VG
82072	VG
82073	VG
82074	VG
82075	VG
82076	VG
82077	VG
82078	VG
82079	VG
82080	VG
82081	VG
82082	VG
82083	VG
82084	VG
82085	VG
82086	VG
82087	VG
82088	VG
82089	VG
82090	VG
82091	VG
82092	VG
82093	VG
82094	VG
82095	VG
82096	VG
82097	VG
82098	VG
82099	VG
82100	VG
82101	VG
82102	VG
82103	VG
82104	VG
82105	VG
82106	VG
82107	VG
82108	VG
82109	VG
82110	VG
82111	VG
82112	VG
82113	VG
82114	VG
82115	VG
82116	VG
82117	VG
82118	VG
82119	VG
82120	VG
82121	VG
82122	VG
82123	VG
82124	VG
82125	VG
82126	VG
82127	VG
82128	VG
82129	VG
82130	VG
82131	VG
82132	VG
82133	VG
82134	VG
82135	VG
82136	VG
82137	VG
82138	VG
82139	VG
82140	VG
82141	VG
82142	VG
82143	VG
82144	VG
82145	VG
82146	VG
82147	VG
82148	VG
82149	VG
82150	VG
82151	VG
82152	VG
82153	VG
82154	VG
82155	VG
82156	VG
82157	VG
82158	VG
82159	VG
82160	VG
82161	VG
82162	VG
82163	VG
82164	VG
82165	VG
82166	VG
82167	VG
82168	VG
82169	VG
82170	VG
82171	VG
82172	VG
82173	VG
82174	VG
82175	VG
82176	VG
82177	VG
82178	VG
82179	VG
82180	VG
82181	VG
82182	VG
82183	VG
82184	VG
82185	VG
82186	VG
82187	VG
82188	VG
82189	VG
82190	VG
82191	VG
82192	VG
82193	VG
82194	VG
82195	VG
82196	VG
82197	VG
82198	VG
82199	VG
82200	VG
82201	VG
82202	VG
82203	VG
82204	VG
82205	VG
82206	VG
82207	VG
82208	VG
82209	VG
82210	VG
82211	VG
82212	VG
82213	VG
82214	VG
82215	VG
82216	VG
82217	VG
82218	VG
82219	VG
82220	VG
82221	VG
82222	VG
82223	VG
82224	VG
82225	VG
82226	VG
82227	VG
82228	VG
82229	VG
82230	VG
82231	VG
82232	VG
82233	VG
82234	VG
82235	VG
82236	VG
82237	VG
82238	VG
82239	VG
82240	VG
82241	VG
82242	VG
82243	VG
82244	VG
82245	VG
82246	VG
82247	VG
82248	VG
82249	VG
82250	VG
82251	VG
82252	VG
82253	VG
82254	VG
82255	VG
82256	VG
82257	VG
82258	VG
82259	VG
82260	VG
82261	VG
82262	VG
82263	VG
82264	VG
82265	VG
82266	VG
82267	VG
82268	VG
82269	VG
82270	VG
82271	VG
82272	VG
82273	VG
82274	VG
82275	VG
82276	VG
82277	VG
82278	VG
82279	VG
82280	VG
82281	VG
82282	VG
82283	VG
82284	VG
82285	VG
82286	VG
82287	VG
82288	VG
82289	VG
82290	VG
82291	VG
82292	VG
82293	VG
82294	VG
82295	VG
82296	VG
82297	VG
82298	VG
82299	VG
82300	VG
82301	VG
82302	VG
82303	VG
82304	VG
82305	VG
82306	VG
82307	VG
82308	VG
82309	VG
82310	VG
82311	VG
82312	VG
82313	VG
82314	VG
82315	VG
82316	VG
82317	VG
82318	VG
82319	VG
82320	VG
82321	VG
82322	VG
82323	VG
82324	VG
82325	VG
82326	VG
82327	VG
82328	VG
82329	VG
82330	VG
82331	VG
82332	VG
82333	VG
82334	VG
82335	VG
82336	VG
82337	VG
82338	VG
82339	VG
82340	VG
82341	VG
82342	VG
82343	VG
82344	VG
82345	VG
82346	VG
82347	VG
82348	VG
82349	VG
82350	VG
82351	VG
82352	VG
82353	VG
82354	VG
82355	VG
82356	VG
82357	VG
82358	VG
82359	VG
82360	VG
82361	VG
82362	VG
82363	VG
82364	VG
82365	VG
82366	VG
82367	VG
82368	VG
82369	VG
82370	VG
82371	VG
82372	VG
82373	VG
82374	VG
82375	VG
82376	VG
82377	VG
82378	VG
82379	VG
82380	VG
82381	VG
82382	VG
82383	VG
82384	VG
82385	VG
82386	VG
82387	VG
82388	VG
82389	VG
82390	VG
82391	VG
82392	VG
82393	VG
82394	VG
82395	VG
82396	VG
82397	VG
82398	VG
82399	VG
82400	VG
82401	VG
82402	VG
82403	VG
82404	VG
82405	VG
82406	VG
82407	VG
82408	VG
82409	VG
82410	VG
82411	VG
82412	VG
82413	VG
82414	VG
82415	VG
82416	VG
82417	VG
82418	VG
82419	VG
82420	VG
82421	VG
82422	VG
82423	VG
82424	VG
82425	VG
82426	VG
82427	VG
82428	VG
82429	VG
82430	VG
82431	VG
82432	VG
82433	VG
82434	VG
82435	VG
82436	VG
82437	VG
82438	VG
82439	VG
82440	VG
82441	VG
82442	VG
82443	VG
82444	VG
82445	VG
82446	VG
82447	VG
82448	VG
82449	VG
82450	VG
82451	VG
82452	VG
82453	VG
82454	VG
82455	VG
82456	VG
82457	VG
82458	VG
82459	VG
82460	VG
82461	VG
82462	VG
82463	VG
82464	VG
82465	VG
82466	VG
82467	VG
82468	VG
82469	VG
82470	VG
82471	VG
82472	VG
82473	VG
82474	VG
82475	VG
82476	VG
82477	VG
82478	VG
82479	VG
82480	VG
82481	VG
82482	VG
82483	VG
82484	VG
82485	VG
82486	VG
82487	VG
82488	VG
82489	VG
82490	VG
82491	VG
82492	VG
82493	VG
82494	VG
82495	VG
82496	VG
82497	VG
82498	VG
82499	VG
82500	VG
82501	VG
82502	VG
82503	VG
82504	VG
82505	VG
82506	VG
82507	VG
82508	VG
82509	VG
82510	VG
82511	VG
82512	VG
82513	VG
82514	VG
82515	VG
82516	VG
82517	VG
82518	VG
82519	VG
82520	VG
82521	VG
82522	VG
82523	VG
82524	VG
82525	VG
82526	VG
82527	VG
82528	VG
82529	VG
82530	VG
82531	VG
82532	VG
82533	VG
82534	VG
82535	VG
82536	VG
82537	VG
82538	VG
82539	VG
82540	VG
82541	VG
82542	VG
82543	VG
82544	VG
82545	VG
82546	VG
82547	VG
82548	VG
82549	VG
82550	VG
82551	VG
82552	VG
82553	VG
82554	VG
82555	VG
82556	VG
82557	VG
82558	VG
82559	VG
82560	VG
82561	VG
82562	VG
82563	VG
82564	VG
82565	VG
82566	VG
82567	VG
82568	VG
82569	VG
82570	VG
82571	VG
82572	VG
82573	VG
82574	VG
82575	VG
82576	VG
82577	VG
82578	VG
82579	VG
82580	VG
82581	VG
82582	VG
82583	VG
82584	VG
82585	VG
82586	VG
82587	VG
82588	VG
82589	VG
82590	VG
82591	VG
82592	VG
82593	VG
82594	VG
82595	VG
82596	VG
82597	VG
82598	VG
82599	VG
82600	VG
82601	VG
82602	VG
82603	VG
82604	VG
82605	VG
82606	VG
82607	VG
82608	VG
82609	VG
82610	VG
82611	VG
82612	VG
82613	VG
82614	VG
82615	VG
82616	VG
82617	VG
82618	VG
82619	VG
82620	VG
82621	VG
82622	VG
82623	VG
82624	VG
82625	VG
82626	VG
82627	VG
82628	VG
82629	VG
82630	VG
82631	VG
82632	VG
82633	VG
82634	VG
82635	VG
82636	VG
82637	VG
82638	VG
82639	VG
82640	VG
82641	VG
82642	VG
82643	VG
82644	VG
82645	VG
82646	VG
82647	VG
82648	VG
82649	VG
82650	VG
82651	VG
82652	VG
82653	VG
82654	VG
82655	VG
82656	VG
82657	VG
82658	VG
82659	VG
82660	VG
82661	VG
82662	VG
82663	VG
82664	VG
82665	VG
82666	VG
82667	VG
82668	VG
82669	VG
82670	VG
82671	VG
82672	VG
82673	VG
82674	VG
82675	VG
82676	VG
82677	VG
82678	VG
82679	VG
82680	VG
82681	VG
82682	VG
82683	VG
82684	VG
82685	VG
82686	VG
82687	VG
82688	VG
82689	VG
82690	VG
82691	VG
82692	VG
82693	VG
82694	VG
82695	VG
82696	VG
82697	VG
82698	VG
82699	VG
82700	VG
82701	VG
82702	VG
82703	VG
82704	VG
82705	VG
82706	VG
82707	VG
82708	VG
82709	VG
82710	VG
82711	VG
82712	VG
82713	VG
82714	VG
82715	VG
82716	VG
82717	VG
82718	VG
82719	VG
82720	VG
82721	VG
82722	VG
82723	VG
82724	VG
82725	VG
82726	VG
82727	VG
82728	VG
82729	VG
82730	VG
82731	VG
82732	VG
82733	VG
82734	VG
82735	VG
82736	VG
82737	VG
82738	VG
82739	VG
82740	VG
82741	VG
82742	VG
82743	VG
82744	VG
82745	VG
82746	VG
82747	VG
82748	VG
82749	VG
82750	VG
82751	VG
82752	VG
82753	VG
82754	VG
82755	VG
82756	VG
82757	VG
82758	VG
82759	VG
82760	VG
82761	VG
82762	VG
82763	VG
82764	VG
82765	VG
82766	VG
82767	VG
82768	VG
82769	VG
82770	VG
82771	VG
82772	VG
82773	VG
82774	VG
82775	VG
82776	VG
82777	VG
82778	VG
82779	VG
82780	VG
82781	VG
82782	VG
82783	VG
82784	VG
82785	VG
82786	VG
82787	VG
82788	VG
82789	VG
82790	VG
82791	VG
82792	VG
82793	VG
82794	VG
82795	VG
82796	VG
82797	VG
82798	VG
82799	VG
82800	VG
82801	VG
82802	VG
82803	VG
82804	VG
82805	VG
82806	VG
82807	VG
82808	VG
82809	VG
82810	VG
82811	VG
82812	VG
82813	VG
82814	VG
82815	VG
82816	VG
82817	VG
82818	VG
82819	VG
82820	VG
82821	VG
82822	VG
82823	VG
82824	VG
82825	VG
82826	VG
82827	VG
82828	VG
82829	VG
82830	VG
82831	VG
82832	VG
82833	VG
82834	VG
82835	VG
82836	VG
82837	VG
82838	VG
82839	VG
82840	VG
82841	VG
82842	VG
82843	VG
82844	VG
82845	VG
82846	VG
82847	VG
82848	VG
82849	VG
82850	VG
82851	VG
82852	VG
82853	VG
82854	VG
82855	VG
82856	VG
82857	VG
82858	VG
82859	VG
82860	VG
82861	VG
82862	VG
82863	VG
82864	VG
82865	VG
82866	VG
82867	VG
82868	VG
82869	VG
82870	VG
82871	VG
82872	VG
82873	VG
82874	VG
82875	VG
82876	VG
82877	VG
82878	VG
82879	VG
82880	VG
82881	VG
82882	VG
82883	VG
82884	VG
82885	VG
82886	VG
82887	VG
82888	VG
82889	VG
82890	VG
82891	VG
82892	VG
82893	VG
82894	VG
82895	VG
82896	VG
82897	VG
82898	VG
82899	VG
82900	VG
82901	VG
82902	VG
82903	VG
82904	VG
82905	VG
82906	VG
82907	VG
82908	VG
82909	VG
82910	VG
82911	VG
82912	VG
82913	VG
82914	VG
82915	VG
82916	VG
82917	VG
82918	VG
82919	VG
82920	VG
82921	VG
82922	VG
82923	VG
82924	VG
82925	VG
82926	VG
82927	VG
82928	VG
82929	VG
82930	VG
82931	VG
82932	VG
82933	VG
82934	VG
82935	VG
82936	VG
82937	VG
82938	VG
82939	VG
82940	VG
82941	VG
82942	VG
82943	VG
82944	VG
82945	VG
82946	VG
82947	VG
82948	VG
82949	VG
82950	VG
82951	VG
82952	VG
82953	VG
82954	VG
82955	VG
82956	VG
82957	VG
82958	VG
82959	VG
82960	VG
82961	VG
82962	VG
82963	VG
82964	VG
82965	VG
82966	VG
82967	VG
82968	VG
82969	VG
82970	VG
82971	VG
82972	VG
82973	VG
82974	VG
82975	VG
82976	VG
82977	VG
82978	VG
82979	VG
82980	VG
82981	VG
82982	VG
82983	VG
82984	VG
82985	VG
82986	VG
82987	VG
82988	VG
82989	VG
82990	VG
82991	VG
82992	VG
82993	VG
82994	VG
82995	VG
82996	VG
82997	VG
82998	VG
82999	VG
83000	VG
83001	VG
83002	VG
83003	VG
83004	VG
83005	VG
83006	VG
83007	VG
83008	VG
83009	VG
83010	VG
83011	VG
83012	VG
83013	VG
83014	VG
83015	VG
83016	VG
83017	VG
83018	VG
83019	VG
83020	VG
83021	VG
83022	VG
83023	VG
83024	VG
83025	VG
83026	VG
83027	VG
83028	VG
83029	VG
83030	VG
83031	VG
83032	VG
83033	VG
83034	VG
83035	VG
83036	VG
83037	VG
83038	VG
83039	VG
83040	VG
83041	VG
83042	VG
83043	VG
83044	VG
83045	VG
83046	VG
83047	VG
83048	VG
83049	VG
83050	VG
83051	VG
83052	VG
83053	VG
83054	VG
83055	VG
83056	VG
83057	VG
83058	VG
83059	VG
83060	VG
83061	VG
83062	VG
83063	VG
83064	VG
83065	VG
83066	VG
83067	VG
83068	VG
83069	VG
83070	VG
83071	VG
83072	VG
83073	VG
83074	VG
83075	VG
83076	VG
83077	VG
83078	VG
83079	VG
83080	VG
83081	VG
83082	VG
83083	VG
83084	VG
83085	VG
83086	VG
83087	VG
83088	VG
83089	VG
83090	VG
83091	VG
83092	VG
83093	VG
83094	VG
83095	VG
83096	VG
83097	VG
83098	VG
83099	VG
83100	VG
83101	VG
83102	VG
83103	VG
83104	VG
83105	VG
83106	VG
83107	VG
83108	VG
83109	VG
83110	VG
83111	VG
83112	VG
83113	VG
83114	VG
83115	VG
83116	VG
83117	VG
83118	VG
83119	VG
83120	VG
83121	VG
83122	VG
83123	VG
83124	VG
83125	VG
83126	VG
83127	VG
83128	VG
83129	VG
83130	VG
83131	VG
83132	VG
83133	VG
83134	VG
83135	VG
83136	VG
83137	VG
83138	VG
83139	VG
83140	VG
83141	VG
83142	VG
83143	VG
83144	VG
83145	VG
83146	VG
83147	VG
83148	VG
83149	VG
83150	VG
83151	VG
83152	VG
83153	VG
83154	VG
83155	VG
83156	VG
83157	VG
83158	VG
83159	VG
83160	VG
83161	VG
83162	VG
83163	VG
83164	VG
83165	VG
83166	VG
83167	VG
83168	VG
83169	VG
83170	VG
83171	VG
83172	VG
83173	VG
83174	VG
83175	VG
83176	VG
83177	VG
83178	VG
83179	VG
83180	VG
83181	VG
83182	VG
83183	VG
83184	VG
83185	VG
83186	VG
83187	VG
83188	VG
83189	VG
83190	VG
83191	VG
83192	VG
83193	VG
83194	VG
83195	VG
83196	VG
83197	VG
83198	VG
83199	VG
83200	VG
83201	VG
83202	VG
83203	VG
83204	VG
83205	VG
83206	VG
83207	VG
83208	VG
83209	VG
83210	VG
83211	VG
83212	VG
83213	VG
83214	VG
83215	VG
83216	VG
83217	VG
83218	VG
83219	VG
83220	VG
83221	VG
83222	VG
83223	VG
83224	VG
83225	VG
83226	VG
83227	VG
83228	VG
83229	VG
83230	VG
83231	VG
83232	VG
83233	VG
83234	VG
83235	VG
83236	VG
83237	VG
83238	VG
83239	VG
83240	VG
83241	VG
83242	VG
83243	VG
83244	VG
83245	VG
83246	VG
83247	VG
83248	VG
83249	VG
83250	VG
83251	VG
83252	VG
83253	VG
83254	VG
83255	VG
83256	VG
83257	VG
83258	VG
83259	VG
83260	VG
83261	VG
83262	VG
83263	VG
83264	VG
83265	VG
83266	VG
83267	VG
83268	VG
83269	VG
83270	VG
83271	VG
83272	VG
83273	VG
83274	VG
83275	VG
83276	VG
83277	VG
83278	VG
83279	VG
83280	VG
83281	VG
83282	VG
83283	VG
83284	VG
83285	VG
83286	VG
83287	VG
83288	VG
83289	VG
83290	VG
83291	VG
83292	VG
83293	VG
83294	VG
83295	VG
83296	VG
83297	VG
83298	VG
83299	VG
83300	VG
83301	VG
83302	VG
83303	VG
83304	VG
83305	VG
83306	VG
83307	VG
83308	VG
83309	VG
83310	VG
83311	VG
83312	VG
83313	VG
83314	VG
83315	VG
83316	VG
83317	VG
83318	VG
83319	VG
83320	VG
83321	VG
83322	VG
83323	VG
83324	VG
83325	VG
83326	VG
83327	VG
83328	VG
83329	VG
83330	VG
83331	VG
83332	VG
83333	VG
83334	VG
83335	VG
83336	VG
83337	VG
83338	VG
83339	VG
83340	VG
83341	VG
83342	VG
83343	VG
83344	VG
83345	VG
83346	VG
83347	VG
83348	VG
83349	VG
83350	VG
83351	VG
83352	VG
83353	VG
83354	VG
83355	VG
83356	VG
83357	VG
83358	VG
83359	VG
83360	VG
83361	VG
83362	VG
83363	VG
83364	VG
83365	VG
83366	VG
83367	VG
83368	VG
83369	VG
83370	VG
83371	VG
83372	VG
83373	VG
83374	VG
83375	VG
83376	VG
83377	VG
83378	VG
83379	VG
83380	VG
83381	VG
83382	VG
83383	VG
83384	VG
83385	VG
83386	VG
83387	VG
83388	VG
83389	VG
83390	VG
83391	VG
83392	VG
83393	VG
83394	VG
83395	VG
83396	VG
83397	VG
83398	VG
83399	VG
83400	VG
83401	VG
83402	VG
83403	VG
83404	VG
83405	VG
83406	VG
83407	VG
83408	VG
83409	VG
83410	VG
83411	VG
83412	VG
83413	VG
83414	VG
83415	VG
83416	VG
83417	VG
83418	VG
83419	VG
83420	VG
83421	VG
83422	VG
83423	VG
83424	VG
83425	VG
83426	VG
83427	VG
83428	VG
83429	VG
83430	VG
83431	VG
83432	VG
83433	VG
83434	VG
83435	VG
83436	VG
83437	VG
83438	VG
83439	VG
83440	VG
83441	VG
83442	VG
83443	VG
83444	VG
83445	VG
83446	VG
83447	VG
83448	VG
83449	VG
83450	VG
83451	VG
83452	VG
83453	VG
83454	VG
83455	VG
83456	VG
83457	VG
83458	VG
83459	VG
83460	VG
83461	VG
83462	VG
83463	VG
83464	VG
83465	VG
83466	VG
83467	VG
83468	VG
83469	VG
83470	VG
83471	VG
83472	VG
83473	VG
83474	VG
83475	VG
83476	VG
83477	VG
83478	VG
83479	VG
83480	VG
83481	VG
83482	VG
83483	VG
83484	VG
83485	VG
83486	VG
83487	VG
83488	VG
83489	VG
83490	VG
83491	VG
83492	VG
83493	VG
83494	VG
83495	VG
83496	VG
83497	VG
83498	VG
83499	VG
83500	VG
83501	VG
83502	VG
83503	VG
83504	VG
83505	VG
83506	VG
83507	VG
83508	VG
83509	VG
83510	VG
83511	VG
83512	VG
83513	VG
83514	VG
83515	VG
83516	VG
83517	VG
83518	VG
83519	VG
83520	VG
83521	VG
83522	VG
83523	VG
83524	VG
83525	VG
83526	VG
83527	VG
83528	VG
83529	VG
83530	VG
83531	VG
83532	VG
83533	VG
83534	VG
83535	VG
83536	VG
83537	VG
83538	VG
83539	VG
83540	VG
83541	VG
83542	VG
83543	VG
83544	VG
83545	VG
83546	VG
83547	VG
83548	VG
83549	VG
83550	VG
83551	VG
83552	VG
83553	VG
83554	VG
83555	VG
83556	VG
83557	VG
83558	VG
83559	VG
83560	VG
83561	VG
83562	VG
83563	VG
83564	VG
83565	VG
83566	VG
83567	VG
83568	VG
83569	VG
83570	VG
83571	VG
83572	VG
83573	VG
83574	VG
83575	VG
83576	VG
83577	VG
83578	VG
83579	VG
83580	VG
83581	VG
83582	VG
83583	VG
83584	VG
83585	VG
83586	VG
83587	VG
83588	VG
83589	VG
83590	VG
83591	VG
83592	VG
83593	VG
83594	VG
83595	VG
83596	VG
83597	VG
83598	VG
83599	VG
83600	VG
83601	VG
83602	VG
83603	VG
83604	VG
83605	VG
83606	VG
83607	VG
83608	VG
83609	VG
83610	VG
83611	VG
83612	VG
83613	VG
83614	VG
83615	VG
83616	VG
83617	VG
83618	VG
83619	VG
83620	VG
83621	VG
83622	VG
83623	VG
83624	VG
83625	VG
83626	VG
83627	VG
83628	VG
83629	VG
83630	VG
83631	VG
83632	VG
83633	VG
83634	VG
83635	VG
83636	VG
83637	VG
83638	VG
83639	VG
83640	VG
83641	VG
83642	VG
83643	VG
83644	VG
83645	VG
83646	VG
83647	VG
83648	VG
83649	VG
83650	VG
83651	VG
83652	VG
83653	VG
83654	VG
83655	VG
83656	VG
83657	VG
83658	VG
83659	VG
83660	VG
83661	VG
83662	VG
83663	VG
83664	VG
83665	VG
83666	VG
83667	VG
83668	VG
83669	VG
83670	VG
83671	VG
83672	VG
83673	VG
83674	VG
83675	VG
83676	VG
83677	VG
83678	VG
83679	VG
83680	VG
83681	VG
83682	VG
83683	VG
83684	VG
83685	VG
83686	VG
83687	VG
83688	VG
83689	VG
83690	VG
83691	VG
83692	VG
83693	VG
83694	VG
83695	VG
83696	VG
83697	VG
83698	VG
83699	VG
83700	VG
83701	VG
83702	VG
83703	VG
83704	VG
83705	VG
83706	VG
83707	VG
83708	VG
83709	VG
83710	VG
83711	VG
83712	VG
83713	VG
83714	VG
83715	VG
83716	VG
83717	VG
83718	VG
83719	VG
83720	VG
83721	VG
83722	VG
83723	VG
83724	VG
83725	VG
83726	VG
83727	VG
83728	VG
83729	VG
83730	VG
83731	VG
83732	VG
83733	VG
83734	VG
83735	VG
83736	VG
83737	VG
83738	VG
83739	VG
83740	VG
83741	VG
83742	VG
83743	VG
83744	VG
83745	VG
83746	VG
83747	VG
83748	VG
83749	VG
83750	VG
83751	VG
83752	VG
83753	VG
83754	VG
83755	VG
83756	VG
83757	VG
83758	VG
83759	VG
83760	VG
83761	VG
83762	VG
83763	VG
83764	VG
83765	VG
83766	VG
83767	VG
83768	VG
83769	VG
83770	VG
83771	VG
83772	VG
83773	VG
83774	VG
83775	VG
83776	VG
83777	VG
83778	VG
83779	VG
83780	VG
83781	VG
83782	VG
83783	VG
83784	VG
83785	VG
83786	VG
83787	VG
83788	VG
83789	VG
83790	VG
83791	VG
83792	VG
83793	VG
83794	VG
83795	VG
83796	VG
83797	VG
83798	VG
83799	VG
83800	VG
83801	VG
83802	VG
83803	VG
83804	VG
83805	VG
83806	VG
83807	VG
83808	VG
83809	VG
83810	VG
83811	VG
83812	VG
83813	VG
83814	VG
83815	VG
83816	VG
83817	VG
83818	VG
83819	VG
83820	VG
83821	VG
83822	VG
83823	VG
83824	VG
83825	VG
83826	VG
83827	VG
83828	VG
83829	VG
83830	VG
83831	VG
83832	VG
83833	VG
83834	VG
83835	VG
83836	VG
83837	VG
83838	VG
83839	VG
83840	VG
83841	VG
83842	VG
83843	VG
83844	VG
83845	VG
83846	VG
83847	VG
83848	VG
83849	VG
83850	VG
83851	VG
83852	VG
83853	VG
83854	VG
83855	VG
83856	VG
83857	VG
83858	VG
83859	VG
83860	VG
83861	VG
83862	VG
83863	VG
83864	VG
83865	VG
83866	VG
83867	VG
83868	VG
83869	VG
83870	VG
83871	VG
83872	VG
83873	VG
83874	VG
83875	VG
83876	VG
83877	VG
83878	VG
83879	VG
83880	VG
83881	VG
83882	VG
83883	VG
83884	VG
83885	VG
83886	VG
83887	VG
83888	VG
83889	VG
83890	VG
83891	VG
83892	VG
83893	VG
83894	VG
83895	VG
83896	VG
83897	VG
83898	VG
83899	VG
83900	VG
83901	VG
83902	VG
83903	VG
83904	VG
83905	VG
83906	VG
83907	VG
83908	VG
83909	VG
83910	VG
83911	VG
83912	VG
83913	VG
83914	VG
83915	VG
83916	VG
83917	VG
83918	VG
83919	VG
83920	VG
83921	VG
83922	VG
83923	VG
83924	VG
83925	VG
83926	VG
83927	VG
83928	VG
83929	VG
83930	VG
83931	VG
83932	VG
83933	VG
83934	VG
83935	VG
83936	VG
83937	VG
83938	VG
83939	VG
83940	VG
83941	VG
83942	VG
83943	VG
83944	VG
83945	VG
83946	VG
83947	VG
83948	VG
83949	VG
83950	VG
83951	VG
83952	VG
83953	VG
83954	VG
83955	VG
83956	VG
83957	VG
83958	VG
83959	VG
83960	VG
83961	VG
83962	VG
83963	VG
83964	VG
83965	VG
83966	VG
83967	VG
83968	VG
83969	VG
83970	VG
83971	VG
83972	VG
83973	VG
83974	VG
83975	VG
83976	VG
83977	VG
83978	VG
83979	VG
83980	VG
83981	VG
83982	VG
83983	VG
83984	VG
83985	VG
83986	VG
83987	VG
83988	VG
83989	VG
83990	VG
83991	VG
83992	VG
83993	VG
83994	VG
83995	VG
83996	VG
83997	VG
83998	VG
83999	VG
84000	VG
84001	VG
84002	VG
84003	VG
84004	VG
84005	VG
84006	VG
84007	VG
84008	VG
84009	VG
84010	VG
84011	VG
84012	VG
84013	VG
84014	VG
84015	VG
84016	VG
84017	VG
84018	VG
84019	VG
84020	VG
84021	VG
84022	VG
84023	VG
84024	VG
84025	VG
84026	VG
84027	VG
84028	VG
84029	VG
84030	VG
84031	VG
84032	VG
84033	VG
84034	VG
84035	VG
84036	VG
84037	VG
84038	VG
84039	VG
84040	VG
84041	VG
84042	VG
84043	VG
84044	VG
84045	VG
84046	VG
84047	VG
84048	VG
84049	VG
84050	VG
84051	VG
84052	VG
84053	VG
84054	VG
84055	VG
84056	VG
84057	VG
84058	VG
84059	VG
84060	VG
84061	VG
84062	VG
84063	VG
84064	VG
84065	VG
84066	VG
84067	VG
84068	VG
84069	VG
84070	VG
84071	VG
84072	VG
84073	VG
84074	VG
84075	VG
84076	VG
84077	VG
84078	VG
84079	VG
84080	VG
84081	VG
84082	VG
84083	VG
84084	VG
84085	VG
84086	VG
84087	VG
84088	VG
84089	VG
84090	VG
84091	VG
84092	VG
84093	VG
84094	VG
84095	VG
84096	VG
84097	VG
84098	VG
84099	VG
84100	VG
84101	VG
84102	VG
84103	VG
84104	VG
84105	VG
84106	VG
84107	VG
84108	VG
84109	VG
84110	VG
84111	VG
84112	VG
84113	VG
84114	VG
84115	VG
84116	VG
84117	VG
84118	VG
84119	VG
84120	VG
84121	VG
84122	VG
84123	VG
84124	VG
84125	VG
84126	VG
84127	VG
84128	VG
84129	VG
84130	VG
84131	VG
84132	VG
84133	VG
84134	VG
84135	VG
84136	VG
84137	VG
84138	VG
84139	VG
84140	VG
84141	VG
84142	VG
84143	VG
84144	VG
84145	VG
84146	VG
84147	VG
84148	VG
84149	VG
84150	VG
84151	VG
84152	VG
84153	VG
84154	VG
84155	VG
84156	VG
84157	VG
84158	VG
84159	VG
84160	VG
84161	VG
84162	VG
84163	VG
84164	VG
84165	VG
84166	VG
84167	VG
84168	VG
84169	VG
84170	VG
84171	VG
84172	VG
84173	VG
84174	VG
84175	VG
84176	VG
84177	VG
84178	VG
84179	VG
84180	VG
84181	VG
84182	VG
84183	VG
84184	VG
84185	VG
84186	VG
84187	VG
84188	VG
84189	VG
84190	VG
84191	VG
84192	VG
84193	VG
84194	VG
84195	VG
84196	VG
84197	VG
84198	VG
84199	VG
84200	VG
84201	VG
84202	VG
84203	VG
84204	VG
84205	VG
84206	VG
84207	VG
84208	VG
84209	VG
84210	VG
84211	VG
84212	VG
84213	VG
84214	VG
84215	VG
84216	VG
84217	VG
84218	VG
84219	VG
84220	VG
84221	VG
84222	VG
84223	VG
84224	VG
84225	VG
84226	VG
84227	VG
84228	VG
84229	VG
84230	VG
84231	VG
84232	VG
84233	VG
84234	VG
84235	VG
84236	VG
84237	VG
84238	VG
84239	VG
84240	VG
84241	VG
84242	VG
84243	VG
84244	VG
84245	VG
84246	VG
84247	VG
84248	VG
84249	VG
84250	VG
84251	VG
84252	VG
84253	VG
84254	VG
84255	VG
84256	VG
84257	VG
84258	VG
84259	VG
84260	VG
84261	VG
84262	VG
84263	VG
84264	VG
84265	VG
84266	VG
84267	VG
84268	VG
84269	VG
84270	VG
84271	VG
84272	VG
84273	VG
84274	VG
84275	VG
84276	VG
84277	VG
84278	VG
84279	VG
84280	VG
84281	VG
84282	VG
84283	VG
84284	VG
84285	VG
84286	VG
84287	VG
84288	VG
84289	VG
84290	VG
84291	VG
84292	VG
84293	VG
84294	VG
84295	VG
84296	VG
84297	VG
84298	VG
84299	VG
84300	VG
84301	VG
84302	VG
84303	VG
84304	VG
84305	VG
84306	VG
84307	VG
84308	VG
84309	VG
84310	VG
84311	VG
84312	VG
84313	VG
84314	VG
84315	VG
84316	VG
84317	VG
84318	VG
84319	VG
84320	VG
84321	VG
84322	VG
84323	VG
84324	VG
84325	VG
84326	VG
84327	VG
84328	VG
84329	VG
84330	VG
84331	VG
84332	VG
84333	VG
84334	VG
84335	VG
84336	VG
84337	VG
84338	VG
84339	VG
84340	VG
84341	VG
84342	VG
84343	VG
84344	VG
84345	VG
84346	VG
84347	VG
84348	VG
84349	VG
84350	VG
84351	VG
84352	VG
84353	VG
84354	VG
84355	VG
84356	VG
84357	VG
84358	VG
84359	VG
84360	VG
84361	VG
84362	VG
84363	VG
84364	VG
84365	VG
84366	VG
84367	VG
84368	VG
84369	VG
84370	VG
84371	VG
84372	VG
84373	VG
84374	VG
84375	VG
84376	VG
84377	VG
84378	VG
84379	VG
84380	VG
84381	VG
84382	VG
84383	VG
84384	VG
84385	VG
84386	VG
84387	VG
84388	VG
84389	VG
84390	VG
84391	VG
84392	VG
84393	VG
84394	VG
84395	VG
84396	VG
84397	VG
84398	VG
84399	VG
84400	VG
84401	VG
84402	VG
84403	VG
84404	VG
84405	VG
84406	VG
84407	VG
84408	VG
84409	VG
84410	VG
84411	VG
84412	VG
84413	VG
84414	VG
84415	VG
84416	VG
84417	VG
84418	VG
84419	VG
84420	VG
84421	VG
84422	VG
84423	VG
84424	VG
84425	VG
84426	VG
84427	VG
84428	VG
84429	VG
84430	VG
84431	VG
84432	VG
84433	VG
84434	VG
84435	VG
84436	VG
84437	VG
84438	VG
84439	VG
84440	VG
84441	VG
84442	VG
84443	VG
84444	VG
84445	VG
84446	VG
84447	VG
84448	VG
84449	VG
84450	VG
84451	VG
84452	VG
84453	VG
84454	VG
84455	VG
84456	VG
84457	VG
84458	VG
84459	VG
84460	VG
84461	VG
84462	VG
84463	VG
84464	VG
84465	VG
84466	VG
84467	VG
84468	VG
84469	VG
84470	VG
84471	VG
84472	VG
84473	VG
84474	VG
84475	VG
84476	VG
84477	VG
84478	VG
84479	VG
84480	VG
84481	VG
84482	VG
84483	VG
84484	VG
84485	VG
84486	VG
84487	VG
84488	VG
84489	VG
84490	VG
84491	VG
84492	VG
84493	VG
84494	VG
84495	VG
84496	VG
84497	VG
84498	VG
84499	VG
84500	VG
84501	VG
84502	VG
84503	VG
84504	VG
84505	VG
84506	VG
84507	VG
84508	VG
84509	VG
84510	VG
84511	VG
84512	VG
84513	VG
84514	VG
84515	VG
84516	VG
84517	VG
84518	VG
84519	VG
84520	VG
84521	VG
84522	VG
84523	VG
84524	VG
84525	VG
84526	VG
84527	VG
84528	VG
84529	VG
84530	VG
84531	VG
84532	VG
84533	VG
84534	VG
84535	VG
84536	VG
84537	VG
84538	VG
84539	VG
84540	VG
84541	VG
84542	VG
84543	VG
84544	VG
84545	VG
84546	VG
84547	VG
84548	VG
84549	VG
84550	VG
84551	VG
84552	VG
84553	VG
84554	VG
84555	VG
84556	VG
84557	VG
84558	VG
84559	VG
84560	VG
84561	VG
84562	VG
84563	VG
84564	VG
84565	VG
84566	VG
84567	VG
84568	VG
84569	VG
84570	VG
84571	VG
84572	VG
84573	VG
84574	VG
84575	VG
84576	VG
84577	VG
84578	VG
84579	VG
84580	VG
84581	VG
84582	VG
84583	VG
84584	VG
84585	VG
84586	VG
84587	VG
84588	VG
84589	VG
84590	VG
84591	VG
84592	VG
84593	VG
84594	VG
84595	VG
84596	VG
84597	VG
84598	VG
84599	VG
84600	VG
84601	VG
84602	VG
84603	VG
84604	VG
84605	VG
84606	VG
84607	VG
84608	VG
84609	VG
84610	VG
84611	VG
84612	VG
84613	VG
84614	VG
84615	VG
84616	VG
84617	VG
84618	VG
84619	VG
84620	VG
84621	VG
84622	VG
84623	VG
84624	VG
84625	VG
84626	VG
84627	VG
84628	VG
84629	VG
84630	VG
84631	VG
84632	VG
84633	VG
84634	VG
84635	VG
84636	VG
84637	VG
84638	VG
84639	VG
84640	VG
84641	VG
84642	VG
84643	VG
84644	VG
84645	VG
84646	VG
84647	VG
84648	VG
84649	VG
84650	VG
84651	VG
84652	VG
84653	VG
84654	VG
84655	VG
84656	VG
84657	VG
84658	VG
84659	VG
84660	VG
84661	VG
84662	VG
84663	VG
84664	VG
84665	VG
84666	VG
84667	VG
84668	VG
84669	VG
84670	VG
84671	VG
84672	VG
84673	VG
84674	VG
84675	VG
84676	VG
84677	VG
84678	VG
84679	VG
84680	VG
84681	VG
84682	VG
84683	VG
84684	VG
84685	VG
84686	VG
84687	VG
84688	VG
84689	VG
84690	VG
84691	VG
84692	VG
84693	VG
84694	VG
84695	VG
84696	VG
84697	VG
84698	VG
84699	VG
84700	VG
84701	VG
84702	VG
84703	VG
84704	VG
84705	VG
84706	VG
84707	VG
84708	VG
84709	VG
84710	VG
84711	VG
84712	VG
84713	VG
84714	VG
84715	VG
84716	VG
84717	VG
84718	VG
84719	VG
84720	VG
84721	VG
84722	VG
84723	VG
84724	VG
84725	VG
84726	VG
84727	VG
84728	VG
84729	VG
84730	VG
84731	VG
84732	VG
84733	VG
84734	VG
84735	VG
84736	VG
84737	VG
84738	VG
84739	VG
84740	VG
84741	VG
84742	VG
84743	VG
84744	VG
84745	VG
84746	VG
84747	VG
84748	VG
84749	VG
84750	VG
84751	VG
84752	VG
84753	VG
84754	VG
84755	VG
84756	VG
84757	VG
84758	VG
84759	VG
84760	VG
84761	VG
84762	VG
84763	VG
84764	VG
84765	VG
84766	VG
84767	VG
84768	VG
84769	VG
84770	VG
84771	VG
84772	VG
84773	VG
84774	VG
84775	VG
84776	VG
84777	VG
84778	VG
84779	VG
84780	VG
84781	VG
84782	VG
84783	VG
84784	VG
84785	VG
84786	VG
84787	VG
84788	VG
84789	VG
84790	VG
84791	VG
84792	VG
84793	VG
84794	VG
84795	VG
84796	VG
84797	VG
84798	VG
84799	VG
84800	VG
84801	VG
84802	VG
84803	VG
84804	VG
84805	VG
84806	VG
84807	VG
84808	VG
84809	VG
84810	VG
84811	VG
84812	VG
84813	VG
84814	VG
84815	VG
84816	VG
84817	VG
84818	VG
84819	VG
84820	VG
84821	VG
84822	VG
84823	VG
84824	VG
84825	VG
84826	VG
84827	VG
84828	VG
84829	VG
84830	VG
84831	VG
84832	VG
84833	VG
84834	VG
84835	VG
84836	VG
84837	VG
84838	VG
84839	VG
84840	VG
84841	VG
84842	VG
84843	VG
84844	VG
84845	VG
84846	VG
84847	VG
84848	VG
84849	VG
84850	VG
84851	VG
84852	VG
84853	VG
84854	VG
84855	VG
84856	VG
84857	VG
84858	VG
84859	VG
84860	VG
84861	VG
84862	VG
84863	VG
84864	VG
84865	VG
84866	VG
84867	VG
84868	VG
84869	VG
84870	VG
84871	VG
84872	VG
84873	VG
84874	VG
84875	VG
84876	VG
84877	VG
84878	VG
84879	VG
84880	VG
84881	VG
84882	VG
84883	VG
84884	VG
84885	VG
84886	VG
84887	VG
84888	VG
84889	VG
84890	VG
84891	VG
84892	VG
84893	VG
84894	VG
84895	VG
84896	VG
84897	VG
84898	VG
84899	VG
84900	VG
84901	VG
84902	VG
84903	VG
84904	VG
84905	VG
84906	VG
84907	VG
84908	VG
84909	VG
84910	VG
84911	VG
84912	VG
84913	VG
84914	VG
84915	VG
84916	VG
84917	VG
84918	VG
84919	VG
84920	VG
84921	VG
84922	VG
84923	VG
84924	VG
84925	VG
84926	VG
84927	VG
84928	VG
84929	VG
84930	VG
84931	VG
84932	VG
84933	VG
84934	VG
84935	VG
84936	VG
84937	VG
84938	VG
84939	VG
84940	VG
84941	VG
84942	VG
84943	VG
84944	VG
84945	VG
84946	VG
84947	VG
84948	VG
84949	VG
84950	VG
84951	VG
84952	VG
84953	VG
84954	VG
84955	VG
84956	VG
84957	VG
84958	VG
84959	VG
84960	VG
84961	VG
84962	VG
84963	VG
84964	VG
84965	VG
84966	VG
84967	VG
84968	VG
84969	VG
84970	VG
84971	VG
84972	VG
84973	VG
84974	VG
84975	VG
84976	VG
84977	VG
84978	VG
84979	VG
84980	VG
84981	VG
84982	VG
84983	VG
84984	VG
84985	VG
84986	VG
84987	VG
84988	VG
84989	VG
84990	VG
84991	VG
84992	VG
84993	VG
84994	VG
84995	VG
84996	VG
84997	VG
84998	VG
84999	VG
85000	VG
85001	VG
85002	VG
85003	VG
85004	VG
85005	VG
85006	VG
85007	VG
85008	VG
85009	VG
85010	VG
85011	VG
85012	VG
85013	VG
85014	VG
85015	VG
85016	VG
85017	VG
85018	VG
85019	VG
85020	VG
85021	VG
85022	VG
85023	VG
85024	VG
85025	VG
85026	VG
85027	VG
85028	VG
85029	VG
85030	VG
85031	VG
85032	VG
85033	VG
85034	VG
85035	VG
85036	VG
85037	VG
85038	VG
85039	VG
85040	VG
85041	VG
85042	VG
85043	VG
85044	VG
85045	VG
85046	VG
85047	VG
85048	VG
85049	VG
85050	VG
85051	VG
85052	VG
85053	VG
85054	VG
85055	VG
85056	VG
85057	VG
85058	VG
85059	VG
85060	VG
85061	VG
85062	VG
85063	VG
85064	VG
85065	VG
85066	VG
85067	VG
85068	VG
85069	VG
85070	VG
85071	VG
85072	VG
85073	VG
85074	VG
85075	VG
85076	VG
85077	VG
85078	VG
85079	VG
85080	VG
85081	VG
85082	VG
85083	VG
85084	VG
85085	VG
85086	VG
85087	VG
85088	VG
85089	VG
85090	VG
85091	VG
85092	VG
85093	VG
85094	VG
85095	VG
85096	VG
85097	VG
85098	VG
85099	VG
85100	VG
85101	VG
85102	VG
85103	VG
85104	VG
85105	VG
85106	VG
85107	VG
85108	VG
85109	VG
85110	VG
85111	VG
85112	VG
85113	VG
85114	VG
85115	VG
85116	VG
85117	VG
85118	VG
85119	VG
85120	VG
85121	VG
85122	VG
85123	VG
85124	VG
85125	VG
85126	VG
85127	VG
85128	VG
85129	VG
85130	VG
85131	VG
85132	VG
85133	VG
85134	VG
85135	VG
85136	VG
85137	VG
85138	VG
85139	VG
85140	VG
85141	VG
85142	VG
85143	VG
85144	VG
85145	VG
85146	VG
85147	VG
85148	VG
85149	VG
85150	VG
85151	VG
85152	VG
85153	VG
85154	VG
85155	VG
85156	VG
85157	VG
85158	VG
85159	VG
85160	VG
85161	VG
85162	VG
85163	VG
85164	VG
85165	VG
85166	VG
85167	VG
85168	VG
85169	VG
85170	VG
85171	VG
85172	VG
85173	VG
85174	VG
85175	VG
85176	VG
85177	VG
85178	VG
85179	VG
85180	VG
85181	VG
85182	VG
85183	VG
85184	VG
85185	VG
85186	VG
85187	VG
85188	VG
85189	VG
85190	VG
85191	VG
85192	VG
85193	VG
85194	VG
85195	VG
85196	VG
85197	VG
85198	VG
85199	VG
85200	VG
85201	VG
85202	VG
85203	VG
85204	VG
85205	VG
85206	VG
85207	VG
85208	VG
85209	VG
85210	VG
85211	VG
85212	VG
85213	VG
85214	VG
85215	VG
85216	VG
85217	VG
85218	VG
85219	VG
85220	VG
85221	VG
85222	VG
85223	VG
85224	VG
85225	VG
85226	VG
85227	VG
85228	VG
85229	VG
85230	VG
85231	VG
85232	VG
85233	VG
85234	VG
85235	VG
85236	VG
85237	VG
85238	VG
85239	VG
85240	VG
85241	VG
85242	VG
85243	VG
85244	VG
85245	VG
85246	VG
85247	VG
85248	VG
85249	VG
85250	VG
85251	VG
85252	VG
85253	VG
85254	VG
85255	VG
85256	VG
85257	VG
85258	VG
85259	VG
85260	VG
85261	VG
85262	VG
85263	VG
85264	VG
85265	VG
85266	VG
85267	VG
85268	VG
85269	VG
85270	VG
85271	VG
85272	VG
85273	VG
85274	VG
85275	VG
85276	VG
85277	VG
85278	VG
85279	VG
85280	VG
85281	VG
85282	VG
85283	VG
85284	VG
85285	VG
85286	VG
85287	VG
85288	VG
85289	VG
85290	VG
85291	VG
85292	VG
85293	VG
85294	VG
85295	VG
85296	VG
85297	VG
85298	VG
85299	VG
85300	VG
85301	VG
85302	VG
85303	VG
85304	VG
85305	VG
85306	VG
85307	VG
85308	VG
85309	VG
85310	VG
85311	VG
85312	VG
85313	VG
85314	VG
85315	VG
85316	VG
85317	VG
85318	VG
85319	VG
85320	VG
85321	VG
85322	VG
85323	VG
85324	VG
85325	VG
85326	VG
85327	VG
85328	VG
85329	VG
85330	VG
85331	VG
85332	VG
85333	VG
85334	VG
85335	VG
85336	VG
85337	VG
85338	VG
85339	VG
85340	VG
85341	VG
85342	VG
85343	VG
85344	VG
85345	VG
85346	VG
85347	VG
85348	VG
85349	VG
85350	VG
85351	VG
85352	VG
85353	VG
85354	VG
85355	VG
85356	VG
85357	VG
85358	VG
85359	VG
85360	VG
85361	VG
85362	VG
85363	VG
85364	VG
85365	VG
85366	VG
85367	VG
85368	VG
85369	VG
85370	VG
85371	VG
85372	VG
85373	VG
85374	VG
85375	VG
85376	VG
85377	VG
85378	VG
85379	VG
85380	VG
85381	VG
85382	VG
85383	VG
85384	VG
85385	VG
85386	VG
85387	VG
85388	VG
85389	VG
85390	VG
85391	VG
85392	VG
85393	VG
85394	VG
85395	VG
85396	VG
85397	VG
85398	VG
85399	VG
85400	VG
85401	VG
85402	VG
85403	VG
85404	VG
85405	VG
85406	VG
85407	VG
85408	VG
85409	VG
85410	VG
85411	VG
85412	VG
85413	VG
85414	VG
85415	VG
85416	VG
85417	VG
85418	VG
85419	VG
85420	VG
85421	VG
85422	VG
85423	VG
85424	VG
85425	VG
85426	VG
85427	VG
85428	VG
85429	VG
85430	VG
85431	VG
85432	VG
85433	VG
85434	VG
85435	VG
85436	VG
85437	VG
85438	VG
85439	VG
85440	VG
85441	VG
85442	VG
85443	VG
85444	VG
85445	VG
85446	VG
85447	VG
85448	VG
85449	VG
85450	VG
85451	VG
85452	VG
85453	VG
85454	VG
85455	VG
85456	VG
85457	VG
85458	VG
85459	VG
85460	VG
85461	VG
85462	VG
85463	VG
85464	VG
85465	VG
85466	VG
85467	VG
85468	VG
85469	VG
85470	VG
85471	VG
85472	VG
85473	VG
85474	VG
85475	VG
85476	VG
85477	VG
85478	VG
85479	VG
85480	VG
85481	VG
85482	VG
85483	VG
85484	VG
85485	VG
85486	VG
85487	VG
85488	VG
85489	VG
85490	VG
85491	VG
85492	VG
85493	VG
85494	VG
85495	VG
85496	VG
85497	VG
85498	VG
85499	VG
85500	VG
85501	VG
85502	VG
85503	VG
85504	VG
85505	VG
85506	VG
85507	VG
85508	VG
85509	VG
85510	VG
85511	VG
85512	VG
85513	VG
85514	VG
85515	VG
85516	VG
85517	VG
85518	VG
85519	VG
85520	VG
85521	VG
85522	VG
85523	VG
85524	VG
85525	VG
85526	VG
85527	VG
85528	VG
85529	VG
85530	VG
85531	VG
85532	VG
85533	VG
85534	VG
85535	VG
85536	VG
85537	VG
85538	VG
85539	VG
85540	VG
85541	VG
85542	VG
85543	VG
85544	VG
85545	VG
85546	VG
85547	VG
85548	VG
85549	VG
85550	VG
85551	VG
85552	VG
85553	VG
85554	VG
85555	VG
85556	VG
85557	VG
85558	VG
85559	VG
85560	VG
85561	VG
85562	VG
85563	VG
85564	VG
85565	VG
85566	VG
85567	VG
85568	VG
85569	VG
85570	VG
85571	VG
85572	VG
85573	VG
85574	VG
85575	VG
85576	VG
85577	VG
85578	VG
85579	VG
85580	VG
85581	VG
85582	VG
85583	VG
85584	VG
85585	VG
85586	VG
85587	VG
85588	VG
85589	VG
85590	VG
85591	VG
85592	VG
85593	VG
85594	VG
85595	VG
85596	VG
85597	VG
85598	VG
85599	VG
85600	VG
85601	VG
85602	VG
85603	VG
85604	VG
85605	VG
85606	VG
85607	VG
85608	VG
85609	VG
85610	VG
85611	VG
85612	VG
85613	VG
85614	VG
85615	VG
85616	VG
85617	VG
85618	VG
85619	VG
85620	VG
85621	VG
85622	VG
85623	VG
85624	VG
85625	VG
85626	VG
85627	VG
85628	VG
85629	VG
85630	VG
85631	VG
85632	VG
85633	VG
85634	VG
85635	VG
85636	VG
85637	VG
85638	VG
85639	VG
85640	VG
85641	VG
85642	VG
85643	VG
85644	VG
85645	VG
85646	VG
85647	VG
85648	VG
85649	VG
85650	VG
85651	VG
85652	VG
85653	VG
85654	VG
85655	VG
85656	VG
85657	VG
85658	VG
85659	VG
85660	VG
85661	VG
85662	VG
85663	VG
85664	VG
85665	VG
85666	VG
85667	VG
85668	VG
85669	VG
85670	VG
85671	VG
85672	VG
85673	VG
85674	VG
85675	VG
85676	VG
85677	VG
85678	VG
85679	VG
85680	VG
85681	VG
85682	VG
85683	VG
85684	VG
85685	VG
85686	VG
85687	VG
85688	VG
85689	VG
85690	VG
85691	VG
85692	VG
85693	VG
85694	VG
85695	VG
85696	VG
85697	VG
85698	VG
85699	VG
85700	VG
85701	VG
85702	VG
85703	VG
85704	VG
85705	VG
85706	VG
85707	VG
85708	VG
85709	VG
85710	VG
85711	VG
85712	VG
85713	VG
85714	VG
85715	VG
85716	VG
85717	VG
85718	VG
85719	VG
85720	VG
85721	VG
85722	VG
85723	VG
85724	VG
85725	VG
85726	VG
85727	VG
85728	VG
85729	VG
85730	VG
85731	VG
85732	VG
85733	VG
85734	VG
85735	VG
85736	VG
85737	VG
85738	VG
85739	VG
85740	VG
85741	VG
85742	VG
85743	VG
85744	VG
85745	VG
85746	VG
85747	VG
85748	VG
85749	VG
85750	VG
85751	VG
85752	VG
85753	VG
85754	VG
85755	VG
85756	VG
85757	VG
85758	VG
85759	VG
85760	VG
85761	VG
85762	VG
85763	VG
85764	VG
85765	VG
85766	VG
85767	VG
85768	VG
85769	VG
85770	VG
85771	VG
85772	VG
85773	VG
85774	VG
85775	VG
85776	VG
85777	VG
85778	VG
85779	VG
85780	VG
85781	VG
85782	VG
85783	VG
85784	VG
85785	VG
85786	VG
85787	VG
85788	VG
85789	VG
85790	VG
85791	VG
85792	VG
85793	VG
85794	VG
85795	VG
85796	VG
85797	VG
85798	VG
85799	VG
85800	VG
85801	VG
85802	VG
85803	VG
85804	VG
85805	VG
85806	VG
85807	VG
85808	VG
85809	VG
85810	VG
85811	VG
85812	VG
85813	VG
85814	VG
85815	VG
85816	VG
85817	VG
85818	VG
85819	VG
85820	VG
85821	VG
85822	VG
85823	VG
85824	VG
85825	VG
85826	VG
85827	VG
85828	VG
85829	VG
85830	VG
85831	VG
85832	VG
85833	VG
85834	VG
85835	VG
85836	VG
85837	VG
85838	VG
85839	VG
85840	VG
85841	VG
85842	VG
85843	VG
85844	VG
85845	VG
85846	VG
85847	VG
85848	VG
85849	VG
85850	VG
85851	VG
85852	VG
85853	VG
85854	VG
85855	VG
85856	VG
85857	VG
85858	VG
85859	VG
85860	VG
85861	VG
85862	VG
85863	VG
85864	VG
85865	VG
85866	VG
85867	VG
85868	VG
85869	VG
85870	VG
85871	VG
85872	VG
85873	VG
85874	VG
85875	VG
85876	VG
85877	VG
85878	VG
85879	VG
85880	VG
85881	VG
85882	VG
85883	VG
85884	VG
85885	VG
85886	VG
85887	VG
85888	VG
85889	VG
85890	VG
85891	VG
85892	VG
85893	VG
85894	VG
85895	VG
85896	VG
85897	VG
85898	VG
85899	VG
85900	VG
85901	VG
85902	VG
85903	VG
85904	VG
85905	VG
85906	VG
85907	VG
85908	VG
85909	VG
85910	VG
85911	VG
85912	VG
85913	VG
85914	VG
85915	VG
85916	VG
85917	VG
85918	VG
85919	VG
85920	VG
85921	VG
85922	VG
85923	VG
85924	VG
85925	VG
85926	VG
85927	VG
85928	VG
85929	VG
85930	VG
85931	VG
85932	VG
85933	VG
85934	VG
85935	VG
85936	VG
85937	VG
85938	VG
85939	VG
85940	VG
85941	VG
85942	VG
85943	VG
85944	VG
85945	VG
85946	VG
85947	VG
85948	VG
85949	VG
85950	VG
85951	VG
85952	VG
85953	VG
85954	VG
85955	VG
85956	VG
85957	VG
85958	VG
85959	VG
85960	VG
85961	VG
85962	VG
85963	VG
85964	VG
85965	VG
85966	VG
85967	VG
85968	VG
85969	VG
85970	VG
85971	VG
85972	VG
85973	VG
85974	VG
85975	VG
85976	VG
85977	VG
85978	VG
85979	VG
85980	VG
85981	VG
85982	VG
85983	VG
85984	VG
85985	VG
85986	VG
85987	VG
85988	VG
85989	VG
85990	VG
85991	VG
85992	VG
85993	VG
85994	VG
85995	VG
85996	VG
85997	VG
85998	VG
85999	VG
86000	VG
86001	VG
86002	VG
86003	VG
86004	VG
86005	VG
86006	VG
86007	VG
86008	VG
86009	VG
86010	VG
86011	VG
86012	VG
86013	VG
86014	VG
86015	VG
86016	VG
86017	VG
86018	VG
86019	VG
86020	VG
86021	VG
86022	VG
86023	VG
86024	VG
86025	VG
86026	VG
86027	VG
86028	VG
86029	VG
86030	VG
86031	VG
86032	VG
86033	VG
86034	VG
86035	VG
86036	VG
86037	VG
86038	VG
86039	VG
86040	VG
86041	VG
86042	VG
86043	VG
86044	VG
86045	VG
86046	VG
86047	VG
86048	VG
86049	VG
86050	VG
86051	VG
86052	VG
86053	VG
86054	VG
86055	VG
86056	VG
86057	VG
86058	VG
86059	VG
86060	VG
86061	VG
86062	VG
86063	VG
86064	VG
86065	VG
86066	VG
86067	VG
86068	VG
86069	VG
86070	VG
86071	VG
86072	VG
86073	VG
86074	VG
86075	VG
86076	VG
86077	VG
86078	VG
86079	VG
86080	VG
86081	VG
86082	VG
86083	VG
86084	VG
86085	VG
86086	VG
86087	VG
86088	VG
86089	VG
86090	VG
86091	VG
86092	VG
86093	VG
86094	VG
86095	VG
86096	VG
86097	VG
86098	VG
86099	VG
86100	VG
86101	VG
86102	VG
86103	VG
86104	VG
86105	VG
86106	VG
86107	VG
86108	VG
86109	VG
86110	VG
86111	VG
86112	VG
86113	VG
86114	VG
86115	VG
86116	VG
86117	VG
86118	VG
86119	VG
86120	VG
86121	VG
86122	VG
86123	VG
86124	VG
86125	VG
86126	VG
86127	VG
86128	VG
86129	VG
86130	VG
86131	VG
86132	VG
86133	VG
86134	VG
86135	VG
86136	VG
86137	VG
86138	VG
86139	VG
86140	VG
86141	VG
86142	VG
86143	VG
86144	VG
86145	VG
86146	VG
86147	VG
86148	VG
86149	VG
86150	VG
86151	VG
86152	VG
86153	VG
86154	VG
86155	VG
86156	VG
86157	VG
86158	VG
86159	VG
86160	VG
86161	VG
86162	VG
86163	VG
86164	VG
86165	VG
86166	VG
86167	VG
86168	VG
86169	VG
86170	VG
86171	VG
86172	VG
86173	VG
86174	VG
86175	VG
86176	VG
86177	VG
86178	VG
86179	VG
86180	VG
86181	VG
86182	VG
86183	VG
86184	VG
86185	VG
86186	VG
86187	VG
86188	VG
86189	VG
86190	VG
86191	VG
86192	VG
86193	VG
86194	VG
86195	VG
86196	VG
86197	VG
86198	VG
86199	VG
86200	VG
86201	VG
86202	VG
86203	VG
86204	VG
86205	VG
86206	VG
86207	VG
86208	VG
86209	VG
86210	VG
86211	VG
86212	VG
86213	VG
86214	VG
86215	VG
86216	VG
86217	VG
86218	VG
86219	VG
86220	VG
86221	VG
86222	VG
86223	VG
86224	VG
86225	VG
86226	VG
86227	VG
86228	VG
86229	VG
86230	VG
86231	VG
86232	VG
86233	VG
86234	VG
86235	VG
86236	VG
86237	VG
86238	VG
86239	VG
86240	VG
86241	VG
86242	VG
86243	VG
86244	VG
86245	VG
86246	VG
86247	VG
86248	VG
86249	VG
86250	VG
86251	VG
86252	VG
86253	VG
86254	VG
86255	VG
86256	VG
86257	VG
86258	VG
86259	VG
86260	VG
86261	VG
86262	VG
86263	VG
86264	VG
86265	VG
86266	VG
86267	VG
86268	VG
86269	VG
86270	VG
86271	VG
86272	VG
86273	VG
86274	VG
86275	VG
86276	VG
86277	VG
86278	VG
86279	VG
86280	VG
86281	VG
86282	VG
86283	VG
86284	VG
86285	VG
86286	VG
86287	VG
86288	VG
86289	VG
86290	VG
86291	VG
86292	VG
86293	VG
86294	VG
86295	VG
86296	VG
86297	VG
86298	VG
86299	VG
86300	VG
86301	VG
86302	VG
86303	VG
86304	VG
86305	VG
86306	VG
86307	VG
86308	VG
86309	VG
86310	VG
86311	VG
86312	VG
86313	VG
86314	VG
86315	VG
86316	VG
86317	VG
86318	VG
86319	VG
86320	VG
86321	VG
86322	VG
86323	VG
86324	VG
86325	VG
86326	VG
86327	VG
86328	VG
86329	VG
86330	VG
86331	VG
86332	VG
86333	VG
86334	VG
86335	VG
86336	VG
86337	VG
86338	VG
86339	VG
86340	VG
86341	VG
86342	VG
86343	VG
86344	VG
86345	VG
86346	VG
86347	VG
86348	VG
86349	VG
86350	VG
86351	VG
86352	VG
86353	VG
86354	VG
86355	VG
86356	VG
86357	VG
86358	VG
86359	VG
86360	VG
86361	VG
86362	VG
86363	VG
86364	VG
86365	VG
86366	VG
86367	VG
86368	VG
86369	VG
86370	VG
86371	VG
86372	VG
86373	VG
86374	VG
86375	VG
86376	VG
86377	VG
86378	VG
86379	VG
86380	VG
86381	VG
86382	VG
86383	VG
86384	VG
86385	VG
86386	VG
86387	VG
86388	VG
86389	VG
86390	VG
86391	VG
86392	VG
86393	VG
86394	VG
86395	VG
86396	VG
86397	VG
86398	VG
86399	VG
86400	VG
86401	VG
86402	VG
86403	VG
86404	VG
86405	VG
86406	VG
86407	VG
86408	VG
86409	VG
86410	VG
86411	VG
86412	VG
86413	VG
86414	VG
86415	VG
86416	VG
86417	VG
86418	VG
86419	VG
86420	VG
86421	VG
86422	VG
86423	VG
86424	VG
86425	VG
86426	VG
86427	VG
86428	VG
86429	VG
86430	VG
86431	VG
86432	VG
86433	VG
86434	VG
86435	VG
86436	VG
86437	VG
86438	VG
86439	VG
86440	VG
86441	VG
86442	VG
86443	VG
86444	VG
86445	VG
86446	VG
86447	VG
86448	VG
86449	VG
86450	VG
86451	VG
86452	VG
86453	VG
86454	VG
86455	VG
86456	VG
86457	VG
86458	VG
86459	VG
86460	VG
86461	VG
86462	VG
86463	VG
86464	VG
86465	VG
86466	VG
86467	VG
86468	VG
86469	VG
86470	VG
86471	VG
86472	VG
86473	VG
86474	VG
86475	VG
86476	VG
86477	VG
86478	VG
86479	VG
86480	VG
86481	VG
86482	VG
86483	VG
86484	VG
86485	VG
86486	VG
86487	VG
86488	VG
86489	VG
86490	VG
86491	VG
86492	VG
86493	VG
86494	VG
86495	VG
86496	VG
86497	VG
86498	VG
86499	VG
86500	VG
86501	VG
86502	VG
86503	VG
86504	VG
86505	VG
86506	VG
86507	VG
86508	VG
86509	VG
86510	VG
86511	VG
86512	VG
86513	VG
86514	VG
86515	VG
86516	VG
86517	VG
86518	VG
86519	VG
86520	VG
86521	VG
86522	VG
86523	VG
86524	VG
86525	VG
86526	VG
86527	VG
86528	VG
86529	VG
86530	VG
86531	VG
86532	VG
86533	VG
86534	VG
86535	VG
86536	VG
86537	VG
86538	VG
86539	VG
86540	VG
86541	VG
86542	VG
86543	VG
86544	VG
86545	VG
86546	VG
86547	VG
86548	VG
86549	VG
86550	VG
86551	VG
86552	VG
86553	VG
86554	VG
86555	VG
86556	VG
86557	VG
86558	VG
86559	VG
86560	VG
86561	VG
86562	VG
86563	VG
86564	VG
86565	VG
86566	VG
86567	VG
86568	VG
86569	VG
86570	VG
86571	VG
86572	VG
86573	VG
86574	VG
86575	VG
86576	VG
86577	VG
86578	VG
86579	VG
86580	VG
86581	VG
86582	VG
86583	VG
86584	VG
86585	VG
86586	VG
86587	VG
86588	VG
86589	VG
86590	VG
86591	VG
86592	VG
86593	VG
86594	VG
86595	VG
86596	VG
86597	VG
86598	VG
86599	VG
86600	VG
86601	VG
86602	VG
86603	VG
86604	VG
86605	VG
86606	VG
86607	VG
86608	VG
86609	VG
86610	VG
86611	VG
86612	VG
86613	VG
86614	VG
86615	VG
86616	VG
86617	VG
86618	VG
86619	VG
86620	VG
86621	VG
86622	VG
86623	VG
86624	VG
86625	VG
86626	VG
86627	VG
86628	VG
86629	VG
86630	VG
86631	VG
86632	VG
86633	VG
86634	VG
86635	VG
86636	VG
86637	VG
86638	VG
86639	VG
86640	VG
86641	VG
86642	VG
86643	VG
86644	VG
86645	VG
86646	VG
86647	VG
86648	VG
86649	VG
86650	VG
86651	VG
86652	VG
86653	VG
86654	VG
86655	VG
86656	VG
86657	VG
86658	VG
86659	VG
86660	VG
86661	VG
86662	VG
86663	VG
86664	VG
86665	VG
86666	VG
86667	VG
86668	VG
86669	VG
86670	VG
86671	VG
86672	VG
86673	VG
86674	VG
86675	VG
86676	VG
86677	VG
86678	VG
86679	VG
86680	VG
86681	VG
86682	VG
86683	VG
86684	VG
86685	VG
86686	VG
86687	VG
86688	VG
86689	VG
86690	VG
86691	VG
86692	VG
86693	VG
86694	VG
86695	VG
86696	VG
86697	VG
86698	VG
86699	VG
86700	VG
86701	VG
86702	VG
86703	VG
86704	VG
86705	VG
86706	VG
86707	VG
86708	VG
86709	VG
86710	VG
86711	VG
86712	VG
86713	VG
86714	VG
86715	VG
86716	VG
86717	VG
86718	VG
86719	VG
86720	VG
86721	VG
86722	VG
86723	VG
86724	VG
86725	VG
86726	VG
86727	VG
86728	VG
86729	VG
86730	VG
86731	VG
86732	VG
86733	VG
86734	VG
86735	VG
86736	VG
86737	VG
86738	VG
86739	VG
86740	VG
86741	VG
86742	VG
86743	VG
86744	VG
86745	VG
86746	VG
86747	VG
86748	VG
86749	VG
86750	VG
86751	VG
86752	VG
86753	VG
86754	VG
86755	VG
86756	VG
86757	VG
86758	VG
86759	VG
86760	VG
86761	VG
86762	VG
86763	VG
86764	VG
86765	VG
86766	VG
86767	VG
86768	VG
86769	VG
86770	VG
86771	VG
86772	VG
86773	VG
86774	VG
86775	VG
86776	VG
86777	VG
86778	VG
86779	VG
86780	VG
86781	VG
86782	VG
86783	VG
86784	VG
86785	VG
86786	VG
86787	VG
86788	VG
86789	VG
86790	VG
86791	VG
86792	VG
86793	VG
86794	VG
86795	VG
86796	VG
86797	VG
86798	VG
86799	VG
86800	VG
86801	VG
86802	VG
86803	VG
86804	VG
86805	VG
86806	VG
86807	VG
86808	VG
86809	VG
86810	VG
86811	VG
86812	VG
86813	VG
86814	VG
86815	VG
86816	VG
86817	VG
86818	VG
86819	VG
86820	VG
86821	VG
86822	VG
86823	VG
86824	VG
86825	VG
86826	VG
86827	VG
86828	VG
86829	VG
86830	VG
86831	VG
86832	VG
86833	VG
86834	VG
86835	VG
86836	VG
86837	VG
86838	VG
86839	VG
86840	VG
86841	VG
86842	VG
86843	VG
86844	VG
86845	VG
86846	VG
86847	VG
86848	VG
86849	VG
86850	VG
86851	VG
86852	VG
86853	VG
86854	VG
86855	VG
86856	VG
86857	VG
86858	VG
86859	VG
86860	VG
86861	VG
86862	VG
86863	VG
86864	VG
86865	VG
86866	VG
86867	VG
86868	VG
86869	VG
86870	VG
86871	VG
86872	VG
86873	VG
86874	VG
86875	VG
86876	VG
86877	VG
86878	VG
86879	VG
86880	VG
86881	VG
86882	VG
86883	VG
86884	VG
86885	VG
86886	VG
86887	VG
86888	VG
86889	VG
86890	VG
86891	VG
86892	VG
86893	VG
86894	VG
86895	VG
86896	VG
86897	VG
86898	VG
86899	VG
86900	VG
86901	VG
86902	VG
86903	VG
86904	VG
86905	VG
86906	VG
86907	VG
86908	VG
86909	VG
86910	VG
86911	VG
86912	VG
86913	VG
86914	VG
86915	VG
86916	VG
86917	VG
86918	VG
86919	VG
86920	VG
86921	VG
86922	VG
86923	VG
86924	VG
86925	VG
86926	VG
86927	VG
86928	VG
86929	VG
86930	VG
86931	VG
86932	VG
86933	VG
86934	VG
86935	VG
86936	VG
86937	VG
86938	VG
86939	VG
86940	VG
86941	VG
86942	VG
86943	VG
86944	VG
86945	VG
86946	VG
86947	VG
86948	VG
86949	VG
86950	VG
86951	VG
86952	VG
86953	VG
86954	VG
86955	VG
86956	VG
86957	VG
86958	VG
86959	VG
86960	VG
86961	VG
86962	VG
86963	VG
86964	VG
86965	VG
86966	VG
86967	VG
86968	VG
86969	VG
86970	VG
86971	VG
86972	VG
86973	VG
86974	VG
86975	VG
86976	VG
86977	VG
86978	VG
86979	VG
86980	VG
86981	VG
86982	VG
86983	VG
86984	VG
86985	VG
86986	VG
86987	VG
86988	VG
86989	VG
86990	VG
86991	VG
86992	VG
86993	VG
86994	VG
86995	VG
86996	VG
86997	VG
86998	VG
86999	VG
87000	VG
87001	VG
87002	VG
87003	VG
87004	VG
87005	VG
87006	VG
87007	VG
87008	VG
87009	VG
87010	VG
87011	VG
87012	VG
87013	VG
87014	VG
87015	VG
87016	VG
87017	VG
87018	VG
87019	VG
87020	VG
87021	VG
87022	VG
87023	VG
87024	VG
87025	VG
87026	VG
87027	VG
87028	VG
87029	VG
87030	VG
87031	VG
87032	VG
87033	VG
87034	VG
87035	VG
87036	VG
87037	VG
87038	VG
87039	VG
87040	VG
87041	VG
87042	VG
87043	VG
87044	VG
87045	VG
87046	VG
87047	VG
87048	VG
87049	VG
87050	VG
87051	VG
87052	VG
87053	VG
87054	VG
87055	VG
87056	VG
87057	VG
87058	VG
87059	VG
87060	VG
87061	VG
87062	VG
87063	VG
87064	VG
87065	VG
87066	VG
87067	VG
87068	VG
87069	VG
87070	VG
87071	VG
87072	VG
87073	VG
87074	VG
87075	VG
87076	VG
87077	VG
87078	VG
87079	VG
87080	VG
87081	VG
87082	VG
87083	VG
87084	VG
87085	VG
87086	VG
87087	VG
87088	VG
87089	VG
87090	VG
87091	VG
87092	VG
87093	VG
87094	VG
87095	VG
87096	VG
87097	VG
87098	VG
87099	VG
87100	VG
87101	VG
87102	VG
87103	VG
87104	VG
87105	VG
87106	VG
87107	VG
87108	VG
87109	VG
87110	VG
87111	VG
87112	VG
87113	VG
87114	VG
87115	VG
87116	VG
87117	VG
87118	VG
87119	VG
87120	VG
87121	VG
87122	VG
87123	VG
87124	VG
87125	VG
87126	VG
87127	VG
87128	VG
87129	VG
87130	VG
87131	VG
87132	VG
87133	VG
87134	VG
87135	VG
87136	VG
87137	VG
87138	VG
87139	VG
87140	VG
87141	VG
87142	VG
87143	VG
87144	VG
87145	VG
87146	VG
87147	VG
87148	VG
87149	VG
87150	VG
87151	VG
87152	VG
87153	VG
87154	VG
87155	VG
87156	VG
87157	VG
87158	VG
87159	VG
87160	VG
87161	VG
87162	VG
87163	VG
87164	VG
87165	VG
87166	VG
87167	VG
87168	VG
87169	VG
87170	VG
87171	VG
87172	VG
87173	VG
87174	VG
87175	VG
87176	VG
87177	VG
87178	VG
87179	VG
87180	VG
87181	VG
87182	VG
87183	VG
87184	VG
87185	VG
87186	VG
87187	VG
87188	VG
87189	VG
87190	VG
87191	VG
87192	VG
87193	VG
87194	VG
87195	VG
87196	VG
87197	VG
87198	VG
87199	VG
87200	VG
87201	VG
87202	VG
87203	VG
87204	VG
87205	VG
87206	VG
87207	VG
87208	VG
87209	VG
87210	VG
87211	VG
87212	VG
87213	VG
87214	VG
87215	VG
87216	VG
87217	VG
87218	VG
87219	VG
87220	VG
87221	VG
87222	VG
87223	VG
87224	VG
87225	VG
87226	VG
87227	VG
87228	VG
87229	VG
87230	VG
87231	VG
87232	VG
87233	VG
87234	VG
87235	VG
87236	VG
87237	VG
87238	VG
87239	VG
87240	VG
87241	VG
87242	VG
87243	VG
87244	VG
87245	VG
87246	VG
87247	VG
87248	VG
87249	VG
87250	VG
87251	VG
87252	VG
87253	VG
87254	VG
87255	VG
87256	VG
87257	VG
87258	VG
87259	VG
87260	VG
87261	VG
87262	VG
87263	VG
87264	VG
87265	VG
87266	VG
87267	VG
87268	VG
87269	VG
87270	VG
87271	VG
87272	VG
87273	VG
87274	VG
87275	VG
87276	VG
87277	VG
87278	VG
87279	VG
87280	VG
87281	VG
87282	VG
87283	VG
87284	VG
87285	VG
87286	VG
87287	VG
87288	VG
87289	VG
87290	VG
87291	VG
87292	VG
87293	VG
87294	VG
87295	VG
87296	VG
87297	VG
87298	VG
87299	VG
87300	VG
87301	VG
87302	VG
87303	VG
87304	VG
87305	VG
87306	VG
87307	VG
87308	VG
87309	VG
87310	VG
87311	VG
87312	VG
87313	VG
87314	VG
87315	VG
87316	VG
87317	VG
87318	VG
87319	VG
87320	VG
87321	VG
87322	VG
87323	VG
87324	VG
87325	VG
87326	VG
87327	VG
87328	VG
87329	VG
87330	VG
87331	VG
87332	VG
87333	VG
87334	VG
87335	VG
87336	VG
87337	VG
87338	VG
87339	VG
87340	VG
87341	VG
87342	VG
87343	VG
87344	VG
87345	VG
87346	VG
87347	VG
87348	VG
87349	VG
87350	VG
87351	VG
87352	VG
87353	VG
87354	VG
87355	VG
87356	VG
87357	VG
87358	VG
87359	VG
87360	VG
87361	VG
87362	VG
87363	VG
87364	VG
87365	VG
87366	VG
87367	VG
87368	VG
87369	VG
87370	VG
87371	VG
87372	VG
87373	VG
87374	VG
87375	VG
87376	VG
87377	VG
87378	VG
87379	VG
87380	VG
87381	VG
87382	VG
87383	VG
87384	VG
87385	VG
87386	VG
87387	VG
87388	VG
87389	VG
87390	VG
87391	VG
87392	VG
87393	VG
87394	VG
87395	VG
87396	VG
87397	VG
87398	VG
87399	VG
87400	VG
87401	VG
87402	VG
87403	VG
87404	VG
87405	VG
87406	VG
87407	VG
87408	VG
87409	VG
87410	VG
87411	VG
87412	VG
87413	VG
87414	VG
87415	VG
87416	VG
87417	VG
87418	VG
87419	VG
87420	VG
87421	VG
87422	VG
87423	VG
87424	VG
87425	VG
87426	VG
87427	VG
87428	VG
87429	VG
87430	VG
87431	VG
87432	VG
87433	VG
87434	VG
87435	VG
87436	VG
87437	VG
87438	VG
87439	VG
87440	VG
87441	VG
87442	VG
87443	VG
87444	VG
87445	VG
87446	VG
87447	VG
87448	VG
87449	VG
87450	VG
87451	VG
87452	VG
87453	VG
87454	VG
87455	VG
87456	VG
87457	VG
87458	VG
87459	VG
87460	VG
87461	VG
87462	VG
87463	VG
87464	VG
87465	VG
87466	VG
87467	VG
87468	VG
87469	VG
87470	VG
87471	VG
87472	VG
87473	VG
87474	VG
87475	VG
87476	VG
87477	VG
87478	VG
87479	VG
87480	VG
87481	VG
87482	VG
87483	VG
87484	VG
87485	VG
87486	VG
87487	VG
87488	VG
87489	VG
87490	VG
87491	VG
87492	VG
87493	VG
87494	VG
87495	VG
87496	VG
87497	VG
87498	VG
87499	VG
87500	VG
87501	VG
87502	VG
87503	VG
87504	VG
87505	VG
87506	VG
87507	VG
87508	VG
87509	VG
87510	VG
87511	VG
87512	VG
87513	VG
87514	VG
87515	VG
87516	VG
87517	VG
87518	VG
87519	VG
87520	VG
87521	VG
87522	VG
87523	VG
87524	VG
87525	VG
87526	VG
87527	VG
87528	VG
87529	VG
87530	VG
87531	VG
87532	VG
87533	VG
87534	VG
87535	VG
87536	VG
87537	VG
87538	VG
87539	VG
87540	VG
87541	VG
87542	VG
87543	VG
87544	VG
87545	VG
87546	VG
87547	VG
87548	VG
87549	VG
87550	VG
87551	VG
87552	VG
87553	VG
87554	VG
87555	VG
87556	VG
87557	VG
87558	VG
87559	VG
87560	VG
87561	VG
87562	VG
87563	VG
87564	VG
87565	VG
87566	VG
87567	VG
87568	VG
87569	VG
87570	VG
87571	VG
87572	VG
87573	VG
87574	VG
87575	VG
87576	VG
87577	VG
87578	VG
87579	VG
87580	VG
87581	VG
87582	VG
87583	VG
87584	VG
87585	VG
87586	VG
87587	VG
87588	VG
87589	VG
87590	VG
87591	VG
87592	VG
87593	VG
87594	VG
87595	VG
87596	VG
87597	VG
87598	VG
87599	VG
87600	VG
87601	VG
87602	VG
87603	VG
87604	VG
87605	VG
87606	VG
87607	VG
87608	VG
87609	VG
87610	VG
87611	VG
87612	VG
87613	VG
87614	VG
87615	VG
87616	VG
87617	VG
87618	VG
87619	VG
87620	VG
87621	VG
87622	VG
87623	VG
87624	VG
87625	VG
87626	VG
87627	VG
87628	VG
87629	VG
87630	VG
87631	VG
87632	VG
87633	VG
87634	VG
87635	VG
87636	VG
87637	VG
87638	VG
87639	VG
87640	VG
87641	VG
87642	VG
87643	VG
87644	VG
87645	VG
87646	VG
87647	VG
87648	VG
87649	VG
87650	VG
87651	VG
87652	VG
87653	VG
87654	VG
87655	VG
87656	VG
87657	VG
87658	VG
87659	VG
87660	VG
87661	VG
87662	VG
87663	VG
87664	VG
87665	VG
87666	VG
87667	VG
87668	VG
87669	VG
87670	VG
87671	VG
87672	VG
87673	VG
87674	VG
87675	VG
87676	VG
87677	VG
87678	VG
87679	VG
87680	VG
87681	VG
87682	VG
87683	VG
87684	VG
87685	VG
87686	VG
87687	VG
87688	VG
87689	VG
87690	VG
87691	VG
87692	VG
87693	VG
87694	VG
87695	VG
87696	VG
87697	VG
87698	VG
87699	VG
87700	VG
87701	VG
87702	VG
87703	VG
87704	VG
87705	VG
87706	VG
87707	VG
87708	VG
87709	VG
87710	VG
87711	VG
87712	VG
87713	VG
87714	VG
87715	VG
87716	VG
87717	VG
87718	VG
87719	VG
87720	VG
87721	VG
87722	VG
87723	VG
87724	VG
87725	VG
87726	VG
87727	VG
87728	VG
87729	VG
87730	VG
87731	VG
87732	VG
87733	VG
87734	VG
87735	VG
87736	VG
87737	VG
87738	VG
87739	VG
87740	VG
87741	VG
87742	VG
87743	VG
87744	VG
87745	VG
87746	VG
87747	VG
87748	VG
87749	VG
87750	VG
87751	VG
87752	VG
87753	VG
87754	VG
87755	VG
87756	VG
87757	VG
87758	VG
87759	VG
87760	VG
87761	VG
87762	VG
87763	VG
87764	VG
87765	VG
87766	VG
87767	VG
87768	VG
87769	VG
87770	VG
87771	VG
87772	VG
87773	VG
87774	VG
87775	VG
87776	VG
87777	VG
87778	VG
87779	VG
87780	VG
87781	VG
87782	VG
87783	VG
87784	VG
87785	VG
87786	VG
87787	VG
87788	VG
87789	VG
87790	VG
87791	VG
87792	VG
87793	VG
87794	VG
87795	VG
87796	VG
87797	VG
87798	VG
87799	VG
87800	VG
87801	VG
87802	VG
87803	VG
87804	VG
87805	VG
87806	VG
87807	VG
87808	VG
87809	VG
87810	VG
87811	VG
87812	VG
87813	VG
87814	VG
87815	VG
87816	VG
87817	VG
87818	VG
87819	VG
87820	VG
87821	VG
87822	VG
87823	VG
87824	VG
87825	VG
87826	VG
87827	VG
87828	VG
87829	VG
87830	VG
87831	VG
87832	VG
87833	VG
87834	VG
87835	VG
87836	VG
87837	VG
87838	VG
87839	VG
87840	VG
87841	VG
87842	VG
87843	VG
87844	VG
87845	VG
87846	VG
87847	VG
87848	VG
87849	VG
87850	VG
87851	VG
87852	VG
87853	VG
87854	VG
87855	VG
87856	VG
87857	VG
87858	VG
87859	VG
87860	VG
87861	VG
87862	VG
87863	VG
87864	VG
87865	VG
87866	VG
87867	VG
87868	VG
87869	VG
87870	VG
87871	VG
87872	VG
87873	VG
87874	VG
87875	VG
87876	VG
87877	VG
87878	VG
87879	VG
87880	VG
87881	VG
87882	VG
87883	VG
87884	VG
87885	VG
87886	VG
87887	VG
87888	VG
87889	VG
87890	VG
87891	VG
87892	VG
87893	VG
87894	VG
87895	VG
87896	VG
87897	VG
87898	VG
87899	VG
87900	VG
87901	VG
87902	VG
87903	VG
87904	VG
87905	VG
87906	VG
87907	VG
87908	VG
87909	VG
87910	VG
87911	VG
87912	VG
87913	VG
87914	VG
87915	VG
87916	VG
87917	VG
87918	VG
87919	VG
87920	VG
87921	VG
87922	VG
87923	VG
87924	VG
87925	VG
87926	VG
87927	VG
87928	VG
87929	VG
87930	VG
87931	VG
87932	VG
87933	VG
87934	VG
87935	VG
87936	VG
87937	VG
87938	VG
87939	VG
87940	VG
87941	VG
87942	VG
87943	VG
87944	VG
87945	VG
87946	VG
87947	VG
87948	VG
87949	VG
87950	VG
87951	VG
87952	VG
87953	VG
87954	VG
87955	VG
87956	VG
87957	VG
87958	VG
87959	VG
87960	VG
87961	VG
87962	VG
87963	VG
87964	VG
87965	VG
87966	VG
87967	VG
87968	VG
87969	VG
87970	VG
87971	VG
87972	VG
87973	VG
87974	VG
87975	VG
87976	VG
87977	VG
87978	VG
87979	VG
87980	VG
87981	VG
87982	VG
87983	VG
87984	VG
87985	VG
87986	VG
87987	VG
87988	VG
87989	VG
87990	VG
87991	VG
87992	VG
87993	VG
87994	VG
87995	VG
87996	VG
87997	VG
87998	VG
87999	VG
88000	VG
88001	VG
88002	VG
88003	VG
88004	VG
88005	VG
88006	VG
88007	VG
88008	VG
88009	VG
88010	VG
88011	VG
88012	VG
88013	VG
88014	VG
88015	VG
88016	VG
88017	VG
88018	VG
88019	VG
88020	VG
88021	VG
88022	VG
88023	VG
88024	VG
88025	VG
88026	VG
88027	VG
88028	VG
88029	VG
88030	VG
88031	VG
88032	VG
88033	VG
88034	VG
88035	VG
88036	VG
88037	VG
88038	VG
88039	VG
88040	VG
88041	VG
88042	VG
88043	VG
88044	VG
88045	VG
88046	VG
88047	VG
88048	VG
88049	VG
88050	VG
88051	VG
88052	VG
88053	VG
88054	VG
88055	VG
88056	VG
88057	VG
88058	VG
88059	VG
88060	VG
88061	VG
88062	VG
88063	VG
88064	VG
88065	VG
88066	VG
88067	VG
88068	VG
88069	VG
88070	VG
88071	VG
88072	VG
88073	VG
88074	VG
88075	VG
88076	VG
88077	VG
88078	VG
88079	VG
88080	VG
88081	VG
88082	VG
88083	VG
88084	VG
88085	VG
88086	VG
88087	VG
88088	VG
88089	VG
88090	VG
88091	VG
88092	VG
88093	VG
88094	VG
88095	VG
88096	VG
88097	VG
88098	VG
88099	VG
88100	VG
88101	VG
88102	VG
88103	VG
88104	VG
88105	VG
88106	VG
88107	VG
88108	VG
88109	VG
88110	VG
88111	VG
88112	VG
88113	VG
88114	VG
88115	VG
88116	VG
88117	VG
88118	VG
88119	VG
88120	VG
88121	VG
88122	VG
88123	VG
88124	VG
88125	VG
88126	VG
88127	VG
88128	VG
88129	VG
88130	VG
88131	VG
88132	VG
88133	VG
88134	VG
88135	VG
88136	VG
88137	VG
88138	VG
88139	VG
88140	VG
88141	VG
88142	VG
88143	VG
88144	VG
88145	VG
88146	VG
88147	VG
88148	VG
88149	VG
88150	VG
88151	VG
88152	VG
88153	VG
88154	VG
88155	VG
88156	VG
88157	VG
88158	VG
88159	VG
88160	VG
88161	VG
88162	VG
88163	VG
88164	VG
88165	VG
88166	VG
88167	VG
88168	VG
88169	VG
88170	VG
88171	VG
88172	VG
88173	VG
88174	VG
88175	VG
88176	VG
88177	VG
88178	VG
88179	VG
88180	VG
88181	VG
88182	VG
88183	VG
88184	VG
88185	VG
88186	VG
88187	VG
88188	VG
88189	VG
88190	VG
88191	VG
88192	VG
88193	VG
88194	VG
88195	VG
88196	VG
88197	VG
88198	VG
88199	VG
88200	VG
88201	VG
88202	VG
88203	VG
88204	VG
88205	VG
88206	VG
88207	VG
88208	VG
88209	VG
88210	VG
88211	VG
88212	VG
88213	VG
88214	VG
88215	VG
88216	VG
88217	VG
88218	VG
88219	VG
88220	VG
88221	VG
88222	VG
88223	VG
88224	VG
88225	VG
88226	VG
88227	VG
88228	VG
88229	VG
88230	VG
88231	VG
88232	VG
88233	VG
88234	VG
88235	VG
88236	VG
88237	VG
88238	VG
88239	VG
88240	VG
88241	VG
88242	VG
88243	VG
88244	VG
88245	VG
88246	VG
88247	VG
88248	VG
88249	VG
88250	VG
88251	VG
88252	VG
88253	VG
88254	VG
88255	VG
88256	VG
88257	VG
88258	VG
88259	VG
88260	VG
88261	VG
88262	VG
88263	VG
88264	VG
88265	VG
88266	VG
88267	VG
88268	VG
88269	VG
88270	VG
88271	VG
88272	VG
88273	VG
88274	VG
88275	VG
88276	VG
88277	VG
88278	VG
88279	VG
88280	VG
88281	VG
88282	VG
88283	VG
88284	VG
88285	VG
88286	VG
88287	VG
88288	VG
88289	VG
88290	VG
88291	VG
88292	VG
88293	VG
88294	VG
88295	VG
88296	VG
88297	VG
88298	VG
88299	VG
88300	VG
88301	VG
88302	VG
88303	VG
88304	VG
88305	VG
88306	VG
88307	VG
88308	VG
88309	VG
88310	VG
88311	VG
88312	VG
88313	VG
88314	VG
88315	VG
88316	VG
88317	VG
88318	VG
88319	VG
88320	VG
88321	VG
88322	VG
88323	VG
88324	VG
88325	VG
88326	VG
88327	VG
88328	VG
88329	VG
88330	VG
88331	VG
88332	VG
88333	VG
88334	VG
88335	VG
88336	VG
88337	VG
88338	VG
88339	VG
88340	VG
88341	VG
88342	VG
88343	VG
88344	VG
88345	VG
88346	VG
88347	VG
88348	VG
88349	VG
88350	VG
88351	VG
88352	VG
88353	VG
88354	VG
88355	VG
88356	VG
88357	VG
88358	VG
88359	VG
88360	VG
88361	VG
88362	VG
88363	VG
88364	VG
88365	VG
88366	VG
88367	VG
88368	VG
88369	VG
88370	VG
88371	VG
88372	VG
88373	VG
88374	VG
88375	VG
88376	VG
88377	VG
88378	VG
88379	VG
88380	VG
88381	VG
88382	VG
88383	VG
88384	VG
88385	VG
88386	VG
88387	VG
88388	VG
88389	VG
88390	VG
88391	VG
88392	VG
88393	VG
88394	VG
88395	VG
88396	VG
88397	VG
88398	VG
88399	VG
88400	VG
88401	VG
88402	VG
88403	VG
88404	VG
88405	VG
88406	VG
88407	VG
88408	VG
88409	VG
88410	VG
88411	VG
88412	VG
88413	VG
88414	VG
88415	VG
88416	VG
88417	VG
88418	VG
88419	VG
88420	VG
88421	VG
88422	VG
88423	VG
88424	VG
88425	VG
88426	VG
88427	VG
88428	VG
88429	VG
88430	VG
88431	VG
88432	VG
88433	VG
88434	VG
88435	VG
88436	VG
88437	VG
88438	VG
88439	VG
88440	VG
88441	VG
88442	VG
88443	VG
88444	VG
88445	VG
88446	VG
88447	VG
88448	VG
88449	VG
88450	VG
88451	VG
88452	VG
88453	VG
88454	VG
88455	VG
88456	VG
88457	VG
88458	VG
88459	VG
88460	VG
88461	VG
88462	VG
88463	VG
88464	VG
88465	VG
88466	VG
88467	VG
88468	VG
88469	VG
88470	VG
88471	VG
88472	VG
88473	VG
88474	VG
88475	VG
88476	VG
88477	VG
88478	VG
88479	VG
88480	VG
88481	VG
88482	VG
88483	VG
88484	VG
88485	VG
88486	VG
88487	VG
88488	VG
88489	VG
88490	VG
88491	VG
88492	VG
88493	VG
88494	VG
88495	VG
88496	VG
88497	VG
88498	VG
88499	VG
88500	VG
88501	VG
88502	VG
88503	VG
88504	VG
88505	VG
88506	VG
88507	VG
88508	VG
88509	VG
88510	VG
88511	VG
88512	VG
88513	VG
88514	VG
88515	VG
88516	VG
88517	VG
88518	VG
88519	VG
88520	VG
88521	VG
88522	VG
88523	VG
88524	VG
88525	VG
88526	VG
88527	VG
88528	VG
88529	VG
88530	VG
88531	VG
88532	VG
88533	VG
88534	VG
88535	VG
88536	VG
88537	VG
88538	VG
88539	VG
88540	VG
88541	VG
88542	VG
88543	VG
88544	VG
88545	VG
88546	VG
88547	VG
88548	VG
88549	VG
88550	VG
88551	VG
88552	VG
88553	VG
88554	VG
88555	VG
88556	VG
88557	VG
88558	VG
88559	VG
88560	VG
88561	VG
88562	VG
88563	VG
88564	VG
88565	VG
88566	VG
88567	VG
88568	VG
88569	VG
88570	VG
88571	VG
88572	VG
88573	VG
88574	VG
88575	VG
88576	VG
88577	VG
88578	VG
88579	VG
88580	VG
88581	VG
88582	VG
88583	VG
88584	VG
88585	VG
88586	VG
88587	VG
88588	VG
88589	VG
88590	VG
88591	VG
88592	VG
88593	VG
88594	VG
88595	VG
88596	VG
88597	VG
88598	VG
88599	VG
88600	VG
88601	VG
88602	VG
88603	VG
88604	VG
88605	VG
88606	VG
88607	VG
88608	VG
88609	VG
88610	VG
88611	VG
88612	VG
88613	VG
88614	VG
88615	VG
88616	VG
88617	VG
88618	VG
88619	VG
88620	VG
88621	VG
88622	VG
88623	VG
88624	VG
88625	VG
88626	VG
88627	VG
88628	VG
88629	VG
88630	VG
88631	VG
88632	VG
88633	VG
88634	VG
88635	VG
88636	VG
88637	VG
88638	VG
88639	VG
88640	VG
88641	VG
88642	VG
88643	VG
88644	VG
88645	VG
88646	VG
88647	VG
88648	VG
88649	VG
88650	VG
88651	VG
88652	VG
88653	VG
88654	VG
88655	VG
88656	VG
88657	VG
88658	VG
88659	VG
88660	VG
88661	VG
88662	VG
88663	VG
88664	VG
88665	VG
88666	VG
88667	VG
88668	VG
88669	VG
88670	VG
88671	VG
88672	VG
88673	VG
88674	VG
88675	VG
88676	VG
88677	VG
88678	VG
88679	VG
88680	VG
88681	VG
88682	VG
88683	VG
88684	VG
88685	VG
88686	VG
88687	VG
88688	VG
88689	VG
88690	VG
88691	VG
88692	VG
88693	VG
88694	VG
88695	VG
88696	VG
88697	VG
88698	VG
88699	VG
88700	VG
88701	VG
88702	VG
88703	VG
88704	VG
88705	VG
88706	VG
88707	VG
88708	VG
88709	VG
88710	VG
88711	VG
88712	VG
88713	VG
88714	VG
88715	VG
88716	VG
88717	VG
88718	VG
88719	VG
88720	VG
88721	VG
88722	VG
88723	VG
88724	VG
88725	VG
88726	VG
88727	VG
88728	VG
88729	VG
88730	VG
88731	VG
88732	VG
88733	VG
88734	VG
88735	VG
88736	VG
88737	VG
88738	VG
88739	VG
88740	VG
88741	VG
88742	VG
88743	VG
88744	VG
88745	VG
88746	VG
88747	VG
88748	VG
88749	VG
88750	VG
88751	VG
88752	VG
88753	VG
88754	VG
88755	VG
88756	VG
88757	VG
88758	VG
88759	VG
88760	VG
88761	VG
88762	VG
88763	VG
88764	VG
88765	VG
88766	VG
88767	VG
88768	VG
88769	VG
88770	VG
88771	VG
88772	VG
88773	VG
88774	VG
88775	VG
88776	VG
88777	VG
88778	VG
88779	VG
88780	VG
88781	VG
88782	VG
88783	VG
88784	VG
88785	VG
88786	VG
88787	VG
88788	VG
88789	VG
88790	VG
88791	VG
88792	VG
88793	VG
88794	VG
88795	VG
88796	VG
88797	VG
88798	VG
88799	VG
88800	VG
88801	VG
88802	VG
88803	VG
88804	VG
88805	VG
88806	VG
88807	VG
88808	VG
88809	VG
88810	VG
88811	VG
88812	VG
88813	VG
88814	VG
88815	VG
88816	VG
88817	VG
88818	VG
88819	VG
88820	VG
88821	VG
88822	VG
88823	VG
88824	VG
88825	VG
88826	VG
88827	VG
88828	VG
88829	VG
88830	VG
88831	VG
88832	VG
88833	VG
88834	VG
88835	VG
88836	VG
88837	VG
88838	VG
88839	VG
88840	VG
88841	VG
88842	VG
88843	VG
88844	VG
88845	VG
88846	VG
88847	VG
88848	VG
88849	VG
88850	VG
88851	VG
88852	VG
88853	VG
88854	VG
88855	VG
88856	VG
88857	VG
88858	VG
88859	VG
88860	VG
88861	VG
88862	VG
88863	VG
88864	VG
88865	VG
88866	VG
88867	VG
88868	VG
88869	VG
88870	VG
88871	VG
88872	VG
88873	VG
88874	VG
88875	VG
88876	VG
88877	VG
88878	VG
88879	VG
88880	VG
88881	VG
88882	VG
88883	VG
88884	VG
88885	VG
88886	VG
88887	VG
88888	VG
88889	VG
88890	VG
88891	VG
88892	VG
88893	VG
88894	VG
88895	VG
88896	VG
88897	VG
88898	VG
88899	VG
88900	VG
88901	VG
88902	VG
88903	VG
88904	VG
88905	VG
88906	VG
88907	VG
88908	VG
88909	VG
88910	VG
88911	VG
88912	VG
88913	VG
88914	VG
88915	VG
88916	VG
88917	VG
88918	VG
88919	VG
88920	VG
88921	VG
88922	VG
88923	VG
88924	VG
88925	VG
88926	VG
88927	VG
88928	VG
88929	VG
88930	VG
88931	VG
88932	VG
88933	VG
88934	VG
88935	VG
88936	VG
88937	VG
88938	VG
88939	VG
88940	VG
88941	VG
88942	VG
88943	VG
88944	VG
88945	VG
88946	VG
88947	VG
88948	VG
88949	VG
88950	VG
88951	VG
88952	VG
88953	VG
88954	VG
88955	VG
88956	VG
88957	VG
88958	VG
88959	VG
88960	VG
88961	VG
88962	VG
88963	VG
88964	VG
88965	VG
88966	VG
88967	VG
88968	VG
88969	VG
88970	VG
88971	VG
88972	VG
88973	VG
88974	VG
88975	VG
88976	VG
88977	VG
88978	VG
88979	VG
88980	VG
88981	VG
88982	VG
88983	VG
88984	VG
88985	VG
88986	VG
88987	VG
88988	VG
88989	VG
88990	VG
88991	VG
88992	VG
88993	VG
88994	VG
88995	VG
88996	VG
88997	VG
88998	VG
88999	VG
89000	VG
89001	VG
89002	VG
89003	VG
89004	VG
89005	VG
89006	VG
89007	VG
89008	VG
89009	VG
89010	VG
89011	VG
89012	VG
89013	VG
89014	VG
89015	VG
89016	VG
89017	VG
89018	VG
89019	VG
89020	VG
89021	VG
89022	VG
89023	VG
89024	VG
89025	VG
89026	VG
89027	VG
89028	VG
89029	VG
89030	VG
89031	VG
89032	VG
89033	VG
89034	VG
89035	VG
89036	VG
89037	VG
89038	VG
89039	VG
89040	VG
89041	VG
89042	VG
89043	VG
89044	VG
89045	VG
89046	VG
89047	VG
89048	VG
89049	VG
89050	VG
89051	VG
89052	VG
89053	VG
89054	VG
89055	VG
89056	VG
89057	VG
89058	VG
89059	VG
89060	VG
89061	VG
89062	VG
89063	VG
89064	VG
89065	VG
89066	VG
89067	VG
89068	VG
89069	VG
89070	VG
89071	VG
89072	VG
89073	VG
89074	VG
89075	VG
89076	VG
89077	VG
89078	VG
89079	VG
89080	VG
89081	VG
89082	VG
89083	VG
89084	VG
89085	VG
89086	VG
89087	VG
89088	VG
89089	VG
89090	VG
89091	VG
89092	VG
89093	VG
89094	VG
89095	VG
89096	VG
89097	VG
89098	VG
89099	VG
89100	VG
89101	VG
89102	VG
89103	VG
89104	VG
89105	VG
89106	VG
89107	VG
89108	VG
89109	VG
89110	VG
89111	VG
89112	VG
89113	VG
89114	VG
89115	VG
89116	VG
89117	VG
89118	VG
89119	VG
89120	VG
89121	VG
89122	VG
89123	VG
89124	VG
89125	VG
89126	VG
89127	VG
89128	VG
89129	VG
89130	VG
89131	VG
89132	VG
89133	VG
89134	VG
89135	VG
89136	VG
89137	VG
89138	VG
89139	VG
89140	VG
89141	VG
89142	VG
89143	VG
89144	VG
89145	VG
89146	VG
89147	VG
89148	VG
89149	VG
89150	VG
89151	VG
89152	VG
89153	VG
89154	VG
89155	VG
89156	VG
89157	VG
89158	VG
89159	VG
89160	VG
89161	VG
89162	VG
89163	VG
89164	VG
89165	VG
89166	VG
89167	VG
89168	VG
89169	VG
89170	VG
89171	VG
89172	VG
89173	VG
89174	VG
89175	VG
89176	VG
89177	VG
89178	VG
89179	VG
89180	VG
89181	VG
89182	VG
89183	VG
89184	VG
89185	VG
89186	VG
89187	VG
89188	VG
89189	VG
89190	VG
89191	VG
89192	VG
89193	VG
89194	VG
89195	VG
89196	VG
89197	VG
89198	VG
89199	VG
89200	VG
89201	VG
89202	VG
89203	VG
89204	VG
89205	VG
89206	VG
89207	VG
89208	VG
89209	VG
89210	VG
89211	VG
89212	VG
89213	VG
89214	VG
89215	VG
89216	VG
89217	VG
89218	VG
89219	VG
89220	VG
89221	VG
89222	VG
89223	VG
89224	VG
89225	VG
89226	VG
89227	VG
89228	VG
89229	VG
89230	VG
89231	VG
89232	VG
89233	VG
89234	VG
89235	VG
89236	VG
89237	VG
89238	VG
89239	VG
89240	VG
89241	VG
89242	VG
89243	VG
89244	VG
89245	VG
89246	VG
89247	VG
89248	VG
89249	VG
89250	VG
89251	VG
89252	VG
89253	VG
89254	VG
89255	VG
89256	VG
89257	VG
89258	VG
89259	VG
89260	VG
89261	VG
89262	VG
89263	VG
89264	VG
89265	VG
89266	VG
89267	VG
89268	VG
89269	VG
89270	VG
89271	VG
89272	VG
89273	VG
89274	VG
89275	VG
89276	VG
89277	VG
89278	VG
89279	VG
89280	VG
89281	VG
89282	VG
89283	VG
89284	VG
89285	VG
89286	VG
89287	VG
89288	VG
89289	VG
89290	VG
89291	VG
89292	VG
89293	VG
89294	VG
89295	VG
89296	VG
89297	VG
89298	VG
89299	VG
89300	VG
89301	VG
89302	VG
89303	VG
89304	VG
89305	VG
89306	VG
89307	VG
89308	VG
89309	VG
89310	VG
89311	VG
89312	VG
89313	VG
89314	VG
89315	VG
89316	VG
89317	VG
89318	VG
89319	VG
89320	VG
89321	VG
89322	VG
89323	VG
89324	VG
89325	VG
89326	VG
89327	VG
89328	VG
89329	VG
89330	VG
89331	VG
89332	VG
89333	VG
89334	VG
89335	VG
89336	VG
89337	VG
89338	VG
89339	VG
89340	VG
89341	VG
89342	VG
89343	VG
89344	VG
89345	VG
89346	VG
89347	VG
89348	VG
89349	VG
89350	VG
89351	VG
89352	VG
89353	VG
89354	VG
89355	VG
89356	VG
89357	VG
89358	VG
89359	VG
89360	VG
89361	VG
89362	VG
89363	VG
89364	VG
89365	VG
89366	VG
89367	VG
89368	VG
89369	VG
89370	VG
89371	VG
89372	VG
89373	VG
89374	VG
89375	VG
89376	VG
89377	VG
89378	VG
89379	VG
89380	VG
89381	VG
89382	VG
89383	VG
89384	VG
89385	VG
89386	VG
89387	VG
89388	VG
89389	VG
89390	VG
89391	VG
89392	VG
89393	VG
89394	VG
89395	VG
89396	VG
89397	VG
89398	VG
89399	VG
89400	VG
89401	VG
89402	VG
89403	VG
89404	VG
89405	VG
89406	VG
89407	VG
89408	VG
89409	VG
89410	VG
89411	VG
89412	VG
89413	VG
89414	VG
89415	VG
89416	VG
89417	VG
89418	VG
89419	VG
89420	VG
89421	VG
89422	VG
89423	VG
89424	VG
89425	VG
89426	VG
89427	VG
89428	VG
89429	VG
89430	VG
89431	VG
89432	VG
89433	VG
89434	VG
89435	VG
89436	VG
89437	VG
89438	VG
89439	VG
89440	VG
89441	VG
89442	VG
89443	VG
89444	VG
89445	VG
89446	VG
89447	VG
89448	VG
89449	VG
89450	VG
89451	VG
89452	VG
89453	VG
89454	VG
89455	VG
89456	VG
89457	VG
89458	VG
89459	VG
89460	VG
89461	VG
89462	VG
89463	VG
89464	VG
89465	VG
89466	VG
89467	VG
89468	VG
89469	VG
89470	VG
89471	VG
89472	VG
89473	VG
89474	VG
89475	VG
89476	VG
89477	VG
89478	VG
89479	VG
89480	VG
89481	VG
89482	VG
89483	VG
89484	VG
89485	VG
89486	VG
89487	VG
89488	VG
89489	VG
89490	VG
89491	VG
89492	VG
89493	VG
89494	VG
89495	VG
89496	VG
89497	VG
89498	VG
89499	VG
89500	VG
89501	VG
89502	VG
89503	VG
89504	VG
89505	VG
89506	VG
89507	VG
89508	VG
89509	VG
89510	VG
89511	VG
89512	VG
89513	VG
89514	VG
89515	VG
89516	VG
89517	VG
89518	VG
89519	VG
89520	VG
89521	VG
89522	VG
89523	VG
89524	VG
89525	VG
89526	VG
89527	VG
89528	VG
89529	VG
89530	VG
89531	VG
89532	VG
89533	VG
89534	VG
89535	VG
89536	VG
89537	VG
89538	VG
89539	VG
89540	VG
89541	VG
89542	VG
89543	VG
89544	VG
89545	VG
89546	VG
89547	VG
89548	VG
89549	VG
89550	VG
89551	VG
89552	VG
89553	VG
89554	VG
89555	VG
89556	VG
89557	VG
89558	VG
89559	VG
89560	VG
89561	VG
89562	VG
89563	VG
89564	VG
89565	VG
89566	VG
89567	VG
89568	VG
89569	VG
89570	VG
89571	VG
89572	VG
89573	VG
89574	VG
89575	VG
89576	VG
89577	VG
89578	VG
89579	VG
89580	VG
89581	VG
89582	VG
89583	VG
89584	VG
89585	VG
89586	VG
89587	VG
89588	VG
89589	VG
89590	VG
89591	VG
89592	VG
89593	VG
89594	VG
89595	VG
89596	VG
89597	VG
89598	VG
89599	VG
89600	VG
89601	VG
89602	VG
89603	VG
89604	VG
89605	VG
89606	VG
89607	VG
89608	VG
89609	VG
89610	VG
89611	VG
89612	VG
89613	VG
89614	VG
89615	VG
89616	VG
89617	VG
89618	VG
89619	VG
89620	VG
89621	VG
89622	VG
89623	VG
89624	VG
89625	VG
89626	VG
89627	VG
89628	VG
89629	VG
89630	VG
89631	VG
89632	VG
89633	VG
89634	VG
89635	VG
89636	VG
89637	VG
89638	VG
89639	VG
89640	VG
89641	VG
89642	VG
89643	VG
89644	VG
89645	VG
89646	VG
89647	VG
89648	VG
89649	VG
89650	VG
89651	VG
89652	VG
89653	VG
89654	VG
89655	VG
89656	VG
89657	VG
89658	VG
89659	VG
89660	VG
89661	VG
89662	VG
89663	VG
89664	VG
89665	VG
89666	VG
89667	VG
89668	VG
89669	VG
89670	VG
89671	VG
89672	VG
89673	VG
89674	VG
89675	VG
89676	VG
89677	VG
89678	VG
89679	VG
89680	VG
89681	VG
89682	VG
89683	VG
89684	VG
89685	VG
89686	VG
89687	VG
89688	VG
89689	VG
89690	VG
89691	VG
89692	VG
89693	VG
89694	VG
89695	VG
89696	VG
89697	VG
89698	VG
89699	VG
89700	VG
89701	VG
89702	VG
89703	VG
89704	VG
89705	VG
89706	VG
89707	VG
89708	VG
89709	VG
89710	VG
89711	VG
89712	VG
89713	VG
89714	VG
89715	VG
89716	VG
89717	VG
89718	VG
89719	VG
89720	VG
89721	VG
89722	VG
89723	VG
89724	VG
89725	VG
89726	VG
89727	VG
89728	VG
89729	VG
89730	VG
89731	VG
89732	VG
89733	VG
89734	VG
89735	VG
89736	VG
89737	VG
89738	VG
89739	VG
89740	VG
89741	VG
89742	VG
89743	VG
89744	VG
89745	VG
89746	VG
89747	VG
89748	VG
89749	VG
89750	VG
89751	VG
89752	VG
89753	VG
89754	VG
89755	VG
89756	VG
89757	VG
89758	VG
89759	VG
89760	VG
89761	VG
89762	VG
89763	VG
89764	VG
89765	VG
89766	VG
89767	VG
89768	VG
89769	VG
89770	VG
89771	VG
89772	VG
89773	VG
89774	VG
89775	VG
89776	VG
89777	VG
89778	VG
89779	VG
89780	VG
89781	VG
89782	VG
89783	VG
89784	VG
89785	VG
89786	VG
89787	VG
89788	VG
89789	VG
89790	VG
89791	VG
89792	VG
89793	VG
89794	VG
89795	VG
89796	VG
89797	VG
89798	VG
89799	VG
89800	VG
89801	VG
89802	VG
89803	VG
89804	VG
89805	VG
89806	VG
89807	VG
89808	VG
89809	VG
89810	VG
89811	VG
89812	VG
89813	VG
89814	VG
89815	VG
89816	VG
89817	VG
89818	VG
89819	VG
89820	VG
89821	VG
89822	VG
89823	VG
89824	VG
89825	VG
89826	VG
89827	VG
89828	VG
89829	VG
89830	VG
89831	VG
89832	VG
89833	VG
89834	VG
89835	VG
89836	VG
89837	VG
89838	VG
89839	VG
89840	VG
89841	VG
89842	VG
89843	VG
89844	VG
89845	VG
89846	VG
89847	VG
89848	VG
89849	VG
89850	VG
89851	VG
89852	VG
89853	VG
89854	VG
89855	VG
89856	VG
89857	VG
89858	VG
89859	VG
89860	VG
89861	VG
89862	VG
89863	VG
89864	VG
89865	VG
89866	VG
89867	VG
89868	VG
89869	VG
89870	VG
89871	VG
89872	VG
89873	VG
89874	VG
89875	VG
89876	VG
89877	VG
89878	VG
89879	VG
89880	VG
89881	VG
89882	VG
89883	VG
89884	VG
89885	VG
89886	VG
89887	VG
89888	VG
89889	VG
89890	VG
89891	VG
89892	VG
89893	VG
89894	VG
89895	VG
89896	VG
89897	VG
89898	VG
89899	VG
89900	VG
89901	VG
89902	VG
89903	VG
89904	VG
89905	VG
89906	VG
89907	VG
89908	VG
89909	VG
89910	VG
89911	VG
89912	VG
89913	VG
89914	VG
89915	VG
89916	VG
89917	VG
89918	VG
89919	VG
89920	VG
89921	VG
89922	VG
89923	VG
89924	VG
89925	VG
89926	VG
89927	VG
89928	VG
89929	VG
89930	VG
89931	VG
89932	VG
89933	VG
89934	VG
89935	VG
89936	VG
89937	VG
89938	VG
89939	VG
89940	VG
89941	VG
89942	VG
89943	VG
89944	VG
89945	VG
89946	VG
89947	VG
89948	VG
89949	VG
89950	VG
89951	VG
89952	VG
89953	VG
89954	VG
89955	VG
89956	VG
89957	VG
89958	VG
89959	VG
89960	VG
89961	VG
89962	VG
89963	VG
89964	VG
89965	VG
89966	VG
89967	VG
89968	VG
89969	VG
89970	VG
89971	VG
89972	VG
89973	VG
89974	VG
89975	VG
89976	VG
89977	VG
89978	VG
89979	VG
89980	VG
89981	VG
89982	VG
89983	VG
89984	VG
89985	VG
89986	VG
89987	VG
89988	VG
89989	VG
89990	VG
89991	VG
89992	VG
89993	VG
89994	VG
89995	VG
89996	VG
89997	VG
89998	VG
89999	VG
90000	VG
90001	VG
90002	VG
90003	VG
90004	VG
90005	VG
90006	VG
90007	VG
90008	VG
90009	VG
90010	VG
90011	VG
90012	VG
90013	VG
90014	VG
90015	VG
90016	VG
90017	VG
90018	VG
90019	VG
90020	VG
90021	VG
90022	VG
90023	VG
90024	VG
90025	VG
90026	VG
90027	VG
90028	VG
90029	VG
90030	VG
90031	VG
90032	VG
90033	VG
90034	VG
90035	VG
90036	VG
90037	VG
90038	VG
90039	VG
90040	VG
90041	VG
90042	VG
90043	VG
90044	VG
90045	VG
90046	VG
90047	VG
90048	VG
90049	VG
90050	VG
90051	VG
90052	VG
90053	VG
90054	VG
90055	VG
90056	VG
90057	VG
90058	VG
90059	VG
90060	VG
90061	VG
90062	VG
90063	VG
90064	VG
90065	VG
90066	VG
90067	VG
90068	VG
90069	VG
90070	VG
90071	VG
90072	VG
90073	VG
90074	VG
90075	VG
90076	VG
90077	VG
90078	VG
90079	VG
90080	VG
90081	VG
90082	VG
90083	VG
90084	VG
90085	VG
90086	VG
90087	VG
90088	VG
90089	VG
90090	VG
90091	VG
90092	VG
90093	VG
90094	VG
90095	VG
90096	VG
90097	VG
90098	VG
90099	VG
90100	VG
90101	VG
90102	VG
90103	VG
90104	VG
90105	VG
90106	VG
90107	VG
90108	VG
90109	VG
90110	VG
90111	VG
90112	VG
90113	VG
90114	VG
90115	VG
90116	VG
90117	VG
90118	VG
90119	VG
90120	VG
90121	VG
90122	VG
90123	VG
90124	VG
90125	VG
90126	VG
90127	VG
90128	VG
90129	VG
90130	VG
90131	VG
90132	VG
90133	VG
90134	VG
90135	VG
90136	VG
90137	VG
90138	VG
90139	VG
90140	VG
90141	VG
90142	VG
90143	VG
90144	VG
90145	VG
90146	VG
90147	VG
90148	VG
90149	VG
90150	VG
90151	VG
90152	VG
90153	VG
90154	VG
90155	VG
90156	VG
90157	VG
90158	VG
90159	VG
90160	VG
90161	VG
90162	VG
90163	VG
90164	VG
90165	VG
90166	VG
90167	VG
90168	VG
90169	VG
90170	VG
90171	VG
90172	VG
90173	VG
90174	VG
90175	VG
90176	VG
90177	VG
90178	VG
90179	VG
90180	VG
90181	VG
90182	VG
90183	VG
90184	VG
90185	VG
90186	VG
90187	VG
90188	VG
90189	VG
90190	VG
90191	VG
90192	VG
90193	VG
90194	VG
90195	VG
90196	VG
90197	VG
90198	VG
90199	VG
90200	VG
90201	VG
90202	VG
90203	VG
90204	VG
90205	VG
90206	VG
90207	VG
90208	VG
90209	VG
90210	VG
90211	VG
90212	VG
90213	VG
90214	VG
90215	VG
90216	VG
90217	VG
90218	VG
90219	VG
90220	VG
90221	VG
90222	VG
90223	VG
90224	VG
90225	VG
90226	VG
90227	VG
90228	VG
90229	VG
90230	VG
90231	VG
90232	VG
90233	VG
90234	VG
90235	VG
90236	VG
90237	VG
90238	VG
90239	VG
90240	VG
90241	VG
90242	VG
90243	VG
90244	VG
90245	VG
90246	VG
90247	VG
90248	VG
90249	VG
90250	VG
90251	VG
90252	VG
90253	VG
90254	VG
90255	VG
90256	VG
90257	VG
90258	VG
90259	VG
90260	VG
90261	VG
90262	VG
90263	VG
90264	VG
90265	VG
90266	VG
90267	VG
90268	VG
90269	VG
90270	VG
90271	VG
90272	VG
90273	VG
90274	VG
90275	VG
90276	VG
90277	VG
90278	VG
90279	VG
90280	VG
90281	VG
90282	VG
90283	VG
90284	VG
90285	VG
90286	VG
90287	VG
90288	VG
90289	VG
90290	VG
90291	VG
90292	VG
90293	VG
90294	VG
90295	VG
90296	VG
90297	VG
90298	VG
90299	VG
90300	VG
90301	VG
90302	VG
90303	VG
90304	VG
90305	VG
90306	VG
90307	VG
90308	VG
90309	VG
90310	VG
90311	VG
90312	VG
90313	VG
90314	VG
90315	VG
90316	VG
90317	VG
90318	VG
90319	VG
90320	VG
90321	VG
90322	VG
90323	VG
90324	VG
90325	VG
90326	VG
90327	VG
90328	VG
90329	VG
90330	VG
90331	VG
90332	VG
90333	VG
90334	VG
90335	VG
90336	VG
90337	VG
90338	VG
90339	VG
90340	VG
90341	VG
90342	VG
90343	VG
90344	VG
90345	VG
90346	VG
90347	VG
90348	VG
90349	VG
90350	VG
90351	VG
90352	VG
90353	VG
90354	VG
90355	VG
90356	VG
90357	VG
90358	VG
90359	VG
90360	VG
90361	VG
90362	VG
90363	VG
90364	VG
90365	VG
90366	VG
90367	VG
90368	VG
90369	VG
90370	VG
90371	VG
90372	VG
90373	VG
90374	VG
90375	VG
90376	VG
90377	VG
90378	VG
90379	VG
90380	VG
90381	VG
90382	VG
90383	VG
90384	VG
90385	VG
90386	VG
90387	VG
90388	VG
90389	VG
90390	VG
90391	VG
90392	VG
90393	VG
90394	VG
90395	VG
90396	VG
90397	VG
90398	VG
90399	VG
90400	VG
90401	VG
90402	VG
90403	VG
90404	VG
90405	VG
90406	VG
90407	VG
90408	VG
90409	VG
90410	VG
90411	VG
90412	VG
90413	VG
90414	VG
90415	VG
90416	VG
90417	VG
90418	VG
90419	VG
90420	VG
90421	VG
90422	VG
90423	VG
90424	VG
90425	VG
90426	VG
90427	VG
90428	VG
90429	VG
90430	VG
90431	VG
90432	VG
90433	VG
90434	VG
90435	VG
90436	VG
90437	VG
90438	VG
90439	VG
90440	VG
90441	VG
90442	VG
90443	VG
90444	VG
90445	VG
90446	VG
90447	VG
90448	VG
90449	VG
90450	VG
90451	VG
90452	VG
90453	VG
90454	VG
90455	VG
90456	VG
90457	VG
90458	VG
90459	VG
90460	VG
90461	VG
90462	VG
90463	VG
90464	VG
90465	VG
90466	VG
90467	VG
90468	VG
90469	VG
90470	VG
90471	VG
90472	VG
90473	VG
90474	VG
90475	VG
90476	VG
90477	VG
90478	VG
90479	VG
90480	VG
90481	VG
90482	VG
90483	VG
90484	VG
90485	VG
90486	VG
90487	VG
90488	VG
90489	VG
90490	VG
90491	VG
90492	VG
90493	VG
90494	VG
90495	VG
90496	VG
90497	VG
90498	VG
90499	VG
90500	VG
90501	VG
90502	VG
90503	VG
90504	VG
90505	VG
90506	VG
90507	VG
90508	VG
90509	VG
90510	VG
90511	VG
90512	VG
90513	VG
90514	VG
90515	VG
90516	VG
90517	VG
90518	VG
90519	VG
90520	VG
90521	VG
90522	VG
90523	VG
90524	VG
90525	VG
90526	VG
90527	VG
90528	VG
90529	VG
90530	VG
90531	VG
90532	VG
90533	VG
90534	VG
90535	VG
90536	VG
90537	VG
90538	VG
90539	VG
90540	VG
90541	VG
90542	VG
90543	VG
90544	VG
90545	VG
90546	VG
90547	VG
90548	VG
90549	VG
90550	VG
90551	VG
90552	VG
90553	VG
90554	VG
90555	VG
90556	VG
90557	VG
90558	VG
90559	VG
90560	VG
90561	VG
90562	VG
90563	VG
90564	VG
90565	VG
90566	VG
90567	VG
90568	VG
90569	VG
90570	VG
90571	VG
90572	VG
90573	VG
90574	VG
90575	VG
90576	VG
90577	VG
90578	VG
90579	VG
90580	VG
90581	VG
90582	VG
90583	VG
90584	VG
90585	VG
90586	VG
90587	VG
90588	VG
90589	VG
90590	VG
90591	VG
90592	VG
90593	VG
90594	VG
90595	VG
90596	VG
90597	VG
90598	VG
90599	VG
90600	VG
90601	VG
90602	VG
90603	VG
90604	VG
90605	VG
90606	VG
90607	VG
90608	VG
90609	VG
90610	VG
90611	VG
90612	VG
90613	VG
90614	VG
90615	VG
90616	VG
90617	VG
90618	VG
90619	VG
90620	VG
90621	VG
90622	VG
90623	VG
90624	VG
90625	VG
90626	VG
90627	VG
90628	VG
90629	VG
90630	VG
90631	VG
90632	VG
90633	VG
90634	VG
90635	VG
90636	VG
90637	VG
90638	VG
90639	VG
90640	VG
90641	VG
90642	VG
90643	VG
90644	VG
90645	VG
90646	VG
90647	VG
90648	VG
90649	VG
90650	VG
90651	VG
90652	VG
90653	VG
90654	VG
90655	VG
90656	VG
90657	VG
90658	VG
90659	VG
90660	VG
90661	VG
90662	VG
90663	VG
90664	VG
90665	VG
90666	VG
90667	VG
90668	VG
90669	VG
90670	VG
90671	VG
90672	VG
90673	VG
90674	VG
90675	VG
90676	VG
90677	VG
90678	VG
90679	VG
90680	VG
90681	VG
90682	VG
90683	VG
90684	VG
90685	VG
90686	VG
90687	VG
90688	VG
90689	VG
90690	VG
90691	VG
90692	VG
90693	VG
90694	VG
90695	VG
90696	VG
90697	VG
90698	VG
90699	VG
90700	VG
90701	VG
90702	VG
90703	VG
90704	VG
90705	VG
90706	VG
90707	VG
90708	VG
90709	VG
90710	VG
90711	VG
90712	VG
90713	VG
90714	VG
90715	VG
90716	VG
90717	VG
90718	VG
90719	VG
90720	VG
90721	VG
90722	VG
90723	VG
90724	VG
90725	VG
90726	VG
90727	VG
90728	VG
90729	VG
90730	VG
90731	VG
90732	VG
90733	VG
90734	VG
90735	VG
90736	VG
90737	VG
90738	VG
90739	VG
90740	VG
90741	VG
90742	VG
90743	VG
90744	VG
90745	VG
90746	VG
90747	VG
90748	VG
90749	VG
90750	VG
90751	VG
90752	VG
90753	VG
90754	VG
90755	VG
90756	VG
90757	VG
90758	VG
90759	VG
90760	VG
90761	VG
90762	VG
90763	VG
90764	VG
90765	VG
90766	VG
90767	VG
90768	VG
90769	VG
90770	VG
90771	VG
90772	VG
90773	VG
90774	VG
90775	VG
90776	VG
90777	VG
90778	VG
90779	VG
90780	VG
90781	VG
90782	VG
90783	VG
90784	VG
90785	VG
90786	VG
90787	VG
90788	VG
90789	VG
90790	VG
90791	VG
90792	VG
90793	VG
90794	VG
90795	VG
90796	VG
90797	VG
90798	VG
90799	VG
90800	VG
90801	VG
90802	VG
90803	VG
90804	VG
90805	VG
90806	VG
90807	VG
90808	VG
90809	VG
90810	VG
90811	VG
90812	VG
90813	VG
90814	VG
90815	VG
90816	VG
90817	VG
90818	VG
90819	VG
90820	VG
90821	VG
90822	VG
90823	VG
90824	VG
90825	VG
90826	VG
90827	VG
90828	VG
90829	VG
90830	VG
90831	VG
90832	VG
90833	VG
90834	VG
90835	VG
90836	VG
90837	VG
90838	VG
90839	VG
90840	VG
90841	VG
90842	VG
90843	VG
90844	VG
90845	VG
90846	VG
90847	VG
90848	VG
90849	VG
90850	VG
90851	VG
90852	VG
90853	VG
90854	VG
90855	VG
90856	VG
90857	VG
90858	VG
90859	VG
90860	VG
90861	VG
90862	VG
90863	VG
90864	VG
90865	VG
90866	VG
90867	VG
90868	VG
90869	VG
90870	VG
90871	VG
90872	VG
90873	VG
90874	VG
90875	VG
90876	VG
90877	VG
90878	VG
90879	VG
90880	VG
90881	VG
90882	VG
90883	VG
90884	VG
90885	VG
90886	VG
90887	VG
90888	VG
90889	VG
90890	VG
90891	VG
90892	VG
90893	VG
90894	VG
90895	VG
90896	VG
90897	VG
90898	VG
90899	VG
90900	VG
90901	VG
90902	VG
90903	VG
90904	VG
90905	VG
90906	VG
90907	VG
90908	VG
90909	VG
90910	VG
90911	VG
90912	VG
90913	VG
90914	VG
90915	VG
90916	VG
90917	VG
90918	VG
90919	VG
90920	VG
90921	VG
90922	VG
90923	VG
90924	VG
90925	VG
90926	VG
90927	VG
90928	VG
90929	VG
90930	VG
90931	VG
90932	VG
90933	VG
90934	VG
90935	VG
90936	VG
90937	VG
90938	VG
90939	VG
90940	VG
90941	VG
90942	VG
90943	VG
90944	VG
90945	VG
90946	VG
90947	VG
90948	VG
90949	VG
90950	VG
90951	VG
90952	VG
90953	VG
90954	VG
90955	VG
90956	VG
90957	VG
90958	VG
90959	VG
90960	VG
90961	VG
90962	VG
90963	VG
90964	VG
90965	VG
90966	VG
90967	VG
90968	VG
90969	VG
90970	VG
90971	VG
90972	VG
90973	VG
90974	VG
90975	VG
90976	VG
90977	VG
90978	VG
90979	VG
90980	VG
90981	VG
90982	VG
90983	VG
90984	VG
90985	VG
90986	VG
90987	VG
90988	VG
90989	VG
90990	VG
90991	VG
90992	VG
90993	VG
90994	VG
90995	VG
90996	VG
90997	VG
90998	VG
90999	VG
91000	VG
91001	VG
91002	VG
91003	VG
91004	VG
91005	VG
91006	VG
91007	VG
91008	VG
91009	VG
91010	VG
91011	VG
91012	VG
91013	VG
91014	VG
91015	VG
91016	VG
91017	VG
91018	VG
91019	VG
91020	VG
91021	VG
91022	VG
91023	VG
91024	VG
91025	VG
91026	VG
91027	VG
91028	VG
91029	VG
91030	VG
91031	VG
91032	VG
91033	VG
91034	VG
91035	VG
91036	VG
91037	VG
91038	VG
91039	VG
91040	VG
91041	VG
91042	VG
91043	VG
91044	VG
91045	VG
91046	VG
91047	VG
91048	VG
91049	VG
91050	VG
91051	VG
91052	VG
91053	VG
91054	VG
91055	VG
91056	VG
91057	VG
91058	VG
91059	VG
91060	VG
91061	VG
91062	VG
91063	VG
91064	VG
91065	VG
91066	VG
91067	VG
91068	VG
91069	VG
91070	VG
91071	VG
91072	VG
91073	VG
91074	VG
91075	VG
91076	VG
91077	VG
91078	VG
91079	VG
91080	VG
91081	VG
91082	VG
91083	VG
91084	VG
91085	VG
91086	VG
91087	VG
91088	VG
91089	VG
91090	VG
91091	VG
91092	VG
91093	VG
91094	VG
91095	VG
91096	VG
91097	VG
91098	VG
91099	VG
91100	VG
91101	VG
91102	VG
91103	VG
91104	VG
91105	VG
91106	VG
91107	VG
91108	VG
91109	VG
91110	VG
91111	VG
91112	VG
91113	VG
91114	VG
91115	VG
91116	VG
91117	VG
91118	VG
91119	VG
91120	VG
91121	VG
91122	VG
91123	VG
91124	VG
91125	VG
91126	VG
91127	VG
91128	VG
91129	VG
91130	VG
91131	VG
91132	VG
91133	VG
91134	VG
91135	VG
91136	VG
91137	VG
91138	VG
91139	VG
91140	VG
91141	VG
91142	VG
91143	VG
91144	VG
91145	VG
91146	VG
91147	VG
91148	VG
91149	VG
91150	VG
91151	VG
91152	VG
91153	VG
91154	VG
91155	VG
91156	VG
91157	VG
91158	VG
91159	VG
91160	VG
91161	VG
91162	VG
91163	VG
91164	VG
91165	VG
91166	VG
91167	VG
91168	VG
91169	VG
91170	VG
91171	VG
91172	VG
91173	VG
91174	VG
91175	VG
91176	VG
91177	VG
91178	VG
91179	VG
91180	VG
91181	VG
91182	VG
91183	VG
91184	VG
91185	VG
91186	VG
91187	VG
91188	VG
91189	VG
91190	VG
91191	VG
91192	VG
91193	VG
91194	VG
91195	VG
91196	VG
91197	VG
91198	VG
91199	VG
91200	VG
91201	VG
91202	VG
91203	VG
91204	VG
91205	VG
91206	VG
91207	VG
91208	VG
91209	VG
91210	VG
91211	VG
91212	VG
91213	VG
91214	VG
91215	VG
91216	VG
91217	VG
91218	VG
91219	VG
91220	VG
91221	VG
91222	VG
91223	VG
91224	VG
91225	VG
91226	VG
91227	VG
91228	VG
91229	VG
91230	VG
91231	VG
91232	VG
91233	VG
91234	VG
91235	VG
91236	VG
91237	VG
91238	VG
91239	VG
91240	VG
91241	VG
91242	VG
91243	VG
91244	VG
91245	VG
91246	VG
91247	VG
91248	VG
91249	VG
91250	VG
91251	VG
91252	VG
91253	VG
91254	VG
91255	VG
91256	VG
91257	VG
91258	VG
91259	VG
91260	VG
91261	VG
91262	VG
91263	VG
91264	VG
91265	VG
91266	VG
91267	VG
91268	VG
91269	VG
91270	VG
91271	VG
91272	VG
91273	VG
91274	VG
91275	VG
91276	VG
91277	VG
91278	VG
91279	VG
91280	VG
91281	VG
91282	VG
91283	VG
91284	VG
91285	VG
91286	VG
91287	VG
91288	VG
91289	VG
91290	VG
91291	VG
91292	VG
91293	VG
91294	VG
91295	VG
91296	VG
91297	VG
91298	VG
91299	VG
91300	VG
91301	VG
91302	VG
91303	VG
91304	VG
91305	VG
91306	VG
91307	VG
91308	VG
91309	VG
91310	VG
91311	VG
91312	VG
91313	VG
91314	VG
91315	VG
91316	VG
91317	VG
91318	VG
91319	VG
91320	VG
91321	VG
91322	VG
91323	VG
91324	VG
91325	VG
91326	VG
91327	VG
91328	VG
91329	VG
91330	VG
91331	VG
91332	VG
91333	VG
91334	VG
91335	VG
91336	VG
91337	VG
91338	VG
91339	VG
91340	VG
91341	VG
91342	VG
91343	VG
91344	VG
91345	VG
91346	VG
91347	VG
91348	VG
91349	VG
91350	VG
91351	VG
91352	VG
91353	VG
91354	VG
91355	VG
91356	VG
91357	VG
91358	VG
91359	VG
91360	VG
91361	VG
91362	VG
91363	VG
91364	VG
91365	VG
91366	VG
91367	VG
91368	VG
91369	VG
91370	VG
91371	VG
91372	VG
91373	VG
91374	VG
91375	VG
91376	VG
91377	VG
91378	VG
91379	VG
91380	VG
91381	VG
91382	VG
91383	VG
91384	VG
91385	VG
91386	VG
91387	VG
91388	VG
91389	VG
91390	VG
91391	VG
91392	VG
91393	VG
91394	VG
91395	VG
91396	VG
91397	VG
91398	VG
91399	VG
91400	VG
91401	VG
91402	VG
91403	VG
91404	VG
91405	VG
91406	VG
91407	VG
91408	VG
91409	VG
91410	VG
91411	VG
91412	VG
91413	VG
91414	VG
91415	VG
91416	VG
91417	VG
91418	VG
91419	VG
91420	VG
91421	VG
91422	VG
91423	VG
91424	VG
91425	VG
91426	VG
91427	VG
91428	VG
91429	VG
91430	VG
91431	VG
91432	VG
91433	VG
91434	VG
91435	VG
91436	VG
91437	VG
91438	VG
91439	VG
91440	VG
91441	VG
91442	VG
91443	VG
91444	VG
91445	VG
91446	VG
91447	VG
91448	VG
91449	VG
91450	VG
91451	VG
91452	VG
91453	VG
91454	VG
91455	VG
91456	VG
91457	VG
91458	VG
91459	VG
91460	VG
91461	VG
91462	VG
91463	VG
91464	VG
91465	VG
91466	VG
91467	VG
91468	VG
91469	VG
91470	VG
91471	VG
91472	VG
91473	VG
91474	VG
91475	VG
91476	VG
91477	VG
91478	VG
91479	VG
91480	VG
91481	VG
91482	VG
91483	VG
91484	VG
91485	VG
91486	VG
91487	VG
91488	VG
91489	VG
91490	VG
91491	VG
91492	VG
91493	VG
91494	VG
91495	VG
91496	VG
91497	VG
91498	VG
91499	VG
91500	VG
91501	VG
91502	VG
91503	VG
91504	VG
91505	VG
91506	VG
91507	VG
91508	VG
91509	VG
91510	VG
91511	VG
91512	VG
91513	VG
91514	VG
91515	VG
91516	VG
91517	VG
91518	VG
91519	VG
91520	VG
91521	VG
91522	VG
91523	VG
91524	VG
91525	VG
91526	VG
91527	VG
91528	VG
91529	VG
91530	VG
91531	VG
91532	VG
91533	VG
91534	VG
91535	VG
91536	VG
91537	VG
91538	VG
91539	VG
